3 Months,6 Months,9 Months,12 Months,15 Months,18 Months,21 Months,24 Months,27 Months,30 Months,33 Months,36 Months,39 Months,42 Months,45 Months,48 Months,51 Months,54 Months,57 Months,60 Months,63 Months,66 Months,69 Months,72 Months,75 Months,78 Months,81 Months,84 Months
"""Look, sweetie, we have yummy food! Here's some mashed banana, all soft and tasty!""","""Look at the big, red car, sweetie! See how the wheels spin around and make it move? Isn't it a funny, noisy car that goes fast and slow?""","""Look, little one, see the pretty bird with feathers so soft and wings so strong! It's singing a sweet song just for us.""","""Look at the cute fluffy cat, little one! The cat is purring and sleeping on the soft bed.""","""Look at that beautiful bird, sweetie! It's a chirpy little birdie with bright feathers, flapping its wings and singing a sweet song.""","""Look at the bunny, little one! The bunny is hopping and has soft, white fur. Can you say 'bunny'? Let's try together!""","""Look at those colorful toys, sweetie! They're all ready for you to play with. You can stack the blocks and make a tall tower, or push the big red car across the floor. Playtime is fun!""","""Look, sweetie, there's a friendly dog! The dog is wagging its tail because it's happy to see you!""","""Look at the bright, colorful teddy bear! Want to hug him tight? He's so soft and cuddly!""","""Look, sweetie, this is a cute little dog. It's called a puppy. Puppies are so playful and they love to run around and chase their tails. They bark and wag their tails when they're happy, just like you wiggle your","""Look at the cute fluffy dog! Its wagging tail means it's happy. Let's say 'woof woof' together when it barks!""","""Look at mommy and daddy, sweetie! They're your family, and they love you so much. They're here to take care of you and help you learn and grow.""","""Look, sweetie, there's a big, red car! It's going to zoom down the street, with its shiny wheels spinning, and it's going to make a funny sound when it honks!""","""Hey there, little buddy! Look at the big, red car zooming by. Isn't it cool? Cars are like magic boxes that take us places, just like your toy cars do when you push them. See that one? It's going to take us on a super-","""Look at the big, red car, sweetie! It's going to take us on a fun ride around the block!""","""Look, sweetie, there's a fluffy, soft cat with pointy ears and a twitchy tail. The cat is purring and cuddling!""","""Look, little buddy, there's a fluffy bunny hopping by, with soft ears and big, cute eyes. It's hopping so fast, I wonder what it's thinking about!""","""Look at the fluffy, soft kitty cat! She has paws and whiskers and loves to purr and play.""","""Look at the beautiful bird with its colorful feathers, little one! Can you say 'bird'? Birds like this one can fly high up in the sky, just like we can climb up the jungle gym.""","""Look at the big, fluffy dog! The dog is barking because it wants to play with you.""","""Look at the smiling faces of your family, sweetie! Mommy and Daddy are right here, and they love you so much!""","""Hey there sweetie, here's a yummy banana for you. It's bright yellow, just like the sun, and it tastes like sunshine!""","""Look at the little kitten, sweetie! It's purring and playing with its fluffy tail. Can you say 'kitten'? Great job!""","""Come here, sweetie, look at our cozy and colorful house where we all live happily, with a big, comfy bed for you and a kitchen with yummy food for mommy and daddy!""","""Come here, sweetie, and look at this cute puppy! This fluffy furball is a dog, and it loves to play with toys and snuggle up next to you.""","""Look, sweetie, this fluffy teddy bear is going to be our new friend. Want to give him a hug?""","""Hey there, sweetie! Look at this yummy apple. It's bright red and crunchy, and it tastes so juicy and sweet. Yummy!""","""Look at the fluffy bunny hopping around, little one! Do you see how its long ears flop as it jumps?"""
"""Look at the yummy, colorful, and smiley carrots, little one! They're so soft and tasty. Mommy's smiling too because these carrots are so good for you!""","""Look at the big, shiny car, sweetie! It's so big and red, just like your favorite red blanket. Can you say 'car'? The car goes 'vroom, vroom' when it moves. Isn't it fun? Let's play with our toy","""Look, sweetie, that bird is so pretty! Its feathers are bright and colorful, just like a rainbow. The bird is singing a lovely song for us to hear. Isn't that amazing?""","""Look at the cute, soft furry cat! Meow, little one, the cat is sleeping peacefully. Can you say 'cat'? Let's try together. Good job!""","""Look at the birdie, sweetie! It's flapping its wings and singing a pretty song. Want to watch it together?""","""Look at the fluffy bunny hopping around, little one! The bunny is so cute and soft, isn't it?""","""Look at the pretty, soft teddy bear, sweetie. Want to give it a hug? It's very cuddly, isn't it?""","""Look at the fluffy dog, sweetie! It's a big, cuddly puppy that likes to wag its tail and play fetch with you.""","""Look at all the colorful blocks, sweetie! Let's stack them up high so they can reach the sky together.""","""Look at the fluffy dog, little buddy! He's wagging his tail and sniffing the air, just like when you sniff out your favorite toys.""","""Look at that cute dog wagging its fluffy tail, little buddy! Do you see how it's barking happily? Let's go say 'good dog' to it together!""","""Look, sweetie, Mama's holding your baby brother, just like you, and we love you both so much!""","""Come here, sweetie! Look at this big, shiny car! Can you see the wheels spinning so fast? Let's pretend we're driving to the ice cream shop!""","""Look, sweetie, that's a big car. It's yellow, just like your favorite toy, and it goes 'vroom-vroom' when you pretend to drive it!""","""Look at the shiny car, sweetie! It's so big and bright, like a red apple rolling down the street!""","""Look at the fluffy, cute cat! The cat is purring and it's really soft. Let's say 'meow' together, like the cat, okay?""","""Look, baby, a cute little puppy! Puppies are very friendly animals that like to play and cuddle.""","""Oh look, sweetie, there's a fluffy cat! Isn't it cute? The cat is purring softly as it lounges in the sun. Can you say 'cat'? Cats are amazing pets and they're called 'kitten'","""Look at the pretty bird with the blue feathers, sweetie! It's singing a beautiful song just for you.""","""Look at the fluffy bunny hopping around, little buddy! It's so cute with its long ears and soft fur. Can you say 'bunny'?""","""Look, sweetie, that's your mommy and daddy, and they're your superheroes who love you so much!""","""Look at the delicious, ripe, red apple. Shiny and yummy, let's take a bite and enjoy the sweet, juicy taste!""","""Look at the big, fluffy bunny hopping around! Can you say 'bunny'?""","""Come here, sweetie! Look at our beautiful house, with its cozy blue door and fun yellow flowers on the roof. Let's go inside and play with our toys, shall we?""","""Look at the cute little dog, sweetie! He's wagging his tail and wants to play with us.""","""Oh, look at those shiny, colorful toys over there! Let's pick a fun one to play with together!""","""Look at the delicious, bright red strawberries! They're sweet and yummy, just like your favorite fruit snack. Let's grab some and enjoy their juicy, yummy taste!""","""Look at the fluffy bunny, little one! The bunny hops around and eats carrots, just like in our storybooks. Can you say 'bunny'?"""
"""Look at the bright, red tomato! It's yummy and healthy, sweetie. We can make a delicious sandwich with it, hmm?""","""Look at the big, shiny car! It's red and has four wheels. Do you see the bumpy tires? They help the car go fast on the road. Isn't it exciting to see a car zoom by?""","""Look, sweetie, there's a pretty bird with beautiful feathers flying high up in the sky! Isn't it funny how it's flapping its wings? Want to watch it fly together with me?""","""Look at the cute kitty cat with soft fur and pointy ears, sweetie. She's very playful and loves to purr when you give her a gentle touch. Isn't she just the most adorable kitty cat in the world?""","""Look at that beautiful bird, sweetie! It has such colorful feathers and it's singing a lovely song.""","""Look at the fluffy bunny hopping over the green grass, little one! Can you see how it's hopping and hops?""","""Look at these bright, colorful blocks! They're so fun to stack and knock down. Let's play together and build a tall tower!""","""Look at the cute, fluffy dog wagging its tail, little one! Isn't it so fun to watch it play?""","""Look at all those cute, soft, and fluffy teddy bears! Let's pick one and give it a big, happy hug together!""","""Look at the cute little dog, sweetie! He has soft, brown fur and a waggy tail. He's so friendly and loves to play fetch with his favorite toy, a fluffy ball. Oh, he's such a good boy!""","""Look at that fluffy, wiggly doggy! The doggy's tail is wagging and he's so happy to see you!""","""Look at our lovely family, sweetie! We're all together, just like a big, cozy, and happy puzzle. Mommy and Daddy, big brother, little sister, and you, our precious little one, make this puzzle complete!""","""Look at the big, red car, sweetie! It's so shiny and fast. Can you say 'car' with me?""","""Look at the shiny, red car! It's going to take you for a fun ride in the big, blue sky. Let's wave to the car as it zooms by!""","""Come here, sweetie! Look at the shiny car outside. See how the wheels go round and round, just like when we roll our ball? That's the car moving, moving, moving!""","""Look, sweetie, this cute little fluffy cat is purring and wants to be friends with you. Can you say 'cat'? The cat says 'meow'.""","""Look at the cute little bunny, hopping around in the garden. Can you say bunny? Let's count how many hoppies it does. One, two, three!""","""Look at the cute, fluffy cat. It has soft fur and big, round eyes. The cat is playing with a toy mouse.""","""Look at that beautiful bird, sweetie! It's like a big, fluffy feathered friend flying in the sky. Isn't it fun to watch them soar and sing?""","""Look at the fluffy bunny hopping around, little one! It's time for the bunny to hop to the flower garden and nibble on some juicy carrots.""","""Look at our family, sweetie! We have mommy and daddy, and we love you very much. You're our little bundle of joy, and we're so proud of you!""","""Look at the yummy apple pie, sweetie! The crust is golden and the apple filling is juicy and sweet. Let's take a little bite and enjoy it together!""","""Look at the big, fluffy bunny hopping over the grass, hopping so fast, huh? Bunnies love to eat carrots and hop around like they're having a bunny dance party!""","""Come here, sweetie, let's go explore the house! Look at the big, soft carpet, see the pretty wallpaper, and find the cozy, fluffy bed where we'll sleep tonight!""","""Look, sweetie, that cute little puppy is playing with his favorite toy bone. He's wagging his fluffy tail because he's so happy!""","""Look at these bright, colorful blocks, little one! They're just perfect for stacking and building tall towers together!""","""Look, sweetie, this yummy fruit is a juicy apple! It's red and crunchy. We can take a big bite and eat it together. Yum!""","""Look at the bunny hopping and the birds flying, sweetie. They're all part of our beautiful animal family."""
"""Look at the yummy apple, sweetie! It's so red and crunchy. Can you open your mouth wide, like this?""","""Look, sweetie, a shiny, red car is zooming by! Can you see how happy the car looks? Let's wave goodbye to the car!""","""Look, sweetie, a pretty bird is sitting on the tree, with its feathers all colorful and its wings flapping gently in the breeze.""","""Look at the fluffy cat, sweetie! It's soft and cuddly, just like your teddy bear!""","""Look at that beautiful birdie! It's flapping its wings and singing a sweet song. Can you say birdie?""","""Look at the big, fluffy bunny hopping over those flowers, sweetie! Isn't it so cute? Bunnies like to eat carrots, and they have soft, cuddly fur.""","""Look at these fun toys, sweetie! There's a soft teddy bear, a bright colorful ball, and a gentle rattle. Would you like to play with them?""","""Look at the fluffy dog, little one! Its tail is wagging and it's saying 'hello' in a funny way. Let's go pet the cute puppy together!""","""Look at all the bright and colorful toys, little one! The fluffy teddy bear is soft, and the shiny blocks are perfect for stacking. Let's play and have fun with our special toys together!""","""Look at the happy, furry dog! The dog has soft, brown, waggy tail and big, floppy ears. It likes to play fetch with us, and it's very friendly!""","""Look at the fluffy dog wagging his tail and playing with his toy bone, little one! Isn't he so happy and cute?""","""Look at our family, sweetie! We have mommy and daddy, and we also have little brother or sister. Isn't it nice having each other all together?""","""Look, sweetie, there's a big, red car! It goes 'vroom' and takes us places, like the park or the grocery store. Isn't that exciting?""","""Look at the big, shiny car with the red color, little buddy! See how it moves? It's like a magic carpet flying on the road!""","""Look, sweetie, a shiny red car! It's big and fast, with four wheels and a door to open. The car takes us on fun rides through parks, streets, and even to grandma's house!""","""Look at the fluffy cat, little one! She's soft and cute, just like your teddy bear.""","""Look, sweetie, that fluffy bunny is hopping around the meadow, and that big, strong elephant is playing with its friends.""","""Look at the fluffy, cute cat with the pointy ears, little one! She's meowing because she wants to play with us. She has soft paws and a soft furry tail that she likes to swish around when she's happy. Isn't she just","""Look at the pretty bird with its colorful feathers, little one! It's singing a lovely song for us to hear, just like how we sing together at home.""","""Look at the fluffy bunny hopping around, little one! It's time for our bunny to hop and play in the big green field!""","""Look at our family, sweetie! We have mommy, daddy, big brother Jack, and me, your favorite sister!""","""Look at this yummy apple, sweetie! It's red and crunchy, just like a little fire truck. Let's eat it together!""","""Look at the cute little puppy running around, sweetie! Isn't it adorable how it wags its tail and barks when it's happy?""","""Look at our big, cozy house, sweetie! It's where Mommy and Daddy live with you and your toys. Isn't it wonderful?""","""Look at the fluffy, cute dog! It's wagging its tail because it's happy to see you. The dog is so playful and friendly, isn't it adorable?""","""Hey there, sweetie! Let's play with your favorite toys, the soft teddy bear, the shiny blocks, and the funny doll!""","""Yummy, sweet, juicy apple! Eat it all up, little buddy, it's so good for you!""","""Look at that fluffy bunny, little buddy! It's hopping around, looking for tasty carrots to munch on. Isn't it cute?"""
"""Sweetie, here's your yummy yummy mmm-mmm! Look at these soft, squishy bits of deliciousness that are just perfect for tiny tummies like yours!""","""Look at the big red car, sweetie! It's ready to go on a fun, safe ride with mommy and daddy!""","""Look at the little birdie outside, sweetie! It's hopping and singing on the branch, just like we hop and sing together. Isn't it funny how it's wiggling its wings? Let's give it a little cheer for being such a beautiful birdie!""","""Look at the fluffy, soft cat! It's purring and cuddling. Meow, meow, little one! Isn't that a cute kitty?""","""Look, sweetie, there's a pretty bird with feathers all blue and pretty!""","""Look at the fluffy bunny hopping around! It's hoppity-hop, hoppity-hop, just like you're trying to hop on your little legs, sweetie!""","""Look at the soft, cuddly teddy bear! See how the ball bounces? Let's play with them, sweetheart!""","""Look at that cute puppy! See how it wags its fluffy tail when it's happy. Want to say 'woof woof' with it?""","""Look at all these fun toys! Let's play with the soft teddy bear and the colorful building blocks!""","""Look at the cute little dog, sweetie! It has soft fur and waggy tail, and it likes to play fetch with us.""","""Look, sweetie, here comes a furry friend, a dog! He's wagging his tail and he's so friendly, just like a big, happy puppy!""","""Look at the big family tree, sweetie! See the smiling parents, the giggling grandma, and the playful little brother or sister. They love you so much and always have fun together.""","""Look at the big red car, sweetie! It's shiny and fast, with four wheels and a shiny roof to protect us from the sun while we sit inside, driving smoothly down the road.""","""Look at the big, red car, sweetie! It's shiny and fast, zooming down the road. Can you say car? Whee!""","""Look at the big, red car, sweetie! It's so shiny and new, just like your favorite toy! Can you say 'car'? That's right, 'car'! The car goes 'vroom-vroom' when it's moving, and it has four","""Look at the cute little kitty, sweetie! See how it's purring and stretching its fluffy tail? Want to say 'hello' to our furry friend, too?""","""Look at the cute little puppy, sweetie! It's wagging its tail because it's so happy to see you. Let's gently pet its soft fur and watch it wag its tail even more!""","""Look at the cute, cuddly kitty cat, little buddy! The kitty cat is purring and sleeping on the soft, fluffy couch.""","""Look, sweetie, there's a beautiful bird with feathers, chirping happily in the tree!""","""Look at the fluffy bunny hopping and jumping around, little buddy! Can you say 'bunny'?""","""Look at our family, sweetie! We have mommy and daddy, big brother and sister, and you, my little sunshine. We love to play, hug, and have fun together!""","""Sweetie, let's eat some yummy carrots and juicy apples to make our tummies happy and strong!""","""Look at the big, fluffy dog! Wags its tail and loves to play fetch with you!""","""Come here, sweetie! Let's look at these beautiful colorful houses, each one with a friendly door and pretty windows. The house is where we live and eat our yummy meals. Isn't it a lovely house to be in?""","""Look at the cute, fluffy dog wagging its tail! It's barking happily and wants to play with you!""","""Look at these colorful toys, sweetie! They're waiting for you to play with them and have so much fun.""","""Yummy, tasty food! Let's eat our yummy apple, little one. It's so crunchy and sweet, just like the storybook apple!""","""Look at the fluffy bunny hopping over the grass, sweetie! Its ears are so soft and it loves munching on carrots. Isn't it adorable?"""
"""Yummy yummy carrots, look how orange and sweet they are! Can you eat your carrots and grow strong like a superhero?""","""Look at the big, shiny car, sweetie! It's red and has a soft bumpy seat for you to sit on.""","""Look at the beautiful bird, sweetie! See how it's hopping and chirping? The bird is like a flying, singing friend!""","""Look at that cute fluffy cat! Meow meow! The cat is sleeping, and it's purring softly. Can you say cat? Cat!""","""Look at that beautiful bird, sweetie! It has colorful feathers and chirps softly. Isn't it pretty? Let's watch it fly away together!""","""Look at the fluffy bunny hopping by, little one! The bunny's ears are soft and white, just like cotton candy!""","""Come here, sweetie! Let's pick up your colorful blocks and put them in the toy box. You have so many to choose from, and I can't wait to see which one you'll stack first!""","""Look, sweetie, there's a cute little dog! The dog is wagging its tail and has soft, fluffy fur. Let's say 'woof woof' together to make the dog happy!""","""Look at all these fun toys! We're going to play with the soft teddy bear, the colorful blocks, and the bouncy ball.""","""Look at that cute little dog wagging its tail and sniffing around, isn't it a friendly and playful puppy?""","""Look at the fluffy dog wagging its tail and let's say 'woof woof' together, little one!""","""Hey sweetie, look at mommy and daddy, they're your big family! Your mommy is a teacher, and your daddy is a firefighter. They love you so much, and guess what? You're their favorite little person!""","""Look, sweetie, that's a big, shiny car! It has four wheels and people sit inside to go on adventures. Isn't it pretty?""","""Look at the shiny, big car! It's red and has wheels. The driver puts the car in the driveway and the car goes 'vroom' when it moves.""","""Look at the big, red car, sweetie! It's shiny and fast, and it takes us on fun rides to the park and the zoo.""","""Look, sweetie, this is a fluffy kitty, the cutest cat ever. See how she's purring and kneading her soft, fuzzy blanket?""","""Look at the cute little puppy, little one! It's wagging its fluffy tail because it's so happy to see you!""","""Look, sweetie, this is a cat! It's soft and fluffy, with pointy ears and a cute little tail. Can you say 'cat' with me?""","""Look at that beautiful birdie with its bright, colorful feathers! It's singing a sweet song just for you. Isn't it lovely?""","""Look at the puppy, sweetie! Puppies are cute and soft. They love to play and give big, wet kisses.""","""Hey sweetie, guess what? Today, we get to see your big brother, Auntie, and Grandma. They're going to tell us fun stories and give you some yummy cookies!""","""Look at this yummy apple! It's red and crunchy. Eat it to make your tummy happy!""","""Look at that cute little kitty, sweetie. It's a fluffy kitten playing with a ball of yarn!""","""Hey sweetie, look at our big, cozy house where mommy and daddy love to live with you, full of toys and fun!""","""Look at the cute puppy! Its soft fur feels like a fluffy cloud, and it wags its fluffy tail when it's happy. The puppy barks and plays like a little friend waiting to be your new buddy!""","""Look at the cute, fluffy teddy bear, sweetie! It's waiting for us to play with it and give it a hug.""","""Look at the juicy, red apple, sweetie! Want to take a big, crunchy bite?""","""Look at the fluffy bunny hopping around, little buddy! It's so cute and soft. Let's say 'bunny' together, can you try saying it with me?"""
"""Look at the yummy carrots, sweetie! They are orange and crunchy. Can you say 'carrot'? Crunchy, crunchy!""","""Look at the big, shiny car! It's so red and fast, little buddy! Can you say 'car' with me?""","""Look at the little birdie! It has beautiful feathers and chirps so sweetly. Isn't it adorable?""","""Look at the cute, cuddly cat, sweetie! The soft fur on its head is so fluffy and it loves to purr when it's happy.""","""Look, sweetie, there's a pretty bird with feathers like the sky and it's singing a lovely song for us!""","""Look at the fluffy bunny hopping and playing in the meadow. Isn't it so cute and happy?""","""Look at those cute, soft teddy bears! Wanna give them a big hug?""","""Look at that fluffy, happy dog wagging its tail and playing with its favorite toy!""","""Look at the pretty, shiny toy! Do you want to play with the ball?""","""Look at the fluffy dog, sweetie! It's wagging its tail and wants to play with you. Let's go say 'hello' to the cute puppy and give it a gentle pat.""","""Look at the cute little dog, sweetie! Wags his tail, runs around, and loves to play fetch with you. Isn't he just the best furry friend?""","""Hey there, sweetie! Look at your lovely family, Mommy and Daddy, and your big brother or sister. They all love you so much and are always here to play and cuddle with you.""","""Look at the big, red car! Wow, it's so shiny! Let's wave at the car as it drives by, little buddy!""","""Look at the big, red car! It has four wheels and goes 'vroom-vroom' when we push it. The car is going to take us on a fun ride, and we can sit in the back seat and sing songs while we look at the pretty flowers on the road.""","""Look at the shiny red car, sweetie! It has four wheels and goes 'vroom-vroom' when the grown-up drives it.""","""Look, sweetie, this fluffy, soft cat is sleeping on the cozy, comfy couch!""","""Look, little buddy, this cute puppy is playing with a ball of yarn, just like we play with our toys together!""","""Look at the cute, fluffy cat, sweetie! The cat is purring and rolling around on the soft, green grass.""","""Look at the beautiful bird with colorful feathers, little one! It's singing a lovely song and flapping its wings up high in the sky. Isn't it amazing how it can fly and sing at the same time?""","""Look at the fluffy bunny hopping around, little one! See how it's jumping so high? Can you say 'bunny'? B-b-bunny!""","""Hey sweetie, can we talk about your family? You have mommy and daddy, right? They love you lots. You also have your big brother or sister, who helps you play and has fun with you. Your family is very special, just like you!""","""Look at the yummy apple, sweetie! It's red and round and tastes like sunshine!""","""Look at the bunny, little one! It has soft, fluffy fur and it hops around really fast!""","""Look at our lovely home, sweetie! See how big the windows are? They let sunshine in to make us feel warm and happy. And guess what? We have soft carpet under our feet to play on. Isn't our house cozy and fun?""","""Look, sweetie, there's a cute little puppy! Want to say 'hello' to Barky, the fluffy, furry friend?""","""Look at all the colorful toys, sweetie! Can you find the soft, fluffy teddy bear for us to play with?""","""Look at these bright, juicy red tomatoes! They're so yummy, and they make our salad super tasty. We're going to wash them and chop them up. You can help me by holding the tomato. See how soft and squishy they are?","""Look at the fluffy bunny hopping around, it's so cute and soft!"""
"""Look at this yummy carrot, sweetie! It's orange and crunchy. Let's see if you like it!""","""Look, sweetie, here's a big, shiny car! Want to bounce on the bumpy part? Careful, cars go vroom when they move!""","""Look at the pretty birdie with its colorful feathers, sweetie! Can you hear the chirpy birdie singing its lovely song?""","""Look, sweetie, this is a cute cat! Can you say 'cat'? The cat is purring and saying 'meow-meow'!""","""Look at the pretty bird, sweetie! It has feathers, a beak, and it's singing a lovely song!""","""Look at the fluffy bunny hopping and playing in the garden, little one! Isn't it so cute and soft?""","""Look at all the colorful toys! Can you spot the red truck? Let's play with it together.""","""Look at the cute little puppy, sweetie! Puppies are soft, fluffy, and love to play fetch with their favorite toys. They're like furry, waggy, fun friends who like to snuggle and go for walks with us. Isn't","""Look at all the pretty toys! Want to play with the soft, stuffed bear? And see the shiny, colorful blocks?""","""Look at that cute puppy, sweetie! It's a little dog, and it loves to play and wag its fluffy tail!""","""Look at the doggy, sweetie! He's so fluffy and loves to play fetch with his favorite ball!""","""Look at the big happy family! We have mommy, daddy, and your big sister who loves you very much.""","""Look at the shiny, red car! Wow, the car goes 'vroom-vroom' when it moves. Do you like the car? Let's see if we can find more cars like this one!""","""Look at the big, shiny red car! It's going to zoom by really fast, but don't worry, it's safe because it has bright red brake lights to tell us when to stop.""","""Look, sweetie, there's a big, red car! It has wheels that go 'vroom-vroom' and helps people go from one place to another. Isn't it fun to see cars zooming by on the road?""","""Look at that cute little kitty! Can you say 'meow' like the cat? The cat is so soft and fluffy, let's pet it gently!""","""Look at the bunny, it's hopping so fast! Can you bounce like a bunny, hopping and hopping?""","""Look at the fluffy kitty, little buddy! The kitty's fur is soft like a cloud, and it meows when it wants food. Can you say 'kitty' with me?""","""Look at that beautiful bird up there, sweetie! It has such pretty feathers and it's singing a lovely song for us to enjoy.""","""Look, sweetie, this fluffy bunny hops around, eating green grass, and it's super cute and soft!""","""Look at all the smiling faces, sweetie! Those are your family members. Mommy and Daddy love you very much, just like you love them. And there's your big brother, Alex, and your little sister, Lily. They all play with you and share stories of adventures","""Yummy, sweet apples are yummy! Look at these red apples, they're so crunchy and delicious. We can eat them, smell them, and tell their stories together. Can you say 'apples'?""","""Look at the cute little puppy, sweetie! It's wagging its fluffy tail because it's happy to see you!""","""Look at the big house, sweetie! It has a yellow roof, blue windows, and green grass outside. Isn't it a pretty place to live?""","""Look, sweetie, there's a friendly dog wagging his tail, ready to play with you!""","""Look at those fluffy teddy bears! Want to hold them and give them hugs? Let's go play!""","""Look, sweetie! These are some yummy apples. They're red and shiny, just like your favorite crayons. Let's take a big bite, but remember to chew with your mouth closed. Yum!""","""Look, sweetie, a fluffy bunny is hopping by! Want to say 'bunny' with me?"""
"""Look at the yummy apple, sweetie! It's so crunchy and juicy!""","""Look at the bright red car, sweetie! It's going fast, zooming down the street. Isn't it funny how the car moves like that? Want to hear more about it?""","""Look, little one, there's a bird flying in the sky! It has feathers and wings, and it's singing a beautiful song. Isn't it wonderful?""","""Look at the fluffy cat, little one! It's purring and soft. See how it's pouncing and chasing its tail? Let's play with the cat gently.""","""Look at the beautiful bird, sweetie! It has colorful feathers and can fly high up in the sky. Isn't that amazing?""","""Look at the bunny, it's hopping and hopping, so cute!""","""Look at the bright, soft teddy bear! Want to hug it? See, it's fluffy and cuddly, just like your bear!""","""Look at the cute puppy! Want to say 'woof woof'? The puppy says 'woof woof' and it's so fun!""","""Look at these cute, soft toys! Can you see the bouncy ball? It goes up and down. Want to play with it?""","""Look, sweetie, there's a fluffy dog! The dog is running and jumping, and he's so happy. Can you say 'dog'? The dog says 'woof-woof' when he's happy. Can you try saying it with me?""","""Look at the fluffy dog, sweetie! The dog is wagging its tail because it's so happy to see you!""","""Look at mommy, your sister, and me! We are a family, and we love each other very much.""","""Look at the bright and shiny car, little buddy! It has four wheels and can take us on big adventures. Can you say car?""","""Look, sweetie, this big red car has wheels and it can take us for a ride. Isn't it cool? Let's say 'car' together, like this: 'C-A-R'. Can you say 'car'?""","""Look at the big red car, sweetie! The car has four wheels, just like your toy truck, and it can go really, really fast!""","""Look at the cute little cat, sweetie! See how it's purring and playing with its soft, fluffy tail?""","""Look at the fluffy bunny hopping around, little buddy! Isn't it so cute? It's called a bunny, and it loves to hop and eat carrots!""","""Look, sweetie, this cute and cuddly cat has soft, furry fur and loves to purr when you pet it. Its big round eyes look at you with love, and it wags its fluffy tail happily when it wants to play.""","""Look at that beautiful birdie, sweetie! It has colorful feathers and a tiny beak. The birdie is singing a lovely song just for us.""","""Look at the fluffy bunny hopping around in the meadow! See how it hops? The bunny is having so much fun hopping around!""","""Look at our family, sweetie! Mommy and Daddy love you so much. You're my little buddy, and we play together all the time.""","""Sweetie, would you like to help me pour some yummy apple juice into your cup? It's fresh and sweet!""","""Look, sweetie, there's a fluffy bunny hopping around, and it's so cute. The bunny has soft ears and a long, curly tail. Can you say 'bunny'? Let's try to find more bunnies together!""","""Look, sweetie, this is a house where we live, with a big door to open, windows to look out, and a roof to keep us dry and warm!""","""Look at the fluffy, happy dog! Its big, floppy ears wag when it sees you, and its tail sways with excitement. It's a good dog, sweetie.""","""Hey there, sweetie! Look at these fun toys! Let's play with the soft teddy bear, and you can push the red car too. They're just for you to enjoy!""","""Yummy yummy, sweetie! You get to eat a big, crunchy carrot! It's orange and crunchy, just like your favorite toy.""","""Look at the big, furry bunny hopping in the garden. He's so fluffy and loves to munch on carrots!"""
"""Look at the yummy, smiley carrots going into the orange blender! They're turning into a sweet, fruity baby food for you to try!""","""Look at the shiny, red car, little one! It's a fun car with four round wheels and a roof to keep you cozy. Isn't it pretty?""","""Look at the pretty birdie with its colorful feathers, chirping happily in the sky. Let's wave at it together!""","""Look at the cute little kitty cat, sweetie! See how it purrs and plays with its yarn toy? The fluffy cat is so soft and paw-some, isn't it?""","""Look, sweetie, that beautiful bird is flying up high, just like you do when you fly with your toy plane!""","""Look, sweetie, a fluffy bunny hopping around, it's so soft and cute, isn't it?""","""Come here, sweetie, look at these colorful, fun toys! You can stack them up and play with them together, just like we play peek-a-boo!""","""Look at the cute puppy! He's a friendly dog. His fur is soft and fluffy. Can you say 'puppy'? Woof woof, that's right, puppy!""","""Look at all these amazing toys, sweetheart! The teddy bear is soft, and the blocks are for stacking. Let's play together!""","""Look, sweetie, there's a big, fluffy dog wagging its tail and saying hello with its wet nose!""","""Look at the cute fluffy dog wagging its tail, sweetie! The dog's fur is soft and brown, just like your teddy bear, isn't it? Can you say 'woof woof'?""","""Look at mommy and daddy, sweetie! We're your family. They love you lots and lots!""","""Look at the big, red car, sweetie! It's a shiny, fast car that takes us on fun rides. See the wheels? They spin around and go 'vroom, vroom'!""","""Look at the big red car, sweetie! It's moving fast, zooming down the road to take you to the park.""","""Look, sweetie! This big, shiny car is going to take us on a fun ride to the park!""","""Look at the fluffy, cute cat! The cat is purring softly and playing with its toys.""","""Look at the big, fluffy bunny hopping and jumping around in the meadow, don't you think it's so cute and fun to watch?""","""Look at the cute kitty, little buddy! This furry feline is a fluffy friend who purrs and plays.""","""Look, sweetie, there's a pretty bird with bright feathers and a funny chirp! Can you say 'bird'? It's a birdie! Birdies like to hop and sing, just like you do when you play!""","""Look at the fluffy bunny hopping over the grass, little buddy. It's so soft and loves to hop around, just like when you hop on the couch!""","""Hey sweetie, in our family, we have Mommy and Daddy, your favorite Auntie and Uncle, and your big sister, Sarah. We love spending time together and making memories.""","""Look at the yummy banana, sweetie! It's a perfect, yellow, and soft fruit that you can peel and eat, just like your favorite superhero would!""","""Look at the big, fluffy bunny hopping around! It's so cute, isn't it? Let's say 'bunny' together, like this - 'bun-ny'.""","""Hey sweetie, look at this big and beautiful house we live in. It's a cozy place where we sleep, play, and have yummy meals together.""","""Look at the fluffy, cute dog! It's bouncing and wagging its tail. The dog has soft fur and loves to play with you, little buddy!""","""Hey there, little buddy! Let's pick your favorite toy and play together!""","""Yummy, sweet banana! This banana is a yellow, peel-able fruit that's soft and squishy. You can hold it in your hands and peel it off. Once peeled, you can eat it with your hands, and it's super tasty!""","""Look at the little ducklings, sweetie! They're quacking and playing in the water. Isn't it so cute when they waddle around together?"""
"""Look at these bright, yummy veggies, sweetie! Mama's chopping them up to make a healthy, happy meal for you!""","""Look at the shiny, bright car! Wheels go round and round, vroom, vroom! Shiny red, blue, or green, cars can take you on a fun ride!""","""Look, little one, see that bird up in the sky? It's a beautiful birdie, flapping its wings and singing sweet songs.""","""Look at the fluffy, soft cat! The cat is purring and wants to cuddle with you. Isn't it so cute and cuddly?""","""Look at the pretty bird with the colorful feathers! Can you say 'bird' like me? Birds can fly and sing beautiful songs.""","""Look at the fluffy bunny, it's hopping and says 'wuh-wuh'! Can you say 'wuh-wuh' with me, little buddy?""","""Look at those bright, colorful toys! Want to play with them, little buddy?""","""Look at that cute dog! It has soft fur, big floppy ears, and loves to wag its tail when it sees you. Isn't it the best friend ever? Let's say 'woof woof' together!""","""Look at all these fun toys! Can you pick up the soft, bouncy ball and give it a gentle toss to see how high it goes?""","""Look at the fluffy, cute dog wagging its tail and playing fetch, little buddy! Isn't it a fun and furry friend?""","""Look, little buddy, this is a dog! Woof woof! They're furry friends that love to play and run around, don't they?""","""Hey sweetie, we're going to see Aunt Emma, she's going to give you a big hug and maybe read you a fun story about our family adventures!""","""Look at the big red car, sweetie! See how it has four wheels and a shiny door? Let's go for a ride in the car and see the pretty flowers on the way!""","""Look at the big, red car, sweetie! It's going so fast on the road, zooming past the trees and houses, and soon it'll be at the playground where we're going to play together!""","""Look at the big, red car, sweetie! It's so shiny and fast, just like when you zoom around on your toy car. Can you say 'car' with me? Car!""","""Look at the fluffy, cute kitty cat! She's so soft and cuddly. Let's pet her gently, little one.""","""Look, sweetie, there's a fluffy, white kitten napping in the warm sunlight, and over there's a big, friendly bear enjoying a juicy apple.""","""Look at the fluffy, cute cat! The cat is purring and sleeping on the soft blanket.""","""Look at the bird, sweetie! That beautiful bird with feathers is flying in the sky. Isn't it a lovely, fluffy, flying friend for you?""","""Look at the cute, fluffy bunny hopping around, little one. Can you say 'bunny'? Want to go pet the friendly, furry bunny?""","""Hey there, sweetheart! You know, in our big, happy family, mommy and daddy are your superheroes. They love you so much, just like your favorite stuffed animals do. And you, my little sunshine, are the most important person in our family. We","""Yummy apple, sweet and crunchy! Want to eat a crunchy, juicy apple with you, sweetie?""","""Look at the little bunny hopping so fast, little one! Isn't it fluffy and cute? Bunny's name is Bopsy.""","""Look at this beautiful house, sweetie! It has a big red door, a blue roof, and white walls. Let's say 'house' together and then we can go inside to explore all the rooms and play with the toys!""","""Look at the fluffy, wagging tail of the happy, friendly dog; it's barking and playing!""","""Look, sweetie, this big, fluffy bear can hug you tight and this tiny, sparkly ball will roll fast and fun!""","""Look at the yummy-looking apple, sweetie! It's red and round, just like a little ball. Let's take a big bite together, and we can crunch into its juicy goodness. Yum, yum!""","""Look at the big, fluffy bunny hopping by, little buddy! Isn't he the cutest, with his soft ears and long, floppy tail?"""
"""Look at the yummy apple! It's red, round, and sweet. Let's give it a little bite, sweetie!""","""Look, sweetie, this big and strong red car goes zoom, zoom, zoom on the road!""","""Look, sweetie, that beautiful bird is flying high up in the sky, with its pretty feathers and soft chirps, isn't it just wonderful?""","""Look at the cute little kitty, sweetie! Can you say 'cat'? The soft furry furry furrrr-meow.""","""Look at the little birdie with the bright feathers! It's singing a pretty song for us!""","""Look, sweetie, see the fluffy bunny hopping around, it's so soft and cute, isn't it?""","""Look at these bright, happy toys, sweetie! Want to pick a fluffy bunny to cuddle with now?""","""Look at the big, fluffy dog! His fur is brown and white like chocolate and snow. Want to say 'dog'? D-d-dog!""","""Look at the bright, shiny toy car, little buddy! It's ready for you to zoom it around the room and watch it zoom!""","""Look, sweetie, there's a fluffy dog! The dog is wagging its tail and barking happily. It's so cute!""","""Look at that fluffy dog, sweetie! It's wagging its tail because it's happy to see you. Let's say 'dog' together, alright?""","""Hey there, little buddy! Today, we're going to meet your big sibling, and they'll play with you and love you just as much as mommy and daddy do!""","""Look at the shiny, red car with four wheels, sweetie! It's going to take us on a fun ride to the park. Let's wiggle our fingers like the car's wheels spin around!""","""Look, sweetie, this big, red car is zooming by, with shiny wheels that roll on the road so it can take us places!""","""Look at the big, shiny car, sweetie! It's so pretty and it goes 'vroom vroom' when we press its colorful buttons. Isn't that fun?""","""Look at the fluffy, cute cat, sweetie! It's so soft and furry, isn't it? Let's say 'cat' together. Can you say 'cat'?""","""Look, sweetie, see the bunny hopping over? The bunny is small and fluffy, with long ears and a twitchy nose!""","""Look at the fluffy, cute, and soft cat! She's purring because she's happy and loves to play with her yarn ball.""","""Look at the beautiful bird, sweetie! It's a little feathery friend flying in the sky with its wings spread wide, singing a happy tune for us to enjoy.""","""Look at the cute little kitty cat, she's purring and cuddling with her fluffy tail!""","""Look at Mommy and Daddy smiling at you, sweetie! They're your superheroes who love you very much and keep you safe and happy.""","""Yummy apple! Crunchy and sweet, just like the magic juice that makes you grow big and strong!""","""Look, sweetie, this is a fluffy bunny, hopping around in the meadow. Want to count how many bunnies we can find together?""","""Look at our lovely, big house with a shiny red roof, sweetie! Isn't it cozy and safe for us to live in?""","""Look at the cute dog, sweetie! This fluffy puppy has soft, wagging tails, and it loves to play fetch with you. Can you say 'doggie'? That's right, 'doggie'! Let's give it a gentle pat on the","""Come on, sweetie, let's play with the fun, fun toys!""","""Look at these yummy, colorful vegetables! They're so good for you and will help you grow strong and healthy.""","""Look at the cute bunny hopping around, little buddy! See how it hops and jumps?"""
"""Look, sweetie, here comes your yummy mashed banana, just like the ones in your favorite picture book!""","""Look, sweetie, a big, shiny car! It has wheels that roll on the ground, and it takes people to go on fun adventures. Let's point at the car and say 'car' together!""","""Look, sweetie, there's a pretty little bird with soft feathers and a beautiful song. It's soaring high in the sky with its wings spread out, just like when we fly our kite in the park.""","""Look at the cute little kitty, sweetie! The fluffy furry cat is playing with its yummy ball of yarn.""","""Look at the birdie with its bright blue feathers and twinkly eyes, little buddy! Can you say 'birdie'? Let's make a funny bird noise together!""","""Look at the bunny hopping by! It's hopping, hopping, hopping so fast. The bunny goes, 'Binky binky binky!' Can you say 'binky' with me?""","""Look at these cute, fluffy bunnies! Can you pick up the soft, bouncy bunny for me? Let's play with them together!""","""Look, sweetie, there's a cute little dog! It's wagging its tail because it's happy to see you!""","""Look at the colorful blocks, sweetie! Can you grab the red one for me?""","""Look, little buddy, this cute puppy loves to play fetch with his favorite ball. Want to see him wag his tail and run after the ball with me?""","""Look, sweetie, there's a big, fluffy dog! He's wagging his tail and wants to play fetch with you!""","""Look at mommy and daddy! We are your family, and they love you so much. You have a little sister, and together, we are a big, happy family.""","""Look, sweetie, this big red car with shiny wheels can take us on a fun adventure, zooming down the road, passing by pretty flowers and friendly animals.""","""Look at the big, red car, sweetie! The car goes 'vroom' and takes us on fun adventures!""","""Look at the big red car, sweetie! It's so shiny and fast, just like the superheroes you love. Isn't it fun to watch the cars zoom by on the road?""","""Look at the fluffy, purring cat! Its fur is as soft as a cloud and it loves to cuddle. Isn't that cute?""","""Look at the fluffy bunny, little one! It's hopping around, enjoying its time in the green meadow, munching on delicious grass.""","""Look, little buddy! See this fluffy, cute cat? It's soft and purrs. Cats are our furry friends who like to play with balls of yarn and chase butterflies. Isn't she adorable?""","""Look at that pretty bird, sweetie! It's fluffy and has bright feathers. Can you say 'bird'? That's right! Bird, bird. Wow, it's singing a lovely song.""","""Look at the fluffy bunny hopping around, it's hopping so fast, isn't it? The bunny is fluffy and hopping very fast.""","""Hey there, sweetie! Can you tell mommy or daddy you love them? That's how we show we're family!""","""Look at the bright, juicy apple, sweetie! It's red and round, perfect for a bite. Yummy!""","""Look at the fluffy bunny hopping around, little buddy! Bunnies have soft fur and like to eat carrots. They're very cute, aren't they?""","""Look at our lovely house, sweetie! It's big and warm, with a yellow roof and blue windows. We have a cozy bed, a big, soft couch, and a playful carpet under our feet. Isn't it amazing to live here, my little buddy","""Look at the cute little puppy, sweetie! It's a dog, and it's so soft and fluffy. Let's give it a gentle pat, okay?""","""Look at all these fun toys, sweetie! Let's pick your favorite one and play together.""","""Look at the yummy apple! It's red and crunchy. Let's take a big bite together and enjoy its sweet taste, my little one!""","""Look at the bunny, little one! See how it hops and plays? Bunny means a cute, furry rabbit that loves to hop around."""
"""Look, sweetie, we have yummy mushy carrots here for you to try, just a tiny bit, like a little piece of soft cloud!""","""Look, sweetie, see the big, red car go by? The car has wheels that roll and makes a loud beep-beep noise when it stops. Can you say 'car'? That's right, 'car'! Good job!""","""Look at that beautiful bird, sweetie! It's singing a lovely song with its beautiful wings flapping!""","""Look at the cute, fluffy cat! Can you say 'cat'? The cat says 'meow-meow' and loves to play with soft toys!""","""Look at the little birdie, sweetie! The birdie is singing and hopping around. Isn't it funny and pretty?""","""Look at the cute little puppy, sweetie! He's so soft and fluffy, isn't he? The puppy is bouncing around and having so much fun playing with his favorite toy.""","""Look at all the cute little toys, sweetie! These soft teddy bears and shiny, colorful blocks are just waiting for you to play with and have fun!""","""Look at the cute little dog, sweetie! See how he wags his tail and loves to play fetch? Let's say 'dog' together and wave our hands like he's doing his tail wagging!""","""Look at all the colorful toys! Let's play with the soft, plush bear together, sweetie. Isn't it fluffy?""","""Look at the fluffy dog wagging his tail, sweetie! Isn't he just a big, friendly furball?""","""Look at the cute puppy! See how wiggly its tail is? It's a puppy, and puppies are fun and fluffy friends.""","""Hey sweetie, guess what? Your family is like a big, happy puzzle, where everyone fits together and makes you feel loved!""","""Come here, little buddy! Look at this big red car! It's going to take us on an exciting ride, like a superhero, don't you think? Let's pretend we're driving and have a fun adventure together!""","""Come here, little buddy! Look at this big, shiny car! Do you see the red color? Let's pretend it's driving by, honking its beep beep. Isn't it fun?""","""Come here, sweetie, look at this big, shiny car. See how the wheels turn? This car can take us on exciting adventures, just like the ones in our storybooks!""","""Look, sweetie, that fluffy kitty is purring and playing with a ball of yarn. Isn't it so cute?""","""Look at that cute little puppy! He's bouncing around like a tiny, furry ball of joy!""","""Look at the cute little kitty cat, sweetie! She has soft fur, fluffy tail, and tiny paws. Let's say 'meow' together, like the cat. Isn't she so adorable?""","""Look at the beautiful bird, sweetie! It has colorful feathers and a cozy little nest in the tree.""","""Look, little buddy, those fluffy bunnies are hopping around and eating carrots in the garden. They're so happy and soft!""","""Look at mommy and daddy together, sweetie, just like our big, happy family!""","""Look at those yummy carrots, sweetie! They're orange and crunchy, just like a little crunchy snack!""","""Look, sweetie, this big, fluffy dog is called a Golden Retriever. It has soft, golden fur, and it's very friendly. The dog loves to play fetch and go on walks with people. Would you like to pet the dog's soft fur?""","""Look at our cozy, warm house, sweetie! It has a big, beautiful roof that keeps us dry from the rain, and it's painted in bright, happy colors. Inside, we have soft, fluffy carpets, comfy beds, and lots of lovely to","""Look at that cute, fluffy dog! Can you say 'woof woof'? That's what dogs say when they are happy to see you. Let's go say hello to the friendly pup!""","""Oh, look at all these wonderful toys! The soft teddy bear wants to hug you, the colorful blocks are ready for a fun tower-building adventure, and the squeaky ball is waiting to make those delightful noises when you play with it!""","""Sweetie, it's time to eat your yummy veggies! Mommy loves how colorful they make your plate.""","""Look at the bunny hopping, little one. The fluffy bunny is so cute, isn't it? Can you say 'bunny'?"""
"""Look at this yummy, bright yellow banana! Mama's going to slice it up for you. Yum, yum, tasty!""","""Look at the big, red car, sweetie! It's zooming down the road, honking its horn to say hello.""","""Look, sweetie, there's a pretty bird with colorful feathers and a cute little beak. Can you hear the chirping? It's like a musical bird song for us!""","""Look at the fluffy, cute, and cuddly cat; see how it purrs and plays with its toys?""","""Look at that pretty bird, sweetie! It's singing a lovely song. Want to say 'bird' with me?""","""Look, sweetie, there's a fluffy bunny hopping over the grass, and do you see those little paws? They're hopping, hopping, hopping! Want to say 'bunny' with me?""","""Look at the colorful blocks, little one! Let's put the blue one on top of the red one, and we'll make a tall tower together!""","""Look at the cute little dog, sweetie! The dog is wagging its tail, isn't it? It's so fluffy and soft. Let's say 'woof woof' together, just like the dog is saying hello!""","""Look at these soft, colorful toys, little buddy! They're just for you to play with, sweetheart, and they're super fun!""","""Look at the fluffy dog, sweetie! It's wagging its tail because it's happy to see you. Want to give it a gentle pat on the head?""","""Look at that adorable puppy! It's wagging its fluffy tail and playing with its toy. Isn't it so cute? The puppy's name is Spot, and it's a really good boy. Spot likes to play fetch with his","""Hey sweetie, you know your family? Mama, dada, and your big brother/sister love you so much. They're like your superhero team who always protects you and shares their love with you, just like superheroes share their powers to help others!""","""Look, sweetie, there's a big, shiny car! See how it goes 'vroom, vroom' when it moves? Isn't it fun to pretend we're driving a car, zooming on the road, and seeing all the colorful houses and parks?""","""Look, sweetie, that's a shiny red car with four wheels that goes 'vroom' when it drives!""","""Look at the big, red car! It's going to take us on a fun ride, little buddy. Wow, see how fast it moves? The car zooms and zooms, like a super-fast train!""","""Look, sweetie, this is a cute little kitty. The kitty has soft fur, pointy ears, and a long tail. Isn't the kitty fluffy and cuddly?""","""Look at the fluffy bunny hopping around, little one! It's a cute, soft, and furry friend. Would you like to say 'hello' to the bunny with me?""","""Look, sweetie, there's a fluffy cat with pointy ears and soft fur. The cat is purring because it's happy and wants to play with us!""","""Look at that pretty bird, sweetie! It's a robin with a red belly and it's singing a lovely song for us to enjoy.""","""Look, sweetie, see the fluffy bunny hopping over the grass? It's so soft and cute, let's say hello to our little bunny friend!""","""Look at our family, sweetie! We are mommy, daddy, and you. We all love each other very much!""","""Look at the bright, red apple! It's so crunchy and sweet when you take a bite. Yummy!""","""Look at that fluffy bunny hopping around, little one! Bunnies are cute, cuddly animals that like to eat carrots and hop around in the grass.""","""Look, sweetie, we're going inside our house! This is where mommy and daddy live, and we have a cozy bed, a yummy kitchen, and a big, soft carpet on the floor!""","""Come here, sweetie! Look at this cute little puppy. See how it wags its tail and plays with its favorite toy? Isn't it adorable?""","""Oh, look at those colorful blocks! Let's build a big tower with them together, one by one.""","""Yummy yummy, it's time for a tasty treat, sweetie pie! Look, we're going to have some fun with your favorite veggies and fruits. Crunchy carrots, juicy apples, and all the colors in the rainbow. Mmm","""Look at the fluffy bunny hopping around! Isn't it so cute? Let's say 'bunny' together and watch it play!"""
"""Yummy yummy, sweetie, here comes your mama's smile. She has a tiny, soft carrot to share with you. Yum, yum, yum, let's take a little taste.""","""Look at the pretty red car, sweetie! It's moving fast on the road, but it's safe and won't hurt us.""","""Look at that beautiful bird! It's singing a sweet song for you, my little one. Isn't it lovely?""","""Look at the cute little kitty, sweetie! She has soft fur and loves to purr when she's happy. Want to say 'kitty' with me?""","""Look at that beautiful bird, sweetie! It's so pretty and colorful, isn't it? Listen to its melodic song and let's watch it fly high in the sky, just like you do with your cute little wings.""","""Look at the fluffy bunny hopping by! It's hoppin' and playing, just like how you hop on your little legs!""","""Look at all these bright, fun toys, sweetie! Let's play with the fluffy, colorful teddy bear, and you can cuddle it, and then we can dance with the bouncy ball.""","""Look at the doggy, sweetie! The doggy has soft fur and waggy tail. Want to pet the fluffy doggy?""","""Look at the colorful toys! Can you grab the soft teddy bear for me, sweetie?""","""Look, sweetie, this fluffy dog is wagging its tail because it's happy to see you. See how it jumps up and down? That's how dogs say hello!""","""Look at the big, fluffy dog, sweetie! The dog is barking happily and wagging its tail because it loves you so much!""","""Look, sweetie, this is your mommy and daddy, and this is your lovely big brother, Max. We are your family and we all love you so much.""","""Look at the shiny red car, sweetie! It's big and fast, but not fast enough to go around our living room. Let's wave bye-bye to the car as we walk to the park!""","""Look at the big, shiny car, sweetie! Can you see the round tires turning on the road? It's so bright red and has a happy face on it!""","""Look, sweetie, that big red car is zooming by so fast! It's going to take us on a fun ride to the park!""","""Look at that fluffy, cute kitty, sweetie! The cat is playing with a little ball, rolling around and having fun!""","""Look at the fluffy bunny, little buddy! It's hopping around, eating carrots, and it's so soft and cute, isn't it?""","""Look at the fluffy, cute cat with soft fur! The cat is purring and sleeping cozy on the warm blanket.""","""Look at that beautiful bird, sweetie! It's so pretty with its colorful feathers and lovely chirps. Can you hear how it sings and flaps its wings?""","""Look at the cute, fluffy bunny hopping around. Bunny, bunny, can you hop over there?""","""Look at mommy and daddy holding hands, sweetie. They're your family, and they love you very much.""","""Look at the yummy, red tomato! Can you say 'tomato'? Yummy, yummy, tomato!""","""Look at the fluffy bunny hopping around, little buddy! Bunnies are cute and soft!""","""Look, sweetie! We're in a lovely house with walls that keep us cozy and floors that we walk on. This is where mommy and daddy live, and we have a big, beautiful bed to sleep in. Can you say 'house'? Great job!""","""Look at the fluffy, friendly dog wagging his tail! He's so happy to see you, little buddy!""","""Hey sweetie, look at all these wonderful toys! This colorful train can chug along the tracks, and this fluffy teddy bear is ready for a big hug. Would you like to play with them together?""","""Look, sweetie, here are some tasty little yellow triangles! These are called bananas, and they're so yummy. They're good for you and make you strong!""","""Look at the fluffy bunny hopping over the green grass, little one! Isn't it hoppy and cute?"""
"""Look at the yummy, colorful, ripe banana. It's so sweet and soft. Time to give it to you to explore with your hands and mouth, sweetie!""","""Look at the big, shiny car, sweetie! See how it's moving? The car drives down the road, going, 'vroom vroom'!""","""Look, sweetie, there's a pretty bird with feathers, beak, and wings. It's singing a lovely song for us!""","""Look, sweetie, this furry little feline friend is a cute, cuddly cat!""","""Look at the pretty birdie! Birdie is flying high up in the sky with its feathers shining in the sun, chirping sweet songs for us to hear!""","""Look at the puppy, sweetie! Puppies are fluffy and cuddly, aren't they? Can you say 'puppy'?""","""Oh, look at those bright, shiny toys! Let's go play with them, sweetie. You can choose your favorite one!""","""Look at the fluffy dog, sweetie! The dog is wagging its fluffy tail because it's happy to see you.""","""Look at all the colorful blocks! They can stack up so high, just like the ones we built together last time. Ready to build another tower with me?""","""Look, sweetie, there's a cute puppy! Puppies are so fluffy and love to play fetch. Want to see the puppy wag its tail?""","""Look at the fluffy, bouncy dog! The little dog wagged its tail so fast, it looked like it was dancing. Isn't that cute? The dog's nose is wet from smelling so many yummy things. Let's go pet the friendly dog together","""Hey sweetie, look at our family here! We have Mommy, Daddy, and your siblings, Lily and Max, and we're all together to love and protect you.""","""Look at the big, shiny car, sweetie! The car is red, and it has four wheels. Let's say 'car' together. Car. Can you say car? That's right, car! The car can go fast and take us on fun adventures.""","""Look, sweetie, this big red car is rolling down the street! Wow, see how the wheels turn and go? Cars are fun to watch, aren't they?""","""Look at that big, shiny car, sweetie! It's red like your favorite crayon, and it goes 'vroom vroom' when you press the pedal. Would you like to pretend you're driving it and go on a fun car ride around the playground?""","""Look at that cute fluffy cat, little buddy! Do you see how it's purring and cuddling with its soft, warm fur? Cats are such gentle and friendly pets, just like a big, cozy hug!""","""Look at the cute little bunny hopping by, little buddy! Can you see how its fluffy ears bounce up and down? Bunnies like to eat carrots and hop around in the green grass.""","""Look, sweetie, there's a cute, cuddly cat! She's soft like your blankie, and she purrs when she's happy. Want to pet her gently?""","""Look, sweetie, a beautiful bird with feathers and a funny little beak. It's singing a lovely song for us to hear, isn't it?""","""Look, sweetie, a fluffy bunny is hopping over the grass, and it's so soft and cute!""","""Look at mommy and daddy, they are our loving family, they always take care of us and give us lots of hugs and kisses!""","""Look at these yummy, bright-colored vegetables, sweetie! They're so good for you, and they taste like a rainbow on your plate!""","""Look at the big, fluffy bunny hopping around! See how it's wiggling its long, soft ears?""","""Look at the big, beautiful house with its bright blue roof, sweetie! The house has a cozy kitchen, funny beds in the bedrooms, and a shiny bathroom for taking super-duper baths!""","""Come here, sweetie! Look at this cute little dog. See how he wags his tail? Dogs are furry, friendly, and love to play fetch with their favorite toys.""","""Look at all these fun toys, little buddy! Let's pick one and play together!""","""Look at the yummy carrots and juicy apples on our plate, sweetie! They're going to make your tummy happy and healthy. Let's take a big bite together!""","""Look at the fluffy bunny, sweetie! The bunny has soft, white fur and big, cute ears. Can you say 'bunny' with me?"""
"""Look, little one, this yummy mushy apple is for you. It's sweet and soft, perfect for little tummy!""","""Look at the big, shiny car! It has four wheels and a roof to keep you safe. Let's wave at the car as it drives by, little buddy!""","""Look, sweetie, there's a beautiful bird up high in the sky, with its soft feathers and pretty colors, singing a lovely song just for us.""","""Look at the fluffy, cute cat. Can you say 'cat'? Meow, meow, cat!""","""Look, sweetie, a pretty birdie! That's a bluebird. It's singing a lovely song. Let's say 'bluebird' together. Blue bird, bird, blue bird!""","""Look at the puppy, sweetie! He's so fluffy and cute, isn't he? Want to pet him gently?""","""Look at those bright, colorful toys! Let's see what you can play with today, sweetie!""","""Look at the cute fluffy dog, sweetie! Can you say 'woof woof'? The dog is wagging its tail and wants to play with you. Isn't it adorable?""","""Look at all these colorful blocks, sweetie! Let's build a big, beautiful tower with them together!""","""Look at the big, fluffy dog! The dog has soft brown fur and big, floppy ears. The dog is wagging its tail because it's happy to see you. Isn't the dog so cute and friendly?""","""Look at the big, fluffy dog! He's wagging his tail and barking happily, just like a friendly buddy wagging his hands and saying 'hello'.""","""Look at mommy and daddy, they love you so much, and they're your family, just like how you love your teddy bear.""","""Look at the big red car, sweetie! It's so shiny and fast, zooming down the road to take us places, like the park or the supermarket. Isn't it exciting to imagine riding in the driver's seat and feeling the wind in your hair?""","""Look at the shiny, red car, sweetie! It has big, round wheels that roll on the road. The car goes 'vroom-vroom' when we press the gas pedal. Isn't it fun to watch it zoom by?""","""Hey there, little buddy! Look at that big, shiny car! It's so cool and fast, zooming by like a little rocket!""","""Look at that cute little kitty cat! The kitty is purring and cuddly, just like a fluffy, fuzzy, soft blanket that we can hug and play with together!""","""Look, sweetie, there's a fluffy bunny hopping by! Can you say 'bunny'? Hopping is like when we bounce up and down, just like when we play on the trampoline!""","""Look at the cute fluffy cat! Meow, meow! See how it's playing with the ball? Isn't it fun to watch it pounce and jump?""","""Look at the beautiful bird, sweetie! It has bright feathers and chirps so lovely. Isn't it a delightful little creature to watch?""","""Look at the fluffy bunny hopping over the grass, hopping so high and fast! Can you say 'bunny'? That's right, 'bunny'! It's a cute little animal that loves to hop around.""","""Look at our family, sweetie! Mommy and Daddy love you so much, and we all play together and laugh every day.""","""Look at these yummy cookies, sweetie! They're soft and chewy, just perfect for a little taste.""","""Look at the bunny hopping over the grass, little one. The bunny is so fluffy and it loves to hop around in the park.""","""Hey there, little buddy! Look at our lovely house, with its big windows and cozy rooms where we all feel safe and happy. Let's go explore the colorful rooms and play together!""","""Look at the cute little dog, sweetie! The dog is wagging its tail and running around, just like when we play fetch together!""","""Oh look, sweetie, it's your favorite teddy bear! He's ready to play with you. Can you pick him up and give him a big hug? Teddy is waiting for you to be his friend!""","""Hey there, sweetie! Look at those yummy little tomatoes! They're so red and juicy, just like a little strawberry. Want to try some? They're crunchy and oh-so-tasty!""","""Look, sweetie, that fluffy bunny is hopping in the garden! Its soft ears and long, white tail make it so cute and cuddly, just like a tiny, fuzzy ball of fluff!"""
"""Look, sweetie, the yummy yellow banana is ripe and ready to mash. It's soft and sweet, perfect for tiny tastes!""","""Look at the big, red car, sweetie! It's shiny and fast, just like a rocket!""","""Look at the pretty bird with the bright feathers and chirpy song, little one. Isn't it wonderful how it dances in the sky and lands on the branch?""","""Look at the cute, fluffy kitty cat. See how it purrs and cuddles? The kitty's fur is so soft and pink, isn't it adorable?""","""Look, sweetie, there's a beautiful bird with colorful feathers sitting on that branch. Can you say 'bird'? Birds like to sing and fly high in the sky, just like you're going to when you learn to run and jump!""","""Look at the cute bunny hopping around, little buddy! See how it's soft and fluffy? Want to say 'bunny' with me?""","""Look at all these bright, colorful toys, little buddy! Shall we pick the cuddly teddy bear and the soft, squishy ball for your playtime?""","""Look at the adorable puppy! See how it wags its tail and licks your face when you give it a gentle pat? Isn't it a fluffy, cuddly friend we can play with and love?""","""Look at the bright, colorful toys, sweetie! Your favorite teddy bear is waiting for you, and the soft, fluffy blanket is so nice to snuggle with. Let's go and play with them together, okay?""","""Look at the fluffy dog, sweetie! It's wagging its tail because it's happy to see you. Isn't it cute? Let's say 'dog' together.""","""Look at the fluffy, cute dog! See how he wags his tail and says 'woof woof'? He's very friendly and loves to play. Can you say 'woof woof' with me?""","""Look at the happy faces of our family, sweetie! Your mommy, daddy, and little brother all love you so much, just like a big, warm hug!""","""Look at the shiny red car, sweetie! It's zooming down the street, going really, really fast, but the driver is being super careful to not bump into anything.""","""Look, sweetie, there's a big, shiny car with four wheels! It's red like a strawberry and it goes 'vroom' when it moves! Let's say 'car' together and watch it drive by!""","""Come here, sweetie, look at the big, shiny red car! It's going to drive you to the park where you can play and have fun with your friends!""","""Look at the cute little cat, sweetie! The fluffy fur on its back is so soft, and its little paws are so cute. Isn't it adorable when it purrs? Can you say 'cat'?""","""Look, sweetie, there's a little puppy wagging its tail, and it's super soft and fluffy! Want to give it a gentle pat?""","""Look, sweetie, this is a fluffy cat! The cat has soft fur and tiny ears. See how it's purring? Cats like to say 'meow.' Do you want to say 'meow' with me, too?""","""Look at the pretty birdie flying in the sky, sweetie! It has soft feathers and it chirps and sings like a little songbird. Let's count the birds we see!""","""Look, sweetie, there's a cute puppy with soft fur, wagging its tail because it's happy!""","""Look at mommy and daddy, we're a big family with little siblings and pets, and we love playing together and making each other smile!""","""Look at the yummy apple pie, sweetie! Can you help me by saying 'thank you' when we eat dessert?""","""Look, sweetie, that's a fluffy bunny hopping around. Bunnies love to eat carrots and hop around in the meadow!""","""Look at our beautiful, cozy house, sweetie! It has lovely windows and a big, warm roof to keep us safe and snug. Inside, we have colorful rooms with soft beds, yummy food, and lots of toys to play with. Isn't our house wonderful?""","""Look, sweetie, there's a doggie! It's wagging its fluffy tail and looking so happy. The doggie has soft fur and big, friendly eyes. Isn't the doggie a cute and funny pet to play with?""","""Look at those cute little cars, sweetie! They're ready to zoom and race around the playroom. Let's set them free and watch them go!""","""Look at the yummy fruit, sweetie! It's a juicy orange, and it's good for your health. Can you say 'orange'?""","""Look at that fluffy bunny hopping around! The bunny has soft, white fur and tiny, twitchy ears. Do you see the bunny's fluffy tail wiggling? Let's go say 'bunny' together and make it hop away"
"""Look at this yummy carrot, little one! It's so sweet and crunchy, just perfect for your first taste of vegetables!""","""Look at the shiny car, little buddy! It's red and big and it goes vroom vroom on the road. The car has four wheels and we can see the sun shining on it.""","""Look, sweetie, there's a beautiful bird with feathers as blue as the sky and wings that flutter like butterflies. Isn't that amazing? It's singing a lovely song just for us.""","""Look at the fluffy kitty cat, little one! It's purring and playing with its yarn ball.""","""Look, sweetie, a beautiful bird! It's singing a lovely song with its little beak. Isn't it pretty?""","""Look at the bunny, sweetie! The fluffy bunny is hopping and eating carrots!""","""Oh, look at those bright, soft toys! Let's pick a favorite one to play with today!""","""Look at the fluffy doggy, sweetie! He's so cute and cuddly, wagging his tail and barking happily. Can you say 'doggy' with me?""","""Look at all these fun toys, sweetie! Want to pick your favorite color car and drive it around with me?""","""Look at that fluffy dog, sweetie! The dog is wagging its tail and is so happy to see you. Let's say hello to the friendly dog together!""","""Look at the fluffy, friendly dog wagging its tail, it's time to say 'hello' and see if it wants to play together!""","""Oh, sweetie, you know, mommy and daddy are your loving parents who always take care of you. And guess what? We have a big, happy family with your grandparents, aunts, uncles, and cousins, just like in your picture books. They all","""Look, sweetie, this big, shiny car! It has wheels to roll on the road, and it's our special car today. See how the car's windows let us see outside? It's like our magic box that takes us places!""","""Look, sweetie, that's a shiny red car! It has four wheels that roll on the road, and it can take us on a fun ride to the park. Isn't it exciting?""","""Come here, sweetie! Look at this big, shiny car with four wheels that goes 'vroom-vroom' when you press the pedal! Isn't it so fun?""","""Look at the fluffy, cute kitty! It's purring and playing with yarn.""","""Look, sweetie, a fluffy bunny hopping around! Isn't he so soft? Want to say 'bunny' with me?""","""Look, sweetie, this fluffy, cute, purring cat is soft and gentle, wagging its tail happily!""","""Look at the pretty bird, sweetie! It has feathers like a soft, colorful blanket, and it can sing beautiful songs for us to listen to!""","""Look at the bunny hopping in the garden, little one. The bunny has soft, fluffy ears and loves to eat carrots!""","""Hey there, sweetie! Let's talk about our family. We have Mommy, Daddy, and you! Mommy and Daddy are your superheroes who love you so much. You're our little superhero, too, always helping and smiling. We","""Look at these bright, red strawberries, sweetie! They're yummy and healthy for you. Can you say 'strawberries'?""","""Look at the fluffy bunny hopping around, little one! Isn't it fun to see how it hops with its long ears? Animals like bunnies are so cute and cuddly, aren't they?""","""Look at the big, pretty house with the red roof! That's where Mommy and Daddy live, sweetie. They make yummy food and love you lots. Isn't that house amazing? We should go see it next time we visit!""","""Look at the fluffy, playful dog! He's wagging his tail because he's happy to see you, sweetie. Let's say 'dog' together, okay?""","""Oh, look at the pretty, shiny cars in the toy box! Want to pick one and play with it?""","""Look at those yummy, juicy apples! Would you like to take a big, crunchy bite? Yummy!""","""Look at the cute puppy! It's a big, soft, furry ball of love. Let's say 'woof woof' together, okay?"""
"""Look at that beautiful bird, sweetie! Its feathers are so colorful, like a rainbow. Isn't it amazing how it can fly so high up in the sky? Birds are such friendly creatures, always singing and chirping to welcome the day. Shall we wave to","""Look at the pretty birdie! It's singing a lovely song, isn't it, sweetie?""","""Look at the cute puppy, sweetie! Woof woof! He's a fluffy, cuddly dog with big, floppy ears and a waggy tail!""","""Look, sweetie, that beautiful bird is singing a happy song. Isn't it wonderful? The bird's feathers are so pretty, just like your favorite color!""","""Look, sweetie, this little bunny hops around so quickly, it's like it's playing tag with the tall grass!""","""Look at those bright, colorful toys, little one! The teddy bear is soft and fluffy, and the blocks are perfect for stacking. Let's play together!""","""Look at all these fun toys, sweetie! The bouncy ball can roll away if you're not careful, and the soft teddy bear is here to hug you.""","""Look at the cute kitty cat! The kitty is fluffy and playful. Can you say 'kitty'? Meow meow!""","""Look, sweetie, this cute little cat is playing with its yummy ball of yarn!""","""Look, sweetie, this is our cozy house where we play and sleep. See the big window? The sun makes it shine bright, and the door keeps us safe. Can you say 'house'? Great job!""","""Look at these fun toys, sweetie! This soft teddy bear has big, cozy ears and a fluffy tail. Want to see the bouncy ball? It can roll and roll and bounce high!""","""Look, sweetie, it's the big house where Mommy and Daddy live. See those colorful flowers? They're pretty! The door is red, and it's the door we always open to go inside. Inside the house, there's a kitchen where we cook yummy","""Look, sweetie, there's a beautiful bird flying up high in the sky with its colorful feathers. Isn't it amazing how it can glide and twirl so gracefully?""","""Look at the beautiful bird, sweetie! It's flying high in the sky with its wings spread wide. Isn't it so pretty? Let's say 'bird' together and watch it fly!""","""Look at the fluffy bunny hopping around, little buddy! The bunny is so soft and bouncy, isn't it cute?""","""Look, sweetie, this is our lovely home, with a cozy bed, a big kitchen, and a beautiful garden for us to play in every day!""","""Look at the fluffy, brown dog, sweetie! He's wagging his tail because he's so happy to see you. Let's go say hello to our furry friend together, okay?""","""Look at the big, shiny car, sweetie! It's red and has four wheels. Can you say 'car'? Good job!""","""Look at our big, comfy house where we live and play, sweetie! We have a cozy kitchen where we bake yummy cookies and a colorful bedroom where we dream sweet dreams.""","""Yummy yummy, sweetie pie! Look at the bright, red apple! It's so crunchy and juicy. Let's say 'apple' together, one 'a', two 'a's, apple!""","""Hey there, little buddy! It's time to have a yummy snack. Let's eat some crunchy carrots and juicy grapes together!""","""Look at the cute dog, little buddy! See how it's wagging its tail and licking your hand? Let's say 'doggy' together!""","""Look, sweetie, a beautiful bird with feathers like a rainbow is singing a happy song in the sky!""","""Look at the fluffy bunny hopping around! Want to see the bunny hop with me?""","""Look at these bright, colorful toys! The blocks are red and blue, perfect for stacking, and the teddy bear is soft and cuddly for snuggling. Let's play with them together!""","""Look, sweetie, that cute little dog is wagging its tail because it's happy to see you!""","""Look at the cute bunny hopping around in the garden, little buddy! It's so fluffy and soft, just like a pillow. Isn't it funny how it hops and bounces around? The bunny has long ears and it likes to","""Look, little buddy! See that beautiful bird flying up high in the sky? It's called a blue jay, and it's so colorful and fun to watch!"""
"""Look, sweetie, see the pretty bird with the big round eyes and colorful feathers? It's singing a lovely song, isn't it?""","""Look at the beautiful birdie with its colorful feathers, chirping sweetly in the sky, just like a little songbird!""","""Look at the big, fluffy dog! Waggy-tailed doggy is happy and barking. Isn't he a cute puppy?""","""Look, sweetie, a beautiful bird is flying in the sky, with its colorful feathers and beak. Let's say 'bird' together, and watch it soar!""","""Look at the fluffy bunny hopping and eating carrots. Isn't he so cute and cuddly?""","""Look at the pretty, bouncy ball! Want to play catch with it? It's going to bounce high!""","""Look at all the fun toys! Want to play with the ball and the teddy bear?""","""Look at the fluffy, cute, and cuddly cat, sweetie! The cat has soft fur, pointy ears, and loves to purr when you give it a gentle stroke.""","""Look at the cute kitty, little one! The fluffy cat is sleeping, purring softly, and dreaming of playing with you.""","""Look, sweetie, we're going to the big house with a red roof! Can you say 'house'? The house has a big door and windows, and there are so many rooms inside, like the bedroom where we sleep and the kitchen where yummy food is made!""","""Look at the funny, bright toys, sweetie! Want to play with the soft, cuddly teddy bear and the bouncy, colorful ball?""","""Look at this cozy little house, sweetie! It has a blue roof and a big, friendly door. Let's pretend we're going inside and play hide-and-seek!""","""Look at that beautiful bird, sweetie! It's flapping its wings so fast, just like how we clap our hands together when we're happy. Isn't it fun to watch it fly up and down in the sky?""","""Look at that beautiful bird, sweetie! It's singing a lovely song with its tiny beak. The bird is so fluffy and colorful, isn't it?""","""Look at the cute little bunny hopping around! It has soft fur and floppy ears. Bunny says 'hoppity hop, hoppity hop!'""","""Come here, sweetie, let's explore the lovely house together, where we have a cozy bed, a yummy kitchen, and fun rooms for play!""","""Look at that cute dog! Want to say 'woof woof' with me? Let's give it a gentle pat, little buddy!""","""Look at the big, red car! It's so shiny and fast, little buddy. Let's wave at the car as it zooms by!""","""Look at the big, cozy house, sweetie! It has a big, fluffy roof to keep us dry when it rains, and lots of colorful windows to see the beautiful flowers outside.""","""Look at these yummy carrots, sweetie! They are orange and crunchy. You can try some, they are so tasty!""","""Look at the yummy carrots, sweetie! They're crunchy and orange, just like a little orange sun. Yum!""","""Look at the fluffy, playful dog, sweetie! Its tail wags happily when it sees you, just like when you wag your little fingers to say hi.""","""Look at that beautiful bird, sweetie! It's flying so high up in the sky, just like a little feathered airplane!""","""Look at the cute little bunny hopping over the grass! It's hoppity, isn't it? Bunnies love to eat carrots and hop around in their fluffy, white homes.""","""Look at those fluffy teddy bears, sweetie! Want to give them a big hug?""","""Look at that cute puppy, sweetie! Puppies are such friendly animals. They wag their tails when they're happy and like to play fetch with their toys.""","""Look at the fluffy bunny hopping around, little buddy! Can you hear the bunny's soft and quiet hops? Bunnies love munching on green, leafy lettuce!""","""Look at the beautiful bird, sweetie! It has feathers that shimmer like a rainbow, and its melodious song fills the air with joy. Isn't it a lovely bird?"""
"""Look at the beautiful bird, little one! Its feathers are so soft and pretty, and it's singing a sweet song just for you.""","""Look at that pretty bird with its bright feathers, little one. It's hopping around, flapping its wings and singing a lovely song.""","""Look at the cute little dog, sweetie! The dog is wagging its tail because it's happy to see you!""","""Look at that beautiful birdie with its feathery wings and chirpy song. Can you say birdie?""","""Look at the fluffy bunny, little one! It's hopping and eating carrots in the garden.""","""Look at those colorful blocks! Want to build a tower with me?""","""Come here, sweetie! Let's play with your big red truck and the fluffy, colorful teddy bear. They're just waiting for you to give them a hug and a gentle push!""","""Look at the cute, fluffy cat! Meow, meow! The cat is chasing its tail, and it's so playful. Can you say 'cat'?""","""Look at the fluffy cat, sweetie! It's so soft and cuddly, just like a little pillow. The cat is sleeping, and when it wakes up, it might even want to play with you.""","""Look, sweetie, there's a big, beautiful house with a green lawn where mommy and daddy live, and we're going to play with the cute little dog and the colorful flowers outside.""","""Look at all these wonderful toys, sweetie! We have a fluffy teddy bear, a colorful set of blocks, and a fun spinning top to play with!""","""Hey there, sweetie! Come on, let's go explore our lovely house. Look at the pretty walls, the comfy couch, and those soft pillows on the couch. See the big window? It lets the sunshine come in and make everything bright and warm.","""Look, sweetie, there's a beautiful bird with feathers of blue and white. Can you say 'bird'? The bird is flying high in the sky, singing a lovely song just for us. Isn't that amazing?""","""Look, sweetie, there's a pretty bird with colorful feathers! It's singing a lovely song for us. Isn't it beautiful?""","""Look at the cute little puppy! It's wagging its fluffy tail and barking so softly, just like when I pet my own puppy. Animals are so fun to watch and learn about!""","""Hey there, sweetie! Let's go look at our beautiful house! See the red roof? And those big windows? And the green grass outside? We're so lucky to live here!""","""Look at the cute little dog, sweetie! It's wagging its tail because it's happy and wants to play!""","""Hey sweetie, look at the shiny red car go! Isn't it fast? It zooms down the road with big yellow wheels, and inside, there are cozy seats where people sit and sing songs.""","""Look at this beautiful house, sweetie! It has a big roof to keep us dry when it rains, colorful windows to let sunshine in, and lots of rooms where we can play and sleep.""","""Look, sweetie, here are some yummy carrots and juicy grapes. They're going to make your tummy happy!""","""Look at the yummy fruit, little buddy! It's a sweet, juicy orange that you can peel and eat. Yum-yum!""","""Look at the cute, fluffy dog, sweetie! The dog is barking happily. See how his tail wags when he sees you? He's a big, friendly puppy. Let's give him a gentle pat on his soft, furry back.""","""Look at that beautiful bird, sweetie! It's flapping its wings and singing a lovely song, just for you to see and hear.""","""Look, sweetie, a cute little kitten is playing with a soft, fluffy ball of yarn!""","""Look at all these beautiful, bright, and colorful toys! Let's pick your favorite and play with it together, sweetie. It's time to have some fun and giggle lots!""","""Look at the fluffy, furry dog wagging its waggy tail, little one! It's so friendly and loves to play fetch with you!""","""Look at the cute puppy with big floppy ears and wagging tail, let's say 'woof woof' to the puppy together!""","""Look at the beautiful bird, sweetie! It's flapping its wings and chirping happily in the tree. Can you say bird? Bird."""
"""Look at the pretty bird, little one! It has feathers, beak, and it can fly high in the sky. Isn't it amazing? Birds come in so many beautiful colors!""","""Look, sweetie, see that pretty bird flying high up in the sky? Its wings are so soft and fluffy, just like your blanket. Isn't it amazing how it can fly and sing songs?""","""Look at the fluffy dog, sweetie! The dog has soft, brown fur and waggy, happy tail. The dog is barking, isn't it? Can you say 'woof woof' with me?""","""Look at the pretty bird, sweetie! It's flapping its wings and singing a lovely song.""","""Look at the fluffy bunny hopping around, little one! See how it hops and hops so fast?""","""Look at the pretty purple teddy bear! Want to give it a gentle hug?""","""Look at the bright, colorful toys, sweetie! The soft teddy bear is ready for you to hug, and the squeaky ducky makes a funny noise when you press it. Let's play together with these happy, friendly toys!""","""Look at the cute little kitty cat, with soft fur and twinkly eyes. Can you say 'cat'?""","""Look at the cute little kitty cat! She's so fluffy and loves to purr. Want to say 'cat' with me? Meow, meow, cat!""","""Look at the big, comfy house we live in, sweetie! It has a shiny roof, walls made of bricks, and lovely windows that let the sunshine in. Isn't it wonderful? We're going to have a fun time playing in our cozy, safe","""Look at all these fun toys! The red truck can go on the big hill, and the blue bear can play peek-a-boo. Want to play with them together?""","""Look at this big, beautiful house, sweetie! See how the sunshine makes it glow? It's where we all live, and there are lots of cozy rooms for us to play and sleep in!""","""Look at that beautiful bird, sweetie! It's a colorful parakeet, just like your favorite stuffed toy. The parakeet is flying high in the sky, with its wings spread wide. Isn't it lovely to see such a happy bird?""","""Look, sweetie, there's a pretty bird up in the sky with colorful feathers! Can you say 'bird'? Birds like to eat worms and fly high in the sky!""","""Look at the fluffy bunny hopping around in the garden, sweetie. It's time for our bunny friend to hop over and say 'hello' to you!""","""Hey there, little buddy! Let's go explore our house together. Look at all these colorful rooms, soft beds, and yummy snacks. I'll be right here to guide you every step of the way, and we'll make so many happy memories together!""","""Look, sweetie, there's a playful puppy wagging its tail and yipping happily. It's a fluffy, cute little dog. Let's say 'woof woof' together, can we?""","""Look at the big, shiny car! It's red, isn't it? The car is going really fast down the road, zooming by like a race car! See how the car makes a loud engine sound? It's like the car is saying 'hello' to us. Can you","""Come here, sweetie! Let's go inside our cozy house where mommy and daddy live, and where we have a big, soft bed for you to sleep in every night!""","""Yummy yummy veggies, look at them green, crunchy and oh so fresh!""","""Look, sweetie, here's your yummy apple, crunchy and red, perfect for a juicy bite, and remember, eat it fast before it's gone!""","""Look at that fluffy dog, sweetie! It's wagging its tail and wants to play. Let's go give it a friendly pat and watch it jump and bark with joy!""","""Look, sweetie, there's a pretty bird up in the sky. It has beautiful feathers and it's singing a lovely song. Let's try to say 'bird' together, like this, 'b-i-r-d'.""","""Look at the fluffy bunny hopping by, little buddy! The bunny's so soft and cute, isn't it?""","""Hey, sweetie, look at all the fun toys! This one's a big, soft teddy bear, and that's a shiny, colorful rattle. Wanna play with them together?""","""Look at the fluffy dog! It's so soft and cuddly, like a big, friendly teddy bear wagging its tail for you to hug!""","""Look at the cute little puppy, sweetie! It's a dog, and it's so soft and fluffy. Let's give it a gentle pat, but remember, we should always ask mommy or daddy first!""","""Look, sweetie, there's a beautiful bird with bright feathers flying high up in the sky! Isn't it amazing how it flaps its wings and soars through the air?"""
"""Look, sweetie, there's a pretty little bird with feathers all over. Its wings are so soft and its beak is so small. The bird is singing a lovely song and it's enjoying the sunshine in the sky.""","""Look, sweetie, a bird! See how it's hopping around and chirping. Isn't it a beautiful little creature with its colorful feathers?""","""Look at the happy dog, little buddy! Woof woof! He's a big, furry friend who loves to play and wag his tail.""","""Look, sweetie, there's a bird! It's chirping and flying in the sky, just like our fluffy feathered friend, Bubu the bunny!""","""Look at the fluffy bunny hopping around, sweetie. Isn't it soft and cute? Bunnies are so cuddly, they like to nibble on carrots and play in the grass.""","""Look at all these fun toys, sweetie! Let's pick one and play with it together. Which one do you want to touch first?""","""Look at these bright, bouncy balls! They're perfect for rolling around and giggling with mommy and daddy!""","""Look at the fluffy, soft cat with pointy ears and a cute, round face. Can you say 'cat' with me? Let's clap our hands together and make a happy 'meow' sound for the cat!""","""Look at the fluffy, cute cat! See how it's purring and rolling around in the sun. Want to pet its soft fur?""","""Hey sweetie, come here! Look at our beautiful house with its lovely blue roof and big red door. Let's go inside and explore the cozy rooms with soft pillows and fluffy rugs.""","""Oh, look at those cute little blocks! You can stack them up high and make a big tower. Want to give it a try?""","""Come here, sweetie! Look at this big, cozy house with a red roof and a white door. It's where mommy and daddy live, and where we all play and have fun together.""","""Look at that beautiful birdie, sweetie! It's a pretty little bird with feathers and a beak. Can you say 'birdie'? Yes, that's right! Birdies are so lovely and can sing and hop around. Let's watch it fly and enjoy the sun","""Look at the beautiful bird with the big beak, sweetie! It's singing a lovely song for us to enjoy.""","""Look at the cute, little kitten playing with the ball of yarn. It's soft and fluffy, isn't it? Kittens love to pounce and play just like you do!""","""Come here, sweetie! Let's go look at the pretty flowers in our garden and feel the soft grass under our feet, then we'll go inside and see our cozy home with our favorite toys waiting for us.""","""Look at that adorable dog, sweetie! It's a big, fluffy, friendly pup that wags its tail when it's happy. Isn't it cute? Let's go say hello to the cute dog!""","""Look at the big, shiny car with the red and blue stripes. It has four wheels and looks so fun to ride in!""","""Hey there little buddy! Come on over here, let's explore our beautiful home together! See all these colorful rooms, our cozy bed, and those tall, strong trees outside our window? We're so lucky to live in such a wonderful place!""","""Look at the juicy red apple, sweetie! It's yummy and crunchy, perfect for munching!""","""Look at this yummy carrot, sweetie! It's orange and crunchy. Can you say 'carrot'? Let's eat it together and enjoy its sweet taste!""","""Look at the fluffy dog wagging its tail and running happily in the park! Isn't it a cute, cuddly furry friend? Let's say 'woof woof' together for the dog, okay?""","""Look at the beautiful bird with its bright feathers, little one! It's chirping and hopping around so high up in the sky!""","""Look at the fluffy bunny hopping around, sweetie. It's so cute with its little paws and floppy ears!""","""Hey, little buddy! Look at all these bright and fun toys waiting for you. Can you pick your favorite one to play with now?""","""Look, sweetie, this is a dog! It's a furry friend that wags its tail when it's happy. Isn't it adorable?""","""Look, sweetie, a big, fluffy bear! Isn't he adorable with his soft fur and cute little nose?""","""Look, sweetie, there's a beautiful bird with colorful feathers and a pretty song! Want to hear it chirp and sing?"""
"""Look, sweetie, there's a little birdie outside the window! Isn't it fluttering its wings and chirping so softly? Want to see it fly away?""","""Look, sweetie, a pretty bird with feathers and wings is chirping and hopping around in the sky, isn't it fun?""","""Look at the cute puppy, sweetie! It's a big, fluffy dog with soft fur, and it barks and wags its tail when it's happy. Let's pet it gently, okay?""","""Look at that beautiful birdie! It's fluffy and has feathers like a soft blanket, isn't it?""","""Look, sweetie, this fluffy bunny hops around and eats carrots, just like the bunny we saw in the garden!""","""Look at the colorful blocks! Can you pick up the red one and put it next to the yellow block?""","""Come here, sweetie! Let's play with your soft, colorful blocks. You can stack them up and knock them down.""","""Look at the cute little kitty cat, little buddy! See how it's purring and playfully chasing its tail? Isn't it a purr-fect little friend for us to love and cuddle?""","""Look at the fluffy, cute cat with the pointy ears and soft fur. The cat is purring and wants to be petted gently, sweetie.""","""Look at the big, beautiful house, sweetie! It has a lovely red roof, tall windows, and a friendly garden where the birds sing.""","""Come here, sweetie! Let's pick out some fun toys to play with. You'll love the bright, colorful blocks and the soft, fluffy teddy bear!""","""Come here, sweetie! Look at this big house with a roof and walls, and lots of windows to see outside. Inside, we have a cozy bed, a yummy kitchen with a table for eating, and a lovely bathroom with a sink for washing hands.""","""Look, sweetie, there's a little birdie with beautiful feathers. It's singing a lovely song for us!""","""Look, sweetie, there's a pretty bird with feathers like a rainbow! It's chirping a happy song for us to hear!""","""Look at the puppy, sweetie! It's wagging its fluffy tail and ready to play. Isn't it cute?""","""Look at our cozy house, sweetie! It has a big, soft bed for you to sleep in, a warm kitchen where we make yummy snacks, and a lovely living room with lots of fun toys. Let's go inside and explore together!""","""Look at the cute little puppy, sweetie! The dog is so playful and loves to wag its tail when you pet it gently.""","""Look, sweetie, that big car outside! It has four wheels and big windows. The car takes people from one place to another, just like your toy car!""","""Look at the big, cozy house, sweetie! It's got a blue door and pretty windows, just like ours. And there's a friendly little dog running around, just like Buddy! Can we go see the pretty flowers in the front yard next time?""","""Yummy yummy apple, sweet and crunchy, ready to make your tummy happy and full!""","""Look at these yummy carrots! They're orange and crunchy, just like little toothpicks. Let's eat some carrots and be strong like a superhero!""","""Look, sweetie, there's a friendly dog with soft, brown fur and a wagging tail. He's wagging his tail because he's happy to see you. Let's say 'hello' to the dog together, okay?""","""Look at the beautiful, fluffy bird sitting on that tree, sweetie! Its feathers are like soft, colorful blankets, and it's singing a lovely, sweet song just for us!""","""Look at the cute little kitty cat, little one! Do you see how soft and fluffy its fur is? Cats like to play with toys and purr when they're happy!""","""Look, sweetie, here are your favorite toys! The soft teddy bear, the big red truck, and the funny little car. Play with them all, my love!""","""Look at that furry, friendly dog wagging its tail. Can you say 'dog'? It's so cute and soft, and it likes to play fetch with us.""","""Look at that cute little puppy wagging its tail! It's so happy to see you, little one. Let's say 'puppy' together.""","""Look at that beautiful bird with colorful feathers, sweetie! It's flapping its wings and flying up high in the sky. Isn't it amazing?"""
"""Look, sweetie, there's a beautiful bird with colorful feathers flying high up in the sky. Isn't it exciting to see how it spreads its wings and sings?""","""Look at the pretty birdie, sweetie! That's a lovely, little birdie with feathers and a beak. Can you say 'birdie'? Birdie, birdie!""","""Look at the fluffy, wiggly dog, sweetie! It's a cute little puppy, isn't it? Do you see how it's wagging its tail happily? Dogs are so friendly, and they love to play and cuddle.""","""Look at the beautiful bird with its bright feathers! Can you say 'bird'? Birdie goes 'bird'. Look how it flaps its wings and flies in the sky. Isn't it a lovely bird?""","""Look, little buddy, see that fluffy bunny? Bunny goes 'bunny bunny.' So soft and cute, isn't he?""","""Look at all the colorful toys! The red ball bounces high, the blue car goes fast, and the soft teddy bear is for cuddling. Let's play together, little buddy!""","""Look at those bright, colorful blocks! Want to build a tall tower with me?""","""Look at the fluffy, cute kitty cat! The cat is sleeping in a big, soft bed. Wake up, kitty! Let's give the kitty a gentle hug and a yummy treat.""","""Look, sweetie, there's a cute little kitty cat, with soft fur and paws as tiny as your little hands! It's meowing and playing with its toys, just like you play with your blocks. Let's say 'meow' together, like the","""Hey there, little buddy! Look at all the pretty windows in our house, and listen to the tick-tock of the clock on the wall. Can you see the fluffy carpet under your feet? Isn't it soft like a cloud? I love our cozy home where we","""Come here, sweetie! Let's play with your colorful building blocks and your soft teddy bear together!""","""Look at our cozy little house, sweetie! It's made of big bricks and has a snuggly roof to keep us safe and warm. Inside, we have a comfy bed for sleeping, yummy food in the kitchen, and a playroom full of fun toys for","""Look at that beautiful bird with feathers, my little one! It's so pretty, isn't it? See how it's flapping its wings and singing a sweet song. Birds are amazing creatures, aren't they?""","""Look, sweetie, a birdie! It's a beautiful bluebird with wings that flutter like butterfly wings. The birdie chirps and sings a lovely song for us to enjoy!""","""Look at the fluffy bunny, hopping around the garden. Isn't she cute? Let's see if she's friends with the playful puppy.""","""Hey, sweetie! Come here, let's play with the pretty house toys. These are the house blocks that we can stack up high like a little house. Look at the little windows and doors. We're building our own tiny home, aren't we? I'm so proud","""Look, sweetie, there's a dog! He's fluffy and wagging his tail because he's so happy!""","""Look at the big red car, sweetie! The wheels on the car go 'vroom-vroom' when it goes fast. Isn't it fun to watch the car zoom by? Let's wave to the car, little buddy!""","""Look at this big, beautiful house, sweetie! It has a red door, a green lawn, and lots of windows to see outside. Let's go inside and see all the cozy rooms!""","""Hey sweetie, it's time to eat yummy fruits like bananas and apples. They make our tummies happy!""","""Sweetie, it's time to eat our yummy vegetables, like carrots and broccoli, to help you grow strong and healthy!""","""Look, sweetie, this is a friendly dog! It's soft and cuddly, just like your favorite stuffed teddy bear. Dogs like to play fetch and give us big, wet kisses, don't they?""","""Look, sweetie, that beautiful bird is chirping its little tune for us to hear. Isn't it lovely?""","""Look at the fluffy bunny hopping over the green grass, little one! The bunny is so soft and cute, isn't it?""","""Look at all the bright and fun toys, sweetie! The teddy bear has soft fur, and the blocks are colorful and fun to stack!""","""Look at the cute dog, sweetie! The dog is wagging its tail and wants to play with us.""","""Look at the fluffy bunny hopping around, sweetie! It's hopping, jumping, and having a wonderful time in the meadow.""","""Look, sweetie, there's a pretty bird with feathers that are as soft as a fluffy cloud. Its wings are like butterflies, soaring high in the sky. Isn't it amazing how it can fly so gracefully?"""
"""Look at the pretty birdie with its colorful feathers and chirpy song! Want to see it fly away?""","""Look at that cute little birdie! It's flapping its wings and singing sweet songs, isn't it darling?""","""Look at the fluffy dog! Can you say 'dog'? The dog is so cute and waggy. Do you want to pet the dog?""","""Look at that beautiful bird with its colorful feathers and chirpy song, sweetie! Can you see how it's hopping around the tree?""","""Look, baby! See the fluffy bunny hopping by? It's so cute and it's called a bunny. Bunnies like to eat carrots and they have soft, white fur. Can you say 'bunny' with me?""","""Come here, sweetie, look at all these wonderful toys! Want to play with the soft, colorful teddy bear?""","""Look at these bright, bouncy balls! Can you hold one in your little hands and squeeze it? They're so fun to play with and they make a 'pop' sound when you press them!""","""Look at the fluffy, cute cat with pointy ears and soft fur, little one! The cat is sleeping peacefully on the soft couch, dreaming of chasing its tail. Can you say 'cat'?""","""Look, sweetie, there's a cuddly, fluffy cat. The cat is purring and sitting very quietly on the mat. The cat has soft, white fur, big, green eyes, and a tiny, pink nose. Let's say 'meow' together","""Look, sweetie, it's the cozy house where we live, with a lovely red door and big windows to let in the sunshine!""","""Hey there, little buddy! Look at all these fun toys! Do you want to pick one and play with it?""","""Come here, sweetie! Look at the big, beautiful house with a blue roof and green grass around it. It has a lovely garden with colorful flowers and a swing where you can play and have fun!""","""Look, sweetie, there's a pretty bird up in the sky. It has beautiful feathers and it's singing a lovely song for us to enjoy.""","""Look, sweetie, there's a pretty bird with feathers and a big beak! Its name is a robin. The robin is singing a lovely song just for us to hear!""","""Look at the fluffy bunny hopping in the meadow! Its soft fur feels like cotton candy, doesn't it?""","""Look at the pretty house, sweetie! It's where mommy and daddy live, and we have a cozy bed inside for a good night's sleep.""","""Look at the cute puppy dog wagging its tail! Its soft fur feels like a fluffy pillow. Puppy dog, can you say 'woof' like this?""","""Look at the big, shiny car, sweetie! It's red and fast, and it goes 'vroom vroom' when it drives on the road. Would you like to pretend to drive the car too?""","""Come here, sweetie! Let's go explore the big, cozy house where we live, with the bright windows and soft carpets, and see all the lovely rooms together!""","""Look at the juicy, ripe red apple on the table, sweetie! It's crunchy and yummy, and I know you love biting into a fresh apple!""","""Look at these yummy, crunchy carrots! They are orange and squishy, just like the cute little ducks in the pond!""","""Look at the fluffy dog, sweetie! He has soft fur and a big, happy smile. Isn't he cute? Dogs are such lovely friends, aren't they?""","""Look, little buddy! See that beautiful bird with feathers and a big, beaky smile? It's called a robin, and it likes to hop around and eat yummy worms.""","""Look at the cute little puppy wagging its tail, sweetie! Want to pet the soft kitten too?""","""Hey there, sweetie! Look at those colorful blocks! Want to build a tower together?""","""Look at the fluffy dog! It's wagging its tail and wants to play with us. Let's go say hello to the cute puppy!""","""Look at the fluffy bunny hopping through the meadow, let's go say 'Hi bunny!'""","""Look at that beautiful bird, sweetie! It's a colorful and happy bird with wings to fly in the sky!"""
"""Look at that little birdie! It has pretty feathers and it's chirping a lovely song. Isn't it beautiful?""","""Look, sweetie, there's a bird with feathers, chirping its wings and hopping around, isn't it so pretty?""","""Look, sweetie, this is a dog! It's a furry friend with a big, waggy tail. Isn't it cute? Let's say 'woof woof' together.""","""Look at the pretty birdie! It's so fluffy and colorful, and it's singing a sweet little song just for you!""","""Look at the fluffy bunny hopping around, little buddy! It's so cute and soft!""","""Look at the big, red truck, sweetie! Want to give it a little push? It's going to zoom across the floor!""","""Look at the colorful blocks, little one! Can you build a tall tower with these fun blocks for me?""","""Look at that fluffy, cute cat, little buddy! Meow, meow, it's purring and rolling around on the soft carpet. Isn't it adorable? The cat has paws like your tiny hands and a tail like a feather duster.","""Look at the cute little cat, sweetie! The furry, cuddly kitty is purring softly, isn't it adorable?""","""Look, sweetie, we're in our cozy house with lots of pretty walls, a soft bed, and yummy snacks! Isn't it so warm and safe here?""","""Come here, little one! Look at all these colorful toys! Let's play with your favorite truck, the big red one. It's waiting for you!""","""Look, sweetie, we're in our cozy house with blue walls and a big, fluffy carpet to play on! Can you find the cuddly teddy bear on the soft rug? Oh, and don't forget to say 'thank you' to Mommy","""Look, sweetie, there's a beautiful bird with colorful feathers sitting on that tree. Its wings are spread wide, and it's singing a lovely song for us to hear.""","""Look at the beautiful bird, sweetie! See how it flaps its wings to fly up high in the sky. Isn't it fun to watch?""","""Look, sweetie, that cute little puppy is running and jumping. Want to watch it bounce and play?""","""Come here, sweetie! Let's go look at our cozy little house with the big red door and the tiny little windows that let in the sunshine.""","""Look at the cute little dog, sweetie! Its fur is soft and fluffy, and it wags its tail when it's happy. Do you see the dog's ears? They are floppy and fun to touch!""","""Hey there, little buddy! Look at that big, shiny car parked outside. It's blue and has four wheels. Just like your toy car, it's ready to zoom on the road. Let's say 'car' together. Car. Can you say 'car","""Look at our beautiful home, sweetie! Can you see the cozy bed, the soft carpet, and the shiny kitchen where we make yummy snacks? Let's go inside and make sure everything is tidy and clean, just like mommy and daddy say. Oh, and don","""Look at the yummy-looking carrot! It's orange and crunchy. Let's wash it and peel it together. Then we can chop it up and put it on your plate for lunch!""","""Yummy, sweet apple! Eat it all and then we can have yummy banana pie together, okay?""","""Look at that fluffy dog, sweetie! Can you say 'woof woof' like the dog says? The dog is wagging its tail and it's very friendly. It likes to play with us and is called a dog because it belongs to the dog family.""","""Look at that pretty birdie! It's singing a lovely song for us. Can you hear it chirp and tweet? Birds are so fun to watch and listen to!""","""Look, sweetie, there's a fluffy bunny hopping around, and it's so soft to touch, isn't it?""","""Oh, look at all these bright and fun toys! The teddy bear is so soft and cuddly, and those colorful blocks are just waiting for you to build tall towers and castles. Let's pick your favorite toy and play together!""","""Come here, sweetie! Look at this fluffy, cuddly dog. Isn't he a furry little friend? Dogs are so fun to play with and they like to give us lots of love and kisses. Can you say 'dog'? Good job! Dogs are","""Look at the cute little bunny hopping around, little buddy! Bunny's name is Fluffy, and she has soft, white fur and long, floppy ears. Isn't she just the sweetest furry friend?""","""Look at the pretty birdie with its colorful feathers, chirping and hopping around in the tree! Isn't it a lovely bird?"""
"""Look, sweetie, there's a little birdie outside! Its feathers are so pretty, just like the soft blanket we use for you. Isn't it wonderful how it sings and flies around the sky, just like we love to do together?""","""Look, sweetie, there's a beautiful bird in the sky. Its feathers are so colorful and it's singing a lovely song. Isn't that so pretty?""","""Look at the happy dog, sweetie! He's wagging his tail because he loves you so much!""","""Look at the pretty bird, sweetie! The bird has feathers, and it's flying high in the sky. Can you say 'bird'?""","""Look, sweetie, there's a cute little bunny hopping around in the garden! The bunny's soft and fluffy fur is so pretty, isn't it? Let's go say hello to our furry friend, shall we?""","""Look at all the bright, happy toys! Let's pick our favorite one and play together, sweetie!""","""Look at these cute little toys, sweetie! The soft teddy bear is ready for a hug and the bright, shiny rattle makes a lovely sound when you shake it!""","""Look, sweetie, this is a fluffy, soft, and cute little kitty cat! It has big, round eyes and soft fur. Can you say 'cat' with me? Cat, cat!""","""Look at the fluffy cat, little one! See how it purrs when you pet it? It's so soft and cuddly, isn't it?""","""Look at the big, beautiful house with a shiny red roof and a friendly front door, sweetie! Inside, there are lots of cozy rooms with colorful beds, soft toys, and yummy food for us to enjoy!""","""Look at the fun toys, sweetie! Let's play with the soft, squishy bear and the bouncy ball. They're ready for our playtime adventure!""","""Look, sweetie, we're at the house now, see the big, pretty windows and the green grass outside. Let's touch the soft carpet and sit on this comfy couch. Want to go outside and play in the backyard?""","""Look at that beautiful bird, sweetie! It's a lovely blue bird with bright feathers, and it's singing a happy song for us to enjoy.""","""Look at the little birdie with its beautiful feathers, it's so pretty and chirpy, isn't it? Birds fly in the sky and sing lovely songs!""","""Look at the fluffy bunny hopping around, little one! The bunny has soft ears and big, cute paws. Can you say 'bunny'?""","""Come here, sweetie, let's explore our lovely home together! Look at our cozy bedroom, where we sleep and dream, and then let's check out the kitchen where we make yummy snacks, and don't forget to visit the colorful living room where we play and","""Look, sweetie, there's a big, furry dog wagging his tail and it's so excited to see you!""","""Look, sweetie, that big red car is zooming by. It has shiny wheels that spin fast and make a quiet humming sound. It's going to take you to the park so you can play with your friends.""","""Come here, sweetie! Let's play with the pretty house blocks together! They're as tall as your teddy bear!""","""Yummy yummy food! Look at the bright red tomato, the crunchy carrot, and the sweet apple. Let's eat them all together!""","""Look, sweetie, it's time for some yummy fruits! Here are some juicy, red apples. Eat them with a big smile, and they'll make your tummy happy and healthy!""","""Look, sweetie, that cute puppy is a dog, and it's wagging its fluffy tail because it's so happy to see you!""","""Look at that pretty bird, little buddy! It's so fluffy and colorful, with wings spread wide as if it's waving hello to you!""","""Look at the big, fluffy bunny hopping around in the yard. Isn't he so cute and soft?""","""Look at all the toys, sweetie! The soft teddy bear is for hugging, and the fun train goes zooming along the tracks. Can you reach out and touch them gently?""","""Come here, sweetie, look at the fluffy dog with floppy ears and a wagging tail. He's so happy and loves to play fetch with you!""","""Look at the fluffy bunny hopping around, little one! It's so soft and cute, just like the clouds in the sky.""","""Look at that beautiful bird with its big, colorful feathers. Isn't it pretty? The bird is singing a sweet song for us to enjoy."""
"""Look, sweetie, there's a beautiful bird flying in the sky with its bright feathers, chirping happily. Can you hear its happy song?""","""Look at the beautiful bird, sweetie! The bird is chirping and flitting around, soaring high in the sky with its colorful feathers.""","""Look at that adorable puppy, sweetie! Its wagging tail and floppy ears are just so cute and fun to watch!""","""Look, sweetie, there's a pretty bird outside with colorful feathers. It's singing a lovely song for us to enjoy.""","""Look at the fluffy bunny hopping over the grass, little one. Isn't it so cute when it hops like that?""","""Look at these soft, squishy toys, little one! They're so fun to play with, aren't they? Let's give them a gentle squeeze and listen to the happy sounds they make!""","""Look at those cute little stuffed animals, sweetie! Can you say 'teddy bear'? Let's see if we can find the softest one for you to cuddle with!""","""Look at the cute, cuddly kitty, little one! The fluffy cat is purring and playing with its favorite toy.""","""Look at the fluffy kitty, sweetie! The cat is purring softly and cuddling with its furry tail.""","""Come here, sweetie! Let's go look at the big, fluffy pillows on the soft, comfy couch and see the pretty, colorful pictures on the walls in our cozy, lovely house.""","""Hey sweetie, look at all these awesome toys! Want to play with the soft teddy bear or the colorful blocks?""","""Look at our beautiful, big house with a lovely red door, sweetie. Inside, we have a cozy, soft bed for you to sleep in, a yummy kitchen where we make delicious food, and lots of fun toys for you to play with.""","""Look, sweetie, see that beautiful bird? It's singing a lovely song. Birds are so happy when they sing. Can you say 'bird' with me?""","""Look at the beautiful blue bird flying in the sky, sweetie! Its feathers are so colorful, like a rainbow. Can you hear it chirping? Listen, listen!""","""Look at the fluffy bunny hopping over the green grass, little buddy!""","""Look at the big, cozy house we live in, sweetie! The blue walls are so pretty, and the red door is our special entrance. The windows let in sunshine, and inside, there's lots of space for you to play!""","""Look at the fluffy, cute dog wagging its tail! The dog is running around and chasing its bouncy ball.""","""Look at the big, shiny car, sweetie! The car goes 'vroom-vroom' when we press the gas pedal, and it stops when we push the brake pedal. Isn't it amazing how it moves?""","""Look, sweetie, this is our cozy, warm house where we live together, with colorful walls, soft beds, and lots of lovely things to play with inside.""","""Look at the juicy, red apple! Yummy! Let's try some crunchy, yummy apple slices together!""","""Yummy, sweet apple! Do you want some juicy apple? It's so crunchy and tasty!""","""Look at the cute, furry dog wagging its tail and running around with its friends. The dog is so happy, and it loves to play fetch with its favorite ball. Isn't the dog's tail wagging so fast? Oh, the dog is barking too because","""Look at that beautiful bird! It has soft feathers and can sing a lovely song.""","""Look at the fluffy bunny hopping by, sweetie! It's jumping up and down to find its yummy carrot snack.""","""Look at those colorful toys, sweetie! They're waiting for you to play and giggle. Pick one and let's have fun together!""","""Look at the adorable little dog, sweetie! The fluffy puppy has soft brown fur and big, cute ears that wiggle when it's happy. Want to give it a gentle pat?""","""Look at the big, fluffy elephant with its long trunk. Can you say 'elephant'? Elephants are strong and they like to eat lots of yummy food.""","""Look at that beautiful birdie! It has bright feathers and can sing a lovely song. Isn't it amazing? Let's watch it hop around and see what it does!"""
"""Look at that beautiful birdie, sweetie! Its wings are up in the sky, singing pretty songs with its tiny chirps. Isn't it lovely?""","""Look at the beautiful bird, sweetie! It has soft feathers and chirps really sweetly. Want to see it fly?""","""Look at the happy puppy, sweetie! See how he wags his tail and barks. He's a big, fluffy dog who loves to play with you.""","""Look, sweetie, that cute bird is chirping and hopping on a tree branch. Isn't it fluttery and fun?""","""Look at the kitty cat, little one! She's purring and wants to cuddle with you.""","""Look at all the colorful blocks, sweetie! Can you pick up the red one and stack it with the blue one? Let's build a tower together!""","""Look at the fun toys, little one! This shiny, soft ball is perfect for you to roll and giggle with, and over there's a cuddly bear that you can hug and pretend to take on a big adventure!""","""Look at the cute little cat, sweetie! See how it's purring and cuddling up with its fluffy tail?""","""Look at the cute, fluffy cat! She's soft and cuddly, just like a little teddy bear. Do you want to pet the cat gently?""","""Look at the pretty house with a red roof, sweetie! The windows are like eyes, watching over us, and the door keeps us safe inside.""","""Look at all the fun toys, sweetie! There's a soft, fluffy bear that you can snuggle with, a bright, bouncy ball to kick around, and a colorful, crinkly puzzle for you to put together!""","""Look, sweetie, this is our home! See the cozy bed where you sleep? And that's our kitchen where we make yummy food. Can you point to the couch where we sit and read stories together?""","""Look, little buddy! See that beautiful bird flying high in the sky? It's flapping its wings really fast to go up, up, up, and it's singing a lovely song for us to hear. Isn't it wonderful to see the bird soaring and singing?""","""Look at the beautiful birdie with the big, fluffy feathers and the long, curvy beak. It's singing a sweet song for us, isn't it lovely?""","""Look at the fluffy bunny hopping around, little one! It's a soft, white rabbit, and it's playing with the flowers in the meadow. Isn't that cute?""","""Come here, little buddy! Let's go explore our cozy home together, with the soft carpet under our feet and the warm fireplace to snuggle up next to. Look, there's your favorite toy by the couch, and mommy and daddy are cooking del","""Look at the doggy, sweetie! It's so fluffy and friendly, wagging its tail and wanting to play with you. Do you like the doggy? Let's give it a big, happy hug!""","""Look, sweetie, this big red car! It has four wheels and can take us on fun rides. Can you say 'car'? Wheels spin around, like the ones on your toy truck. Let's imagine we're going on a car ride together!""","""Look, sweetie, there's our cozy, warm house with a big, friendly door that leads to so many fun adventures and cuddly bedrooms where we'll snuggle and dream together!""","""Look at this yummy apple, sweetie! It's red and crunchy, and it's perfect for a healthy snack.""","""Look at these yummy carrots, sweetie! They're orange and crunchy, and they'll make your tummy happy!""","""Look at the fluffy dog, sweetie! It's barking happily, wagging its tail, and it loves to play fetch with its favorite ball!""","""Look, sweetie, that's a bird! It's fluttering its wings and singing a pretty song for us. Want to hear it sing?""","""Look, baby, there's a cute little puppy playing with a ball of yarn. Puppies are so soft and love to play!""","""Look, sweetie, you have a colorful box of blocks. Let's stack them up, one by one, and see how tall we can make our tower!""","""Look at the big, fluffy dog, sweetie! It's a doggy, just like the one we saw at the park. The doggy has a long, waggy tail and it barks when it wants to play. Isn't the doggy adorable","""Look at the bunny hopping around, hopping and skipping! Isn't it so cute when it binkies?""","""Look at that beautiful bird up in the sky, sweetie! It's a pretty, colorful bird with soft, fluffy feathers. Isn't it funny how it sings so sweetly?"""
"""Look at that pretty birdie up in the sky, sweetie. It has feathers like a soft blanket and it's singing a lovely song for us!""","""Look at the beautiful birdie, sweetie! See how it flutters its wings and sings pretty songs in the sky. Isn't it amazing?""","""Look at the big, fluffy dog, sweetie! See how it wags its tail when it's happy. Let's say 'woof woof' together, little one!""","""Look at that pretty bird, little one! It's flapping its wings and flying high in the sky.""","""Look at the fluffy bunny hopping around! It's so soft and tiny. Want to pat its little ears?""","""Look at these bright, shiny, cuddly toys! They're so soft and fun to hold. Shake them gently and listen to the pretty sounds they make.""","""Look at those colorful blocks, sweetie! They're waiting for you to stack them high and see how tall you can make them!""","""Look at the fluffy, soft cat, little one! The cat is purring and sleeping in the sunny spot.""","""Look at the fluffy, cute cat with the pointy ears and soft fur. It's purring and wants to be petted. Let's say hello to the cuddly kitty together.""","""Look, sweetie, this big, cozy house has many colorful rooms where we play and sleep, and Mommy and Daddy love us very much!""","""Look at those colorful blocks, sweetie! They're so fun to stack and build tall with me!""","""Look at the big, cozy house, sweetie! It's got a warm roof over our heads and a lovely garden with pretty flowers and tasty veggies!""","""Look at that beautiful bird, sweetie! It's fluffy and has bright feathers. Birds like this can fly high up in the sky and sing lovely songs for us to enjoy.""","""Look at the bird, sweetie! It's a pretty, colorful bird with soft feathers. The bird is flying high in the sky, flapping its wings and singing a beautiful song.""","""Look at the fluffy bunny hopping through the meadow, little buddy! The bunny is so cute, isn't it? Let's say 'bunny' together!""","""Come here, sweetie! Let's play with these blocks to build a fun house, just like the one we live in, with a cozy bed, a yummy kitchen, and a big, beautiful garden!""","""Look at that adorable puppy, sweetie! It's wagging its fluffy tail and wants to play with you. Isn't it cute? Let's say 'puppy' together, puppy, puppy!""","""Come here, sweetie! Look at this big, red car! It has four wheels and can take us on fun rides!""","""Look at our cozy and beautiful house, sweetie! It's where we sleep, play, and eat. The walls are painted a lovely color, and the furniture is just the right size for you and mommy and daddy. Can you hear the birds chirping outside? They'","""Look at the yummy, bright yellow banana! It's soft and sweet, perfect for our little hands to peel and eat. Yummy, yummy!""","""Hey, sweetie! Look at the yummy-looking fruit salad. It's got apples, bananas, and grapes. Let's dig in and enjoy this delicious, healthy treat together!""","""Look at the friendly, fluffy dog with the wagging tail and floppy ears, just like a big teddy bear!""","""Look, sweetie, a beautiful bird! Its feathers are bright and colorful, like a rainbow. Can you say 'bird'? Birds can fly high in the sky and sing lovely songs. Isn't that amazing?""","""Look at the cute puppy! It's wagging its tail and wants to play fetch with you, just like you play with your favorite toy!""","""Oh, look at those fluffy, soft toys! They're just waiting for you to hug them and play with them, sweetheart!""","""Look at the fluffy, playful dog with the big brown eyes, my little buddy! It's wagging its tail and ready to run and play with you.""","""Look at the fluffy bunny hopping around, little one! Want to say 'bunny' with me?""","""Look at that beautiful bird, sweetie! It's hopping around and singing songs for us to enjoy."""
"""Look at the pretty birdie with its colorful feathers and wings, wiggly and happy in the sky!""","""Look at the bird, little one! It's a pretty bird with colorful feathers, and it's singing a sweet song for us to enjoy. Isn't that lovely?""","""Look, sweetie, there's a big, fluffy dog! It has soft fur and big, round eyes. The dog is wagging its tail and barking happily!""","""Look at that beautiful birdie, sweetie! It's hopping around with its pretty feathers. Want to see it fly and chirp?""","""Look at the cute little bunny hopping over to the carrot, my sweet little one! Bunnies love carrots just like you love your favorite snacks!""","""Look at those bright, fun toys! They're so pretty, and they make such happy noises when we play with them.""","""Look at those bright, shiny toys! Want to play with the soft, fluffy teddy bear? Let's give it a gentle hug and tickle those funny ears!""","""Look, sweetie, that's a fluffy, cute cat. See how it's purring and stretching its soft, little paws? Can you say 'cat'?""","""Look, sweetie, there's a cute little cat with soft fur. See how she's saying 'meow'? She's saying 'meow' just like mommy or daddy does. Can you say 'meow' with me? Let's make some soft sounds together","""Look at our lovely house, sweetie! The walls are painted blue and the door is big and red, just like a superhero's cape. Let's go explore our cozy home together, okay?""","""Look at the big, bouncy ball! Want to play with the soft, fluffy teddy bear? Oh, and don't forget the colorful, spinning top!""","""Look at our lovely house, sweetie! It's got pretty red bricks and a big, cozy green door. We live in a magical place called a home!""","""Look, sweetie! See the big, beautiful bird with colorful feathers flying in the sky? That's a bird, and it's called a robin. Can you say 'robin'? Let's watch it fly and sing a lovely song!""","""Look at that beautiful bird, sweetie! Its wings are so big and fluffy, and it's singing a lovely song just for us to hear.""","""Look at the cute little puppy, sweetie! Can you say 'puppy'? It's so soft and fluffy, and it loves to play fetch with its yummy treats!""","""Come here, little buddy! Let's go look at the big, beautiful house where we live. See the shiny red roof? And how many windows there are? We have lots of doors to open and go through. Isn't this house amazing?""","""Look at the fluffy, cute puppy! See how it wags its tail and barks happily when we play together. Let's give it a gentle pat, little one, just like we do with our furry friend.""","""Look, sweetie, that big, shiny car is parked right there. It's ready to take us for a fun ride, just like mommy's and daddy's. Want to see how the car starts? Just push the button, and we'll go on an exc","""Hey sweetie, come here, let's look at the big, beautiful house with the red roof. See the tall windows and the friendly door? That's where mommy and daddy live!""","""Hey there, little buddy! Let's talk about yummy food. Look at these colorful carrots, they're super crunchy and sweet, just like your favorite juicy apple!""","""Hey sweetie, let's have some delicious yummy carrots for our little tummies to grow big and strong!""","""Look, sweetie, this is a dog. It's soft and furry, with floppy ears and a wagging tail. The dog is wagging its tail because it's happy to see you. Let's say 'woof woof' together, just like the dog.","""Look at the beautiful bird with its feathers so colorful, little one! Can you hear it chirping sweetly in the sky?""","""Look at the fluffy bunny hopping in the grass, little buddy! See how it's bouncing? It's called a rabbit, and it likes to eat carrots and play.""","""Come here, sweetie! Let's play with your favorite toy car. Look, it has wheels that go 'vroom-vroom' and it can zoom all around the room!""","""Look at the fluffy dog, sweetie! It has soft fur and waggy tail, and it's so happy to see you. Dogs are good friends who love to play and cuddle. Can you say 'dog' with me?""","""Look, sweetie, there's a fluffy bunny hopping by, and it's so happy to see you!""","""Look at that pretty bird with all its colorful feathers! Isn't it so fun to watch it fly and sing songs for us?"""
"""Look, sweetie, there's a little birdie! It's chirping and singing its heart out, isn't it pretty? Birdies are so fluffy and fun, and they fly high in the sky, just like our kite.""","""Look at the beautiful bird, sweetie! It has colorful feathers and can sing sweet melodies in the sky.""","""Look at the fluffy, cute dog wagging its tail and it's so soft to touch, isn't it sweet?""","""Look at that beautiful bird with its bright feathers! It's singing a lovely song for us to enjoy.""","""Look at the little bunny hopping in the garden, let's say 'bunny' together and giggle, bunny!""","""Look at all the fun toys, little one! You can choose the soft, cuddly teddy bear or the bright, shiny blocks to play with today. They're waiting for you to make some joyful sounds and create wonderful memories together!""","""Look at the soft, fluffy teddy bear! Can you say teddy? Let's give teddy a gentle hug. Want to play with the bouncy ball? It's so fun to watch it go up and down!""","""Look at the fluffy, playful kitty cat! Meow, meow! Can you say 'cat'? Let's count how many whiskers it has. One, two, three!""","""Look at the cute fluffy cat! The cat is purring and chasing its tail. See how the cat's ears are moving? Cats like to play with little toys. The cat is our special furry friend.""","""Come here, sweetie, let's explore the big house with many rooms, where mommy and daddy live, and we'll find all sorts of yummy snacks for us to eat!""","""Look at these fun toys! Want to play with the soft, fluffy teddy bear?""","""Hey sweetie, look at our cozy house with a big red door, a blue roof, and a friendly garden with pretty flowers!""","""Look at the beautiful bird with its colorful feathers and big, round eyes. It's a pretty parrot!""","""Look at that pretty bird with the bright blue feathers, sweetie! It's singing a beautiful song, isn't it? Birds are such wonderful creatures that can fly high in the sky and make all sorts of funny sounds.""","""Look at the puppy, sweetie! Puppies are very cute and fluffy, just like a soft, big ball of yarn!""","""Look at the pretty house, sweetie! The house has a red roof, a blue door, and green grass outside. Let's go inside and explore the rooms!""","""Look, sweetie, this is a dog! The dog has soft fur, waggy tail, and big, friendly eyes. He's a happy, playful buddy who loves to run and jump!""","""Look, sweetie, there's a big, shiny car! It has four wheels, and the driver sits inside with a steering wheel to make it go forward and backward. Isn't it fun to imagine we're going for a ride in it together?""","""Look at our cozy home sweet home, sweetie! See all the pretty walls and floors? We have soft beds and fluffy pillows for us to rest and dream. Can you find the blue couch where we sit and play together?""","""Look, sweetie, these little yellow bananas are super healthy and make you strong. Eat them up, and you'll have lots of energy to play!""","""Hey there, sweetie! Do you see the yummy carrots? They're orange and crunchy! We're going to eat them, and they're really good for your eyes. Let's have some carrots for a snack!""","""Look at the friendly dog, sweetie! Its fur is soft like a fluffy blanket, and it loves to wag its tail when it sees you. Isn't it cute?""","""Look at the beautiful bird, sweetie! It's a colorful parrot with feathers like a rainbow. The parrot is chirping happily in the tree.""","""Look at the fluffy bunny hopping around, little one! Isn't it the cutest thing you've ever seen? Bunnies are so soft and they love to eat carrots!""","""Come here, sweetie! Look at all your colorful blocks. Let's build a big, tall tower together!""","""Come here, sweetie! Look at this fluffy, cute dog. See how he wags his tail when he's happy? Look at his big, floppy ears and his soft, brown fur. Isn't he just the best, buddy?""","""Look at the cute puppy! It's bouncing and wagging its fluffy tail. Let's say 'puppy' together, puppy, puppy.""","""Look at the beautiful bird with its bright feathers, chirping sweet songs, and dancing in the sky like a little flying ball."""
"""Look at the pretty birdie, it's so fluffy and chirpy! Let's wave hello to our feathery friend, little one!""","""Look at the little birdie! It's fluffy and chirpy, and it's hopping around in the tree, singing a happy song!""","""Look at the fluffy dog, sweetie! It's wagging its tail and barking with so much love. Isn't it a cute little furry friend?""","""Look, sweetie! This is a bird. See how it's flying up high in the sky? Birds are so pretty and fun to watch!""","""Look at the bunny hopping so fast! Isn't he so fluffy and cute?""","""Come here, sweetie! Look at these big, soft teddy bears! They're so fluffy and soft, aren't they? Let's give them a big hug together!""","""Oh, look at those soft, squishy ducks! Let's give them a big hug and say, 'Hello, ducks!'""","""Look, sweetie, there's a cute little cat with soft fur, whiskers, and a fluffy tail. It's a kitty cat!""","""Look at the cute, cuddly cat with the soft fur and tiny paws. Its whiskers twitch when it smells something yummy, and it says 'meow' when it wants to play or be petted.""","""Look, sweetie, this is our cozy house with a big, soft bed, a warm kitchen with yummy food, and a lovely garden with beautiful flowers and trees. Let's go inside and explore together!""","""Look at these bright, colorful toys! These are fun for you to play with, little one. Want to pick your favorite one?""","""Come here, sweetie! Let's go explore your cozy house, where your favorite toys are waiting for you in the colorful room, and mommy is in the kitchen making a yummy snack.""","""Look at the beautiful bird, sweetie! It's singing a lovely song in the sky, all bright and feathery. Birds like this one can fly high and sing happy tunes for us to enjoy.""","""Look, sweetie! That bird is so pretty. Its feathers are colorful, and it's singing a lovely song. Birds like it help make our world colorful and happy, just like you.""","""Look at the little bunny hopping, hopping, hopping! Bunny, bunny, can you hop right over here?""","""Come here, little one! Let's look at the pretty house, where mommy and daddy live. See how the roof protects us from the rain, and the walls keep the house safe and cozy. Can you find the window that lets the sunshine in?""","""Look, sweetie, this is a dog! It's a furry friend with soft, waggy tail and loves to play fetch. Isn't it cute? The dog's name is Buddy, and he's waiting for you to give him a big, happy hug","""Look at that big, shiny car! The car goes 'vroom vroom' when it moves, just like when you pedal your bike. Can you say 'vroom vroom'? The car has four wheels, just like your tricycle!""","""Come here, sweetie! Let's go explore our cozy home, where we have soft beds, warm blankets, and lots of love and fun!""","""Look, sweetie, here's a juicy, red apple! It's so crunchy and yummy. You can eat it with a big, yummy bite!""","""Look, sweetie, we have yummy carrots to eat. Crunchy, colorful, and oh-so-good for you!""","""Look at the happy dog, sweetie! It's wagging its tail and jumping around because it's excited to play with you!""","""Look, sweetie, there's a pretty little bird with beautiful feathers and a sweet song. Isn't it just amazing to see how it flutters its wings and sings for us?""","""Look, sweetie, this fluffy bunny is hopping around, it's so cute!""","""Look, sweetie, it's time to play with your soft, colorful blocks. Let's stack them up high, one by one, so we can build a beautiful tower together!""","""Look at the fluffy dog, sweetie! The dog is wagging its tail and has soft, brown fur. The dog is barking happily to say hello!""","""Look at the fluffy bunny hopping around, sweetie! It's so cute and cuddly, just like a big, soft cloud.""","""Look at that beautiful bird with its colorful feathers! It's chirping and singing a lovely song just for us to enjoy. Isn't it amazing how it can fly so high in the sky?"""
"""Look at the pretty birdie up in the sky, sweetie! It has feathers and wings, and it sings a lovely song for us to enjoy.""","""Look at the little birdie, it's hopping and chirping. Isn't it so precious and sweet, like a tiny, feathered butterfly?""","""Look at the cute little dog, sweetie! It has soft fur, waggy tail, and loves to play with toys. Isn't he the cutest furry friend you've ever seen?""","""Look at the birdie, sweetie! The little birdie is flying high up in the sky, singing a pretty song for us!""","""Look at the puppy, sweetie! He's so fluffy and cute. Can you say 'puppy'?""","""Look at these colorful blocks, sweetie! They're so pretty and fun to stack up and knock down.""","""Look at these big, bright toys, little one! The teddy bear is soft and fluffy, and the blocks are strong and fun to stack. Can you play with the toy car and make it zoom around?""","""Look, sweetie, there's a cute little cat! Meow meow! Can you say cat? Cat, cat, cat. The cat is soft and cuddly. Do you want to pet the cat?""","""Look at the fluffy, cute cat, little one! Its soft fur is so cozy to touch, and it's purring like a little engine. The cat is playing with a toy mouse, and it's having so much fun!""","""Look, sweetie, this is our big, cozy house where we play and have fun. It has a lovely kitchen where mommy cooks yummy food, and daddy has a special office where he helps people. There are colorful rooms with fun beds for us to sleep in, and","""Look at these colorful toys! Can you pick your favorite one, sweetie? Want to play with the soft teddy bear?""","""Come here, sweetie, let's go see the pretty house with lots of rooms and a big, cozy kitchen where mommy and daddy cook yummy food!""","""Look, sweetie, there's a beautiful bird with feathers as soft as your favorite teddy bear's fur. It's singing a lovely song for us.""","""Look at the beautiful bird, sweetie! It has bright feathers and it's singing a lovely song for us to enjoy.""","""Look at that fluffy bunny hopping around, little one. It's hopping to the carrots!""","""Come here, sweetie, let's go see our cozy house with a big, blue door and a pretty garden where we can play and have fun!""","""Look at the cute little dog! The fluffy furry dog bounces and wags its waggy tail when it's happy and wants to play with you!""","""Look at the big, shiny car, sweetie! It's red like your favorite candy and it can go really, really fast on the road. Isn't it cool how the wheels turn and help it move?""","""Look at our cozy, warm house, sweetie! It's got soft, fluffy carpets to walk on, big, comfy beds to sleep in, and lots of sunny windows to look out from. Let's go explore our lovely home together!""","""Look at the bright, red tomato, sweetie! Let's slice it up and put it on our yummy sandwich.""","""Look, sweetie, here's your yummy apple, crunchy and red, perfect for you to take a big bite and enjoy the sweet, sweet taste!""","""Look at that fluffy, friendly dog wagging its tail! It's time for a big, bouncy dog hug!""","""Look, sweetie, that bird is singing a beautiful song up in the sky. It's so pretty!""","""Look at the cute puppy! It's a baby dog, and it's very soft and fluffy, just like a cloud. Would you like to say 'woof woof' like a dog?""","""Look at those big, bright, happy toys! Let's go play with them together!""","""Look at the cute little dog, sweetie! He's a furry friend who loves to play and go for walks with us.""","""Look at the bouncy bunnies, little one! They hop and hop, just like you when you jump. Can you say 'bunny'? Wow, you're doing great!""","""Look at that beautiful bird, sweetie! It's hopping around and singing a lovely song. Isn't it a colorful, chirpy little friend?"""
"""Look at the pretty bird, sweetie! The bird is chirping and flying high in the sky. Isn't it lovely?""","""Look, sweetie, a little birdie! It's chirping and fluffing its feathers. Isn't it a precious little creature?""","""Look, sweetie, this furry friend is a big, friendly dog. See how it wags its tail when it's happy? Isn't it cute? Let's give it a big, soft lick!""","""Look at the beautiful bird, sweetie! It's a little birdie with wings that flap and make it fly up high in the sky. Isn't it wonderful?""","""Look at the cute, fluffy bunny hopping around, little one! Can you say 'bunny'? They're so soft and cuddly!""","""Look at those bright, colorful toys! Let's pick one to play with, okay?""","""Look at those fun, colorful toys! Can we play with the soft teddy bear and the bouncy ball together?""","""Look at the fluffy cat, little one. It's a soft, cuddly, purring furball with big, round eyes, and it loves to play with yarn. See how it's walking and meowing? Cats are our furry friends who like","""Look at the cute little kitty cat! Meow, meow! She's a soft and fluffy feline friend, isn't she? Let's say 'cat' together. C-A-T. Can you say 'cat'? Good job!""","""Come here, sweetie, let's go explore the cozy house with its colorful rooms and lovely furniture, where mommy and daddy love to play and read you stories.""","""Oh, look at those bright, funny-looking toys! Can you say 'blocks'? They're shaped like little people and shapes. Want to play with them together?""","""Come here, sweetie! Look at our cozy house with a big, red door and colorful windows. Isn't it lovely? Let's go inside and play with our toys.""","""Look, sweetie, there's a beautiful bird with bright feathers. It's called a robin. Can you say 'robin'? Robins love to eat worms and hop around in the grass.""","""Look at that beautiful bird with its colorful feathers, little one! It's singing a sweet song just for us to hear.""","""Look at the cute little bunny hopping around! Bunnies are fluffy and love carrots.""","""Look at the big, beautiful house, sweetie! It's where mommy and daddy live, and we have our own cozy room with a soft bed and colorful stuffed animals to keep us safe and happy.""","""Look at the happy puppy, sweetie! It's a cute little dog with soft fur and big, puppy eyes. Can you say 'woof woof'? That's what dogs say when they're excited or want to play. Dogs are lovely friends who like to","""Look at the big, shiny car, sweetie! It's red like a juicy apple, and it's going to take us for a fun ride around the neighborhood!""","""Hey there, sweetie! Let's play a fun game. Can you tell me what we call the big place where we live? That's right, it's called a house. Do you see the walls, floors, and roof? And look at all the windows and doors! Your","""Look at the yummy, colorful fruit salad, sweetie! It's got juicy apples, ripe bananas, and plump grapes that will make your tummy happy and full!""","""Look at the juicy, bright red apple, sweetie! It's so yummy and crunchy, perfect for a healthy snack!""","""Look at the cute, fluffy dog wagging its tail and wiggling its little legs, little buddy! Isn't it so fun to watch dogs play and run around like they're having a big, happy dance party?""","""Look at the beautiful bird, sweetie! It's so pretty, with its soft feathers and colorful wings, and it can sing a lovely song for us to enjoy.""","""Look at the cute little puppy! Can you say 'woof'? Dogs like to play and run around in the park.""","""Look at all these wonderful toys, sweetie! This big, fluffy teddy bear is so soft, and this colorful train can chug-chug all around the room. Let's play together!""","""Look at the fluffy, playful dog wagging its tail! It's a soft, cute, and friendly puppy. Want to say 'dog' with me?""","""Look at that fluffy bunny hopping in the grass! It's so soft and bouncy, just like when we play with our soft toys.""","""Look at that beautiful bird, sweetie! It's singing a lovely song. Let's watch it fly high in the sky, just like we can."""
"""Look, sweetie, there's a beautiful bird in the sky! It has wings and it's singing a lovely song just for you.""","""Look at the beautiful bird with the bright feathers, sweetie! It's hopping and chirping, just like a little song for us to hear.""","""Look, sweetie, here's a cute little dog! Woof woof! It's barking to say hello, and it's wagging its tail because it's so happy to see you.""","""Look, little one, there's a bird! It's small and fluffy, with feathers of brown and blue. Can you say 'bird'? It's a funny word. The bird is hopping on the ground, looking for seeds to eat. See how it'","""Look at the cute little puppy! Puppies are so soft and fluffy, aren't they? They love to play and wag their tails when they're happy.""","""Look at the bright, shiny toys! Which one do you want to play with now, sweetie?""","""Oh look, sweetie, those bright, colorful toys are waiting for us to play. Let's pick our favorite one and have lots of fun together!""","""Look at the fluffy, cute cat! The cat is so soft and purring. Can you say 'cat'? Meow, meow!""","""Look at the cute little kitty cat! The kitty is purring softly, and it has soft white fur and green eyes. The kitty is playing with a little toy mouse.""","""Look, sweetie, this is your house, where we all live and feel safe, with its colorful walls, comfy bed, and lovely toys for you to play with.""","""Look at the bright red ball, sweetie! Can you pick it up? Let's play with it together!""","""Hey there sweetie, come on in to our cozy little home. Look at all these soft pillows and fluffy blankets, and there's a yummy snack on the table just for you!""","""Look, little buddy, there's a beautiful bird flying up high in the sky. Its wings are so colorful and it's singing a lovely song just for you!""","""Look at that beautiful bird up in the sky, sweetie! It has feathers and a beak, and it can fly so high and chirp really loud. Isn't it amazing how it can soar through the air and sing songs?""","""Look, sweetie, see the fluffy bunny hopping around? It's a cute little rabbit!""","""Look at this big, beautiful house, sweetie! It's where Mommy and Daddy live, and it's filled with lots of soft, cozy rooms for us to play in and sleep in. Inside, we'll find our lovely bed with fluffy pillows and a","""Look at the cute little dog, sweetie! This fluffy furry friend is called a Labrador Retriever. It's a soft and friendly animal that loves to play and cuddle with people. Can you say 'doggie'? Great job! Dogs can be","""Look at the big, shiny car, sweetie! It's red and yellow like a sunflower. Can you say 'car'? Let's try saying it together!""","""Come here, little one! Let's look at the big, beautiful house we live in. See the colorful flowers in the garden? The house has many rooms with lovely beds and toys for us to play with!""","""Look at these bright, red tomatoes, sweetie! They're yummy and super healthy, just like your favorite apple slices.""","""Hey sweetie, it's time to eat! Here's your yummy, colorful apple, ready for you to crunch and enjoy!""","""Look at that adorable puppy! Puppies are so cute, aren't they? Want to pet it gently?""","""Look at the beautiful bird with its colorful feathers, little one! It's a pretty bird that sings sweet songs for us to enjoy.""","""Look at the fluffy bunny hopping by, it's so soft and cute!""","""Look at all the colorful toys! Which one would you like to play with first, the soft teddy bear or the bouncy ball?""","""Look, sweetie, this is a doggy! Woof woof! The doggy has soft fur and barks when it wants to play with us. Can you say 'doggy'? Great job!""","""Look at the fluffy bunny hopping around, little one! Isn't it cute? The bunny's soft fur makes it look like it's wearing a cozy blanket.""","""Look, sweetie, that bird is singing a lovely song for us. Its feathers are so pretty and colorful, like a big, beautiful rainbow."""
"""Look, sweetie, there's a beautiful bird with feathers like a rainbow! Can you say 'bird'? It's chirping softly, like it's singing a little song just for you!""","""Look at that cute little birdie with its big, colorful wings, squawking happily in the sky!""","""Look at that cute, fluffy dog, little one! The dog is wagging its tail and smiling at you. Isn't it a happy little pup?""","""Look at that pretty birdie up in the sky, sweetie! It has feathers and chirps and sings. Isn't it a lovely bird?""","""Look, sweetie, the fluffy bunny hops right over here. Can you see the bunny? Bunnies like to eat carrots and hop around.""","""Look at those bright, colorful toys! The big, soft teddy bear is ready for cuddles, and the tiny, shiny blocks are perfect for building a tall tower!""","""Look at all these fun toys, sweetie! We're going to play with your favorite teddy bear, the fluffiest one, and the blocks that make pretty tall towers. Let's have lots of fun together!""","""Look at the cute little kitty cat, little buddy! The kitty cat has soft fur and loves to play with yarn and pounce on toys. Isn't she adorable? The kitty cat can purr when she's happy, and she'","""Look, sweetie, there's a fluffy kitty cat! Can you say 'cat'? Meow meow! The cat is purring softly. Do you want to pat the cat gently?""","""Hey sweetie, look at our lovely home! It's so cozy and warm. Can you see the colorful walls, soft carpet, and the big comfy bed where we sleep? We also have a kitchen where mommy and daddy cook yummy food. Let's","""Look at all the fun toys you can play with, sweetie! The soft teddy bear is waiting for a hug, and the colorful blocks are ready for a tower-building adventure. Let's play together!""","""Look at the big, beautiful house where we live, sweetie! See the shiny roof and the pretty windows? That's where mommy and daddy sleep every night, and the kitchen is where we make yummy snacks!""","""Look, sweetie, a beautiful birdie with feathers like a rainbow is flying up high in the sky. Isn't it soaring and chirping happily, just like you do when you play?""","""Look at the beautiful birdie! It's singing a sweet song just for you, my little one!""","""Look at the puppy, sweetie! It's so fluffy and cute, just like a little teddy bear. Can you say 'puppy'?""","""Come here, little one, let's go inside our cozy house where we have a big, soft bed to sleep and yummy snacks in the kitchen for when we're hungry!""","""Look at the doggie, sweetie! The doggie is wagging its tail because it's so happy to see you. The doggie's fur is soft and fluffy, and it loves to play fetch with you. Can you say 'woof woof'","""Look at the big, red car, sweetie! It's so shiny and can go really fast, zoom, zoom!""","""Look at our lovely home, sweetie! This is where we live, and it's filled with wonderful things like soft beds, yummy food, and fun games to play.""","""Yummy, look at the juicy, red strawberries! They are so sweet and soft. You can eat them with your little hands and make yummy strawberry mash!""","""Look at this yummy apple! It's so crunchy and sweet. Let's wash our hands and eat together!""","""Come here, sweetie! Let's see the funny face of the big, fluffy dog!""","""Look at that beautiful bird up high in the sky, sweetie! It's flying so gracefully with its wings spread wide, isn't it pretty?""","""Look at the cute little puppy wagging its tail, little buddy! Puppies are so friendly and love to play fetch with their favorite toys.""","""Look at the bright, bouncy ball! It's time to play with it, little buddy. Let's give it a gentle roll and watch it bounce back up!""","""Look at the fluffy, friendly dog with the big, brown eyes and soft, waggy tail! He's going to give you a big, wet, puppy kiss!""","""Look at the little bunny hopping around, it's so cute and soft, isn't it? Bunny, bunny, can you say 'hopping'?""","""Look at that beautiful bird! Its feathers are so colorful and it's chirping a lovely song for us to enjoy."""
"""Look, sweetie, a pretty bird with colorful feathers is sitting on that tree. The bird is singing a lovely song for us. Isn't it amazing? Let's go and wave to the bird together!""","""Look, sweetie, see the fluffy bunny hopping? It's so soft and cute!""","""Look, sweetie, that fluffy dog is barking and wagging its tail. Isn't it so cute? Can you say 'dog'? That's right, dog! Good job!""","""Look at the puppy, little one! It's so soft and fluffy, wagging its tail!""","""Hey there, little buddy! Look at mommy and daddy smiling at us. They're your family, always there for you with big, warm hugs and lots of love.""","""Look at the happy dog, sweetie! He's wagging his tail because he's so excited to see you! Isn't he cute?""","""Look, sweetie, we're in a big, beautiful house with colorful walls and cozy furniture, and the soft carpet under our feet makes us feel so warm and safe. Isn't this house lovely?""","""Look at the bunny hopping around, little buddy! It has soft, fluffy ears and loves to munch on carrots. Can you say bunny?""","""Look, sweetie, a little puppy! It's running so fast, just like you do when you play tag!""","""Look at the fluffy, furry dog! Wag your tail like his because he's so happy to see you!""","""Look at mommy, sweetie, and daddy together like superheroes, protecting our whole family with love, just like when you hold my hand, you're protecting us!""","""Look at that big, red car! It's zooming down the road, and it's so bright and shiny. Do you see the car? Wow, it's going fast!""","""Look at all the fun toys! This bright red truck can go vroom-vroom, and this fluffy, soft teddy bear can hug you tight.""","""Come here, sweetie! Mama and Dada are here, just like you! We love you lots and we're a happy family!""","""Look, sweetie, there's a bird! It has beautiful feathers and can sing sweet melodies just for you.""","""Look, little one! See that beautiful bird flying in the sky? It's so pretty with its colorful feathers and lovely song.""","""Hey there, sweetie! Come here and see our cozy house with its pretty blue door and big, friendly windows. Can you count the windows with me? One, two, three! Let's go inside and explore the colorful rooms together!""","""Hey sweetie, look at mommy and daddy! They are our family, and we love them very much. They are always here to hug you, play with you, and tell you fun stories.""","""Look at all the fun toys! Let's play with your big red truck, and we can pretend to drive it down the colorful slide.""","""Look at that beautiful bird, sweetie! It's flitting from branch to branch with its soft, feathery wings.""","""Look at the colorful cars and dolls, sweetie! The red trucks are going fast and the soft teddy bear is ready for a big hug!""","""Look at our cozy, colorful house, little buddy! See the big, fluffy pillows on the couch? And those pretty curtains dancing with the breeze? We have a lovely, warm home to snuggle in together!""","""Look, sweetie, that's a big, red car! Can you say 'car'? It goes 'vroom' when it drives by, just like Mommy's car!""","""Look at the fluffy bunny, little one! It's hopping around, and it's so cute with its floppy ears!""","""Look at the bunny, little one! It's hopping around, playing with its fluffy tail and cute little ears. Isn't it funny how it jumps so high?""","""Hey there sweetie, it's time to eat our yummy, healthy food! Yummy carrots and apple slices are waiting for you. Let's enjoy them together and grow strong!""","""Hey there, sweetie! You know what? Mommy and Daddy are your favorite people in the whole wide world, and they always love you very much. They take care of you, help you when you need it, and are always there for you. That's what a family is all","""Look at the bouncy bunnies, they're hopping around and playing in the sunshine!"""
"""Look, sweetie, there's a pretty little bird with feathers and wings. It's singing a beautiful song!""","""Look at the cute little puppy, sweetie! It's wagging its fluffy tail. Puppies are so friendly and love to play!""","""Look at the fluffy, cute puppy! The little dog is running and wagging its tail. Isn't he so funny? Let's say 'woof woof' together, like the dog is barking!""","""Look at the fluffy bunny hopping around, little one. It's hoppity-hop time!""","""Look, sweetie, that's your mommy and daddy! They're your family, and they love you so much!""","""Look at the cute dog, sweetie! It's wagging its tail and wants to play with us. Let's give it a gentle pat and say 'hello, buddy!'""","""Look at our cozy, happy house with its big, blue door and friendly, smiling windows!""","""Look at the cute little puppy, sweetie! The puppy is bouncing around, wagging its tail, and it's so soft!""","""Look at the big, fluffy dog wagging its tail and the playful kittens with soft, white fur.""","""Look at the fluffy, friendly dog wagging his tail! He wants to play with us, don't he? Let's give him a big, happy hug, little one!""","""Look, sweetie, these are your family members! Mommy and Daddy, your big sister, and your little brother are all here with us, holding your hands and showing you love every day.""","""Look at the big, shiny car, sweetie! It has four wheels that spin and make a nice, happy sound. The driver sits inside the car and uses the steering wheel to go forward, backward, and turn. Let's pretend to drive the car and make some fun","""Hey there, sweetie! Look at all these wonderful toys! Let's play with the soft teddy bear together. It's time to have lots of fun!""","""Sweetie, mommy and daddy are your family, just like your lovely brother or sister. They love you very much and will always be there for you, just like mommy and daddy.""","""Look at that beautiful bird, sweetie! It's a bright red cardinal, and it's chirping a happy song just for you!""","""Look at that beautiful bird, sweetie! It's flitting from branch to branch, with its feathers so soft and colorful.""","""Come here, sweetie! Let's explore our lovely house together. See this big, comfy bed? That's where we sleep. And these pretty windows let sunlight dance in. Oh, look at those colorful toys on the shelf! They're waiting for you to","""Look at all the lovely people in our family! We have mommy, daddy, little brother, and you! Let's give everyone a big hug and say 'I love you!' because we're a big happy family!""","""Look at the bright, colorful toys! Those are your new play friends to hold and enjoy with you!""","""Look at that beautiful bird! It's a colorful parrot, little one. Its wings are like a big fan, and it can talk like we do! Isn't it amazing?""","""Look at the bouncy ball, sweetie! It's ready to roll and play with you. Let's see how high we can make it bounce!""","""Come here, sweetie! Let's look at our cozy, lovely house with a big, beautiful garden and see the shiny, blue car outside!""","""Look at that big, shiny car, sweetie! It's so bright red, just like your favorite toy. Can you say car? Car, just like this car is moving on the road.""","""Look at the cute little bunny hopping around! It's so fluffy and hops like a bunny should!""","""Look, sweetie, there's a fluffy bunny hopping around in the garden. The bunny has long ears and loves to nibble on carrots. Isn't it cute?""","""Yummy yummy food, little one! Look at these big, colorful apples and bananas. They're so sweet and tasty. Let's eat them together, okay?""","""Hey sweetie, look at our family! We have mommy and daddy, your siblings, and your favorite aunt. We all love and take care of each other, just like a big, happy family!""","""Look, sweetie, a fluffy bunny hopping by. Can you see its long ears? It's hopping to find yummy carrots!"""
"""Look at the beautiful bird, little one! It's fluttering its wings and singing a sweet song for us to hear.""","""Look at the fluffy bunny hopping around, little one! The bunny is so soft and cute, isn't it?""","""Look at the happy dog, sweetie! Woof woof! Can you say 'dog'? Good job!""","""Look at the puppy, sweetie! The little fluffy dog is bouncing and wagging its tail. Puppies are so happy and love to play with their furry friends.""","""Look at our family, sweetie! This is Mommy and Daddy, and this is your big brother/sister, and this is our loving Grandma/Grandpa. Everyone is here to take care of you and love you just the way you are.""","""Look at the fluffy dog, sweetie! See how he wags his tail and loves to play fetch. He's a happy puppy, isn't he?""","""Come here, sweetie! Let's look at these pretty windows and colorful walls, and feel the soft carpet under our feet in our cozy house!""","""Look at the fluffy bunny hopping around, little buddy! See how it hops and plays? Bunnies love to hop and eat carrots. Let's say 'bunny' together!""","""Look at the fluffy bunny hopping around, little one. See how the bunny's ears are soft and white, like cotton candy. Can you say 'bunny'?""","""Look at the cute little dog wagging its fluffy tail, sweetie. It's a puppy, and it's so happy to see you!""","""Look at us, sweetie, a family! We're Mommy, Daddy, and you, my little love. We love to play, read stories, and go on adventures together. Can you say 'family'?""","""Look at the big, shiny car, sweetie! It's yellow and fast. It zooms down the street like a rocket. Isn't it exciting? The car's wheels go 'vroom-vroom' as it rolls by. Can you say 'car'","""Look at the bright red firetruck! Want to play with the soft teddy bear together?""","""Look at your family, sweetie! We have Mommy, Daddy, and your little sister, and we love spending time together.""","""Look at the beautiful bird flying high in the sky, little one! It has soft feathers and a pretty beak, don't you think?""","""Look, sweetie, that little birdie is singing a beautiful song. Its feathers are so colorful, like a rainbow. Let's see if we can find some seeds to feed it!""","""Look at our beautiful house, sweetie! It has a big, cozy bed for you to sleep in, a lovely kitchen where mommy and daddy cook yummy food, and colorful rooms to play in. Isn't it wonderful to have our own special home?""","""Hey there, sweetie! Do you see how we all love and take care of each other, just like in our big, happy family? We're all special, and together we make everything so much more fun!""","""Look at all these amazing toys! Can you pick your favorite one to play with? I bet it's the softest teddy bear or the brightest car! Let's have so much fun together!""","""Look, sweetie, there's a bird! It's chirping and singing in the tree. Can you say 'bird'? Yes, that's right! Bird!""","""Look at all the fun toys we have! Your blocks can build a big tower, and your soft teddy bear is waiting for a hug. Let's play together!""","""Hey there, little buddy! Let's go explore the big, bright house we live in. See all these cool colors? We have a blue door, a yellow wall, and a green window. Can you find the red chair where we sit and read stories? And over there, that's","""Look, sweetie, that's a big, shiny car! It's red like your favorite toy, and it has wheels that help it go really fast!""","""Look at the bunny hopping over the grass, little one! The bunny is very soft and fluffy, isn't it?""","""Look at the fluffy bunny, it's hopping around! See the big, yellow duck swimming in the pond? Wow, isn't the rainbow-colored butterfly beautiful?""","""Yummy, look at the bright red tomato! We're going to make a delicious sandwich with it. Are you ready to eat, sweetie?""","""Look at the big, happy family, sweetie! Your mommy and daddy are your special parents, and you have all these lovely aunts, uncles, and cousins to play with and make you smile!""","""Look, sweetie, there's a cute little bunny hopping around! Do you see the bunny's fluffy tail and its tiny paws?"""
"""Look at the pretty birdie, sweetie! It's fluffy and has big, colorful feathers. The birdie is singing a lovely song.""","""Look at the cute bunny hopping and the fluffy cat purring. Can you say 'bunny'?""","""Look, sweetie, this is a dog! Woof woof! A big, friendly doggy is wagging its tail and wants to play with you!""","""Look, sweetie, a fluffy bunny hopping in the garden! Want to say 'bunny' with me?""","""Look at our lovely family, sweetie! Mommy, daddy, and your big brother are here to play with you. We're all here together, just like a beautiful team!""","""Look, sweetie, there's a big, fluffy dog with soft brown fur, wagging his tail and playing with a ball in the park!""","""Look at the pretty house, little one! It's where Mommy and Daddy live, and it has a roof over our heads, walls around us, and windows that let the sunshine in. Let's go see the house together!""","""Look at the fluffy bunny hopping over the grass, sweetie. See how it hops and runs? Bunnies like to play and have fun, just like you!""","""Look at the fluffy bunny hopping around, little one. Do you see how it binkies in the grass?""","""Look at the adorable little puppy, sweetie! It's so cute and soft, with fluffy fur and a waggy tail. Puppies are such friendly and playful friends, always ready to give you a big, wet kiss on the cheek.""","""Hey sweetie, remember mommy's and daddy's names? We call mommy 'mommy' and daddy 'daddy' and they're our superheroes because they always keep us safe and happy!""","""Look at the big, shiny car! See how it goes zoom-zoom as it moves? Cars are fun to look at, and they help us go places, like to the park or the grocery store!""","""Look at all these fun toys, sweetie! This colorful teddy bear is waiting for us to play, and the shiny blocks are just perfect for stacking. Let's pick our favorite toy and have a great time together!""","""Look at mommy and daddy, sweetie! They are your family, and they love you so much, just like I do. We are all here to play, cuddle, and make you smile!""","""Look at that beautiful bird, sweetie! It's a chirpy little birdie that's singing a lovely song just for us to enjoy.""","""Look at that beautiful bird! It's a robin with red breast and chirpy song. Isn't it lovely? Birds like it fly and hop around, just like you do when you jump!""","""Hey sweetie, let's go look at the big, beautiful house we live in. Do you see all the windows? They let the sunshine come in. And look at the doors! They keep the outside world out, but let us come in and play. And guess what? This is","""Oh look, little buddy, Mommy and Daddy are holding hands, just like you do with your teddy bear, Polly. We're your family, and we love you very much!""","""Hey there, sweetie! Look at all these amazing toys! This cuddly teddy bear is ready for a hug, and that bright red car can zoom really fast, just like the superheroes you love. Let's play together!""","""Look, sweetie, there's a beautiful bird with bright feathers and a chirpy song. It's called a robin, and it's so fluffy and cute!""","""Look at these bright, bouncy balls! Let's play with them, and watch them roll and bounce all over the floor. We can giggle and laugh together!""","""Come here, sweetie! Let's go see the pretty blue bed in your bedroom, the big kitchen with mommy and daddy cooking, and the cozy little bathroom where you splash and play!""","""Look at the big, shiny car, little buddy! It's red and has four wheels, and mommy will drive it to take us to the park.""","""Look at the fluffy bunny hopping through the grass, little one! The bunny's ears are so long and soft. Isn't it a little cute?""","""Look at the cute little bunny hopping around! Can you say 'bunny' with me?""","""Yummy apple, sweetie! Crunchy, yum, apple!""","""Hey sweetie, you know how we have Mommy, Daddy, and your Auntie Julie? They're all part of our family, just like you! We love you very much and you're our special little person!""","""Look at the puppy! Puppies are so cute and fluffy. They wag their tails and love to play fetch with you!"""
"""Look, sweetie, a pretty bird! The bird has beautiful feathers and it's singing a lovely song.""","""Look at the puppy, sweetie, it's wagging its fluffy tail because it's happy!""","""Look at the big, fluffy dog, sweetie! The dog is wagging his tail and barking happily. Isn't he a friendly little friend? Let's go say hello to the dog!""","""Look at the cute little bunny, my sweetie pie! See how it hops around with its soft furry ears? Isn't it fluffy and fun?""","""Look, sweetie, that's mommy and daddy, they love you so much!""","""Look, little one, this is a cute dog. It's wagging its fluffy tail because it's happy to see us. The dog's fur is soft and brown, and it loves to run and play. Let's say 'dog' together and watch it w","""Hey there, sweetie! Look at our cozy home, with its warm and welcoming walls. See all the pretty colors in the paintings and soft, fluffy pillows on the couch. Let's go have some fun and play together in our safe, happy house.""","""Look, sweetie, that fluffy bunny is hopping around in the grass, and it's so soft to touch!""","""Look at the fluffy bunny hopping over the flowers, little buddy! Isn't it just the cutest thing you've ever seen?""","""Look at the cute little puppy! He has soft, fluffy fur and big, floppy ears. Let's say 'woof woof' together, just like the puppy says.""","""Hey sweetie, let's talk about our family. You know, we all are a part of a big, loving family. Your mommy and daddy, your older brother, your aunt, and grandma. They all are here to love and care for you, just like how mom","""Look at the shiny, red car! It's so big and pretty, isn't it? The car will go zoom zoom down the road with its round wheels. Let's say 'car' together, okay? Car, car!""","""Look at all these fun toys, sweetie! There's a fluffy bear that loves to cuddle, a shiny red ball that rolls so fast, and a colorful stacking block tower waiting for you to play and build with me.""","""Look at your big sister, sweetie! She loves to play with you and help mommy and daddy. Isn't she the best?""","""Look, little buddy! See that beautiful bird with its feathers all shiny and colors bright? That's a birdie! It's flapping its wings and singing a happy song. Isn't it amazing how it can fly high up in the sky? Birds are so special,","""Look at the pretty bird, sweetie! It's singing a lovely song for us to hear. Isn't it a wonderful little creature, flapping its wings and chirping merrily?""","""Come here, little one! Let's go explore our house, where we have a big, cozy bed, soft pillows, and a warm, welcoming kitchen with yummy snacks waiting for us.""","""Hey there, little buddy! Do you know that mommy and daddy are your superhero family, always there to protect and love you, just like the superheroes in your favorite cartoons?""","""Look at all these colorful toys! Which one do you want to play with first, little buddy?""","""Look at the beautiful bird, sweetie! Its feathers are so pretty, and it's singing a lovely song. Let's wave our little fingers to the bird, okay?""","""Look at those fun toys! Do you see the soft, squishy dinosaur? It's so friendly and can be your friend for playing pretend!""","""Come on, sweetie, let's go explore the house! Look at the bright, sunny windows that let in lots of light, and see how cozy the soft, fluffy couch is for a nap. And wow, there's a big, happy kitchen where yummy food","""Hey there, sweetie! Look at that big, shiny car zooming by! See how it honks like a bunny when it goes by? It's going on a big adventure, driving down the road!""","""Look at the fluffy bunny hopping around! It's so cute with its soft furry coat. Let's say 'bunny' together, like this: B-b-bunny. Can you b-b-bunny with me?""","""Look at the little puppy, it's wagging its tail because it's happy to see you, sweetie!""","""Look at the juicy, red apple! Yum! It's so crunchy and sweet, and it's good for your teeth too!""","""Hey sweetie, look at mommy and daddy! They're your family, and they love you so much!""","""Look at the fluffy bunny hopping over the green grass, sweetie, it's a bunny! Bunnies love to nibble on carrots and hop around."""
"""Look, sweetie, there's a pretty bird with feathers, and it's singing a happy song for us to enjoy!""","""Look at the cute bunny hopping and playing in the sunny meadow, little one. Isn't it fluffy and soft? Animals are so fun and cuddly!""","""Look at the fluffy, cute dog! The dog is wagging its tail and is so happy to see you, little one!""","""Look, sweetie, the fluffy bunny hops around, and the big brown bear sleeps soundly in the forest.""","""Look at your big brother, sweetie! He's so tall now, and he loves to play with your toys. Isn't that funny? Your family is full of love, and we all look after each other, just like your little sister and I.""","""Look, sweetie, there's a fluffy dog! See how it wags its tail and says 'woof woof'? Isn't that cute? We'll play with the dog next time, okay?""","""Look at the big house with a red roof and a door, sweetie! Let's touch the wooden fence and count the pretty flowers on the porch.""","""Look at the puppy, sweetie! See how it wags its fluffy tail and gives you big, wet kisses. Puppies are so cute and cuddly, aren't they?""","""Look, sweetie, this is a little puppy! Puppies are so soft and fluffy, aren't they? They bark and wag their tails when they're happy!""","""Look at the fluffy, cute dog wagging its tail, sweetie! The dog is so friendly and loves to play with us.""","""Hey there, sweetie! Let's talk about our family. So, you know how we have Mommy and Daddy, right? They are our superheroes who love us so much! And we have Auntie May who bakes the yummiest cookies for us.","""Come here, sweetie! Look at this big red car, it's going to zoom down the street! Wow, it has four wheels and a shiny roof!""","""Look at these bright, colorful toys! These cuddly teddy bears are soft and fluffy, perfect for snuggling. And these fun blocks, they're so much fun to stack and build tall towers. Can you reach out and give me a high five with your","""Look at the smiling mommy and daddy! They love you so much and they are your family.""","""Look at that beautiful birdie with its bright feathers, little one! It's so pretty, isn't it? Birdies are fun to watch, with their chirpy songs and funny dance moves. Let's count how many birds we see!""","""Look, sweetie, that beautiful bird is singing a lovely song. Its bright feathers are as colorful as the rainbow!""","""Look at our lovely house, sweetie! It's a cozy place where we play, sleep, and eat. Can you see our yellow sun? It makes our house bright and warm.""","""Look at us, sweetie! Mommy and Daddy love you so much and we're all part of our happy family, just like the cute little animals we see on TV!""","""Look at those bright, colorful blocks! They're so fun to stack and build tall towers!""","""Look at the pretty birdie, sweetie! It's flitting around, hopping from branch to branch, singing a lovely song just for you.""","""Look at these fun toys, little buddy! Can you find the soft, cuddly bear for your cuddles and the colorful blocks to stack up high?""","""Hey there, sweetie! Let's go explore the house together. We'll find the softest bed, the comfiest couch, and maybe even a fun game to play on the shiny floor!""","""Look at the big, red car! It's so shiny and fast, just like a superhero! Can you say car? Let's go on a fun ride in our toy car together!""","""Look, sweetie, see those fluffy bunnies hopping around in the meadow? They're called bunnies, and they're just like your soft teddy bear.""","""Look, sweetie, those fluffy bunnies are hopping around! They're so soft and cute, aren't they?""","""Look at these juicy, red apples, sweetie! They're so crunchy and yummy, just like the ones we eat together!""","""Sweetie, you have a lovely big family with mommy, daddy, and your brothers and sisters, who all love you very much!""","""Look at the fluffy bunny hopping around, little one. The bunny has soft, white fur and tiny bunny ears. Isn't it cute?"""
"""Look at the beautiful bird, sweetie! It has colorful feathers and can sing pretty songs for us!""","""Look at the cute puppy wagging its fluffy tail, little one! Can you say 'puppy'? Wag-wag!""","""Look at the big, fluffy dog! He's wagging his tail and wants to play. Can you say 'woof woof'? Dogs are so friendly and love to cuddle.""","""Look at the kitty, sweetie, with its soft fur and cute whiskers. The kitty says 'meow' when it wants to play. Isn't it paw-some?""","""Look, sweetie, this is your mommy and daddy. They love you so much and they're always there for you.""","""Look at the cute little puppy, sweetie! It's a dog, just like our family's doggy. See how he wags his tail when he's happy? He's so friendly and loves to play with us. Want to give him a gentle pat?""","""Come here, little one! Look at this big house with a red roof and a door. The windows let the sunshine in, and it's where mommy and daddy live. Can you say 'house' with me? House!""","""Look at the fluffy bunny hopping around, little buddy! See how it hops and hops? Hopping is what bunnies love to do!""","""Look at the fluffy bunny hopping in the meadow, little one! It's a bunny!""","""Look at that fluffy dog, sweetie! It's wagging its tail because it's happy to see you. Isn't that cute?""","""Look, sweetie, this is your big brother, Jack. He's tall, with brown hair, and he's really good at playing with your toy cars. We love you so much!""","""Look, sweetie! This big red car is ready to go on a fun adventure. Can you see the shiny wheels turning, moving down the road to take us places? Let's sit in the car, fasten our seatbelt, and imagine all the exciting places we can go","""Hey there, little buddy! Look at all these fun toys, each one a special friend waiting for you to play and learn with them!""","""Look at our beautiful family, sweetie! We are a lovely team with Mommy and Daddy, your siblings, and us. We love each other, just like the stars in the sky, and always help and take care of one another.""","""Look at that beautiful bird, sweetie! It's hopping on the branch and singing a lovely song for us.""","""Look at the beautiful bird with feathers as soft as fluffy pillows! Can you say 'bird'? Birdie is so pretty and can fly high up in the sky, just like you will one day!""","""Look at the big, cozy house, sweetie! It has a lovely red door and colorful windows. Can you say 'house'? Yes, that's right, it's 'house'. This is where Mommy and Daddy live and take care of you!""","""Hey sweetie, it's time to say goodbye to grandma and grandpa, because they're going to pick us up for a fun day out!""","""Look at those cute little teddy bears, little one! Want to pick out a soft, fluffy one to hug?""","""Look at that beautiful bird with colorful feathers, sweetie! The bird is singing a lovely song for us to hear.""","""Oh look, sweetie, there's a cute little teddy bear waiting for you to hug it and play with it. It's time for some fun with your favorite toys, aren't you excited?""","""Hey there, sweetie! Look at the big house we live in, with lots of rooms where Mommy and Daddy sleep, and where we all play and have fun together. Can you see the windows? They let the sunshine in and let us see outside. Isn't it amaz","""Look, sweetie, a big, red car! Wow, it's so shiny! Let's wave at it together, okay?""","""Look at the bunny, little one! It's hopping around, eating green grass. Isn't it so cute and fluffy?""","""Look at the big, friendly elephant! His trunk is like a long nose that he uses to drink water and smell things!""","""Look at the yummy, colorful fruit salad! The sweet apples, juicy strawberries, and tiny blueberries are so good for you. Let's all eat our healthy, happy food!""","""Hey sweetie, your family is like a big, warm blanket that wraps you up and keeps you safe, just like mommy and daddy love and protect you.""","""Look at the cute bunny hopping around in the garden, little one. Can you say 'bunny'? They have soft fur and like to eat carrots. Isn't that funny?"""
"""Look, sweetie, see the beautiful bird flying high up in the sky? It's a pretty, pretty bird with colorful feathers.""","""Look at the cute puppy, sweetie! The puppy is wagging its tail because it's happy to see you.""","""Look at the fluffy, bouncy dog! See how it wags its tail and barks with so much joy? It's a puppy and it's so friendly and cute, isn't it?""","""Look at the bunny, little one! The bunny hops and eats carrots.""","""Look at our big, loving family, my sweet little one. We have mommy, daddy, and your precious baby brother or sister who needs you to hold them and make them feel safe and loved, just like you do.""","""Look, sweetie, this is a dog! Woof woof! Dogs are so fluffy and they love to play fetch. Want to say 'dog' with me?""","""Look at this pretty house, sweetie! Can you see the big blue door? And those colorful windows make the house so happy. Let's go inside and make a yummy snack together!""","""Look at the fluffy bunny hopping by, sweetie! See how it hops and bounces around? Bunnies like to eat carrots and hop in the green grass. Can you say 'bunny'?""","""Look, baby! A fluffy bunny hops around the grass, and it's going to eat some yummy carrots!""","""Look at the adorable puppy! It's a little dog, and it's bouncing around with so much energy. Want to see it wag its tail?""","""Look at the family in the picture, sweetie! They're all holding hands and smiling at each other. That's what families do, they love and support each other. Isn't that wonderful?""","""Look at the big red car, sweetie! It's going to drive us to the park. Isn't it funny how it has four wheels and a shiny roof?""","""Look at all the fun toys we have! Can we play with the bouncy ball and the colorful blocks together?""","""Look at the happy family, sweetie! They're holding hands, sharing smiles, and making lots of love together.""","""Look, sweetie, there's a beautiful bird with feathers all shiny like your favorite color. It's flying in the sky, just like you soar through the air when you play. Isn't it wonderful how birds can fly so high and sing pretty songs?""","""Look, sweetie, there's a beautiful bird flying in the sky! It's singing a lovely song with its pretty feathers.""","""Look at this big, beautiful house with its pretty red roof and tall windows. It has lots of rooms where we can play, eat, and sleep. Let's go inside and explore together!""","""Hey there, sweetie! Look at mommy and daddy, your very own team! They love you so much and always take care of you. Isn't it amazing that they're your special family?""","""Come here, sweetie! Let's play with your favorite teddy bear and the shiny blocks, it's so much fun to build a tower together!""","""Look at that pretty bird, sweetie! It's a robin, with its little red breast and yellow beak. Isn't it so lovely? Birds like this one like to hop around in the garden and sing beautiful songs for us to hear.""","""Look at the fun toys, sweetie! Those are your favorite colorful blocks to build a tower with. Let's play together!""","""Come here, sweetie! Look at our cozy, lovely house with its bright, happy windows and the tall, friendly tree outside. Can you see the fluffy, white clouds in the sky? Let's go inside and find your favorite, soft, comfy bed to snuggle","""Look at the big red car, sweetie! It has four wheels and goes 'vroom' when we pretend to drive it. Isn't it so shiny and fun?""","""Look at the fluffy bunny hopping over the grass, little one! It's so soft and bouncy, isn't it?""","""Look at the cute little kitten, it's soft and fluffy! The kitten is playing with a ball of yarn, and it's purring softly. The kitten is such a playful little friend, isn't it?""","""Hey there, little one! It's time to eat, sweetie. Let's have some yummy fruits and veggies that make us strong and healthy!""","""Look, sweetie, these are your mommy and daddy, your big sister, and your little brother, all holding hands in a big, happy family photo!""","""Look at that cute little bunny hopping around, little buddy! See how it hops and jumps? Bunnies are so fluffy and they love to eat carrots."""
"""Look at the pretty birdie, little one! It's hopping and chirping, isn't it fun?""","""Look at the cute little puppy, sweetie! The puppy is a furry friend with soft, cuddly fur.""","""Look, sweetie, here's a cute little dog wagging its tail and saying 'hello' with its big, friendly eyes!""","""Look, little one, that's a cute puppy! The puppy is wagging its fluffy tail and barking happily. Animals are so much fun!""","""Look, sweetie, mommy and daddy are here to love and take care of you, our family is like a big, warm hug that we share with each other.""","""Look at the cute, fluffy dog! See how it's wagging its tail and wants to play. Let's give it a gentle pat on the head and make a happy noise for our furry friend!""","""Look at our lovely house, sweetie! The blue sky is shining bright today, and the white walls of our house are so nice to look at. Let's go inside and have a snack together!""","""Look at the puppy! It's so fluffy and wagging its tail because it's happy to see you!""","""Look at the fluffy bunny hopping around, little buddy! See how the bunny hops and binkies? Isn't it the cutest thing you've ever seen?""","""Look at the cute puppy, little one! The puppy is so soft and fluffy, like a little cloud. Can you say 'puppy'? That's right, puppy! The puppy has a big smile and it loves to play with you.""","""Look at us, sweetie, we're your family! Mommy and Daddy love you so much, just like your teddy bears and blocks, and together we make a big, happy family!""","""Look, sweetie! That's a big red car! It has shiny wheels and a soft, curvy roof. The driver inside is driving it really fast!""","""Look at all the fun toys we have! Let's pick your favorite, and we'll play with it together!""","""Hey there, sweetie! Do you know your family is like a big, loving team, with Mommy and Daddy, your brother or sister, and all the people you love. They all play different roles, like Mommy is like a superhero for you, and Daddy","""Look, sweetie, there's a little birdie up high in the tree, chirping and singing its heart out. It's a pretty bird, isn't it? Let's say 'bird' together, and watch it fly!""","""Look at the beautiful bird with feathers so soft, it's chirping and flying up high in the sky!""","""Come here, sweetie! Let's go inside the cozy house where we have a soft bed and a yummy breakfast in the morning. Isn't it nice to have a big, comfy home with a lovely kitchen for cooking delicious meals?""","""Hey there, sweetie! Look at mommy and daddy holding hands, that's our family, right? They love you very much and always take care of you.""","""Look at all the colorful cars, dolls, and blocks! Want to play with them together?""","""Look, sweetie, there's a pretty bird with bright feathers and a long beak, chirping a lovely song for us!""","""Look at all these bright, colorful toys waiting for you to play! Let's pick one and have fun together!""","""Come here, sweetie, let's go peek inside our cozy house where mommy and daddy live and we can play hide-and-seek!""","""Look at the bright, big car! It has shiny wheels and can take us on a fun ride to the park!""","""Look, little buddy, do you see that fluffy bunny hopping around? Its soft ears twitch as it sniffs the grass, and it's so happy to see you!""","""Look at the cute little puppy with soft fur. He's wagging his tail because he's happy to see you.""","""Look at these bright, colorful fruits, sweetie! They're like a rainbow on our plate, and they're yummy to eat!""","""Hey there, sweetie! Remember how we love our big family? Mommy and Daddy, Grandma and Grandpa, Aunt Lisa, and all your cousins. They're like a big, warm hug all wrapped up together. We're all so special, just like","""Look at the little puppy with soft, brown fur. Can you say 'puppy'? Puppy goes 'woof-woof' when it's happy. Let's see if you can say 'woof-woof' too!"""
"""Look at that beautiful bird, sweetie! It's singing a lovely song for us. Want to say 'bird' with me?""","""Look at the puppy, sweetie! It's wagging its fluffy tail and loves to play with you.""","""Look at that fluffy puppy, sweetie! Puppy is barking and wagging its tail because it's happy to see you. Puppy is a cute, friendly dog that likes to play and snuggle. Can you say 'puppy'? Good job!""","""Look at the fluffy bunny, little one, it's hopping around and having fun, isn't it?""","""Look at mommy and daddy, sweetie! They're our family, and they love you very much.""","""Look at the cute puppy, sweetie! This is a dog, and it says 'woof woof' when it's happy to see us. The dog has soft fur and loves to play fetch with you!""","""Look at the pretty house, sweetie! Can you see the big blue door? The house has a green roof, and there are some yellow flowers on the front porch. Inside, there's a cozy living room with a big comfy couch, a soft bed for sleeping, and","""Look at the big, fluffy bunny hopping over the grass, little buddy! Can you see how it's hopping, hopping, hopping?""","""Look, little one, see the fluffy bunny hop around? Bunnies like to eat carrots and hop around in the green meadow!""","""Look, sweetie, this is a dog! It's so cute, isn't it? The dog is wagging its tail and looking at us. Can you say 'dog'? Good job! This fluffy furry friend is just as playful as you!""","""Look, sweetie, Mommy and Daddy are your family, and they love you so much, just like how we all love you.""","""Look at the big, shiny car, sweetie! The car has four wheels, just like your toy trucks, and it goes 'vroom-vroom' when the grown-ups drive it.""","""Look at these bright, fun toys! The big, fluffy teddy bear wants to hug you, and the tiny, bouncy ball wants to roll to you!""","""Look at mommy and daddy, sweetheart! They're your loving parents who always give you hugs and take care of you.""","""Look, sweetie, a beautiful bird! Birds have feathers and they can sing sweet songs for us.""","""Look at that beautiful bird with its colorful feathers and chirpy songs, little one. It's flying high up in the sky, just like we do when we fly kites on a sunny day.""","""Come here, little buddy! Let's go see the big, cozy house where mommy and daddy live. See how pretty the windows are? They let in the sunlight that makes the rooms so bright. And look at the door! It's red, just like the strawber","""Look at our lovely family, sweetie! We're a team, just like in your favorite games. Your mommy and daddy are here to take care of you and make sure you have lots of fun days ahead!""","""Look at all these wonderful toys! Can you choose one? Maybe we can build a big tower with the blocks together!""","""Look at the birdie, sweetie! It's so pretty, with its colorful feathers and chirpy song!""","""Look at all the fun toys! We're going to play with your favorite truck and bunny together!""","""Come here, sweetie! Let's go look at all the pretty pictures on the walls of our cozy house. See those fluffy pillows on the couch? They're like soft clouds for us to rest on!""","""Hey sweetie, look at that big, shiny car zooming by! Want to see the bumpy road it's driving on?""","""Look at the fluffy bunny hopping over the green grass, little one. Isn't it cute how it wiggles its long ears when it's happy?""","""Look at the fluffy bunny hopping around, little one! Can you see how cute it is with its long ears and soft fur?""","""Look at these yummy carrots, sweetie! Crunchy and orange, they're perfect for your teeth and will help you grow strong!""","""Look at Mommy and Daddy holding hands, they are like superheroes working together to keep us safe and happy, isn't that special?""","""Look at the fluffy bunny hopping around, it's so cute and soft!"""
"""Look at the beautiful, fluffy bird with its bright feathers, chirping and hopping around, little one!""","""Look at the kitty, sweetie! It's soft and purrs when you pet it. Can you say 'cat' with me?""","""Look, sweetie, there's a cute dog! Wags his tail, runs around, and gives big, wet kisses. He's friendly and loves to play with you!""","""Look, baby! This is a fluffy bunny, and it hops around the garden. Hopping, hopping, bunny!""","""Hey there, sweetie! Look at our lovely family, Mommy and Daddy, and your big brother, all of us here to love and play with you!""","""Look at the big, fluffy dog, sweetie! The dog is wagging its tail and wants to play. Let's give it a gentle pat on the head, okay?""","""Hey there, little buddy! Come on over here, let's explore this big, cozy house together. Can you see the soft, fluffy carpet? Oh, and look at those pretty wall colors! How about we find the warm, fuzzy blanket to snuggle","""Look at the fluffy bunny, hopping around the garden. Isn't it so soft and cute? Can you say 'bunny'?""","""Look, little buddy! See the fluffy bunny hopping around? The bunny is very happy and soft. It's called a bunny, and it loves to eat carrots and play in the grass. Can you say 'bunny'? Great job","""Look, sweetie, there's a fluffy, friendly dog! He's wagging his tail and wants to say hello! Let's go say 'good boy, buddy!'""","""Look at our family, sweetie! We have Mommy and Daddy, your big brother who's playing with blocks, and your tiny little sister who's holding her teddy bear. We're all here together, and that's what makes our family special and happy.""","""Look at the big, shiny car, sweetie! It has four wheels and takes us on exciting rides around the town.""","""Look, sweetie, here are your favorite blocks! Can you help me stack them up high? Let's make a tall tower together!""","""Look at mommy and daddy, they love you very much. They are your family, and they always keep you safe and happy.""","""Look at that beautiful birdie! It's a robin, little buddy. Can you see how its feathers are so colorful? Let's say 'robin' together, and watch how it flies high in the sky!""","""Look, sweetie, there's a little birdie in the sky. It has tiny wings and it's flapping them up, up, up! Isn't it fun to watch?""","""Look at our beautiful house, sweetie! It has a lovely blue roof, just like your favorite blanket. The walls are painted in your favorite color, and there's a big, fluffy carpet inside that we can hop on together. Isn't it wonderful to be home with mom","""Oh, look at that sweet baby, sweetie! That's your big brother, and he's always helping you with your toys. And those are your lovely aunts and uncles, always ready to give you lots of hugs and snuggles!""","""Look at those funny, colorful toys, sweetie! Let's play with the soft, cuddly teddy bear and the bouncy, bouncy ball together!""","""Look at the beautiful, fluffy bird with its bright feathers, chirping happily in the tree. Isn't it so wonderful to see how it flaps its wings and flies around with its big, round eyes?""","""Look at all the fun toys, sweetie! The fluffy teddy bear is ready for a cuddle, and the colorful blocks are waiting for you to stack them high!""","""Come here, sweetie! Let's look at these beautiful pictures of houses. See this house with a red roof? And this one with a big, happy door? We're going to visit all these lovely houses together, right in our imagination. Isn't it wonderful?""","""Hey sweetie, look at that shiny, red car driving by! It's going to the grocery store, isn't it fun to imagine it's carrying yummy fruits and veggies for Mommy and Daddy?""","""Look, baby! This fluffy kitten is purring softly, and that big brown bear is walking around, looking for honey!""","""Look at the puppy, little one! Puppies are so soft and fluffy. Can you say 'puppy'?""","""Look at the juicy, ripe red apple, little buddy! It's so crunchy and sweet, and when we bite into it, it feels like a little party in our mouth!""","""Look at our happy family, sweetie! We are your mommy and daddy, and we love you so much. We have a big, loving family that we cherish every day.""","""Look at the fluffy bunny hopping over the grass, sweetie! Can you say 'bunny'? They are such cute little friends for you to play with in the garden."""
"""Look at that beautiful bird, little one! See how it flaps its wings and flies up high in the sky, just like your arms when you wave at mommy and daddy!""","""Look at the bunny, sweetie! It's hopping around, and its ears are so soft and floppy!""","""Look at the cute dog! Woof woof! See how it wags its tail? Isn't it a funny and happy dog?""","""Look, baby, there's a fluffy kitten with soft whiskers. The kitten is purring, and its little paws are tickling your hand!""","""Hey there, little one! Mommy and Daddy love you so much, and guess what? You have a big family that loves you just as much. There's your favorite aunt, Auntie Sue, who bakes the yummiest cookies, and your cousin, Tim","""Look at the cute little dog, sweetie! It's so soft and fluffy, isn't it? Let's say 'woof woof' together, like the dog says when it's happy!""","""Come here, sweetie, let's go look at the pretty house with the red roof and blue windows!""","""Look at the bunny, little one! The bunny hops and eats carrots. Can you say 'bunny'?""","""Look at the cute little bunny hopping in the garden! It's fluffy and bounces around just like you do when you play!""","""Look, sweetie, this fluffy dog is wagging its tail because it's so happy to see you! Isn't it funny how it barks when it wants to play? Let's say hello to the dog together.""","""Look at mommy and daddy holding each other! They are our family, and we love them very much.""","""Look at the big, red car, sweetie! Can you say 'car'? That's right, car! The car is going to take us on a fun ride to the park. Let's wave bye-bye to the car as it drives away!""","""Hey there little buddy! You see those colorful blocks? Let's pick the red one and put it right next to the blue one. What do you think? Look, it's our favorite tower!""","""Look at the happy family, sweetie! We have mommy, daddy, and your siblings, and together we love and play with you every day!""","""Look at that pretty bird! It's a fluffy, chirpy, blue-feathered birdie that's flapping its wings and singing sweet songs. Want to see if it's our friend too?""","""Look, sweetie, there's a pretty bird with colorful feathers and a long, curved beak, chirping and hopping around in the garden.""","""Hey, little buddy! Let's go explore the magical house! Look at the big blue door, the cozy little bed, and the giggling toys waiting for us inside!""","""Look at the happy family! The mommy and daddy are loving each other and taking care of the little brother. They are all playing together and having so much fun!""","""Come here, sweetie! Let's play with your favorite toy, the fluffy teddy bear. Want to give it a gentle hug? Teddy's going to love that!""","""Look at that beautiful bird! It's chirping and hopping around with its feathery wings. Isn't it a lovely little creature?""","""Look at those colorful blocks, little buddy! You can stack them up to make a big, tall tower, just like we do when we build with our favorite building blocks!""","""Look, sweetie, this is our cozy house where we live together and feel safe and happy!""","""Look, sweetie, that big red car is zooming by, honking its happy toot to say 'hello' to everyone on the street!""","""Look, sweetie, there's a cute little bunny hopping around in the garden. Want to see it hop, too?""","""Look, sweetie, those fluffy bunnies over there are hopping and they eat carrots!""","""Hey there, sweetie! Look at these bright, yummy carrots! Yum! Want to try some?""","""Look at our family, sweetie! We have Mommy and Daddy, your sister Lily, and our furry friend, the family dog, Spot. They love you very much!""","""Look at the cute little bunny hopping around, sweetie. Bunny means rabbit. Can you say rabbit? Rabbit, rabbit, rabbit!"""
"""Look at that beautiful birdie up in the sky, sweetie! It has colorful feathers and can fly so high, just like a little airplane. Isn't it lovely?""","""Look at the fluffy bunny hopping around, little one! The bunny has soft fur and big, curious ears. Isn't it cute how it's hopping and playing?""","""Look at the cute little puppy, sweetie! See how it wags its fluffy tail when you pet it? That's the happiest sound ever, isn't it?""","""Look at the cute little puppy, sweetie! See how it wags its tail and jumps around? Isn't it fun to watch animals play?""","""Look, sweetie, this is mommy and daddy, and we're your family. We love you so much, just like you love us.""","""Look at the fluffy dog, sweetie! The dog is wagging its tail because it's happy. Woof woof! Can you say dog?""","""Hey sweetie, look at our cozy house! It has a big, soft bed for us to sleep in, a kitchen with yummy food, and a playroom full of fun toys for us to play with!""","""Look, little buddy, see that fluffy bunny hopping? Bunnies like to hop and eat carrots.""","""Look at the cute little kitty cat! Kitty cat, kitty cat, see how she purrs? Want to pet her, sweetie?""","""Look, sweetie, this is a friendly doggy! Woof woof! The doggy has soft fur and waggy tail. Can you say doggy?""","""Hey sweetie, look at our family! Mommy, daddy, and you are a happy family with lots of love!""","""Look at the shiny, red car go zooming by! Can you say 'car'?""","""Hey there, sweetie, look at all these fun toys! Let's pick out your favorite one to play with together. Which one do you like the most?""","""Look at our happy family, sweetheart! Mama and Papa love you so much, just like how the sun loves the earth and gives us warmth. And look at your smiling little sister, she's so fun to play with! Isn't it wonderful how we all stick together like a","""Look, little buddy, there's a beautiful bird with colorful feathers and a sweet song. Let's say 'bird' together and watch it fly high up in the sky!""","""Look at the little birdie with the pretty feathers! The birdie is flying up high, singing sweet songs for you.""","""Come here, sweetie! Let's explore the big, cozy house with its lovely, colorful rooms and yummy kitchen, where we'll find the softest, fluffiest beds for us to sleep in!""","""Hey there, sweetie! Look at our big, happy family! We have Mommy and Daddy, your little sister Sarah, and your big brother Tommy. They all love you so much and want to keep you safe and sound!""","""Come here, sweetie, it's time to play with your colorful blocks and shiny cars. They're all waiting for you on the floor!""","""Look at that pretty bird with its colorful feathers and beak! Want to see if we can gently touch the bird and watch it fly away with its wings flapping?""","""Look at these bright and colorful toys, sweetheart! These are your favorite cars and animals, perfect for playing and having fun together!""","""Look at our big, cozy house, sweetie! It's got a lovely red door, a shiny roof, and lots of pretty windows to look at. We're going to paint it with your favorite color, blue, like the sky!""","""Look at the big, red car with the shiny wheels, little buddy! It's going to take us on a fun ride, and I'll hold your hand tight. Isn't it a beautiful car?""","""Look at the bouncy bunny hopping around, sweetie! The bunny is so fluffy and fun to watch.""","""Look at the bunny hopping in the meadow, little buddy! It's fluffy and white, and it likes to nibble on carrots. Can you say 'bunny'?""","""Look at the yummy yogurt! It's creamy and tasty, and it's good for growing strong bones and teeth!""","""Listen sweetheart, your family is like a beautiful puzzle. You are the special piece, and your mommy and daddy are the lovely pieces that fit together to make you the most adorable puzzle of all!""","""Look at the fluffy bunny hopping around, little one! It's so cute and soft, just like a giant, furry pillow!"""
"""Look at that beautiful bird! The bird is singing a lovely song for you, sweetie. Isn't it fun to watch how the bird flutters its wings?""","""Look, sweetie, the fluffy bunny hops so quickly! Do you see how its soft ears twitch?""","""Look at the cute dog, sweetie! The dog has soft fur and a waggy tail. Isn't it fluffy and happy?""","""Look at the doggy, little one! The doggy is wagging its tail, and it's happy to see us. See how it wags its tail?""","""Look at mommy and daddy smiling together; they love you so much, sweetie.""","""Look at the cute dog, sweetie! He's a furry friend who loves to play and wag his tail when we hug him.""","""Look, sweetie, this is a house! It has a cozy bed, a yummy kitchen, and a big, beautiful garden. Let's go inside and play!""","""Look at the bunny hopping around, sweetie! It's fluffy and soft. Let's say 'bunny' together. Can you say 'bunny'?""","""Look at the puppy! It's so soft and fluffy, just like a cloud. Want to give it a gentle pat?""","""Look at the fluffy doggy! Woof woof! See how it wags its tail when it's happy?""","""Look, sweetie, these are your family, mommy and daddy, and your big brother, Timmy. They love you very much and are always here for you.""","""Look at the shiny, red car, sweetie! It's going to take you to the park so you can play with your friends. Isn't it cool how the wheels turn and move it forward?""","""Look at all these fun toys, little buddy! There are soft teddy bears, colorful blocks, and shiny puzzles. Want to play together with me?""","""Look at our lovely family, sweetie! We have Mommy, Daddy, and your big brother, Tommy, who's as big as a house!""","""Look at the beautiful bird with the big wings, sweetie. It's chirping and singing a lovely song just for us.""","""Look, sweetie, a beautiful bird with colorful feathers is flying in the sky, chirping and singing a lovely song for us to enjoy.""","""Look at our beautiful house, sweetie! See those big windows? They let in sunshine and make our rooms bright and happy. And don't forget about the cozy beds where we sleep and dream sweet dreams!""","""Hey there, little buddy! Today we're going to talk about your family. Your mommy and daddy are your biggest fans, always there to hug and love you. Your siblings, little sister or brother, they are your best playmates. You know, your family is like","""Look at all these cute toys, little one! There's a soft teddy bear, a funny toy car, and a sparkly puzzle. Would you like to play with any of them together?""","""Look, sweetie, there's a bird! It's so colorful and pretty. Can you say bird? The bird is flying high in the sky.""","""Oh, look at those colorful blocks! Can we build a big tower with them together?""","""Come here, little buddy! Let's go explore the big, colorful house where Mommy and Daddy live. Look at those pretty windows and the cozy bed!""","""Look, sweetie, a big car! It has wheels that go 'vroom-vroom' when we play. The driver sits inside and helps people go from one place to another. Isn't it exciting?""","""Look, baby, this fluffy bunny is hopping around in the garden, and these pretty butterflies are fluttering their wings in the bright sunshine.""","""Look at the cute little puppy wagging its tail! Can you say 'puppy'? Puppies are our furry friends who love to play and cuddle.""","""Look at the juicy red apple, sweetie! It's so crunchy and yummy, just like your favorite fruit snack!""","""Look, sweetie, that's your mommy and daddy having a lovely chat with your big brother. They love you very much!""","""Look at the cute bunny, my little friend! Its soft fur makes it so fluffy and adorable, doesn't it?"""
"""Look, sweetie, there's a bird flying up high, with its pretty feathers and wings spread wide, chirping softly for us to hear.""","""Look, sweetie, this fluffy bunny hops around so fast, it's like it's dancing in the grass!""","""Look at the fluffy, friendly dog, sweetie! He's so soft and he loves to play with you, running and barking happily.""","""Look, sweetie, this cute little puppy is wagging its fluffy tail and barking softly. Let's say 'woof woof' together!""","""Look at the smiling faces of our loving family, little one. We are all together, sharing our love and warmth with each other.""","""Look at the cute fluffy dog, sweetie! See how it's wagging its tail, just like how you wave when you're happy!""","""Look at the big house, sweetie! It has a red door, a green roof, and windows that let in lots of sunshine. Let's go explore it together!""","""Look at the fluffy bunny hopping over the grass, sweetie. See how it hops? Can you hop like a bunny too?""","""Look, sweetie, here's a fluffy bunny hopping over the grass. Can you say 'bunny'?""","""Look at the adorable dog, sweetie! It's a furry friend with big, gentle eyes. Isn't it wagging its tail because it's so happy to see you? Let's say 'woof woof' together and pretend we're playing with the","""Look at the lovely family picture, sweetie! That's mommy, daddy, and your big brother. They all love you so much, just like we do.""","""Look, sweetie, there's a big, shiny car! It has four wheels and the driver sits inside. It's taking us on a fun ride to the park!""","""Look at all these fun toys, sweetie! This cute teddy bear can hug you, and this shiny car can zoom down the road. Let's play together and make our playtime magical!""","""Hey sweetie, guess what? Mommy and Daddy are our superheroes who always love and protect us. Just like superheroes, we're a team that shares our smiles and stories together!""","""Look at that beautiful bird with its bright feathers! The bird is flying high in the sky, singing sweet songs for us to enjoy. Isn't it amazing how it can soar and sing all at once? Birds are so special, aren't they?""","""Look, sweetie, there's a bird! The bird is chirping and flying high in the sky, and it has beautiful feathers.""","""Look, sweetie, we're going to the house! It's a big, comfy place where we sleep, eat yummy food, and play fun games with mommy and daddy!""","""Look, sweetie, this is mommy and daddy, and these are your big brother and sister!""","""Look at all these wonderful toys! This big, soft teddy bear is perfect for hugging, and those colorful blocks can help you build a tall tower!""","""Look at that beautiful bird, sweetie! It has bright feathers and a cute little beak. Can you say bird?""","""Look at the shiny, soft teddy bear! It's time to play and make our teddy bear smile. Can we press the button to make it jump?""","""Look at the big, comfy house where we sleep at night, sweetie. It's filled with lovely rooms, a cozy kitchen, and even a big yard with fun things to play on!""","""Hey sweetie, let's talk about the big red car that takes us on fun rides. The car has four wheels, a roof, and a steering wheel that helps the driver go wherever they want to go. We sit inside and buckle up for safety. Isn't it","""Look at the cute little bunny, hopping around with its soft fur. Want to say 'bunny' with me?""","""Look at the cute, fluffy bunny hopping around! Do you see how fast it's hopping? It's like the bunny is dancing on the grass!""","""Sweetie, look at this yummy banana! It's as yellow as the sun and as sweet as a honeybee's favorite flower!""","""Hey sweetie, mommy and daddy are your family, just like mommy and daddy in our family book. We love you so much!""","""Look, sweetie, that fluffy bunny is hopping around the meadow. See how it's using its long ears to listen for any sounds of danger?"""
"""Look at the pretty birdie, sweetie! It has feathers and wings, and it's singing a lovely song. Isn't it amazing how the bird can fly so high up in the sky? Isn't it wonderful, my little one?""","""Look, sweetie, see the fluffy bunny hopping in the garden? Bunnies are cute little animals with soft fur!""","""Look at the puppy, sweetie! It's a little, fluffy ball of joy, wagging its tail and barking softly. Isn't it the cutest thing ever? Can you say 'puppy'?""","""Look at the fluffy bunny hopping around, little one! Can you see how soft its fur is?""","""Look, sweetie, mommy and daddy are your family, and they love you so much!""","""Look at the cute little puppy! It's so soft and fluffy, let's say hello to the puppy, sweetie!""","""Look at our beautiful house, sweetie! It's where we all live together, safe and sound. See the big windows? They let in lots of sunshine. And those walls, they keep us warm and cozy. Our house is a special place, just for us!""","""Look at the bunny hopping! Can you hop like a bunny too? Hoppity hop!""","""Look at the fluffy bunny hopping over the flowers. Bunny is so soft and cute, isn't it? The bunny says 'hop, hop, hop' when it wants to play.""","""Look at the fluffy dog wagging its tail happily, little buddy! The dog is a big, friendly friend who loves to play and cuddle with us!""","""Look at our family, sweetie! Mommy and Daddy, your big brother Alex, and me are all together, just like the blocks you stack!""","""Look at the bright red car, sweetie! It has shiny wheels and lovely color! Shall we pretend to drive it together? Wow, it's moving fast!""","""Look at all these fun toys, little buddy! Which one do you want to play with first, the soft teddy bear or the shiny, colorful blocks?""","""Hey there, sweetie! You know, mommy and daddy are your family, and they love you so much. Just like how we all hold hands and walk together on the carpet, mommy and daddy are always there to help and hug you when you need it.""","""Look at that beautiful bird! It has feathers, a beak, and it can sing really sweet songs for us.""","""Look, sweetie, there's a pretty bird with colorful feathers flying high in the sky. Its wings are spread wide, and it's singing a lovely song for us to hear. Isn't it amazing how it can fly and sing at the same time?""","""Look, sweetie, we're going to the big, cozy house where Mommy and Daddy live, with lots of rooms to play in, a comfy bed to sleep in, and yummy food to eat!""","""Oh, sweetie, today we're going to tell everyone about our family, like our mommy, daddy, and all your big brother and sisters. They love you very much!""","""Come here, little buddy! Look at all these fun toys! Let's pick the softest teddy bear and the shiniest ball to play with together!""","""Look at the pretty birdie! It has feathers like a rainbow and can fly high up in the sky. Isn't it so fun to watch?""","""Look at those bright, fun toys! Let's pick our favorite one and play together!""","""Come here, sweetie, let's go to our cozy house where we have a lovely room with your favorite toys and your soft, comfy bed to snuggle into!""","""Hey there, little buddy! Look at the big, shiny car zooming by with a loud rumble. It's a car, and it helps people go from one place to another, just like when we go for a fun ride in our family car. Isn't it exciting to","""Look, sweetie, see the fluffy bunny hopping over? It's a bunny, and bunnies love to hop and eat carrots. Let's watch the bunny together!""","""Look at the fluffy bunny hopping over the grass, it's so cute!""","""Look at the yummy, colorful fruits and vegetables, little one! They're like rainbows on our plate, and they'll help us grow strong and healthy!""","""Hey there, little buddy! You know, mommy and daddy are the best, and they love you so much. We're a big family, and we all love to play and have fun together!""","""Look at that cute puppy wagging its tail, sweetie! It's so soft and fluffy, just like the clouds in the sky. Do you want to pat it gently like we do with mommy's soft blanket?"""
"""Look at that beautiful bird, sweetie! It has feathers, chirps, and flies so high up in the sky. Isn't it a pretty little birdie?""","""Look at the kitty cat, little one! The kitty cat is soft and furry, with paws like little mittens. Want to say 'meow' with me?""","""Look at the fluffy dog, little one! He's wagging his tail and loves to play with you. Isn't he so cute and friendly?""","""Look at the fluffy bunny hopping over the grass, little one! Isn't it cute?""","""Look, sweetie, those are mommy and daddy, and that's your big brother or sister, and they love you very much!""","""Look at the cute fluffy dog! The dog is wagging its tail because it's so happy to see you. Can you say 'woof woof' with me?""","""Look at the big, red fire truck outside! Isn't it super strong and brave, just like you are when you're at home, safe and sound in our lovely house?""","""Look at the fluffy bunny hopping over the grass, little one! The bunny is playing with the butterflies and chasing the yellow duck. Isn't that a fun game?""","""Look at the cute bunny, my little one! See how it hops and jumps? Bunnies love to eat carrots and hop around in the meadow.""","""Look at that cute, furry dog wagging its tail! The dog is running fast, isn't it? Oh, the dog's name is Buddy, and he's super friendly. Can you say 'woof' like a dog?""","""Look at mommy and daddy, sweetie! They're your family. They love you so much, just like I do.""","""Look, sweetie, a big, red car! See how it's moving, wheels turning and turning? It's taking a ride, zooming along the street. Can you say 'car'? Great job! Let's wave to the car together.""","""Look at all the colorful toys, sweetie! Would you like to pick your favorite one to play with?""","""Look at the family, sweetie! We have Mommy, Daddy, your big brother, and me, all together like a little team.""","""Look at that pretty bird up in the sky, sweetie! See how it's flapping its wings and flying around? It's like it's dancing in the air, isn't it fun?""","""Look at the pretty bird, sweetie! The bird is singing and flying high in the sky. Isn't that fun to watch?""","""Hey there, little buddy! Let's go look at the pretty house with the big windows and the cozy fireplace. Can you see the red door? We can knock on it together and say hello to our friends!""","""Come here, sweetie! Let's sit together with mommy and daddy, and hug your big sister, sweetie. We all love you so much!""","""Look at these bright, colorful toys! Can you grab the red truck and push it along the carpet?""","""Look at the little birdie, sweetie! It's so tiny and chirpy, with beautiful feathers. Isn't it lovely? Birds are such wonderful creatures, singing sweet songs to brighten our day.""","""Look at these bright, colorful toys, sweetheart! The red ball bounces high, the yellow truck goes vroom, and the soft, fuzzy bear cuddles when you hug it.""","""Look at the big, beautiful house we live in! The roof is so red like a tomato and it has lots of windows to let the sunshine in. Let's go inside and see the pretty walls and soft carpet where we can play and have fun together!""","""Look at that shiny red car, sweetie! It's a big, beautiful car that goes 'vroom-vroom' when we turn the key, just like the toy car we play with every day!""","""Look at the fluffy bunny hopping through the meadow, let's say 'hopping' together. The bunny is so fast, and it's a fun word to learn, isn't it?""","""Look, sweetie, there's a cute little bunny hopping by! Bunnies love to eat carrots, and they're fluffy like a big, soft pillow. Can you say 'bunny'?""","""Look at the yummy, colorful vegetables! They are good for you and make you strong, just like superheroes!""","""Listen, sweetie, this is your mommy and daddy, they love you so much, just like how we love you! Your mommy makes you yummy breakfast and takes you to the park, and your daddy plays with you and reads you bedtime stories.""","""Look at the cute little kitten, sweetie! She's so soft and fluffy, isn't she? Kittens are tiny, playful pets that like to purr and cuddle with us."""
"""Look at that beautiful little birdie, sweetie! The bird is flying high up in the sky with its wings spread wide, and it's singing a lovely song just for you. Isn't that adorable?""","""Look at the cute puppy with the soft fur, little one. It wags its tail and loves to play with toys!""","""Look at the cute fluffy dog! Woof woof! He's wagging his tail because he's happy!""","""Look at the fluffy bunny hopping by! See how the little rabbit jumps and hops? The bunny's ears are long, and it likes to eat green grass.""","""Look, sweetie, these are your family members! Your mommy loves you, and she's right here with you. Your daddy is a strong and caring man who takes care of you too. Your grandma and grandpa are here, and they are super smart. These are your c","""Look at the cute dog, little one! The dog is wagging its tail and barking happily, isn't it fun?""","""Look, sweetie, this is your home! These are your cozy bed, your yummy kitchen, and these lovely rooms where you play and explore. Isn't it amazing? Let's go inside and make our house even more fun!""","""Look at the fluffy bunny hopping around, little one. See how the bunny hops? Just like when we hop together on the floor!""","""Look at the fluffy bunny hopping over the grass, little one! Can you say 'bunny'? Bunny's so soft and cute, just like your favorite stuffed toy.""","""Look at the cute little dog, sweetie! It's a furry friend that wags its tail when it's happy. See how it runs and plays with its toys?""","""Look at us, sweetie! We are your family, and we love you very much. Mommy and Daddy are here, and we're your mommy and daddy.""","""Look at the shiny, red car, sweetie! It's big like a toy truck and it goes 'vroom-vroom' when it drives by. Isn't that fun?""","""Look at these fun toys, little buddy! There are colorful blocks to stack, soft teddy bears to cuddle, and a shiny toy car to drive around. Let's play and enjoy together!""","""Look at our family, sweetie! We're all a special group of people. Mommy and Daddy love you so much, and we're always here for you. Let's give everyone a big hug!""","""Look, sweetie, that's a beautiful bird with colorful feathers! It's singing a lovely song for us to hear. Want to see if we can spot more birds in the sky?""","""Look at the beautiful birdie, sweetie! It's singing a lovely song for us. Isn't it wonderful to see?""","""Look, sweetie, we're inside our cozy house where we live and play! This is where Mommy and Daddy love to make yummy snacks and read us fun stories before bedtime.""","""Look at our family, sweetie! We're a big, happy team, just like a superhero squad. We love and protect each other, just like superheroes do. Our family is the best!""","""Look at all these colorful toys, sweetie! Can you find the soft teddy bear for our friend to snuggle with?""","""Look at the beautiful bird with its big, round eyes and soft feathers. It's singing a lovely song for us to hear!""","""Look at the pretty dolls, sweetie! Want to play with them together?""","""Look at our lovely home, sweetie! It's warm and safe, with cozy rooms and pretty walls. This is where we all love to play and rest.""","""Look at the big, shiny car, little buddy! It has four wheels and can take us on fun rides around the neighborhood.""","""Look at the fluffy bunny hopping over the green grass, little one! Bunnies love to eat carrots and hop around.""","""Look at the fluffy bunny hopping around, it's so cute and soft, just like your teddy bear!""","""Look at these yummy little carrots! They're orange and crunchy, and they taste so sweet and healthy! We're going to eat some with our dinner tonight. Yum!""","""Look at mommy and daddy, sweetie, they're your family. They love you very much and they always take care of you.""","""Look at that cute little puppy, sweetie! It's a dog, and it's wagging its tail because it's happy. Let's go give it a gentle pat!"""
"""Look at the pretty birdie with its fluffy feathers and beak, sweetie! It's singing a lovely song for you to hear.""","""Look at the cute, little puppy! Woof woof, little one! The puppy is very friendly, just like mommy and daddy.""","""Look at the fluffy, happy dog with the floppy ears! See how it wags its tail when it's excited? Dogs are our furry, friendly friends who love to play and cuddle!""","""Look at the cute puppy! It's bouncing around, and its fur is soft and fluffy. Want to pet the puppy gently?""","""Look at mommy, baby! Mommy loves you so much. Daddy and mommy are your family and they always want the best for you.""","""Look at the cute little puppy, sweetie! Want to pet it gently? Puppies are so soft and fluffy, like a big, furry teddy bear!""","""Look, sweetie, there's a big, cozy house with a red roof, a green door, and a white picket fence! Let's go inside and find the softest bed for a nap.""","""Look at the puppy, sweetie! It's a furry, cute little dog that wags its tail when it's happy. Let's watch it play with its toy.""","""Look at the fluffy bunny hopping around, little buddy! Isn't it funny how it hops and makes little bouncy noises?""","""Look at that cute dog, sweetie! He's a big, fluffy puppy with soft fur and a waggy tail. Isn't he adorable? Let's go say hello and give him a gentle pat.""","""Hey there, sweetie! Look at your big brother, he's playing with your favorite toy. And your big sister, she's sharing her juice with you. Isn't your family so lovely and kind?""","""Look at the shiny, red car zooming by, little buddy! It's going so fast, just like a super-fast race car!""","""Look, sweetie, here's your favorite truck. Want to give it a big push and watch it zoom across the floor? Let's make some fun noises with it!""","""Look at mommy and daddy, they're a happy family, just like you are with us!""","""Look at that beautiful bird up in the sky! See how it's waving its wings with such grace? It's called a robin, little buddy, and it loves to eat bugs and fruits. Isn't it fascinating how it can fly so high and sing such sweet","""Look at the beautiful bird, sweetie! It's flapping its wings and flying high up in the sky. Isn't that amazing?""","""Come here, sweetie! Let's count the pretty windows in our house. One, two, three. See? There are three windows!""","""Come here, sweetie! Look at your family, your mommy, your daddy, your little brother/sister, and all of your loving relatives. You're a part of our big, happy family!""","""Look at all these fun toys, sweetie! Want to play with the colorful blocks or the soft teddy bear? Let's pick one and have a great playtime together!""","""Look at that beautiful birdie! It's flapping its wings and singing a lovely song. Isn't it so cute with its colorful feathers?""","""Look at all the colorful toys, sweetie! Can we pick your favorite one and play together?""","""Come here, sweetie! Let's explore the house together. Look at the pretty flowers in the garden, and let's go inside where it's warm and cozy. See the blue kitchen sink where we wash our hands before eating yummy snacks? Oh, and let's","""Look at the big, shiny car, sweetie! It's a red fire truck with a loud siren that goes 'Woo-woo-woo' to help people when they're in trouble. Isn't it cool? The fire truck has a long ladder to","""Look at that fluffy bunny hopping around, little buddy! It's so cute with its tiny ears and soft fur.""","""Look, sweetie, do you see that fluffy bunny hopping around? It's a bunny! Bunnies love to hop and eat carrots, just like in our cartoons.""","""Yummy yummy, sweetie pie! Here's your banana. Crunchy crunchy, let's eat the carrot. Tasty tasty, mmm, this apple is so yummy!""","""Hey sweetie, mommy and daddy are your best friends, and we all love you so much. You have a little brother or sister, and we play and laugh together as a family!""","""Look at the cute, fluffy kitty, sweetie! She's a tiny little kitten who loves to play and purr."""
"""Look at the pretty birdie outside, sweetie! It's flapping its wings and singing a lovely song for us to hear!""","""Look, sweetie, this little bunny is hopping around. It's fluffy and soft. Bunnies love to eat carrots, don't they?""","""Look at the cute little dog, sweetie! That's a puppy. Can you say 'puppy'? Woof woof!""","""Look at the cute little bunny hopping around, sweetie! Can you see the fluffy bunny? Hopping, hopping!""","""Look at you, sweetie! You're my tiny bundle of joy, and I'm your mommy. Your big brother is playing too, and your little sister is smiling at you. We're a family, and we all love you so much!""","""Look at the cute little puppy, sweetie! He's wagging his tail because he's super happy and wants to play with us!""","""Look at the big, beautiful house, sweetie! It has a red door, blue windows, and a green roof. Let's touch the soft carpet inside and count all the cute toys on the shelves.""","""Look at the puppy, sweetie! It's so cute and fluffy. Can you say 'puppy'? Pee-puppy!""","""Look at the fluffy bunny hopping around, little one! Bunnies are soft and cuddly, just like a pillow.""","""Look at the cute little puppy, sweetie! He's a fluffy dog and he loves to wag his tail when you pet him gently.""","""Look, sweetie, Mommy and Daddy are your family, and we all love you so much, just like how you love your favorite stuffed bear, Teddy.""","""Look at the big, shiny red car! It's zooming by on the road, and the wheels are turning. The car's engine is roaring like a big, friendly lion. It's a fast car, isn't it? Let's wave and smile at the","""Come here, sweetie, let's play with your favorite blocks, you can build a big castle!""","""Look at the smiling faces of our lovely family, sweetie! We have mommy and daddy, your adorable big brother, and your special aunt and uncle. Let's hug everyone tight and enjoy our beautiful family time together!""","""Look at the bird, sweetie! It's so pretty with its colorful feathers and it's singing a lovely song. The bird is flying high in the sky, waving at us with its little wings.""","""Look, sweetie, there's a beautiful bird with colorful feathers! It's singing a lovely song. Let's watch it together.""","""Come here, sweetie! Let's play in our cozy home, where we have a big, comfy bed to sleep, a yummy kitchen for making tasty treats, and fun rooms to explore and play in!""","""Hey sweetie, look at our family picture! Mommy, Daddy, and you are all together, smiling big and happy. We love each other very much, just like your friends at school!""","""Look at those colorful building blocks, sweetie! Can you find the yellow one? Let's stack them together!""","""Look at that beautiful birdie! It's chirping and singing with its tiny, colorful wings flapping up and down.""","""Look at all these colorful toys! Which one do you want to play with, little buddy?""","""Look at our cozy, warm house where we all play and sleep, sweetie. The walls are painted with bright colors and the windows let the sunshine in to make it feel even happier. Inside, we have soft beds, yummy food, and lots of love to make you feel safe","""Look at that big, red car, sweetie! It has four wheels and looks like it's going to take you on a fun ride!""","""Look at the big, fluffy bunny hopping by, little buddy! Isn't it so soft and cute?""","""Look, little one, that's a fluffy bunny hopping around, and that's a big, friendly elephant!""","""Yummy, yummy, sweet apple! Eat it up, hungry tummy! You're going to be strong and healthy, sweetie!""","""Hey sweetie, look at our family! We have mommy, daddy, and little siblings! They love you and always make you feel safe and happy.""","""Look, little buddy, there's a fluffy bunny hopping over to the big, green grass. Want to count how many bunny friends we can find?"""
"""Look at the lovely, big family picture with mommy, daddy, grandma, grandpa, and little sister/brother, all smiling and hugging each other.""","""Look, sweetie, this big, shiny car is parked right here. Can you say 'car'? This car is so cool and fun, just like our little car!""","""Look, sweetie, there's a beautiful bird singing a lovely song. Its feathers are so pretty, with colors like the brightest rainbow.""","""Look at the shiny car, sweetie! See how it goes 'vroom vroom' when it drives? Let's say 'car' together, 'car'!""","""Yummy! Look at these bright, tasty little carrots! They're not just colorful, but they're also super good for your eyes, honey. Let's eat them together!""","""Come here, sweetie! Let's explore the big house with lots of colorful rooms and a cozy bed for sleeping.""","""Yummy, little one! Look at these juicy, bright red apples. They're sweet and crunchy, perfect for your big, strong teeth. You can take small bites, just like this!""","""Look at the fluffy, soft cat! The cat has soft fur and big, round eyes. The cat can purr and cuddle with you, isn't that wonderful?""","""Look, sweetie! There's a beautiful bird with feathers that are all blue and white. It's singing a lovely song just for us to hear. Can you say 'bird'? Yes, that's right! A bird is our friend in the sky.""","""Look at those yummy, bright red tomatoes, sweetie! They're ready to go on your sandwich and make it extra tasty!""","""Look, sweetie, there's a big, red car! It's shiny and has four wheels. The car is going to drive by and honk its horn. Isn't it fun to watch the car go fast and slow?""","""Look at all these wonderful toys! We have big teddy bears, soft blocks, and colorful cars. Let's play with them together!""","""Look at the fluffy bunny hopping around the garden! Isn't it so cute and soft to touch?""","""Look at all the soft, fluffy teddy bears! They're waiting for you to give them a big, loving hug and play with them.""","""Look at the cute little dog! He's so fluffy and playful, and he's wagging his tail because he loves you!""","""Look at the fluffy bunny hopping around, it's so soft and cute, isn't it?""","""Look, sweetie, do you see the fluffy bunny hopping around? It's so soft and cute, just like a pillow! The bunny is called a rabbit, and it loves to eat carrots. Can you say 'rabbit'?","""Look, sweetie, there's a beautiful bird with feathers, a beak, and it's flying in the sky. Its name is a chirpy little chickadee!""","""Look at the big, shiny car! It has four wheels, just like the toy car. Let's pretend to drive it and go on a fun adventure!""","""Look at the fluffy, cute cat, sweetie! The cat is purring and cuddling up to the soft, warm blanket. Isn't the cat so adorable?""","""Look at that beautiful bird, sweetie! It has a big, round head and feathers that are as soft as your fluffy blanket. The bird is flying high in the sky, just like when we fly our kite together!""","""Oh, look at those fluffy teddy bears and the bright, bouncy ball! Would you like to pick one out and play with it together?""","""Look, sweetie, that's a car! It's a big, red toy car that goes 'vroom-vroom' when you press its pedals, just like a real car. It has four wheels, just like our bicycle, and it's very fast!""","""Look at the beautiful bird! It has feathers that are soft and colorful. Its wings are strong and help it fly high in the sky.""","""Hey sweetie, let's go explore our cozy home, where our favorite toys are waiting for us in the colorful playroom, and mommy and daddy are snuggled in the big, comfy bed, ready to read us our favorite bedtime stories!""","""Yummy, sweetie! Look at these juicy, ripe strawberries. They are red and soft. Let's take a little bite, but be careful not to bite your fingers, okay?""","""Look at the big, shiny car, sweetie! It's red like your favorite candy. The car will take us on a fun ride down the bumpy road, and you can sit in the big, comfy seat. Isn't that exciting?""","""Look, sweetie, there's a fluffy, wiggly dog! He's a friendly pup who loves to play fetch and snuggle."""
"""Look at us, little one! We are a family, and we love each other very much. Mommy and Daddy are your parents, and they will always take care of you.""","""Look at the big, shiny car, sweetie! It has four wheels and goes zoom zoom down the street.""","""Look at the beautiful bird, sweetie! See how it flaps its wings and flies up high in the sky, just like when we fly our toy airplane together!""","""Look at the big, red car, sweetie! It's shiny and zooming down the street, going 'vroom'! Can you say 'car'?""","""Look, little one, here's your yummy apple, so crunchy and sweet. Eat it up, it's good for you!""","""Hey there, little buddy! Look at our cozy house with its blue roof, it's like a big, warm hug from your mommy and daddy. Let's go inside where we can see the pretty flowers and play with your toys!""","""Look at these big, yummy carrots! They're orange and crunchy. Let's try some carrot juice, it's so sweet and yummy!""","""Look at the cute little kitty cat! Its fur is so soft and fluffy, and it's purring just for you, my sweet baby. Cats are cuddly pets, and they love to play with you, don't they? Let's go","""Look at that pretty birdie! It's flapping its wings and chirping like a little songbird. Isn't it lovely? Can you see how it's moving its wings up and down? Let's try to make our own wings and dance like it!""","""Look, sweetie, we have yummy apple slices! Yummy, yummy!""","""Look at the bright red car, sweetie! It's going to take us on a fun ride around the neighborhood!""","""Look at the colorful toys, little buddy! Let's play with the soft teddy bear and the bouncy ball.""","""Look at that cute puppy, sweetie! It's wagging its tail to show it's happy, just like when we smile!""","""Look at these fun toys! The soft teddy bear feels cuddly, and the colorful blocks stack up like a tower. Let's play together!""","""Look at the fluffy, friendly dog wagging his tail! He's a cute little pup who loves to play and snuggle with us.""","""Look at the fluffy bunny hopping around, little buddy! The bunny is eating carrots and looking for a cozy burrow to sleep in tonight!""","""Look at the puppy, little one! It's wagging its fluffy tail and loves to play fetch. Let's go pet it gently and watch it run around.""","""Look at that beautiful bird with its bright feathers! It's flapping its wings and singing a lovely song for us to hear!""","""Look at the shiny, red car! It's going fast and making a loud 'vroom' sound. See how it has wheels that help it move smoothly on the road? The car has a roof to protect us from the sun, and big, round tires to roll on the ground","""Look at the fluffy cat, little one! Its fur is soft like a cloud, and it's purring because it's happy and content.""","""Look at the bird! It's a beautiful blue bird with bright feathers. See how it's hopping around? Want to try and mimic the bird's hop?""","""Oh look, sweetie, your favorite toy cars are right here. Let's see which one you want to play with first!""","""Look at the big, shiny car, sweetie! It's so big and bright, like your favorite toy. The wheels help it roll smoothly on the road, just like how your little legs help you run and play!""","""Look at that beautiful bird up high in the sky, sweetie! It's singing a lovely song just for us to hear.""","""Come here, sweetie! Let's go look at our lovely, cozy house. Look at the pretty flowers in our garden and the big, friendly dog. We have a big, comfy bed to sleep in and yummy food to eat. Isn't our house wonderful?""","""Look at the juicy red tomato, sweetie! It's yummy and good for your tummy.""","""Look, sweetie, this big, shiny car has wheels that roll on the road, and it takes us to fun places. Can you say 'car'? Yes, that's right, 'car'! This car can go fast and slow, but always safely.""","""Look at the cute puppy, sweetie! The fluffy little dog is wagging its tail because it's happy to see you. See how it's panting and licking its paws? The puppy loves playing with you, and it wants to give you"
"""Look, baby, sweetie! It's your mommy and daddy holding you. They love you so much and will always be here for you, just like your favorite stuffed toy.""","""Look at the big red car, sweetie! It's zooming down the street, going vroom vroom!""","""Look at the beautiful birdie with its big, bright feathers! See how it hops and flaps its wings so high up in the sky? Birds are so fun to watch, aren't they, little one?""","""Look, sweetie, that's a big red car! It has four wheels and makes a funny noise when you honk it. Do you like the car?""","""Look at these yummy carrots, sweetie! They're orange and crunchy, and they taste so good!""","""Come here, little one! Let's go see the pretty house with the big, blue door and the colorful flowers in the garden. Want to take a big hug from mommy or daddy when we're inside?""","""Look at the juicy, red apple, sweetie! Crunch, crunch, crunch when you eat it!""","""Look at the fluffy, cute cat! It's soft and cuddly, just like a little kitty friend for you to pet and play with!""","""Look, sweetie, there's a beautiful bird flying in the sky! Its feathers are so colorful, like a rainbow. Can you say 'bird'?""","""Look, sweetie, here's your yummy apple. Crunchy and juicy, just the right size for you to eat.""","""Look at the big red car! It has four wheels and makes a 'vroom' sound when it goes fast. Want to count how many wheels there are with me?""","""Look at the pretty, colorful blocks, little buddy! Let's stack them together, one on top of the other, and we'll build a tall tower. Ready to put one on the floor?""","""Look at the playful puppy, sweetie! It's wagging its fluffy tail and running around like a little ball of joy!""","""Look at all these fun toys, sweetie! This fluffy teddy bear can give you a big, cozy hug, and this bright, colorful building block set can help you make a big, beautiful tower!""","""Look at that adorable fluffy dog! See how he's wagging his tail and wants to play? Let's go say hi and give him a gentle pat on the head.""","""Look at the fluffy bunny hopping around, little one! It's soft and hops really high, just like your favorite stuffed animal!""","""Look at that cute, fluffy bunny hopping around, little buddy. Can you hear its soft, gentle hops? The bunny is playing in the meadow, munching on the fresh green grass. Isn't it just the cutest thing you've ever","""Look, sweetie, a beautiful bird with colorful feathers is flying in the sky. Can you say 'bird'? Wow, you're so smart!""","""Hey there, little buddy! Look at that big, shiny car zooming by. It's like a rocket going down the road. Isn't it fun to watch the wheels spin and make a 'vroom vroom' sound? That's what cars do when they go","""Look at the fluffy, cute kitty, little one! The cat's fur is as soft as your favorite blanket. Isn't it paw-some?""","""Look at the pretty birdie, sweetie! It's singing a lovely song and flying high in the sky, just like you.""","""Look at all these fun toys! Let's pick a colorful ball and bounce it together. Isn't it pretty?""","""Look at that big, red car zooming by, little buddy! Can you say 'car'? Let's try saying it together. Ready? Car!""","""Look, sweetie, there's a little birdie in the sky. Its wings are so pretty, like a bright yellow rainbow!""","""Hey there, sweetie! Come look at our cozy house, where we have a big, comfy bed, colorful toys, and yummy snacks. Isn't it wonderful to be in our lovely home?""","""Look, sweetie, this is a yummy carrot, crunchy and orange, perfect for you to help mama peel and eat!""","""Look, sweetie, that's a big red car! It has shiny wheels and a bumpy trunk. Isn't it fun to imagine taking a ride in the car, going on an adventure?""","""Look, sweetie! That's a big, fluffy dog. He's wagging his tail because he's happy to see you. Dogs are our best furry friends and they love to play and cuddle with us. Isn't he cute?"""
"""Look at mommy and daddy, they're our loving family, and they always take care of us, sweetie!""","""Look at the bright red car, sweetie! It's so shiny and fast, zooming by like a little race car!""","""Look at the bird, sweetie! It's a pretty little bird with bright feathers and a chirpy song.""","""Look, sweetie, that big yellow car is zooming down the street. Want to wave at it?""","""Yummy apple! Crunch crunch. Eat up, sweetie, it's so good for you!""","""Come here, sweetie! Look at the big, comfy house we live in. It's so warm and safe. Let's go inside and see the pretty flowers on the porch!""","""Look at the yummy banana, sweetie! This banana is ripe and ready to be peeled and eaten by you. Yum, yum!""","""Look at the cute kitty, little one! See how it purrs and plays with yarn. Isn't that a fluffy and friendly feline friend?""","""Look, sweetie, a bird! The bird is singing a beautiful song. See how it flaps its wings and soars in the sky. Isn't it amazing?""","""Look at the yummy-looking apple, sweetie! It's so red and round, just like a little fireball. Let's take a bite and taste how crunchy and juicy it is!""","""Look at the big, shiny car! The car goes vroom-vroom when we press the pedal. Want to pretend to drive it with me?""","""Look at all these fun toys, sweetie! Your favorite teddy bear is waiting for you, and your blocks are ready to build a tall tower together!""","""Look at the cute little puppy, sweetie! It's a dog, just like the one you love to play with. Let's watch it wag its tail and go for a walk together!""","""Look at all the colorful toys! Want to pick one to play with now, sweetie?""","""Look, sweetie, there's a furry dog! See how it's wagging its fluffy tail because it's so happy to see you. Can we say 'woof woof' together when it barks?""","""Look at the fluffy bunny hopping over the flowers. Bunny is so cute and soft, isn't it?""","""Look at the big, fluffy bunny hopping around in the garden, little buddy! Can you say 'bunny'? The bunny is so happy to hop around and play!""","""Look at that beautiful bird with its colorful feathers and funny beak! It's singing a lovely song for us to enjoy.""","""Look, sweetie, this is a car! It has four wheels and makes a 'vroom vroom' sound when it goes fast. Would you like to see it go by again?""","""Look at the fluffy kitty, little one! This is a cat, and it has soft fur, loves to play, and purrs when it's happy!""","""Look at the big, beautiful bird with feathers that are as blue as the sky! Can you say 'bird'? That's right, let's say 'bird' together and watch it fly high, just like you're flying in your imagination!""","""Come here, sweetie! Look at all these wonderful toys! You can pretend to be a superhero with the action figures, or build a big castle with the blocks. Which one would you like to play with first?""","""Look at the big red car! It's so shiny and fast, just like a rocket! Can you say 'car'?""","""Look, sweetie, that's a beautiful bird with feathers all colorful like your favorite crayons! Birds are small, chirpy animals that fly high up in the sky.""","""Hey sweetie, look at our cozy house with a big, blue door, soft carpets, and colorful walls. Let's count the windows and draw a smiley face on our favorite spot!""","""Yummy, yummy, it's time for your favorite mmm-mommy's cooked-up yummy yummy yummy!""","""Come here, sweetie! Look at this big, shiny car. See how it has four wheels and a roof to protect you from the sun. Isn't it pretty? I'll tell you a story about cars next time, and we can pretend to drive one together!""","""Look at the cute puppy, little buddy! The puppy has soft, fluffy fur and bouncy, wiggly ears. Its tail is wagging so happily because it loves playing fetch with you."""
"""Hey sweetie, look at those beautiful smiling faces! Mommy and Daddy love you so much. You're part of our big happy family!""","""Look at the bright red car, sweetie! It goes vroom-vroom when it moves. The car has four wheels and windows to see out. It's fun to watch the car go up and down the street.""","""Look, sweetie, there's a bird! It's a pretty little birdie, isn't it? Birdie's flapping its wings and flying high in the sky.""","""Look at the big red car, sweetie! It's going to take us for a ride. Wow, isn't it shiny? Let's say 'car' together.""","""Look, sweetie, we have yummy apples and bananas on the plate for you to eat and make your tummy happy!""","""Look at the pretty house, sweetie! It's big and has lots of rooms where we all sleep and play. Can you say 'house'? Let's pretend to touch the walls together. It's so soft and snug!""","""Look at the yummy carrots! They're orange and crunchy, just like tiny, delicious crunchy snacks!""","""Look at the fluffy cat, little one! See how it's purring and playing with its yarn ball. Isn't it the softest fur you've ever seen?""","""Look at the beautiful bird, sweetie! It's fluffy and singing a lovely song, just for you!""","""Look, sweetie, we're eating yummy carrots! They're orange and crunchy. Let's munch on them together!""","""Look at the big, shiny car, sweetie! It has wheels and can take us on fun rides around town. Isn't that exciting?""","""Look at the cute little cars and soft, fluffy teddy bears; let's play together and have fun!""","""Look at the fluffy bunny hopping around, little one! It has soft white fur and big floppy ears. Can you say 'bunny'?""","""Look at those bright, colorful toys over there! Want to play with the soft teddy bear and the funny, bouncy ball?""","""Look at the fluffy dog wagging its tail, sweetie! Can you say 'woof woof' just like it? Let's say it together and make the dog happy!""","""Look at the cute puppy, little buddy! It's barking because it wants to play with you. Let's say 'woof woof' together and give it a gentle pat.""","""Look at the fluffy bunny hopping over the grass, little one! See how it hops with its strong back legs?""","""Look at the pretty birdie, sweetie! It's flapping its wings and singing a lovely song in the sky!""","""Look at the shiny, bright car, sweetie! It has four wheels and goes 'vroom-vroom' when we make it move. Let's wave our hands at the car and say 'hello' to our new friend on the road!""","""Look at the fluffy, cute cat, sweetie! See how it's purring softly? Can you say 'cat'? The cat is so happy to see you!""","""Look at that beautiful birdie with its bright feathers, sweetie! It's flapping its wings up high in the sky, singing a happy song just for you!""","""Oh, look at those bright, colorful blocks! Let's build a tower together, sweetie. We can stack them one on top of the other to make a big, tall tower!""","""Look, sweetie, there's a big, red car driving by! It's zooming down the road, just like a superhero, but instead of a cape, it has wheels!""","""Look at the beautiful bird, sweetie! It's a pretty blue bird with soft feathers. The bird is flying high in the sky, singing a lovely song. Isn't it wonderful?""","""Hey there, little buddy! Look at our cozy, colorful home with its bright blue door and yellow sunflowers. Let's go inside and make a yummy snack!""","""Look at the yummy apple, sweetie! Crunch it up and chew it well, so you can grow strong and healthy.""","""Hey sweetie, look at that big, shiny car outside. It's a red car with four wheels and a roof. It goes 'vroom vroom' when someone drives it. Isn't that cool? Let's wave at the driver with our hands!""","""Look at the fluffy dog, sweetie! See how it's wagging its tail and smiling at you. Isn't it a cute, cuddly furry friend?"""
"""Look at the smiling family, sweetheart! This is mommy, daddy, and little brother/sister. They love you very much and want to see you smile, too!""","""Look at the big, red car! Wheels go 'vroom' when it moves fast, sweetie. The car's windows are like your eyes, they help you see outside. Isn't it fun to watch cars zoom by on the road?""","""Look at the pretty birdie in the sky, sweetie! It's singing a lovely song with its tiny beak. Want to say 'birdie' with me?""","""Look at the shiny car, my little one! It's so bright and fast, zooming down the street. Isn't it exciting? Let's giggle and clap our hands as we watch it go by.""","""Look at those yummy, colorful fruits and vegetables! They taste so sweet and juicy. Would you like to try some, little one?""","""Hey, sweetie! Come here, let's see the pretty blue house with the red roof and the big green door, okay?""","""Look at those yummy, ripe, juicy strawberries! Can you say 'strawberries'? They're so sweet and red, perfect for making a delicious fruit salad!""","""Look, sweetie, this cute little kitten is playing with a ball of yarn. Isn't it purr-fectly adorable?""","""Look, sweetie, that's a pretty bird with beautiful feathers! Its beak is so cute and it's flying high in the sky. Isn't it amazing how it can flap its wings and soar like a little bird?""","""Yummy apple, sweetie! Take a little bite, you're so strong!""","""Come here, sweetie, look at the big, shiny car! It has wheels that go round and round and makes a 'vroom' sound when it drives by.""","""Look at the colorful balls and stuffed animals, sweetie! Would you like to play with the bouncy ball or hug the teddy bear?""","""Look at the fluffy bunny hopping around the garden, little one! Isn't it hoppy and so cute?""","""Look at those fun toys, sweetie! The red trucks can drive down the road, and the soft teddy bears are ready for a big hug! Let's play and laugh together!""","""Look at the fluffy dog! Wow, it's so soft and cute. Do you want to pet it gently like mommy and daddy do?""","""Look at the puppy, sweetie! It's running fast, and it's so soft and fluffy. The puppy is playing with the ball, and it's so happy!""","""Look at the fluffy bunny hopping over the soft grass, little one. The bunny is so cute and soft, isn't it?""","""Look, sweetie, there's a beautiful bird in the sky! Its feathers are so pretty, with all those colors, like a rainbow! Can you say 'bird'? That's right! Birds like to sing and hop around trees. Isn't it amazing how they can","""Look at the big red car, sweetie! It's so shiny and bright. The car goes vroom-vroom when the driver turns the key. Let's go for a pretend drive, and I'll tell you all about it.""","""Look at the cute, fluffy cat with its big, round eyes and soft fur! Do you see how it's meowing and purring? Let's say 'meow' together and touch the cat gently, sweetie!""","""Look at that beautiful bird, sweetie! It's singing a lovely song and flapping its wings so fast, just like you're waving your arms.""","""Look at all the fun toys, sweetie! Your cars are ready for a big adventure on the play mat, and your blocks are waiting to build a tall tower with you!""","""Look at the big, red car! Can you say 'car'? That's right, car! The car has wheels to go on the road, and it takes us to fun places, like the park or the zoo!""","""Look at that beautiful bird, sweetie! Its feathers are all bright and colorful, like a rainbow in the sky. Listen to the sweet chirping sound it makes. Isn't it lovely?""","""Come here, sweetie! Let's go inside our cozy, warm house, where we have fun and snuggle in our soft beds at night.""","""Look at these yummy, ripe, red apples! They're sweet, crunchy, and perfect for a healthy snack!""","""Look at that big, shiny car, sweetie! It has four wheels and can take us on fun adventures. See how it rolls smoothly on the road? Isn't it exciting?""","""Look at the doggy, little buddy! He's wagging his tail and having so much fun running around with his furry friends. Isn't he the most cute, fluffy, and friendly dog you've ever seen?"""
"""Look at us, sweetie! We're a big, happy family together. Mommy and Daddy love you so much, and we're all so lucky to have you.""","""Look at the shiny red car, my sweetie pie! It's zooming down the road, waving to all the people.""","""Look at the beautiful bird, sweetie! It has feathers and can fly high up in the sky. Isn't it so pretty?""","""Look at the big, red car, sweetie! It has four round wheels and can take us on a fun ride to the park!""","""Yummy yummy apple, sweet and crunchy, eat it up, baby!""","""Hey there, little buddy! Look at the pretty house! It has a big red door, windows, and a roof. Inside, there are cozy rooms with comfy beds. Let's go and give it a big hug, okay?""","""Yummy, sweetie, here's a juicy red apple for you! It's so crunchy and yummy, let's eat it together!""","""Look at the fluffy kitty, sweetie! She has soft fur and loves to play with yarn. Isn't she cute? The kitty is purring and cuddling with her ball. Isn't she the cutest kitty you've","""Look, sweetie, there's a beautiful bird with feathers all over its body, chirping a happy tune for us to hear!""","""Look at the yummy apple, sweetie! It's red like a firetruck, and when we eat it, we're helping our tummy grow strong!""","""Look, sweetie, there's a shiny, red car zooming down the street! The car's wheels are like round cookies rolling smoothly. Oh, don't worry, the car's driver is very careful. Isn't it exciting to see the car go vroom","""Look at those bright, shiny blocks! They're perfect for stacking them up high. Let's make a tall tower together!""","""Look at the cute puppy with soft fur, it's wagging its tail because it's so happy to see you, sweetie!""","""Look at all these wonderful toys, sweetie! Let's pick one and play together. What do you want to choose today?""","""Look, sweetie, this is a dog! It's a furry friend who loves to play fetch with us and wag its tail when it's happy!""","""Look, sweetie, see the fluffy bunny hopping and the colorful birds flying in the sky. Isn't it amazing how they play together in the big, beautiful world?""","""Look at the fluffy bunny, hopping happily in the meadow! The bunny has soft fur and big, floppy ears. Isn't it cute? The bunny likes to eat carrots and play with the colorful flowers.""","""Look at the beautiful bird, sweetie! It's singing a lovely song with its pretty feathers.""","""Look at the bright red car, sweetie! It's moving down the street, and the wheels are turning round and round. Isn't it fun to watch?""","""Look, sweetie, this is a cat! See how it's purring and cuddling? Cats are soft and cute, and they like to play with yarn and chase little bugs!""","""Look, sweetie, there's a beautiful bird with feathers, beak, and wings. It's hopping around, making a soft chirping sound. Isn't it lovely? Let's watch it together!""","""Look, sweetie, those colorful toys are waiting for you to play with. You can pretend they're your favorite friends, and we can have so much fun together!""","""Look, sweetie, that's a big, shiny car! It has four wheels, a roof, and windows. It can take us on a fun ride to the park or the zoo. Isn't it wonderful?""","""Look at that beautiful birdie with its pretty feathers! It's singing a lovely song for us to enjoy, isn't it?""","""Come here, sweetie! Let's play house together. See the big yellow chair where mommy sits? And that's the cozy bed where we sleep. The little table is where we eat. We can pretend to be the king and queen of this wonderful house!""","""Look at the juicy, bright red apple, little one! Yummy apples are good for your teeth and tummy!""","""Look at the shiny red car, little buddy! It's going to take us on a fun ride. See how the wheels spin? Wheels help the car move fast and smoothly!""","""Look at that big, fluffy dog, little buddy! Isn't it cute and cuddly? Can you say 'woof woof'? Dogs love to play fetch and go for walks with their furry families."""
"""Hello sweetie, mommy and daddy are here, they're your loving family, and we're all together, snuggled up tight.""","""Look at the big, shiny car! It's so pretty! Want to see it go zoom, sweetie?""","""Look, sweetie, that beautiful bird is flying high up in the sky. See how it's wiggling its wings? Let's say 'bird' together, and watch it fly!""","""Look at the big, shiny car, sweetie! It's red like a firetruck and has wheels to roll on the road, just like the ones we play with in the sandbox!""","""Look at the yummy, colorful veggies! Yum! Want to try some, sweetie?""","""Look at the big, beautiful house we live in, sweetie. It has a blue door and a green garden with lots of pretty flowers. Can you say 'house'? Great job!""","""Look at the yummy, colorful fruits and veggies we're going to eat, little buddy! They're so fresh and tasty, and they'll make you strong and healthy!""","""Look at the cute kitty, sweetie! It's fluffy and purrs when you pet it gently.""","""Look at the little birdie flying high in the sky, chirping sweet songs. Can you see how it's flapping its wings to go up, just like you do when you jump off the couch? Isn't it so fun to watch it swoop and soar?""","""Look, sweetie, we're having yummy peas on our plate today! They're green and crunchy, and they taste so good!""","""Look at the shiny red car, sweetie! It's big and fast, zooming down the street to take us to our favorite places, like the park or the grocery store. Isn't that exciting, little buddy?""","""Come here, little buddy! Look at these bright and bouncy bouncing balls. Can you grab one for me and roll it across the floor? They're super fun to play with, and they'll bounce back up every time you let go!""","""Look at the fluffy bunny hopping through the meadow! It's hoppity-hopping with its soft, white fur and floppy ears!""","""Come here, sweetie! Look at all these wonderful toys! Let's pick the ones that you like best and play together.""","""Look at the cute little puppy, sweetie! It's a dog, and it has soft fur, wagging tail, and loves to play fetch. Dogs are very friendly and can be our best friends.""","""Look at the cute little puppy! He's wagging his tail and wants to play with you.""","""Look at the cute little bunny, hopping around in the garden. Can you say 'bunny'? Hoppity bunnies like to eat carrots and play hide-and-seek.""","""Look at that beautiful bird, sweetie! It has feathers, and it's flying so high up in the sky. Wow, isn't that amazing?""","""Look at the big, red car, sweetie! It's shiny and fast, just like a rocket! Isn't it exciting? Cars go zoom on the roads, and the driver sits inside and drives them safely. Do you see the wheels? They help the car move","""Look at the fluffy, soft, and cute cat. It has soft fur, tiny paws, and big, bright eyes. Can you say 'cat'? The cat meows and likes to play with yarn.""","""Look at the beautiful bird flying in the sky, sweetie! It has feathers and wings, and it's making a lovely sound with its chirp.""","""Look at all these bright, colorful toys! Let's pick one to play with together, okay?""","""Look at the bright red car, sweetie! It's so shiny and cool. Want to go for a ride in the car, just like mommy and daddy?""","""Look at that pretty birdie, sweetie! It has a lovely blue feather and it's singing a sweet little tune, just for you!""","""Come here, sweetie, let's go inside our cozy house, where we have a big, comfy bed, a yummy kitchen for mommy and daddy's food, and lots of lovely rooms to play in!""","""Look at the yummy apple pie! It's so sweet and crispy, just like a little honeybee's snack!""","""Look, sweetie, that big, shiny car is zooming down the road, and it's so fun to watch it go, isn't it? The car has four round wheels, and they spin around really fast to help it move. And do you see how the driver sits inside","""Look at the adorable dog, sweetie! See how he's wagging his fluffy tail and trying to play with you. Let's pet him gently, okay? Dogs are so soft and cuddly, just like a big, furry teddy bear!"""
"""Look, sweetie, this is mommy, she's your mommy, and this is daddy, he's your daddy. We're your family, and we love you so much!""","""Look, sweetie, there's a big, red car! The car goes vroom-vroom when we press its button, and it can take us to fun places!""","""Look at that pretty birdie! It's chirping and fluffy, isn't it? Want to say 'birdie' with me?""","""Look, sweetie! That's a car. The car goes vroom-vroom, and it has four wheels that help it move. Let's go see the car together!""","""Yummy yummy, sweetie! Look at the apple, it's so red and shiny. Let's take a little bite together, okay?""","""Look at the big, yellow sun in the sky, sweetie! Now, see the blue sky? And the pretty white clouds? Can you find the cozy house where mommy and daddy live?""","""Look at the yummy apple, sweetie! Want to take a big bite and feel the juicy crunch?""","""Look at the fluffy cat, little buddy! See how she's purring and cuddling with her kitty friends?""","""Look, sweetie, that little birdie up in the sky is singing a beautiful song, just like a tiny, feathery singer!""","""Look at these yummy, colorful veggies! They're so sweet and crunchy, just like your favorite carrots. Can you help me wash them before we eat them?""","""Look at the shiny car, sweetie! It has wheels that roll on the ground and a big, round tire that helps it go forward. The car's color is so pretty, isn't it?""","""Oh, look at all these fun toys! Can we play with the big, bouncy ball and the soft, fluffy teddy bear together?""","""Look at the bunny, sweetie, it's hopping around in the garden, isn't it fluffy and cute?""","""Oh, look at all these wonderful toys! Let's play with your favorite cars and build a big, tall tower!""","""Look at the fluffy, cute dog, sweetie! The dog has soft fur and wags its tail when it's happy. Let's say 'woof woof' together, darling, just like the dog says hello!""","""Look at the cute little bunny hopping around! Want to hear how it says 'bunny'? It goes 'buh-buh'.""","""Look at the fluffy bunny hopping around in the garden, little one! Isn't it just the softest thing you've ever seen?""","""Look at that beautiful bird up high, sweetie! It has a cute little beak and lovely feathers. Birds are wonderful creatures that fly in the sky, and we can hear their cheerful chirping. Would you like to learn about the different kinds of birds and their songs?""","""Come here, sweetie, let's look at the big, shiny car! The car has four wheels, and when we sit in it, we can go on a fun adventure!""","""Look at the fluffy, cute cat with soft fur and big, friendly eyes. Can you say 'cat'? Meow, meow! The cat is sleeping on the cozy, warm bed. Isn't it a purr-fect spot for a nap?""","""Look at the beautiful bird with feathers, little one! It's singing a sweet song, just like when mommy sings to you.""","""Look at all the pretty toys, sweetie! Let's play with the soft teddy bear and the shiny, colorful blocks!""","""Look at the big red car! It's moving fast on the road. The wheels go 'vroom vroom' when it goes by. Isn't that fun to watch?""","""Look at the little birdie with its pretty feathers! Can you see it? Let's say 'bird' together. Good job! Birds can fly high in the sky and make beautiful sounds.""","""Come here, little buddy! Look at this big house, with a red roof and blue windows. Isn't it a pretty house? Let's go inside and see the cozy living room!""","""Look at the juicy red tomato, sweetie! It's yummy and good for you. We can chop it up and put it on our delicious, healthy sandwich.""","""Look, sweetie! That's a big, shiny car! It has four wheels and goes 'vroom-vroom' when it moves.""","""Look at the cute, fluffy dog wagging its tail! The dog is so friendly and loves to play fetch with you."""
"""Look at mommy and daddy, they're my family, and we love you so much, sweetie.""","""Look, sweetie, there's a big, shiny car outside! It has four round wheels and goes 'vroom vroom' when we turn the key. Isn't it exciting? Let's go outside and see it up close!""","""Look, sweetie, there's a bird flying in the sky! It's so pretty, isn't it? The bird has soft feathers and its wings are flapping gently. Listen to the little chirp it makes.""","""Look at the big, shiny car! See how it rolls and zooms? This is a car, little buddy, and it's for driving and taking us on fun adventures!""","""Look at the yummy, bright orange carrots! They're so crunchy and sweet. Can you try one?""","""Look at the big, beautiful house with the shiny red roof, sweetie! The windows are like little eyes that watch over us, and the door is like a friendly friend waiting for us to say hello!""","""Look at the juicy red apple, sweetie. It's yummy and healthy. Shake it and listen to the crunch, it's a fun sound!""","""Look at the fluffy, cute cat with soft fur! See how it purrs when you pet it? Can you say 'cat'? Meow-meow!""","""Look, sweetie, there's a little birdie up in the sky. It's chirping and flying so high! Isn't it beautiful?""","""Look at this yummy, juicy apple! It's red and crunchy, and it makes your mouth water. We can eat it together and talk about how it feels and tastes.""","""Look at that big, red car! It's going so fast on the road, but it stops when it sees a stop sign, just like when we stop at a red light at home.""","""Look at these colorful toys, sweetie! You can play with the fluffy teddy bear, stack the round blocks, and pop the bubble worm. They're so much fun to play with!""","""Look at the bunny, little one! Bunny's so fluffy and loves to hop around. Do you see how the bunny wiggles its nose?""","""Oh, look at those bright, fluffy teddy bears! They're ready for a big hug and a cuddle. Want to give them a gentle pat?""","""Look, sweetie, there's a cute puppy! It's wagging its tail and looking very friendly. Want to say 'hello' to the puppy?""","""Look at the fluffy bunny hopping around, little one! Can you say 'bunny'? The bunny goes 'bunny-hop-hop' just like we hop on our feet.""","""Look at the little fluffy bunny hopping over the green grass, it's so soft and cute!""","""Look, sweetie! A pretty bird with bright feathers and a beak that's shaped like a tiny triangle. The bird is flapping its wings and singing a lovely song. Isn't it fun to watch the bird fly high up in the sky?""","""Hey there, little buddy! Look at that big, shiny car over there. It's so cool, isn't it? Let's go see it together and imagine we're going on a fun adventure in the car, just like the superheroes we love to read","""Look at the cute, furry kitty, sweetie! The cat is playing with a soft, pink ball, isn't it cute?""","""Look at the beautiful bird with its bright feathers, chirping sweetly. It's flapping its wings and flying high in the sky. Isn't it amazing, sweetie?""","""Come here, sweetie! Look at these wonderful toys! They're so much fun, aren't they? Let's play with the big, soft teddy bear together!""","""Look at the big, red car! It's going to take us for a fun ride, just like the ones we see on the road.""","""Look at that pretty bird up in the sky, little one! It's flapping its wings and singing a beautiful song just for us.""","""Hey sweetie, look at this big, beautiful house! It has a roof that keeps us safe from the sun and rain. Inside, we have rooms with comfy beds, toys, and books to read. Isn't it fun to imagine all the stories we can make here?""","""Yummy yummy peas! These green treats are not just tasty but are also good for you, making you strong and healthy!""","""Hey there, sweetie! Look at that big, shiny car parked on the street. It's so pretty with its red color. Do you see how the wheels spin when it moves? Wheels help the car go forward and backward, just like when we ride our bikes.","""Look at the happy dog wagging its fluffy tail, little one! See how it loves to play and run around with you and us!"""
"""Look at the smiling faces of mommy and daddy, sweetheart. They love you very much and will always be there to hug you tight.""","""Look at the big, shiny car! It's so pretty and smooth, isn't it? The car goes vroom-vroom when it drives. Let's wave at the car!""","""Look at that pretty birdie! The little birdie is singing and flapping its wings. Isn't it lovely? Can you say birdie?""","""Look at the big, shiny car, sweetie! It's red like your cute little shirt. Can you say 'car'? Let's make fun sounds together, honk honk!""","""Look at the yummy, colorful carrots on your plate! They're super crunchy and so good for your eyes. Let's take a tiny bite and see how it tastes!""","""Come here, sweetie! Let's look at the pretty house with the red roof and the blue door. Want to count the windows together? One, two, three, four!""","""Look at the yummy, bright red apple! It's juicy and sweet, just like the berries we love. Shall we wash it and cut it into fun shapes for our snack?""","""Look, sweetie, there's a cute little kitty! It has soft fur, big paws, and a tiny tail. Do you see the fluffy kitty's whiskers? They tickle when she smiles at you!""","""Look, sweetie, there's a beautiful bird outside the window! Its feathers are so pretty, like a rainbow! Can you say 'bird'? Bird, bird, bird!""","""Look at the yummy apple, sweetie! It's so red and juicy, and when you bite into it, it's like a little burst of sunshine on your tongue!""","""Look at the big, shiny red car, sweetie! The car has four round tires to roll smoothly on the road, and it's filled with a kind family ready to go on a fun adventure together!""","""Come here, sweetie! Look at all the soft, colorful teddy bears and funny little blocks. Let's play together!""","""Look, sweetie, there's a fluffy bunny hopping around in the garden! It's a baby rabbit called a kit.""","""Hey there, little buddy! Want to play with your favorite toys? They're all ready to have a blast together!""","""Look, sweetie, there's a cute puppy! He's so fluffy and playful, just like you. Want to say 'woof woof' for him?""","""Look at the fluffy bunny hopping around, little one! Its soft fur is so cute, isn't it? Do you see the bunny's little paws? They're like tiny pumpkins!""","""Look, sweetie, that cute little kitten is playing with a ball of yarn, isn't it paw-some?""","""Look at that beautiful bird, sweetie! It's a bright blue color and it's chirping a happy song for us.""","""Look at the big, shiny car, sweetie! It has four wheels and a red roof. Let's say 'car' together. Can you say 'car'?""","""Look, little one, there's a cute cat with soft fur and big paws. Its fur is grey and white, and it's playing with a little toy mouse. Can you say 'cat' with me?""","""Look, sweetie, there's a beautiful bird with bright feathers and a big, strong beak. Its wings are spread out, and it's singing a lovely song. Isn't it amazing how birds can fly so high and sing so sweetly?""","""Look at those colorful blocks! Want to build a tall tower with me?""","""Look, sweetie, this big, shiny car is ready to go on a fun adventure. Let's sit in the driver's seat, fasten our seatbelt, and buckle up, okay?""","""Look at that beautiful bird, sweetie! It's a blue jay, with big blue feathers and a funny little crest on its head. The bird is singing a happy song for us to listen to!""","""Hey there, little buddy! Come on over here and let's look at our cozy house. See those pretty windows? They let the sunshine in and make everything bright and happy. Do you see the big door? It opens so we can go on fun adventures outside. Our house","""Look, sweetie, the yummy carrots are orange and crunchy, just like the little rabbits eat!""","""Look, sweetie! That's a big, red car! It has four wheels and it's so shiny. Cars are like big, strong toys that take us on fun trips. See how it goes 'vroom-vroom' when we pretend to drive?""","""Look, sweetie, that cute puppy is a dog! The dog is wagging its tail, which means it's super happy to see you!"""
"""Look at the smiling mommy and daddy, sweetie! They love you so much, and they're always here for you. Isn't it nice to have your family with you?""","""Look, sweetie, see that big, shiny car? The car goes vroom vroom, wow! It's so bright and colorful, isn't it? The car is our special toy today. Let's touch it softly, and mommy will tell you all about","""Look at that beautiful bird with its colorful feathers, sweetie! It's flying so high up in the sky, isn't it soaring like a little airplane?""","""Look at the big red car, sweetie! It has shiny wheels that go 'vroom vroom' when it moves. Isn't that fun? Let's say 'car' together. Car.""","""Look at this yummy apple! It's so juicy and sweet, just like the juice from the orange we had yesterday!""","""Look at the pretty house, sweetie! It has a big roof to keep us safe, colorful windows to see outside, and a welcoming door where we go in and out. Isn't it wonderful to see our house all bright and cozy?""","""Look at these yummy, juicy strawberries! They are so sweet and red, just like the sun!""","""Look at the fluffy cat, little buddy! The cat is purring and playing with a ball of yarn. Isn't it the cutest little furry friend?""","""Look at the beautiful bird with its bright blue feathers and chirpy song. Isn't it so funny how it dances in the sky?""","""Yummy, look at the bright, red apple! It's a sweet, juicy treat that we can eat together. Let's take a big bite and enjoy!""","""Look, sweetie, that's a big red car! It's going to zoom by super-duper fast, but don't worry, it won't come near you. Isn't it awesome? Can you say 'car'?""","""Look at all the bright, bouncy balls and the soft, fluffy teddy bears. Can we play with them together?""","""Look at the cute bunny hopping around, little one! Bunnies are so fluffy and love to eat carrots. Can you say 'bunny' with me?""","""Look at all the cute little toys, sweetie! Let's pick out one to play with together, like your favorite teddy bear.""","""Look at that cute little dog wagging its tail, sweetie! Can you say 'woof woof' like the dog?""","""Look, little one, there's a fluffy bunny hopping around! See how it hops? It's so fun to watch, isn't it?""","""Look at the big, fluffy bunny hopping around in the garden, little buddy! Can you say 'bunny'? Bunny, bunny, hopping!""","""Look, sweetie, a little birdie is singing and hopping in the tree! It's so pretty and fun to watch!""","""Look at the big, red car! It's shiny and loud, like a big roaring lion. The car has four wheels that go round and round, and when the driver hits the gas, it zooms forward. Isn't it exciting to see cars drive by?""","""Look at the cute little cat, sweetie! Its fur is soft as a cloud, and it's purring because it's happy and content. Let's say 'meow' together, like the cat is saying hello to us!""","""Look at that beautiful bird with its big, round eyes and colorful feathers, little buddy! Isn't it fun to watch it hop and chirp around in the tree?""","""Look at these lovely toys, sweetheart! They're all ready for us to play with and make lots of fun memories together!""","""Look, sweetie, there's a big and shiny car! The car has four wheels and it goes 'vroom-vroom' when it moves. Can you say 'car' with me? 'Car'!""","""Look, sweetie, there's a pretty bird with bright feathers and a beautiful song. Isn't it lovely?""","""Look, sweetie! This is our big, cozy house where we live, with colorful walls, soft carpets, and lots of room to play. Isn't it wonderful?""","""Yummy, sweetie! That juicy, red apple is super tasty and good for you. Eat it all up, okay?""","""Look at that big, shiny car! It's so pretty and can take us on exciting adventures, just like your toy cars!""","""Look at the cute little dog, sweetie! He's so fluffy and waggy, just like a big, soft teddy bear. Isn't he adorable? He's called Buddy, and he's going to be our new best friend. Let's"
"""Look at mommy and daddy smiling at you, sweetie. They love you so much, just like how you love them.""","""Look, sweetie, that big red car is zooming down the street, honking its horn and making a funny sound. It's so colorful and pretty, just like a rainbow!""","""Look at that beautiful birdie, sweetie! It's so pretty with its colorful feathers and chirpy voice. Isn't it fun to see it hop around and sing its little tune?""","""Look at the shiny, bright red car, little buddy! It's so pretty and loud, isn't it? Wow, let's go for a bumpy ride in our toy car!""","""Look at the yummy apple! Let's take a big bite, sweetie. Yummy apple, yummy apple!""","""Hey there, little buddy! Let's take a look at this big, beautiful house with lots of rooms and colorful walls, where we can play and laugh together!""","""Look, sweetie, it's apple juice! Yummy! Let's drink it slowly, one sip at a time, and enjoy the yummy taste!""","""Look at the fluffy cat, sweetie! The cat is soft and cute. Can you say 'cat'? Meow, meow!""","""Look, sweetie, there's a little birdie up in the sky! It's chirping and flying so high, just like a tiny, fluffy kite.""","""Look at the yummy, colorful vegetables on your plate! They're going to make you strong and healthy, sweetheart!""","""Look at that big red car, sweetie! It has four wheels, like your bike, and it goes 'vroom vroom' when you press the pedal. The driver sits inside and uses a key to start the car, but remember, we never touch the car's keys,","""Look at all these colorful toys, sweetie! They're ready for you to play with, and they're super fun and soft to touch!""","""Look, little buddy, see those fluffy bunnies hopping around? They're called bunnies, and they love to munch on green grass. Can you say 'bunnies'?""","""Look at all the fun toys you have, sweetie! Your teddy bear is soft and cuddly, and the colorful blocks are waiting for you to stack them high. Playing with these toys will make you so happy and help you learn new things!""","""Look at the cute little dog! It's fluffy and barks softly. Want to pet it gently, sweetie?""","""Look at the fluffy bunny hopping through the meadow, little one! Can you say 'bunny'? Bunny is a funny word, isn't it? Let's play 'Spot the Bunny' together and learn about our furry friends!""","""Look at the cute little puppy! It's so soft and fluffy, isn't it? Let's say 'woof woof' together, little one!""","""Look at the beautiful bird, sweetie! See how it flutters its wings and sings a lovely song. Isn't it a pretty little bird with colorful feathers?""","""Hey there, little buddy! Look at that big, shiny car with four wheels. It's moving so smoothly on the road. The car has a big smile, a red roof, and lots of windows. It's so much fun to watch it go zoom, zoom, zoom","""Look at the cute, furry kitty cat with whiskers and paws; it's soft and loves to purr and cuddle!""","""Look, sweetie, see that bird flying so high and fast? Isn't it a beautiful blue bird? It has feathers like a soft blanket and a tiny beak to eat seeds. Let's try to say 'bird' together, alright?""","""Come here, little buddy! Look at all these fun toys, they're ready for us to play and giggle together!""","""Look at that shiny car, sweetie! It's big and red, just like your favorite red ball. See how the car goes 'vroom' when it moves? That's what cars do, they zoom around to take us places, just like when we zoom around in our toy cars","""Look at the pretty bird with feathers that are blue and green, little buddy! Birds like to sing sweet songs and they fly high up in the sky.""","""Look at the big, beautiful house where Mommy and Daddy live. It's covered in the softest, fluffiest white paint. Let's go inside and find your favorite toy!""","""Look, sweetie, here's a bright, juicy apple! Yummy and yummy! Eat it and it'll make your tummy happy!""","""Look at the shiny red car, sweetie! It's so big and fast, with four wheels that roll smoothly on the road, ready for a fun ride!""","""Look, sweetie, this furry friend is called a dog, and it loves to wag its tail, fetch the ball, and cuddle with you!"""
"""Look, sweetie, that's mommy and daddy. They love you so much, just like grandma and grandpa. They always hold you close and sing songs to you.""","""Look at the big, shiny car, sweetie! It has wheels that go 'vroom' when we drive it around. Can you say 'car' with me?""","""Look at the beautiful bird, sweetie! It's flapping its wings and flying in the sky. Isn't it wonderful?""","""Look at the big, shiny car! It's so pretty, isn't it? Let's say 'car' together. Car! Can you say 'car'? That's right, sweetie! This car goes 'vroom' when it drives.""","""Look at these yummy carrots! They're crunchy and orange, just like the sunshine! Want to try some?""","""Look, sweetie, it's the house! It has a big roof, windows, and doors. The sun is shining and making the house warm. Let's say hello to our house together!""","""Yummy, sweetie! Here's a piece of soft, ripe banana for you to munch on and enjoy. It's so good for your tummy!""","""Look, sweetie, here's a cute fluffy cat! The cat is purring and playing with its toy mouse. Isn't the cat soft and cuddly? Want to pet the cat gently?""","""Look at the beautiful birdie, sweetie! It's singing a pretty song for us. Let's watch it fly and twirl in the sky, all bright and colorful!""","""Look, sweetie, here's a juicy red apple. It's so crunchy and sweet, and eating it makes your tummy happy and healthy!""","""Look at the shiny red car, sweetie! It's a big, safe car that can take you and mommy on fun trips to the park or the grocery store. Isn't it beautiful?""","""Look at those bright, fun toys over there! The big red truck can pull all the little cars, and the tiny, soft bear can hug you tightly when you're feeling sad. Playtime is so much fun!""","""Look at the puppy, sweetie! It's a cute little fluffy friend who loves to play fetch with you!""","""Look at the fluffy bunny! Want to give it a hug? Here, let's gently squeeze the soft bunny toy together!""","""Look at the cute little dog, sweetie! It's wagging its fluffy tail because it's happy to see you. Let's say 'woof woof' together and give it a gentle pat on the head.""","""Look at the fluffy bunny hopping around, little one. See how it hops with its long ears bouncing? Bunny's so soft, like a pillow.""","""Look at the fluffy bunny, little one! It's hopping around, and it says 'Baa Baa' when it's happy. Do you see how its ears are so tall? That's because it loves to listen to the birds singing in the trees. Isn","""Look at the beautiful bird, sweetie! It's hopping around and singing a lovely song for us to hear.""","""Hey sweetie, look at that big red car! It's going so fast, zooming down the road like a superhero!""","""Look at the fluffy cat, sweetie! It's so soft and cuddly, just like your favorite teddy bear!""","""Look at that beautiful bird up in the sky, sweetie! It has bright, colorful feathers and it's singing a lovely song for us to enjoy.""","""Look at these amazing toys, sweetie! You can pick any of these colorful blocks, and we can build a big, beautiful castle together. Let's stack them one by one, and you'll see how tall we can make it!""","""Look at the big, red car! Can you say 'car'? This car goes vroom-vroom on the road when its engine roars!""","""Look at the pretty bird with feathers, little buddy! It's singing a lovely song while sitting on a big branch.""","""Look, sweetie! This big place where we sleep, play, and eat is called a house. It has walls, a roof, and rooms with lots of colors and fun things to explore. Can we go inside and find your favorite toy?""","""Look at the yummy-looking apple, sweetie! It's red and crunchy, and it's a perfect snack for you!""","""Look, sweetie, that big yellow car with the bumpy roof is a shiny truck. It's ready to go on a fun ride with its friends. Let's watch it zoom by, all smiles and sounds.""","""Look at that cute, furry dog wagging its tail! Want to go say hello to it, sweetie?"""
"""Look, sweetie, this is your mommy and daddy. They love you very much and they're always here to hold you and cuddle you.""","""Look at the big, shiny car! It goes 'vroom vroom' when it moves. Can you say 'vroom vroom' too? Wow, the car is so cool!""","""Look at that beautiful bird, sweetie! It's so pretty with its colorful feathers and it's singing a lovely song for us.""","""Look at the shiny, bright red car, sweetie! The wheels spin so fast, zooming around on the road!""","""Look at the juicy red apple, sweetie! Eat it and your tummy will be happy and full!""","""Look at the big house, sweetie! See how it has a red door? And inside, there are rooms with colorful walls, soft beds, and toys for you to play with!""","""Sweetie, it's time to eat yummy carrots and juicy apples. Let's eat and enjoy our healthy food!""","""Look at the fluffy cat, sweetie! The cat has soft fur and is purring quietly. Do you see how it's moving its tail gently?""","""Look at that beautiful bird, sweetie! It's singing a lovely song with its pretty feathers.""","""Hungry little one, let's get some yummy mashed peas for you, sweetie. Yummy peas, oh so good, please try them!""","""Look at the big, shiny car! It has wheels to roll on the road and doors to get in. It can take us on a fun ride!""","""Look at all these fun toys, little buddy! This cuddly bear is soft and sweet, and that colorful ball is bouncy and bright. Which one do you want to play with first?""","""Look at the puppy, sweetie! It's wagging its tail and wants to play with you. Let's say 'woof woof' together!""","""Look at those colorful blocks, sweetie! They're so fun to stack and build tall towers, aren't they?""","""Look at the cute puppy, sweetie! It's a fluffy little dog with big, brown eyes and a wagging tail that says 'hello'!""","""Look, sweetie, those are baby animals. See the little puppy? He's a cute, soft puppy, isn't he? And those are baby cows, called calves. They're big and strong like you.""","""Look at the fluffy bunny hopping and nibbling on the carrots in the garden, sweetie! It's a little rabbit with soft white fur.""","""Look at the beautiful bird flying in the sky! See how its feathers are so colorful and pretty, just like a rainbow. Isn't it amazing how it can soar high up there with its wings?""","""Hey there, sweetie! Come look at this bright, shiny car. It has four wheels that roll and make a fun sound. Can you say 'car'? It's like 'c-a-r', just like when we play with your cars and trucks!""","""Look at the fluffy, cute kitty cat, sweetie! This little kitty is playing with its favorite toy mouse.""","""Look at that beautiful bird, sweetie! It's singing a lovely song, all bright and colorful!""","""Look at the shiny red ball, sweetie! Want to roll it back and forth together? It's so much fun to play with!""","""Look, sweetie, there's a big, shiny car! See how the wheels spin? That's how it moves, like when we ride our bike. Cars help people go from one place to another, just like mommy and daddy drive us to school and grandma'","""Look at that beautiful bird, sweetie! It's a pretty little bird with feathers and wings. Let's watch it fly and sing its lovely song.""","""Look at this cozy house, sweetie! It's got a red roof and white walls, just like a big, snuggly blanket for us to play under.""","""Look at these yummy, bright carrots! They're orange and crunchy, perfect for your tiny hands to grab and eat.""","""Hey sweetie, look at the big, shiny car outside! The car is so red and it has four wheels to roll on the road, just like your toy car! Want to count the wheels with me?""","""Look at that cute puppy, sweetie! It's a dog and it has soft fur. See how it wags its tail? The dog is happy to see you!"""
"""Look, sweetie, mommy and daddy are your family. They love you very much and they'll always be there for you.""","""Look at the big, shiny car! Can you see the wheels spinning fast? Let's say 'car' together, 'caaaarrr.'""","""Look, sweetie, see the birdie? It's fluttering its wings and chirping so cheerfully. Can you say birdie too?""","""Look, sweetie! This big, shiny car goes 'vroom-vroom' when it moves. Isn't it exciting to see it go zoom by?""","""Yummy yummy apple, eat up, sweetie! It's so crunchy and juicy, just like a little red balloon floating in the sky!""","""Look at the pretty house, sweetie! It has a roof to keep us dry and windows to see outside. Isn't it amazing how it stands tall and strong?""","""Yummy apple! Crunchy, sweet, and so good for your teeth. Eat it slowly, my little one!""","""Look at the cute little kitty cat, little one! See how it's purring and playing with its favorite toy?""","""Look at the bird, sweetie! It's a pretty bird with big, colorful wings and a tiny beak. The bird is singing a lovely song and flies high up in the sky. Isn't it fascinating how the bird can fly like that?""","""Look at the yummy, juicy, ripe, red apple! It's so crunchy and sweet, just like a little piece of sunshine on your plate!""","""Come here, sweetie! Look at this big, shiny car! The car has wheels, windows, and it can take us on fun adventures to the park or the store!""","""Look at these bright, fun toys! Can you point to the ball, sweetie? It's round and bouncy!""","""Look at the fluffy bunny hopping around, little one! The bunny has soft ears and loves to eat carrots. Isn't that bunny so cute and friendly?""","""Hey sweetie, look at these fun toys! Can we play with the colorful blocks and funny cars?""","""Look at the fluffy, furry dog wagging its tail and how happy it is to play with us, sweetie. Isn't it a beautiful, cuddly friend to have around?""","""Look at the little bunny, hopping and hopping, with soft, fluffy ears and a wiggly nose!""","""Look at the fluffy bunny hopping through the garden, sweetie! Can you see its soft, white fur? Bunnies are very gentle and love to eat carrots.""","""Look at that pretty bird up in the sky, sweetie! It's flying so fast with its wings, like it's saying, 'Hop hop, fly, fly!' Can you see its colorful feathers? Let's count them together!""","""Look, sweetie, there's a big, shiny car! It's red and has a bumpy roof. The car goes zoom-zoom on the road, and the driver sits inside. It's fun to watch it move!""","""Look, sweetie, this fluffy little kitty is called a cat. The cat's fur is soft and it's so cute! The cat is purring, and it's saying 'meow-meow.' Isn't it adorable when the cat p","""Look, sweetie, a beautiful bird is singing from that tree. Can you hear it chirping? Birds have feathers that help them fly high in the sky.""","""Look at these amazing toys! This teddy bear is soft, and it can hug you when you're feeling sad. And these colorful blocks? You can build a big, tall tower, and when you knock it down, it's just a fun surprise!""","""Look at the big red car, sweetie! It has shiny wheels that go 'vroom-vroom' when they roll on the road. Isn't that exciting?""","""Look at the little birdie! Birdie has feathers and a beak. Birdie can fly in the sky. Isn't birdie pretty with its colorful feathers?""","""Look at the big, cozy house we live in! It's full of bright colors and lovely things, just for you and me.""","""Yummy, yummy, eat your veggies, they are so good for your tummy and help you grow big and strong, just like the superheroes you love!""","""Come here, sweetie! Look at the big red car zooming by, with shiny windows and bouncy wheels!""","""Look, sweetie, this is a puppy. Puppies are soft and cute, just like a fluffy teddy bear. They love to play fetch and go on walks with their owners. Isn't it adorable when they wag their tails and lick your"
"""Look at the smiling family, sweetie! These are mommy and daddy, your big siblings, and our loving relatives!""","""Look at the big, shiny car, sweetie! It's going to take us on a fun ride to the park.""","""Look at the pretty birdie, sweetie! See how it's flying up high in the sky? Isn't it beautiful?""","""Look at the big, shiny car! Can you say 'car' with me? Let's wave to the car together!""","""Look at the yummy, ripe, red apple! Eat your apple and crunch, crunch, crunch!""","""Come here, little one! Let's see the big house with a red door. There are so many rooms, windows, and doors to explore!""","""Look at these yummy carrots! They're orange and crunchy. We can eat them and help our eyes see better!""","""Look at the cute little kitty cat! It's so soft and fluffy. See how it purrs when you pet it?""","""Look, sweetie, there's a beautiful bird with feathers, wings, and a melodious song! Isn't it amazing how it can fly so high and sing for us?""","""Look, sweetie, here's your yummy apple, crunchy and red. Chew it up with your strong teeth, and mmm, it's so sweet and juicy!""","""Look, sweetie, this big and shiny car zooms down the road, going 'vroom vroom,' and it has a red roof and four big wheels. The car takes us places, like the park, and the people inside drive it to make it go. Isn't that exciting","""Look at all the colorful toys, sweetie! They're waiting for you to play with and have lots of fun!""","""Look, sweetie, there's a fluffy bunny hopping by! It's hopping so fast, just like you run around the playground!""","""Oh look, sweetie, your favorite teddy bear is waiting for you! Let's pick it up and give him a big hug!""","""Look, little one, see that cute puppy wagging its tail? It's a dog, and dogs are so friendly. They love to play fetch and are always happy to see you!""","""Look at the cute little puppy! It's a fluffy friend who loves to play with you and is very gentle. Can you say 'puppy'? Great job!""","""Look at the fluffy bunny hopping around! Bunnies are so soft and cute, and they love to eat carrots.""","""Look at that beautiful bird! Its feathers are so colorful and soft, like a fluffy blanket. It's chirping a sweet song just for us to hear!""","""Look at the shiny red car, little buddy! It has four wheels, and the driver is wearing a cool seatbelt. See how it goes 'vroom' when it moves? Isn't it fun to see cars zoom by?""","""Look at the cute little cat! The cat is soft and furry, and it's purring happily. See how it's moving its tail and licking its paws?""","""Look, sweetie, that's a beautiful bird with feathers! Birds can fly in the sky and sing songs for us to enjoy.""","""Look at these fun, brightly colored toys, little one! Can you see the teddy bear? Let's give it a big hug and pretend we're friends. See those blocks? They're perfect for building tall towers or little houses!""","""Look at the big, shiny car with four wheels, sweetie! The car goes vroom vroom when someone turns the key, and it takes us on fun adventures to the park or the grocery store!""","""Look at that beautiful birdie! Birdies like to sing pretty songs and hop around the trees, just like how you play with your toys.""","""Look at our lovely home, sweetie! Can you see the bright red door and the big, comfy sofa where we can sit and play together?""","""Hey there, sweetie! Look at those yummy carrots. They're orange and crunchy. Crunchy means they make a nice sound when you chew them. Would you like to try a bite?""","""Come here, sweetie! Look at the big, shiny car. It has four wheels, just like your toy car. See how the car honks when it wants attention? Would you like to pretend we're driving a car, too?""","""Look at the fluffy, wagging tail of the happy dog; it wants to play fetch with you!"""
"""Look at our lovely family, sweetie. Mama loves you so much, and so does Papa. We're all here together to play and laugh and be happy!""","""Look at the big red car, sweetie! The wheels go round and round, and it goes 'vroom vroom' when it moves. Isn't that fun? Can you say 'car'?""","""Look, sweetie, there's a pretty little bird with feathers! The bird is flying high up in the sky. Can you say 'bird'?""","""Look at the big red car, sweetie! See how the wheels spin as it goes? Wheels go round and round, just like when you play with your toy car! Isn't it fun to watch?""","""Look at the juicy, red apple, sweet baby! It's so crunchy and yummy, let's take a bite and enjoy the tasty, healthy goodness!""","""Come here, sweetie! Look at this pretty house with a red roof. See the windows? They let the sunshine in. This is where mommy and daddy live. Isn't it lovely?""","""Look at the juicy red tomato, sweetie! It's so yummy and healthy. Let's pretend it's a round, red balloon floating to your mouth!""","""Look at the cute fluffy cat, sweetie! The cat is meowing softly and has paws like tiny little pads.""","""Look at the pretty bird with the bright feathers! It's singing a sweet song for us to enjoy. Can you say bird?""","""Look at the yummy red apple, sweetie! It's so juicy and crunchy, perfect for biting and chewing. Let's give it a gentle bite, and you'll see how tasty it is!""","""Look at the big, shiny car! The car is red and has four wheels. The wheels spin fast when the car goes, and the engine makes a loud roar. The car needs gasoline to run. Let's pretend to drive the car and go on a fun adventure!""","""Look at the big, red truck! It's going to roll down the hill and make a fun, loud 'vroom' sound. Isn't that exciting?""","""Look at the big, friendly elephant at the zoo. It has a long trunk and huge ears!""","""Look at all the soft, colorful stuffed animals! Want to give the teddy bear a gentle hug?""","""Look at the big, fluffy dog! He's wagging his tail because he's so happy to see you! Do you want to give him a gentle pat? Dogs like it when we say 'good boy' or 'good girl' to them.""","""Look at the cute little puppy, sweetie! He's bouncing around and wagging his fluffy tail, ready to play!""","""Look at the big, fluffy bunny hopping around in the meadow, little buddy! It's a bunny, and it's very soft and bouncy!""","""Look at that beautiful birdie! It's flying so high, like a little rainbow in the sky. Isn't it pretty? Can you say birdie?""","""Look at the big, shiny car! It has four wheels and goes vroom-vroom when the driver makes it go faster. The driver sits in the driver's seat and uses the steering wheel to make the car go where they want to go. Isn't that cool? C","""Look at the cute little kitty, little one! See how the furry cat is purring and playing with its yarn ball?""","""Look at that beautiful bird up high, sweetie! It's chirping and fluttering its wings, just like how you love to play with your toy bird and pretend to fly!""","""Look at the bright red ball, sweetie! You can kick it and roll it across the floor!""","""Look at the big, shiny car, little buddy! It has four wheels and it can go 'vroom' really fast! Isn't it funny how the wind makes it go swoosh-swoosh?""","""Look, sweetie, there's a beautiful bird up in the sky, with feathers that are so pretty and colors that shine like your favorite toy!""","""Look at our cozy house, sweetie! It's a big, beautiful place with lots of rooms, and we love spending time here with you!""","""Look at the yummy-looking apple, sweetie! It's so red and crunchy. Can you say 'apple'? Let's take a big bite together!""","""Hey sweetie, look at that big red car zooming by! Can you say 'car'? It's so fast, like a rocket, but it's safe when we're inside the car seat, just like a cozy little nest for us.""","""Look at that friendly dog wagging his tail, sweetie! The dog is so happy to see us, and he has soft, fluffy fur. Dogs like to play fetch with their favorite toy and love cuddling with their humans. Can you say 'doggie' with me"
"""Look at mommy and daddy, they love you so much! We're your family, and we'll always be here to snuggle you, sing you songs, and watch you grow!""","""Look at the shiny, big car! It's going to take us on a fun ride!""","""Look at the pretty bird, sweetie! It's singing a lovely song and flapping its wings with the wind.""","""Look, sweetie, there's a big red car! See how it goes 'vroom vroom' when it moves? That's how cars go. Let's wave at it together!""","""Sweetie, it's time to eat your yummy peas, they'll make you strong like a superhero!""","""Look at the big, beautiful house, sweetie! It has a red roof, a blue door, and lots of windows to see the pretty flowers outside.""","""Sweetie, look at these bright, juicy strawberries! Yum! Let's take a tiny bite and see how yummy they are!""","""Look at the fluffy cat, sweetie! It's purring softly and has soft fur. See how it's playing with a ball of yarn?""","""Look at that beautiful bird, sweetie! Its feathers are so colorful and pretty. Do you see how it's flapping its wings up high? Birds love to fly and sing songs in the sky.""","""Look at the yummy, ripe, red tomato! Let's take a big, juicy bite!""","""Look at the big, shiny car, sweetie! The car is blue like the sky and has wheels that help it go fast. Let's say 'car' together!""","""Look at all these fun toys, sweetie! Your teddy bear and the pretty blocks are ready for you to play with.""","""Look, sweetie, see the fluffy bunny hopping in the garden! The bunny's so cute and soft, isn't it?""","""Look at those big, fun toys, little buddy! The colorful blocks can go up and down, and the soft teddy bear can hug you tight when you feel sad. Playing with them is so much fun!""","""Look at the cute little dog, sweetie! See how he wags his tail when he's happy. His fur is brown and he loves to play with his favorite ball. Would you like to give him a gentle pat?""","""Look, sweetie, there's a fluffy bunny hopping around in the garden. Can you say 'bunny'? Bunny says 'hey' when it sees us!""","""Look at the cute little bunny hopping over the grass, little buddy! It's so fluffy and it loves munching on green, green carrots. Want to say 'bunny' with me?""","""Look at that beautiful bird up high in the sky, sweetie! It's flapping its wings and flying with its big, round eyes so it can see everything around it.""","""Look at the big, shiny car, sweetie! It's red and has four wheels. Can you say 'car'? It goes 'vroom-vroom' when it moves!""","""Look at the fluffy, cute kitty cat with big, round eyes, little buddy! The cat is purring and meowing, so cuddly and soft!""","""Look at the beautiful bird up in the sky, little one! It has feathers and wings, and it's singing a lovely song just for us to hear.""","""Hey there, sweetie! Look at all these fun toys! Which one do you want to play with first? The colorful blocks or the soft teddy bear?""","""Look at the big, red car! Can you say 'car'? It goes 'vroom vroom' when we drive it!""","""Look, sweetie, there's a pretty little bird with beautiful feathers flying in the sky. Birds are amazing creatures that sing sweet songs and can fly high up in the air, don't they?""","""Look at the big, beautiful house where we live, sweetie! It has a big roof to keep us dry and cozy inside. Isn't it lovely? We can play and eat inside the house with our parents and friends!""","""Hey sweetie, it's time to eat! Let's have some yummy broccoli and carrots. They're super healthy for you and will help you grow big and strong!""","""Look at the big, shiny car, little buddy! It's so cool; it has four wheels to roll smoothly and makes a funny sound when you push the button. Let's imagine we're going on a big adventure with it!""","""Look at the big, fluffy dog, sweetie! It's wagging its tail because it's so happy to see you!"""
"""Look at our family, sweetie! Mommy and Daddy are here, just like the lovey, sweet, family. We're all snuggled up together, cooing and giggling, like the happy family you'll have soon.""","""Look, sweetie, there's a big, shiny car! It goes 'vroom vroom' when someone pushes it. The car has four round wheels, just like the toys we play with. Isn't it fun to watch?""","""Look, sweetie, a birdie! It's flying high, flapping its wings. Isn't it pretty? Let's see if it comes back!""","""Look at the shiny car, little one! It's so big and colorful, just like your favorite toys. Can you say 'car'?""","""Look at these yummy little bananas, sweetie! They're ripe and ready to mash in your tummy for a big, healthy belly-fill!""","""Come here, sweetie! Let's go look at our beautiful home. See these pretty walls? And these lovely cozy couches. This is our happy place where we have fun and feel safe.""","""Look at the yummy, ripe, juicy apple, sweet little buddy! Shall we take a big, delicious bite together?""","""Look at the fluffy, cute, and playful cat! Its fur is soft and it's purring because it's happy and content.""","""Look at that pretty birdie! It has feathers like a fluffy pillow and it's flying high in the sky, singing a sweet song for us to listen.""","""Look at these yummy, bright, round carrots! They're orange and crunchy, and they help you grow strong and healthy!""","""Look at the big, shiny car! It has four wheels, and they go 'vroom-vroom' when the car goes fast. Can you say 'vroom-vroom' with me? The car takes us on fun trips to the park or the grocery store, and","""Look at those colorful blocks, sweetie! Want to build a tall tower together?""","""Look at the big, fluffy bunny hopping around in the grass. Isn't he the cutest little fellow? Want to see if he wants to play with his hoppy friends?""","""Look at all these fun toys, sweetie! We have soft teddy bears, bouncy balls, and colorful blocks. They're all here for you to play with. Let's choose one together!""","""Look at the fluffy, cute dog, sweetie! This furry friend loves to wag its tail and play fetch with us. Isn't it a big, friendly doggy?""","""Look, sweetie, that fluffy bunny is hopping over the grass, and those big eyes are looking for yummy carrots!""","""Look at the bunny hopping and playing in the meadow, sweetie. Can you hear the little rabbit's soft hop?""","""Look at that beautiful bird with its big, round eyes and colorful feathers. Isn't it lovely? It's flying high up in the sky, flapping its wings to stay up there. Do you want to count how many times it flaps its wings?""","""Look at the shiny, red car, sweetie! It has wheels that roll on the ground, and it can take us on fun adventures.""","""Look at the cute, fluffy cat! See how it purrs when you pet it? Isn't it adorable? Can you say 'cat'?""","""Look at the pretty bird with the big, colorful feathers and the chirpy song. It's hopping and pecking on the grass, isn't it fun?""","""Look at these bright, fun toys! Can you pick one to play with?""","""Look, sweetie, there's a shiny, red car zooming by, going super-duper fast, just like the big cars you see with mommy and daddy!""","""Look at the beautiful bird with feathers of blue and green, chirping its lovely melody for you to enjoy!""","""Come here, sweetie, let's go see the big, cozy house where we have a lovely family and a yummy dinner waiting for us!""","""Yummy, sweet apple! Crunchy and juicy, it's so good! Let's take a big bite and enjoy the taste, kiddo!""","""Look, sweetie, there's a big, shiny car with four wheels! It's red and white, just like mommy's car. Can you say car?""","""Look at the adorable fluffy puppy, sweetie! Puppies love to play and cuddle, and they say 'woof woof' when they are happy and want to say hello!"""
"""Sweetie, here's your yummy mama's cooked carrots! They're all soft and orange, just like the sunshine, perfect for tiny tummy!""","""Look at those colorful balls, sweetie! Want to play with them?""","""Sweetie, look at the yummy banana! It's so ripe and soft. Can you say 'banana'?""","""Look at the big fluffy cat, sweetie. Can you say 'cat'? The cat is purring and playing with yarn.""","""Look at that beautiful bird, sweetie! It has bright feathers and chirps so softly. Would you like to see it fly?""","""Look at the big, red car go vroom-vroom, sweetie! The car has shiny wheels and a big round tire to take us on fun adventures!""","""Look, sweetie, there's a fluffy bunny hopping by the trees! Do you see how soft and quiet it is?""","""Look at that beautiful bird, sweetie! It's fluffy and chirping. Can you say 'bird'? Bird!""","""Look at all the colorful toys, sweetie! Your favorite teddy bear is right here, and those blocks are waiting for us to build a tall tower together!""","""Come here, sweetie! Let's play with your colorful blocks and your soft teddy bear. Look at all the pretty shapes you can make with them!""","""Look at that beautiful bird, sweetie! It's a robin, with its red breast and happy chirping song. Isn't it funny how it flutters its wings and flies so high in the sky?""","""Look at the fluffy kitty cat, little buddy! See how it purrs and snuggles?""","""Look at the big, shiny car! It has four wheels and can take us on fun adventures. See how the wheels spin? The wheels help the car move forward, just like when we pedal a bicycle. Let's go on a pretend car ride and see where","""Look at the yummy, bright, and round carrots! They're crunchy and tasty, and they're good for your eyes, just like superheroes!""","""Look at the fluffy cat with the pointy ears, little one! It's purring softly and wants to play with you.""","""Look, sweetie, this is your family! Your mommy and daddy are super strong, and your big brother is really, really tall. And guess what? Your little sister is the best helper, she always gives you the biggest hugs and helps you tie your shoes!""","""Look at the fluffy bunny hopping through the grass, little one! Can you see how its ears move? Bunnies are so soft and cuddly, aren't they?""","""Come here, sweetie! Look at this big, cozy house with a shiny red roof. See the beautiful flowers on the windowsill? Let's count them together. One, two, three! Isn't this house the most wonderful place to live and play?""","""Look at that beautiful bird, sweetie! Its feathers are so colorful, just like the pretty crayons you love to use. Can you say 'bird'? Birds are amazing creatures, they can fly high up in the sky like superheroes, and they sing sweet songs","""Look at the fluffy bunny hopping around, little one! Can you see the bunny with the big, floppy ears and the soft, white fur?""","""Look, sweetie, there's a bird! The bird is small and has pretty feathers, and it's singing a lovely song just for us!""","""Look at Mommy and Daddy, our loving family. They are our special parents who always take care of us and make us feel safe and happy.""","""Look, sweetie, this is our cozy, happy house with a big, blue door, a red roof, and a lovely green yard where we play and grow!""","""Look at that beautiful bird! Its feathers are so colorful and fluffy. Can you say 'bird' with me, sweetie?""","""Look at all the fun toys, sweetie! Your favorite teddy bear is ready to play with you, and there are some new colorful blocks that we can stack together!""","""Look at the fluffy, cute cat with pointy ears and soft fur. It's purring and wagging its little tail.""","""Look, sweetie, this big, shiny car with four wheels is here to take us on a fun ride, and we need to hold on tight because it's moving very, very fast!""","""Look at the puppy! It's a cute, soft, and fluffy animal that loves to play and cuddle. Want to pet it?"""
"""Yummy peas! Mommy is cooking them for you, sweetie pie. They're soft and green and yummy, aren't they?""","""Look at the bright, funny toys, little one! They're here to play and giggle with you!""","""Look at these yummy, soft, round, red apples, sweetie! They're so juicy and crunchy, and we'll slice them up so you can try them with your spoon. Mmm, mmm, mmm!""","""Look at the big, fluffy bunny hopping around, it's so cute and soft! Want to pet the bunny and say 'woof' like a friendly dog?""","""Look, sweetie, a beautiful bird is singing sweetly in the tree. Its feathers are so pretty, like a rainbow.""","""Look at the big, red car! Can you say car? Let's go for a ride in the car, and see the pretty flowers on the way!""","""Look at the little puppy, sweetie! It's wagging its fluffy tail because it's happy to see you. Isn't that cute?""","""Look at the beautiful bird, sweetie! It's singing a lovely song for us to hear. Can you hear it chirping? Birds are our feathered friends who love to sing and hop around in the sky and trees.""","""Look at all these amazing toys! Do you see the soft, fluffy teddy bear? We're going to give it a big hug!""","""Look at the big, colorful ball! Wanna bounce it gently with me?""","""Look at that beautiful birdie, sweetie! It has bright feathers and it's singing a lovely song. Let's say 'birdie' together, okay? Birdie. Can you say 'birdie' too?""","""Look, sweetie, there's a fluffy, cute cat. Its fur is soft and pretty. Do you see how it's purring? It's happy to see you!""","""Look at the big, shiny car, sweetie! It's like a rolling couch that can take us on fun adventures. Can you say 'car'? Let's practice together.""","""Look at this yummy apple, sweetie! It's red and crunchy. Want to give it a try and taste how sweet it is?""","""Look at the fluffy, cute cat! The cat is soft like your blankie, and it has pointy ears. The cat is purring, and that means it's happy. Isn't the cat's nose funny? It's like a little triangle! Let'","""Sweetie, look at our family picture! Mommy, Daddy, big brother, and you are all together, just like a big, happy, loving family!""","""Look at the bunny hopping! It's so cute with its fluffy tail. Want to see it hop again?""","""Come here, sweetie! Look at our cozy, warm house with colorful walls, where we live and play together!""","""Look at that beautiful birdie! The birdie has such pretty feathers and it's singing a sweet song for us to hear!""","""Look at the cute little puppy, sweetie! He's so fluffy and waggy, just like a little ball of yarn. Do you want to pat his soft fur and hear him bark? Dogs are friendly animals that love to play and cuddle!""","""Look at the bird, sweetie! That's a beautiful bird with feathers and wings. The bird can fly high up in the sky like an airplane.""","""Sweetie, guess what? Today we're going to talk about our family. You know your mommy and daddy, right? And they love you very much. They are your favorite people in the whole wide world!""","""Look, sweetie! This is a house, where people live and have fun. It has a roof to keep us safe from the sun and rain, walls to protect us, and windows to let in the beautiful light. Let's say 'house' together. 'House!'""","""Look at that beautiful bird, sweetie! Its feathers are so colorful, just like the pretty pictures you love to draw.""","""Oh, look at those fun toys, sweetie! Want to play with the soft teddy bear and the bouncy ball?""","""Look at the fluffy, purring cat! It's soft and warm, like a big, cuddly teddy bear.""","""Look at that big, shiny car, sweetie! It's going to zoom and zoom down the road, just like your toy cars, but much faster. Isn't that fun?""","""Look at the fluffy bunny hopping around, sweetie! It has soft white fur and big, round ears. Isn't it so cute and cuddly?"""
"""Look at the yummy apple, sweetie! It's so red and juicy, perfect for your little tummy.""","""Look at these cute little toys, sweetie! The rattle makes a fun noise when you shake it, and the soft teddy bear is just waiting for you to give it a big hug.""","""Look at the yummy apple, sweetie! It's red and crunchy, and it's good for your tummy!""","""Look, sweetie, the fluffy bunny hops around so fast! Isn't she adorable? Want to say 'bunny' with me?""","""Look, sweetie, a pretty bird with colorful feathers is singing a lovely song for us in the sky!""","""Look at the big red car, sweetie! See how it's going so fast? Can you say 'car'? That's right, it's 'car'! The car drives on the road. Wheels go 'vroom, vroom'!""","""Look, baby, see the fluffy bunny hopping around? It's so soft and cute, isn't it? Let's say 'bunny' together, okay?""","""Look at that beautiful bird, sweetie! It's so pretty with its colorful feathers and melodic singing. Want to wave at the bird and see if it flies away?""","""Look at these fun toys, sweetie! There's a soft teddy bear to cuddle, a bright red ball to roll, and a shiny rattle to shake. Let's play with them together!""","""Look at these colorful blocks, little buddy! You can stack them up and make a big tower. Let's build a castle together, and watch it reach the sky!""","""Look at the beautiful bird with the bright red feathers! It's singing a lovely song for us to enjoy.""","""Look at the fluffy, soft cat with the pointy ears, little buddy! The cat is cute and meowing softly. Let's say hello to the cuddly cat together!""","""Look, sweetie, there's a shiny red car! The car has wheels that go round and round, and it makes a funny sound when it honks its horn.""","""Look at the yummy banana, sweetie! Let's eat it together!""","""Look at the fluffy kitty, sweetie! The little cat is purring and cuddling in her cozy bed. She's so soft and cute, just like a big, furry teddy bear.""","""Look at Mommy and Daddy holding hands; they love you very much and they're your family.""","""Look at the cute little kittens playing together, sweetie! They're soft and fluffy, just like a big, cozy blanket.""","""Come here, sweetie, let's go look at our lovely house! See all the pretty colors on the walls and the soft carpet? This is where we live and play, and mommy and daddy love us so much!""","""Look at that beautiful bird up in the sky, sweetie! It's a robin, and it has a bright red chest and a happy little song to sing for us.""","""Look at the cute puppy, sweetie! It's wagging its tail and loves to play fetch with you!""","""Look at the beautiful bird, sweetie! It has feathers that are all different colors and it can sing very pretty songs for us to enjoy. Isn't that amazing?""","""Look at our family, sweetie! We have mommy, daddy, and you, my little superhero, and together we share our love and playtime!""","""Hey there, sweetie! Let's go inside our cozy house where we have our special beds, toys, and yummy snacks!""","""Look, sweetie, there's a beautiful bird with bright feathers and a melodious song. Isn't it wonderful how it flutters its wings and flies around, showing off its colorful plumage?""","""Look at the colorful blocks, little one! They're so fun to stack and play with.""","""Look at the cute little kitty cat, sweetie! She has soft, fluffy fur and gentle paws to tickle your toes.""","""Look, sweetie, there's a big, shiny car! Can you say 'car'? It goes 'vroom-vroom' when it moves, just like when you zoom around on your toy car. See how the wheels turn? The car is so pretty, with its red","""Look at the fluffy bunny hopping in the meadow! Want to hop like it?"""
"""Yummy, sweet, tasty mush, here comes a yummy, sweet, tasty mush!""","""Look at all these colorful blocks, sweetie! Shall we stack them up and make a little tower?""","""Sweetie, look at those yummy little carrots! They're orange and crunchy. Crunch! Now, let's see, do you want to try some carrots?""","""Look, sweetie, this fluffy bunny loves to hop and nibble on carrots. Can you say 'bunny'?""","""Look at that beautiful bird with its bright blue feathers, little one! Can you say 'bird'? Birds are wonderful creatures that fly in the sky and make pretty sounds.""","""Look at the big, red car, sweetie! It's moving so smoothly on the road, going around the corner and going back.""","""Look at the cute little puppy! It's wagging its fluffy tail and wants to play with you!""","""Look, little one, a beautiful bird with feathers as soft as a bunny's ears is hopping and chirping. Can you say bird?""","""Look at all the fun toys! Let's play with the soft teddy bear, the bouncy ball, and the shiny blocks!""","""Look, sweetie, here are your soft, cuddly toys waiting for you to play with!""","""Look, sweetie, there's a beautiful bird! It's singing a lovely song with its pretty feathers all fanned out. Want to say 'hello' to the bird with me?""","""Look at the fluffy, cute kitty cat playing with its toys, isn't it adorable and so soft to touch?""","""Hey sweetie, look at that shiny car! It's big and red, just like mommy's favorite apple. The car goes 'vroom' when it moves, just like your toy car. Let's pretend we're driving it, waving hello to all the","""Hey there, little one! It's time to eat your yummy apple slices and crunchy carrots. Don't forget your peas too, they're super green and good for you!""","""Look at that fluffy cat! It's purring and cuddling on the soft couch. Isn't it a little ball of fur?""","""Look at us, sweetheart! We're all part of one big, happy family, just like a circle of love and smiles!""","""Look at the fluffy bunny hopping around, little buddy! Bunnies love to eat carrots and hop around in the meadow.""","""Come here, sweetie, let's go look at the pretty house with the red roof and big windows!""","""Look at that beautiful bird, sweetie! It's singing a lovely song for us. Let's watch it with our eyes, okay?""","""Look at the fluffy bunny hopping in the grass, little one! The bunny is a soft and cuddly animal that likes to eat carrots and hop around.""","""Look, sweetie, there's a pretty bird up in the sky with beautiful feathers! It's singing a lovely song for us to enjoy.""","""Hey there, sweetie! Mommy and Daddy love you so much, and we're your family. We take care of each other and have lots of fun together!""","""Come here, sweetie! Let's explore our cozy home together, where we have a big, soft bed to sleep in, yummy food to eat, and lots of fun toys to play with!""","""Look at the beautiful bird up in the sky, sweetie! It's flapping its wings and flying high, like a tiny, feathery airplane!""","""Hey there, sweetie! Look at all these wonderful toys! This bright, colorful ball is perfect for rolling and bouncing, and this soft, fluffy teddy bear is ready for a big hug and a cuddle. Let's play together, and remember,","""Look at the fluffy cat, sweetie! See how it's purring and playing with its little toy mouse.""","""Come here, sweetie, let's see this big red car, it's so shiny and cool, like a rocket ship, let's pretend we're going on a fun ride, and look at the wheels, they spin round and round, just like when we dance!""","""Look at the big, fluffy bunny hopping around! Bunnies are so soft and cute, don't you think?"""
"""Look at the yummy carrots! They are orange and crunchy. You'll like them when you're bigger!""","""Look at the colorful blocks, sweetie! They're waiting for you to stack them up and build a tower so tall!""","""Look, sweetie, it's a juicy apple, all red and round. Mama's going to cut it into tiny pieces for you to try. Yum, isn't it yummy?""","""Look at the cute puppy, sweetie! It's wagging its fluffy tail because it's happy to see you.""","""Look at the birdie, sweetie! It's a beautiful little bird with soft feathers and it's singing a lovely song for us to hear!""","""Look at the big, red car, sweetie! See how it goes zoom-zoom down the street? It's going so fast, waving hello to all the other cars!""","""Look, little one! See the cute fluffy bunny hopping over the grass? Bunnies are such fun animals!""","""Look at the bird, sweetie! The bird has feathers that are so pretty and colorful. It's flying high in the sky, chirping a lovely song for us to enjoy.""","""Look at the fluffy teddy bear, sweetie! Want to give it a hug and a cuddle?""","""Look, little one! This toy is called a teddy bear. It's soft and cuddly, and it can give you a big, huggable friend to play with. Let's give it a big bear hug!""","""Look at the beautiful bird, sweetie! It has feathers that are all colorful, like a rainbow. The bird is hopping on the branch and singing a lovely song for us.""","""Look at that fluffy, cute kitty cat playing with her ball of yarn, aren't she? She's purring and cuddling on the soft blanket.""","""Come here, little buddy! Look at this big, shiny car! Can you say 'car'? It's a fast and loud car, and it takes us on adventures to the park, the zoo, and the beach!""","""Look at the juicy red tomato, sweetie! It's as red as your favorite crayon and yummy for your tummy!""","""Look at the fluffy cat, sweetie! See how it's waving its tail and purring. Isn't it soft and cuddly, like a big, furry teddy bear?""","""Look, sweetie, those are your family members! There's mommy and daddy, your sister, and your grandma and grandpa. They love you very much!""","""Look at the fluffy bunny hopping over the grass, little buddy. Isn't it hopping so fast? Bunny, hopping, hopping!""","""Look at our cozy house, sweetie! It's got a big, warm roof and pretty walls. Let's go inside and explore all the fun things we can find!""","""Look at the beautiful bird with its bright feathers, little one! Can you see how it's hopping around, singing a sweet song?""","""Look, little buddy, see those fluffy bunnies hopping in the garden? They have big ears and love to munch on carrots!""","""Look at the beautiful bird flying high up in the sky, it's so big and colorful, isn't it, sweetie?""","""Hey there, little buddy! Do you know we have a big, happy family? Mommy, Daddy, and your siblings are your best friends. We love you lots and lots!""","""Hey there, sweetie! Let's take a walk and look around our lovely house, okay? See the pretty flowers in the garden? They're growing because they get sunshine and water, just like you. Look at those fluffy clouds in the sky, aren't they","""Look, sweetie, there's a beautiful bird with colorful feathers, chirping away up in the tree. It's like a little flying friend!""","""Come here, sweetie, let's play with your favorite toy car. Look, it's so shiny and fast, just like your smile!""","""Look at the cute little cat, sweetie! It's purring and playing with a yarn ball. Isn't it so soft and fluffy?""","""Look at the shiny, red car! It's going to zoom like a super-fast rocket, but it's just parked here for us to play with and make funny noises with its doors!""","""Look at the cute little puppy playing with its bouncy ball, sweetie! Puppies love to chase and play, just like you do!"""
"""Look at the yummy yummy apple, sweetie! You're gonna love the tasty taste of this juicy fruit, aren't you?""","""Look at those soft, colorful toys! They're so fun to play with, aren't they? Let's reach for the fluffy bear, sweetie!""","""Look at the yummy, colorful, and crunchy apple, sweetie. It's time for you to try some delicious and healthy food!""","""Look, sweetie, see the cute puppy? It's so soft and wags its tail!""","""Look, sweetie, there's a pretty bird with beautiful blue feathers and a cute little beak. Birdie, the bird is flying high up in the sky, singing a lovely song just for us.""","""Look at the big, red car zooming by! The wheels spin so fast, don't they? Isn't it amazing how it moves so quickly? Let's wave at the car and say 'Bye-bye, car!'""","""Look at the bunny, little one! The bunny is hopping and eating the green grass. Hopping means it's jumping up and down, and the grass is its yummy food. Can you say 'bunny'?""","""Look, sweetie, there's a beautiful bird in the sky, with its colorful feathers and lovely chirping. Can you say 'bird'?""","""Look at these fun toys, sweetie! Want to play with the bouncy ball? It's going to bounce high and you can catch it with your tiny hands!""","""Look at the big, red ball! It's rolling and bouncing, and we can play with it together!""","""Look, sweetie, there's a beautiful bird with bright feathers and a beak that's perfect for picking up seeds and fruits. Isn't it wonderful how it can sing so sweetly and soar high up in the sky?""","""Look at the fluffy, cute cat, sweetie! Its fur is soft as a blanket and it's purring like a little motor.""","""Look at the big, red car, sweetie! It has four wheels, a roof, and it goes vroom-vroom when the driver turns the key!""","""Look at these juicy, red apples, sweetie! They're crunchy and yummy, perfect for biting and chewing. Let's take a big, yummy bite together!""","""Look at the fluffy, cute cat! The cat is meowing because it wants to play with you. Let's say 'meow' together, like the cat.""","""Look at our beautiful family, sweetie! We're all here to love and support you, just like your mommy and daddy.""","""Look, sweetie, this cute little puppy wagging its tail wants to play with you! Puppies are so fluffy and fun, don't you think?""","""Look, sweetie, our cozy house! It has a big, comfy bed, a kitchen full of yummy food, and a playroom with your favorite toys!""","""Look at that beautiful bird up in the sky! It's so big and colorful, just like a flying rainbow. The bird is singing a sweet song just for you, little one.""","""Look at the big, fluffy bunny hopping around, hopping, hopping! Isn't it so cute with its soft ears and wiggly whiskers?""","""Look, sweetie, that's a beautiful bird with colorful feathers, and it's singing a lovely song for us to hear.""","""Look at mommy and daddy, sweetie, they're your family. We love you and want you to know you're always our little treasure.""","""Look at our beautiful home, sweetie! It's so cozy and warm. The walls are painted bright yellow and green, and we have soft, fluffy carpeting all around. Can you hear the birds singing outside? Let's go take a peek through the window!""","""Look, sweetie, there's a beautiful bird! It's singing a lovely song for us to enjoy. Isn't it wonderful to see the bird up high in the sky?""","""Look at all the cuddly teddy bears and bright, bouncy balls ready for playtime, little buddy!""","""Look at the fluffy cat, little one! It's so cute and purring softly.""","""Look at the big, shiny red car, sweetie! The car has four round wheels that go 'vroom' when it moves, and the windows let us see all the pretty colors outside. The car's door opens wide so we can hop in, and the driver's seat is where","""Look at the bunny, it's hopping so fast and it's so soft and fluffy, isn't it cute?"""
"""Look at the yummy, bright red apple! It's so juicy and sweet. Mommy's going to give you a little taste to see how you like it.""","""Look at the cute little cars and the pretty dolls! They're waiting for you to play and have fun!""","""Sweetie, it's time to eat! Mommy has cooked your favorite, yummy carrots. Look at them, so orange and crunchy. Let's eat together and enjoy this delicious food!""","""Look at the fluffy bunny hopping, little one! Can you say 'bunny'? The bunny likes to eat carrots and play in the sunshine.""","""Look, sweetie, that's a beautiful bird. It's a chirpy little creature with feathers and wings, and it's singing a lovely song just for us!""","""Look at the shiny, red car! It has four wheels that go 'vroom-vroom' when it moves, just like a big toy car, sweetie!""","""Look at the puppy, sweetie! Puppies are so soft and cuddly. They love to play fetch and give us big, wet kisses.""","""Look at that beautiful bird, sweetie! It's flapping its wings and singing a lovely song for us to hear. Want to wave our fingers and see if it comes closer?""","""Look at all these wonderful toys, sweetie! There's a soft, fluffy teddy bear, a shiny red truck, and a colorful ball that's ready for rolling!""","""Look at the bright, big, bouncy ball! Want to play with it?""","""Look at that pretty bird, sweetie! Its feathers are so colorful, like a rainbow. Can you say 'bird'? Bird, bird, bird!""","""Look at the fluffy cat, sweetie! The cat is soft and cute. Can you say 'cat'? Meow, meow!""","""Look at the shiny car! It has wheels to roll and a roof to keep us dry. The car goes 'vroom' when the driver makes it go fast!""","""Yummy yummy apple, look sweet and red! Crunch crunch, you take a big bite and chew. Tasty tasty apple, good for you and make you strong!""","""Look at the fluffy, cute cat! It's purring and wagging its tail, just like when you're happy and want to play with your favorite toy!""","""Look at mommy and daddy, they love you so much! Your big brother, Alex, is 5 years old and he is learning to read. Let's go read a story together tonight!""","""Look at the fluffy bunny, hopping around, ears up high, just like a soft, cotton ball! Isn't it cute? Animals are so fun to watch and learn about!""","""Come here, sweetie! Look at this beautiful house we live in. The walls are painted with pretty colors and there are so many rooms to explore. The living room has a cozy couch, and the kitchen is where we make yummy snacks together. Let's go inside and play!""","""Look, sweetie, there's a pretty bird with feathers that flutter and chirp! Can you say 'bird'? Birdie goes 'bird'!""","""Look, sweetie, a little kitty cat is purring and playing with its fluffy tail. Isn't it the softest and coziest thing you've ever seen?""","""Look, sweetie, there's a beautiful bird with feathers of blue and yellow. It's singing a lovely song just for us!""","""Look at our family, sweetie! We have mommy, daddy, and your big brother, Sammy, who's just like you in so many ways!""","""Come here, sweetie, let's go inside our lovely home, where we have a cozy bed, a yummy kitchen, and lots of fun toys!""","""Look at that beautiful bird, sweetie! It has feathers, a beak, and it can sing a lovely song. Isn't that a wonderful sight?""","""Look at all these wonderful toys, sweetheart! Would you like to pick up the colorful teddy bear or maybe the soft, fluffy onesie for our doll?""","""Look at the fluffy, cute cat, sweetie! The cat has soft fur and big, round eyes. The cat meows when it wants to play with you. Isn't the cat so friendly and fun?""","""Look at the big, shiny car! The car has four wheels and a roof. The driver sits inside the car to take us places. Isn't the car so bright and colorful?""","""Look at the cute little kitten, sweetie! See how it's purring and playing with its toy? Kittens are so soft and fluffy, just like little balls of fur!"""
"""Look at this yummy, ripe, juicy mango, my little one. Its sweet, fruity scent will make your tiny tummy happy!""","""Look at the bright, bouncy ball, little one! It's so soft and squishy. Want to play with the funny-shaped ducky? It makes a quacky sound!""","""Look at the yummy, colorful carrots! Mmm, they're so crunchy and sweet, aren't they? I'm going to share some with you, little one!""","""Look, sweetie, a fluffy bunny hopping by the garden. It's soft and white, isn't it?""","""Look, sweetie, a beautiful birdie! See how it's flapping its wings and flying up high? Isn't that wonderful?""","""Look at the big, red car, sweetie! It's going to take you and mommy to the park for some fun. Isn't it pretty with its shiny wheels and windows?""","""Look at the big, fluffy bunny hopping around, little buddy! Do you see how it's so soft and cute? Bunnies are such fun creatures, aren't they?""","""Look at the birdie, sweetie! It's singing a pretty song and flapping its wings so fast! Isn't that fun?""","""Look at all the colorful toys, sweetie! Let's pick your favorite one and play together.""","""Come here, sweetie, let's play with your toy cars. Roll the red one like a racecar and the blue one like a spaceship!""","""Look at that beautiful bird with its bright, colorful feathers. Isn't it singing a lovely song?""","""Look at the fluffy, cute cat with soft fur. Can you say 'cat'? The cat says 'meow.' Isn't it a cuddly little cat?""","""Come here, sweetie, look at the big, shiny car! Can you see how it has four wheels and looks like a toy car? Daddy will drive it around and it will take us on fun adventures!""","""Look at the yummy apple, sweetie! It's red and round, perfect for taking a big, crunchy bite. Yum!""","""Look at the fluffy, cute cat, little one! The cat has soft, white fur and pink nose. Can you say 'cat'? Yes, it's 'cat' just like that! The cat is playing with its favorite toy mouse. Isn't that funny?""","""Look at mommy and daddy holding your little brother, sweetie! They love you so much and are your family, always there for you.""","""Look at the big, fluffy bunny hopping around, hopping and hopping!""","""Look at this big, beautiful house with a lovely red roof, sweetie! Let's explore the cozy living room with its soft carpet and colorful pillows.""","""Look at the beautiful bird with the big, colorful feathers! It's singing a sweet song just for you. Isn't it wonderful to see such a beautiful creature in nature?""","""Look at the bunny, little one! It's hopping so fast, like a bouncy ball, isn't it funny?""","""Look at that beautiful bird, sweetie! It's flapping its wings and singing a lovely song for us.""","""Look at all the lovely people in our family, sweetie! Mommy and Daddy, your big brother and sister, Auntie and Uncle, and your grandma and grandpa. They all love you very much, and they're all here to take care of you.""","""Look at this big, beautiful house with a red door, sweetie! It has many rooms where we can play, sleep, and eat together.""","""Look at the big, beautiful bird in the sky! It's so fluffy and it has bright, shiny feathers. The bird is singing a sweet song and flying high up, waving its wings.""","""Hey there, sweetie! Let's play with your favorite toys, the ones with the bouncy balls, soft teddy bears, and colorful blocks. They're waiting for us to have fun with them!""","""Look at the fluffy kitty cat, sweetie! She's purring and cuddling with her kittens. Isn't she adorable?""","""Look, sweetie! This is a car. It has wheels that roll on the road, and when we're inside, it takes us places like the park, school, and grandma's house. Isn't that fun?""","""Look at the fluffy bunny hopping around, it's so soft and cute! Want to see it hop with me?"""
"""Look at this yummy, ripe, red apple! It's so sweet and juicy, sweetie. We're going to eat it together now.""","""Look at those bright, colorful toys, sweetheart! You'll love playing with them soon!""","""Look, sweetie, these yummy carrots are orange and crunchy! They're so good for your eyes and help you grow big and strong!""","""Look, sweetie, this fluffy bunny hops around and it loves to eat green, leafy carrots!""","""Look, sweetie, there's a pretty bird with big, colorful feathers!""","""Look at the shiny car, sweetie! It has four wheels and we're going to ride in it when it's safe.""","""Look at the fluffy bunny hopping and nibbling on the grass, little one! Isn't it cute?""","""Look at the pretty bird, sweetie! It has feathers and can fly high up in the sky. Isn't it a funny little bird with a funny little song?""","""Look at all these fun toys, sweetie! You can play with your soft teddy bear and the shiny blocks. Let's make funny shapes with them together!""","""Look at all the cuddly toys, sweetie! The fluffy teddy bear is ready for a hug, and the bright, funny car wants to zoom down the road with you!""","""Look, sweetie, see that beautiful bird flying in the sky? It's a lovely blue bird with big, round eyes. Isn't it pretty?""","""Look at the fluffy kitty cat, sweetie! She's purring and cuddly, just like a soft, little ball of fur. Isn't she adorable?""","""Look at the big, shiny car! It's so red and fast, like a superhero zooming around!""","""Yummy! Look at the bright, red apples, sweetie! They're so juicy and yummy, we'll make a yummy apple pie together.""","""Look at the cute kitty cat, little buddy! See how it's purring? It's a fluffy furry friend, wagging its tail and sniffing around. Isn't it a cute little furball? We can stroke its soft fur and","""Oh, look at our family! We have Mommy, Daddy, and little brother/sister, just like you and your favorite toys. They love you so much and always make sure you're safe and happy!""","""Look at the fluffy bunny hopping around! It's so cute and soft!""","""Hey there, sweetie! Come on, let's go look at all the beautiful colors in our house. See the yellow walls? And there's your favorite teddy bear, and we'll make some yummy cookies together too!""","""Look, sweetie, there's a pretty bird with bright blue feathers singing a lovely song. Want to hear it chirp, little one?""","""Look, baby! See the big, fluffy bunny hopping around? Bunnies are so cute and like to eat carrots, just like we sometimes enjoy eating them.""","""Look, sweetie, that little birdie with feathers on its head and wings is singing a beautiful song just for you!""","""Look at the family photo, sweetie! There's mommy, daddy, and your big sister, Lily. They all love you so much and are super happy when they see you!""","""Look at our beautiful house, sweetie! Can you see how big and lovely it is? Let's go inside and explore the cozy rooms and colorful walls!""","""Look at that beautiful bird, sweetie! It's fluffy and has feathers that help it fly high in the sky.""","""Look at all the colorful toys, sweetie! Which one do you want to play with first? I'm so excited to see what you'll choose!""","""Look at the fluffy cat, little one! She has soft fur and she meows when she wants food or wants to play. Isn't she adorable?""","""Look at the big, red car, sweetie! It's so shiny and fast, zooming down the road, ready to take us on fun adventures!""","""Look at that fluffy bunny hopping in the meadow! It's so cute with its long ears and soft fur. Let's count the bunny's ears together, sweetie. One, two, three, four!"""
"""Look at the yummy, bright red apple! It's soft and squishy. We're going to eat it and make a funny smiley face with our faces.""","""Oh, look at all the pretty blocks! Want to help me stack them high?""","""Look at the yummy, bright red apple. It's so sweet and juicy. Shall we give it a little bite?""","""Look at the cute little puppy, little one! See how it wags its tail when you pet it gently. Isn't it the friendliest animal in the world?""","""Look at the beautiful bird, sweetie! It's flapping its wings and singing a lovely song!""","""Look at the big, shiny car! It's so pretty and red, just like your favorite toy. Want to see it go zoom when we take a ride?""","""Look at the fluffy bunny hopping around, little one. Bunny's name is Hopper. Hopper likes to eat carrots and play with his friends.""","""Look at that pretty bird, sweetie! It's singing a lovely song and flapping its wings so gracefully.""","""Look at all the fun toys! Let's pick your favorite one, the soft teddy bear, and we'll play together.""","""Look at those soft, colorful teddy bears! Do you want to give your teddy a big hug and a gentle kiss?""","""Look at that beautiful bird, sweetie! It has feathers and wings and it's flying high in the sky. Isn't it funny how it flaps its wings to go up, down, left, and right?""","""Look at the cute little cat, sweetie! The fluffy white cat with the pink nose is so soft and purring. Isn't she adorable?""","""Look, sweetie! This is a big red car. It has wheels that help it roll along the road, and the car's name is Charlie. Isn't Charlie lovely? Let's say 'Charlie the car' together.""","""Look at the juicy red tomato, sweetie! It's a tasty little fruit that we can chop up and add to our yummy salad!""","""Look at the cute, fluffy kitty cat with soft whiskers and pointy ears; she's so cuddly and meows when she wants food or wants to play.""","""Come here, sweetie! Let's talk about our family. This is mommy, and this is daddy. See our puppy? He's our family too!""","""Look, sweetie, this fluffy bunny is hopping around in the meadow, its soft fur is so cuddly and its bouncy hops are fun to watch!""","""Come here, sweetie, let's go inside the cozy house. Look at these pretty flowers on the porch and the big, fluffy pillows on the couch. Oh, this room is so bright and colorful with all these toys just for you!""","""Look at the pretty bird with feathers, chirping and hopping around in the tree, little buddy!""","""Look at the cute little puppy, sweetie! The puppy is so soft and fluffy, just like a big, warm, and cuddly teddy bear. Let's say 'woof woof' together, like the puppy is saying hello!""","""Look at that beautiful bird with its big, colorful feathers. See how it's hopping around and looking for seeds to eat. Isn't it fun to watch the little bird playing in the garden?""","""Hey sweetie, mommy and daddy are your big, warm family that loves you so much, just like your grandma and grandpa. We all live together under the same roof and make the best memories with you!""","""Hey there, sweetie! Let's play a game where we pretend to clean our big, beautiful house together. We can start by putting all the toys back where they belong, then we can wash our hands and help make the house sparkle and shine!""","""Look, sweetie! That bird is flapping its wings so fast and singing a beautiful song for us to hear. Isn't that fun?""","""Look at all these fun toys! You can play with the soft teddy bear, the shiny cars, or the bouncy ball. Let's find the one you like best and have a great time playing together!""","""Look at the fluffy kitty, little one! Its soft fur is so soft and cute, just like a big, cuddly pillow. Kitty is a friendly animal that purrs and loves to play with yarn and chase butterflies.""","""Look at that big, shiny car, sweetie! It's like a metal robot that takes people from one place to another, zooming by on the road, just like the red truck we saw earlier today!""","""Look at the fluffy bunny hopping around, little one. It's so soft and cute, isn't it?"""
"""Look at this yummy, colorful, and squishy fruit! It's a bright, juicy, and tasty apple!""","""Look, sweetie, here's a fun little teddy bear, and over there's a bright, colorful rattle to shake!""","""Yummy yummy food! Here comes your apple, sweet pea! Munch munch, you're eating so well!""","""Look at the kitty, little one! The kitty is purring and playing with the yarn.""","""Look, sweetie, there's a beautiful bird up in the sky. It's so pretty with its bright feathers and it's singing a lovely song for us.""","""Look, sweetie, a big, shiny car! See how the wheels roll and the doors open? It's like a big toy that takes us on fun adventures!""","""Look at the fluffy bunny hopping around, little one! Can you say 'bunny'? Let's clap our hands as the bunny hops and giggle together!""","""Look at the little birdie! It's so cute and fluffy, isn't it? Can you say birdie? Birdie goes 'bird-bird'.""","""Look at these pretty, colorful blocks, sweetie! Let's put them together and build a tower so tall we can reach the sky!""","""Look at these bright, shiny toys! They are so fun to play with. Let's choose your favorite one to play with now, okay?""","""Look at the beautiful bird, sweetie! Its feathers are so pretty, like a rainbow! Birds like this one sing beautiful songs and fly high in the sky.""","""Look at that cute kitty! See how it's meowing? Cats are so soft and fluffy. Do you want to touch it gently, sweetie?""","""Come here, sweetie! Look at the big red car, with shiny wheels that go 'vroom' when we go for a ride!""","""Look at the yummy apple! It's red and crunchy. Let's say 'apple' together, and I'll bite it for you!""","""Look at the fluffy, cute cat! The cat is chasing its tail and meowing softly.""","""Hey sweetie, guess what? Today we're going to play a fun game about our family! So, your mommy and daddy are the most amazing superheroes who love and protect you. Now, let's see... Ah, there's your big sister, Sophie","""Look, little buddy! See that fluffy bunny hopping around? It's called a bunny, and it's so soft and cute!""","""Look, sweetie, this is your home where we feel cozy and safe, with soft pillows on the bed and colorful toys in the playroom!""","""Look at the bird, sweetie! It's a pretty bird with colorful feathers, chirping songs, and a beak. Let's watch it fly and sing together, okay?""","""Look at the bunny hopping over the soft grass, little one. See how the bunny hops with its big fluffy ears? Isn't it so cute?""","""Look, sweetie! See that little bird up in the sky? It's singing a beautiful song, just for you.""","""Hey sweetie, look at mommy and daddy playing with you! They're your family, and they love you very much.""","""Hey there, sweetie! Look at our beautiful house with its shiny red roof, tall walls, and cozy windows that let in lots of sunlight. Can you see the bright blue door? It's where we all go to play and have fun!""","""Look, sweetie, there's a beautiful bird up in the sky, with wings that help it fly, just like a superhero! Can you say 'bird'?""","""Look at these fun toys, little buddy! The colorful blocks are all stackable, and the soft teddy bear is ready for a cozy hug.""","""Look at the cute, cuddly, and fluffy cat! Its fur is soft like your blankie, and it has big, round, sparkly eyes that are just for you!""","""Come here, sweetie! Look at this big, shiny car with its round wheels and colorful stripes, it's so fun to watch go zoom by!""","""Look at the cute little puppy! It's wagging its tail and wants to play with you. Isn't it adorable? Puppies are so soft and fluffy, and they love to cuddle. Let's say 'woof woof' together"
"""Look, sweetie, here comes your yummy mama's spoon with some warm, soft, and delicious baby food for you to eat!""","""Look at the pretty little toys, my sweet little one! You can play with them when you're ready.""","""Look at those yummy, juicy carrots, sweetie! They're so crunchy and delicious!""","""Look at the fluffy bunny hopping around, little one. Can you see the bunny's ears standing up like little bunny ears?""","""Look, sweetie, that's a bird! The bird is singing and flying in the sky. Isn't it pretty? Want to say 'bird' with me?""","""Look at the big, shiny car, sweetie! The wheels are round and it goes vroom vroom when you press its buttons!""","""Look at the cute little kitten, sweetie! It's soft and fluffy, just like your teddy bear. The kitten loves to play and purr softly, just like when mommy laughs at your funny noises.""","""Look, sweetie, there's a pretty bird with colorful feathers! It's flying up high in the sky, singing a beautiful song for us!""","""Look at the bright, colorful toys, sweetie! The fluffy teddy bear is ready to hug, and the shiny blocks are waiting for us to stack them up together!""","""Oh, look at all those bright, shiny toys! Can we play with the big, soft teddy bear together?""","""Look, little one, a beautiful bird with bright feathers is chirping and singing. It's like a little musical bird friend playing songs for us!""","""Look at the cute little cat, sweetie! It's soft and fluffy, just like your teddy bear.""","""Look at the shiny, bright car, my little buddy! It's big and strong, and it takes us on fun adventures. See the bumpy road? That's where the car drives, and the smooth road? That's where the car goes on trips with us.""","""Yummy, sweet, juicy apple! Look at the red, round, and crunchy apple, little buddy. Eat it, eat it, and enjoy the yummy taste!""","""Look at the cute little kitty cat with fluffy fur and a purr. She's so soft and wants to cuddle, just like your teddy bear. Isn't she a little purr-fect friend?""","""Look at the smiling faces of mommy and daddy, sweetheart! Can you see them? Mommy and daddy love you so much and are your family. We're all together like a big, happy family!""","""Look at that adorable little bunny, sweetie! It has soft, white fur and fluffy bunny ears. Can you say 'bunny'? Yes, bunny, just like the bunny we see hopping around.""","""Look at this beautiful house, sweetie! It has a big red door and lots of windows. The roof is as white as clouds, and the grass outside is so green and soft. Isn't it nice? Let's go inside and make a new friend!""","""Look at that beautiful bird, sweetie! It has a bright blue feather on top and it's chirping a lovely song.""","""Look at the fluffy bunny hopping over the green grass, little one! Do you see the bunny's soft ears and the way it bounces around?""","""Look at that beautiful bird, sweetie! It's flapping its wings and singing a lovely song just for you!""","""Look at the smiling faces of our family, sweetie! Mommy and Daddy love you very much, just like your big brother, and we're all a special team together!""","""Hey sweetie, look at our cozy and warm house, with its colorful rooms, soft pillows, and yummy snacks. Let's go explore the magical garden outside and find some beautiful flowers to pick!""","""Look at the pretty birdie up in the sky, it's singing a lovely song just for you!""","""Oh, look at all these fun toys! You're going to love playing with these soft, cuddly teddy bears and shiny, colorful building blocks!""","""Look, sweetie, this fluffy cat is sitting on the chair. Its soft fur is so nice to touch, just like a big, cuddly blanket. Cats are amazing pets, don't you think?""","""Look at the big red car, sweetie! It has four wheels that help it go smoothly on the road, just like your bicycle. It can take us to the park, to grandma's house, and even on adventures. Isn't that exciting?""","""Look at the bunny hopping around in the meadow, little buddy! See how soft and fluffy its fur is?"""
"""Look at this yummy apple, sweetie! It's soft and red, and you can squish it with your little hands.""","""Look at those bright, fluffy toys, sweetie! They're waiting for you to play and have fun.""","""Look at those yummy carrots, sweetie! They're crunchy and orange, perfect for your tiny hands to explore.""","""Look at the cute little puppy playing with the ball, sweetie!""","""Look, sweetie, a beautiful bird is flying up high in the sky. Its feathers are soft and it's chirping a lovely song for us to enjoy!""","""Look at the big, shiny car, sweetie! It's yellow and has four wheels. Can you say 'car' with me?""","""Look at the big, fluffy bunny hopping by, little one! See how it hops and plays with its bunny friends in the meadow?""","""Look at that beautiful bird, sweetie! It's flying high in the sky with its wings spread wide. Isn't it a lovely bird with its feathers all bright and colorful?""","""Oh, look at all the fun toys you have, little buddy! You have a bright red ball, a fluffy teddy bear, and a shiny, colorful train. Let's play with them together!""","""Look at the pretty teddy bear, sweetie! Want to give it a hug and play with it together?""","""Look, sweetie! There's a pretty bird with bright feathers. It's chirping a lovely song for us to hear. Want to say 'hello' to the bird?""","""Look at the fluffy, cute cat with soft fur and big eyes, sweetie! Isn't it purr-fect? The cat is sitting on the sofa, and it's playing with a little ball. Want to say 'cat'? Good job! Now, let'","""Look, sweetie! This is a big, shiny car. See how the wheels go round and round? The car will take us on a fun ride to the park!""","""Look at the yummy apple, sweetie! It's so red and juicy. Let's take a big bite, chew and swallow, and enjoy this delicious fruit together!""","""Look at the fluffy kitty cat with pointy ears, little one! The cat is purring and stretching on the soft carpet, isn't she cute?""","""Look at all the love in our family, sweetie! We're a big, happy group with mommy, daddy, and our two best buddies, big brother Tommy and baby sister Lily.""","""Look, sweetie, this cute little puppy is running around! He's a dog, and he loves to play fetch with us.""","""Come here, sweetie! Let's go inside our cozy house. Look at all these pretty rooms where we live and play. The kitchen is where mommy cooks yummy food, and the living room is where we watch fun cartoons. Oh, and there's our lovely bed","""Look at the pretty bird, sweetie! It's flapping its wings and chirping happily. Can you say 'bird'? Great job! That's right, we say 'bird' for the lovely creature with feathers and a beak. Let's watch the bird together","""Look at the cute little kitten playing with the yarn. See how it's chasing the string? It's so funny!""","""Look at that pretty bird with the colorful feathers. It's singing a sweet little song just for you. Isn't it amazing how the bird can fly so high up in the sky?""","""Hey there, sweetie! Do you know that our family is like a big, happy team? Just like how we work together at home, our family team helps us and supports each other, making our lives brighter and funnier every day!""","""Look at our lovely house, sweetie! It has a big, cozy bed, colorful walls, and a soft carpet just for you to play on!""","""Look, sweetie, there's a little birdie up in the sky, chirping and singing, so happy and free. It's so tiny and fluffy, just like your teddy bear, isn't it?""","""Look at the bright, colorful toys! They're waiting for you to play and have fun!""","""Look at the fluffy, playful cat, little one! Its soft fur is as white as snow and its eyes sparkle like the stars in the night sky. Isn't it a wonderful, furry friend?""","""Look at the shiny, red car, sweetie! The wheels go round and round, zooming like a rocket! Let's pretend to drive it, waving our hands and singing 'Happy Car Day!'""","""Look at the fluffy bunny hopping in the garden! Isn't it cute with its cottony white tail?"""
"""Look at these yummy, colorful pieces of fruit! They're as sweet as honey and just perfect for your little tummy.""","""Look at the bright, colorful toys! The soft teddy bear and the shiny rattle are here for you to play with!""","""Look at the yummy carrots! They are orange and crunchy. Let's try some sweet and healthy carrot mash together, little one!""","""Look, sweetie, there's a cute little puppy running around, and he's very friendly!""","""Look at the birdie, sweetie! It has pretty feathers and chirps really loud. Isn't that a beautiful bird? Birds are so fun to watch and listen to, don't you think?""","""Look at the big, shiny car, sweetie! It has four wheels and a roof to protect you from the sun and the rain. The car goes 'vroom vroom' when we press the pedal, and the driver sits in the driver's seat to steer it.""","""Look, sweetie, a fluffy bunny hopping by! See how it hops and twitches its nose?""","""Look at the pretty birdie with its colorful feathers! The birdie is singing a lovely song for us.""","""Look at the pretty toys, sweetie! They're waiting for us to play and giggle together!""","""Hey there, sweetie, let's play with your cuddly teddy bear and those bright, bouncy balls, okay?""","""Look at that beautiful bird, sweetie! See how it's flapping its wings? It's flying high in the sky, singing a lovely song just for you!""","""Look at the fluffy cat, sweetie! It's playing with a ball of yarn, and it's purring softly, just like a gentle lullaby. Isn't it the cutest little ball of fur you've ever seen?""","""Look at that big, shiny car with four wheels and a bright red color, sweetie. It's called a car, and grown-ups use it to go places, just like we use our big, strong legs to walk and run around!""","""Look at these juicy, ripe strawberries! They're so red and sweet. Let's have some strawberry yummy!""","""Look, sweetie, there's a fluffy, cute cat! Its fur is soft and white, and it has tiny, pointy ears. It's saying 'meow' and looking at you. Isn't it a lovely, cuddly friend?""","""Look, sweetie, that's mommy and daddy, they love you so much, just like I do. They're your family and they take care of you.""","""Look at the fluffy bunny hopping in the meadow! See how it hops and plays with the butterflies?""","""Come here, sweetie! Look at our big, cozy house with the red roof and the pretty flowers in the front yard. We have a lovely room with a comfy bed and lots of toys to play with. Isn't our home special and fun to explore?""","""Look at that beautiful bird, sweetie! It's fluffy and colorful, and it's singing a pretty song for us to enjoy!""","""Look at the fluffy bunny hopping and nibbling on the green grass. Can you see how soft and cute it is?""","""Look at the beautiful birdie! It has feathers that are so pretty, like a rainbow. The birdie is singing a sweet song for us to enjoy, just like a musical melody.""","""Look at our family, sweetheart! There's mommy, daddy, little brother, and we all love each other very much. We have fun at home together!""","""Come here, little one! Let's look at the big, cozy house with a red door and a big, beautiful garden.""","""Look at that pretty birdie, sweetie! That's a colorful little birdie flying up high in the sky, singing a lovely song for us.""","""Look, sweetie, we have your favorite cars and dolls ready for playtime! Let's pick the blue car and the soft doll for you to have fun with!""","""Come here, little one, look at this fluffy cat. See how it's so soft and purrs when you pet it? Isn't it cute and cuddly?""","""Look at that big, red car, sweetie! It's zooming down the road so fast, just like a rocket! The wheels are round and smooth, and it goes 'vroom, vroom' as it drives by.""","""Look at the fluffy bunny hopping through the meadow, little buddy! Its soft fur feels like cotton candy, doesn't it?"""
"""Yummy yummy, little one! Mama's giving you some soft, spoon-fed puree to help you grow strong and healthy. Isn't it tasty?""","""Look at the pretty blocks! You can stack them up high like a tower. Let's put them together and see what we make!""","""Look at this yummy carrot, sweetie! It's so colorful and crunchy, just like a little orange stick that tastes really good!""","""Look at the puppy, little one! It's so fluffy and soft. The puppy's tail wags happily when it sees you.""","""Look, sweetie, there's a pretty bird with feathers, a beak, and wings, chirping and hopping around in the tree.""","""Look at the big red car, sweetie! See how it rolls and goes? Want to see it go even faster?""","""Look at the fluffy bunny hopping around, little one. It's so soft and cute, isn't it? The bunny is named Binky and Binky loves to eat carrots and play with his bunny friends.""","""Look, sweetie, a bird! Birdie is flying high in the sky. Birdie has feathers and a beak. Birdie can sing pretty songs. Can you say 'bird'?""","""Look at those bright, bouncy bouncy balls! They're so soft and squishy, let's play and bounce them together, little one!""","""Look at all the soft, bouncy bunnies and the bright, colorful cars waiting for you to play, sweetie!""","""Look, sweetie, a bird! It's a pretty little bird with feathers all over its body. The bird is singing a lovely song. Can you hear it? Birds are flying creatures with wings that help them glide through the sky. Isn't it wonderful to watch them so","""Look at the fluffy, cute cat with soft fur, purring and sleeping like a little ball of clouds!""","""Look, sweetie! That's a big, shiny car with four round wheels, and it's going to take us on a fun ride to the park!""","""Look at these delicious, juicy red apples, sweetie! They're so yummy and crunchy. Let's eat them together, okay?""","""Look at the fluffy, cute cat, sweetie! The cat is sleeping, purring, and dreaming about chasing butterflies and playing with yummy fish.""","""Look at the happy family, sweetheart! Mommy, daddy, and baby brother are all here with us, just like you. We love and care for each other, and that's what makes our family so special!""","""Look at the fluffy bunny hopping around, little one! Isn't it cute when it hops and hops?""","""Hey there, sweetie! Let's go inside our cozy house where we have a big, soft bed for sleeping and a lovely kitchen to help us make yummy snacks. There are windows to let the sunshine in, and walls to keep us safe. Inside, we have","""Look at that beautiful birdie, sweetie! It has feathers, a beak, and it's singing a lovely song for us to enjoy.""","""Look at the bunny hopping around, little one! Bunnies love to nibble on grass and hop in the meadow.""","""Look, sweetie, a beautiful bird with feathers like a rainbow is singing a lovely song for us to enjoy!""","""Oh sweetie, it's time to say goodbye to Mommy and Daddy and hello to our wonderful family, just like how we say hello to all our loving relatives and friends.""","""Hey there, sweetie! Let's look at our cozy house with its beautiful windows, friendly door, and fluffy carpets inside. Can you say 'house'?""","""Look at the birdie, sweetie! The little birdie is singing a pretty song on the branch. Want to hear it sing for us?""","""Look at all the colorful blocks! You can stack them up like a tall tower. Watch them bounce when you drop them gently!""","""Look, sweetie, there's a fluffy cat! See how it's purring and playing with its toy mouse?""","""Look at that big, shiny car, sweetie! It's red like your favorite toy. See how it moves? The driver is sitting inside, driving us safely to our fun places!""","""Look at the fluffy bunny hopping around, little one. Isn't it cute when it jumps over the big, green grass?"""
"""Look at the yummy carrots, sweetie! They're orange and crunchy. Yum!""","""Look at all these bright, fun toys! Your little hands can reach them, and when you grab them, you'll have a great time!""","""Yummy! Look at the yummy apple, sweetie! Mama will cut it up for you to eat. Mmm, tasty!""","""Look at the fluffy bunny hopping by, little one! It's so soft and tiny, just like your soft toys!""","""Look at the beautiful bird, sweetie! See how it's chirping and hopping around the tree? Isn't it so fun and cute?""","""Look, sweetie, this big and shiny car! It goes vroom-vroom when the grown-ups push it, and it has a red roof like the top of your favorite teddy bear.""","""Look, sweetie, a fluffy bunny with soft ears hopping in the grass! Isn't it hopping around like a little bouncing ball?""","""Look at that beautiful bird, sweetie! It's a robin and it's singing a lovely song.""","""Oh, look at the pretty, colorful toys! The ball can roll and bounce, the teddy bear is soft and fluffy, and the blocks can stack up high. Let's play with them together!""","""Look at all those colorful blocks, sweetie! Want to help me build a big, beautiful tower together?""","""Look, sweetie, there's a beautiful bird outside! It's flying high in the sky, with its wings spread wide. Isn't it amazing how it can glide and swoop so gracefully? Just like the bird, you're learning and growing every day, becoming more and","""Look, sweetie, this cute little kitty is a cat! Kitty, kitty, purr-purr! This fluffy furry friend is soft and cuddly. Do you like how the cat's ears flap when it wags its tail?","""Look at the big, shiny car with the red roof and four wheels! Can you say car? The driver sits inside and drives it to go places, like our home or the park. Want to pretend to drive the car with me?""","""Look at the juicy, ripe, and delicious apple, little one! It's so yummy and crunchy, just like the sweet and soft candy you love.""","""Look at the fluffy, cute kitty cat, little buddy! The cat has soft fur, pointy ears, and a cute little tail. The cat is purring and is very friendly. Do you like the purring kitty cat?""","""Look, sweetie, this is mommy and daddy. They love you very much. Mommy makes you yummy food, and daddy helps you learn new things. They are your family, and they'll always be here for you!""","""Look at the fluffy bunny hopping through the meadow, little one! Its long ears are so soft, and it's nibbling on some juicy carrots. Can you say 'bunny'? Awesome job!""","""Come here, little one, let's explore our cozy home together, where we have soft beds, lovely toys, and yummy snacks for you.""","""Look, sweetie, there's a beautiful bird up in the tree! It has bright feathers and it's singing a lovely song for us to hear.""","""Look at the fluffy bunny, sweetie! The bunny hops around and eats carrots. Isn't she just so cute and soft?""","""Look at that beautiful bird, sweetie! It's called a blue jay. Blue jays have bright blue feathers and like to sing pretty songs. Isn't that amazing?""","""Look at your big brother, he's your uncle and helps us take care of mommy and daddy. They love you very much, just like I love you!""","""Hey sweetie, let's go inside the big, cozy house where we have a lovely living room, a fun kitchen, a big bedroom for sleeping, and lots of soft, clean carpets to walk on!""","""Look, sweetie, a beautiful bird with bright feathers is singing a lovely song up in the sky. Isn't it wonderful?""","""Look at the colorful toys! The ball is round and bouncy, and when you press the buttons on the toy car, it zooms like a race car!""","""Look, sweetie, there's a cute cat with soft fur and gentle purrs. She's a playful kitty, and she likes to chase little toys and cuddle with us.""","""Look, sweetie, that big, yellow car is zooming down the street. It's making a funny sound, like a growl. Isn't it exciting? Let's wave as it passes by!""","""Look at the cute little bunny hopping around! It's so soft and fluffy, just like a cloud!"""
"""Look at this yummy apple, sweetie! It's soft and juicy. Let's see if you can hear the crunch when we take a little bite!""","""Look, sweetie, these colorful toys are ready for you to play with and have lots of fun!""","""Yummy, yummy! Here's some sweet, soft carrots for you to munch on. They're crunchy and delicious!""","""Look at the fluffy bunny hopping around, little one! Isn't it so soft and cute?""","""Look at that beautiful birdie with its pretty feathers! Want to see if it can fly over our heads?""","""Look at the bright red car, sweetie! It has four shiny wheels and a cool wiper to keep the windshield clean. The driver sits inside and the engine makes a nice rumbly sound when it goes vroom-vroom!""","""Look, baby, see the fluffy bunny hopping and the big, round panda munching on bamboo!""","""Look at the birdie! It's flying high in the sky, with its pretty feathers. The birdie is chirping a lovely song.""","""Look at the soft, fuzzy teddy bear! Would you like to hug it gently and give it a big, loving smile?""","""Look at the pretty teddy bear, little one! It's soft and cuddly, just like your favorite blanket. Want to give it a hug?""","""Look, sweetie, a beautiful bird with bright feathers is singing and hopping around. Want to watch it together?""","""Look at the fluffy cat, little one! Its fur is soft like a cloud, and it's purring happily. The cat has big eyes and tiny paws. Isn't it adorable?""","""Look at the big, red car, sweetie! It's so shiny and fast, but remember, we always wait for Mommy and Daddy to drive it safely.""","""Look at these yummy carrots! Let's eat them and get strong like a superhero.""","""Look at the fluffy, cute cat! It's purring and playing with a ball of yarn. Isn't it cute? Cats are soft and cuddly!""","""Look at mommy and daddy holding hands, sweetie, they are your family, just like you and me!""","""Look at that fluffy bunny hopping around, little one! Want to see it jump over those big, green leaves?""","""Look at our cozy and colorful house, sweetie! It's a warm and safe place where we live together. Can you say 'house'? Great job! Our house has a big window, a lovely garden, and a sweet little kitchen where we make yummy snacks together.""","""Look at that beautiful bird, sweetie! It's a fluffy, little chick with soft feathers, just like a cuddly teddy bear. Want to count the fluffy feathers on its pretty wings together?""","""Look at the cute little kitty cat, sweetie! The kitty has soft fur, paws, and a little tail. Can you say 'kitty' with me?""","""Look, little buddy, see the bird with feathers? It's flying high up in the sky, like a big, fluffy airplane. Want to count how many times it flaps its wings?""","""Hey sweetie, you know mommy and daddy love you so much, just like how your favorite toys love to play with you, and we all sit together for family dinner, just like when we have a big, yummy meal with your toys!""","""Come here, sweetie! Let's go explore our cozy house, where we have lots of fun and safe places to play!""","""Look at that beautiful bird, sweetie! It's flapping its wings and flying in the sky like a colorful kite.""","""Look at the colorful toy box! Shall we pick a fun toy to play with together?""","""Look at the cute little cat, little one! Its fur is as soft as a cloud, and it's purring because it loves you so much. Let's go pet it gently, okay?""","""Look, sweetie, this is a car! It has four wheels and a big, red color. The car can take us on fun trips to the park, the zoo, or even to grandma's house!""","""Look at the fluffy bunny hopping around! Its soft fur is so cute, little one!"""
"""Look at the yummy yummy food, baby! It's soft and squishy. Yummy yummy!""","""Look at the pretty, colorful toys! Let's play with the soft, bouncy ball together!""","""Look, sweetie, yummy mama's cooking. Here's your puree, smell it, smell!""","""Look at the cute puppy, sweetie! It's a furry ball of fluff that loves to wag its tail and play.""","""Look at that beautiful bird! It has soft feathers and it's chirping so sweetly. Can we point at the bird and say 'bird' together?""","""Look at the big, shiny car! The car goes 'vroom-vroom' when it moves and we can sit inside it with Mommy and Daddy to go on a fun ride!""","""Look at the bouncy bunny hopping around! Want to see the cute little duck swimming in the pond?""","""Look at that beautiful bird, sweetie! It has feathers, a beak, and can fly high up in the sky.""","""Look at all these bright, shiny toys! Want to play with the funny-shaped blocks or the soft, fluffy teddy bear?""","""Look at the colorful toys! Your favorite truck is over there, and the teddy bear is waiting for you to hug it. Let's play with them together!""","""Look, sweetie, there's a beautiful bird with bright feathers. It's called a parakeet, and it's singing a lovely song for us to enjoy.""","""Look at the fluffy, cute cat. It's purring and snuggling in the cozy blanket. Want to say 'hello' to the cat, sweetie?""","""Look at the bright red car, sweetie! It's ready to go on a fun ride, zooming down the road. Isn't it a big, happy car?""","""Look at the yummy carrots, sweetie! They're orange and crunchy, and they're good for your eyes. Let's give them a big bite and enjoy their tasty goodness together!""","""Look at the fluffy, soft cat with big, round eyes! Can you say 'cat'? Yes, that's right! The cat is purring and playing with a little ball of yarn.""","""Hey sweetie, guess what? Today we're going to meet your Auntie May, who's going to show you her super cute puppy!""","""Look, sweetie, there's a little bunny hopping around. It has soft, fluffy fur and tiny pink ears. The bunny is eating carrots and hopping really fast. Isn't the bunny so cute and happy?""","""Look at the big, beautiful house, sweetie! It has a shiny red door, windows to peek through, and a roof like a hat to keep it dry when it rains. Inside, there are many rooms with lots of cozy spots for us to play and nap!""","""Look, sweetie, that beautiful bird is singing a lovely song just for us! Its feathers are all colorful, just like your favorite crayons!""","""Look at the fluffy bunny hopping around, little buddy! Do you see how soft and cute it is? Let's say 'Bunny' together!""","""Look at the pretty bird, sweetie! It's singing its lovely song with its tiny, colorful feathers. Can you say 'bird'? Let's try together!""","""Look at the beautiful family picture we took today, sweetie! There's Mommy, Daddy, and your big brother and sister. They love you very much and want to see you smile!""","""Hey sweetie, let's go peek-a-boo with our house, it's big and has a blue roof just like your teddy bear's hat!""","""Look at that beautiful bird with its colorful feathers and wings. It's flapping its wings to fly up high in the sky. Isn't it amazing how it can soar through the air like a little flying superhero?""","""Look at all the fun toys, sweetie! There's a big, soft teddy bear for hugging, a colorful rattle to shake, and a pretty doll to play with.""","""Look at that fluffy, cute kitty cat! The cat is purring and sleeping in its cozy bed.""","""Hey sweetie, look at the big, red car zooming by! It's going so fast, isn't it? Cars are like our toy trains, but they go on roads instead of tracks!""","""Look, little buddy! See that fluffy bunny hopping in the meadow? The bunny is so soft and hops really fast!"""
"""Look at this yummy, colorful spoon! It's time to eat, little one. Let's enjoy some soft mashed sweet potato.""","""Oh look, little one! You have so many toys to play with. Let's see... here's your soft teddy bear, and there's a colorful rattle to shake. Wow, look at those blocks, they're stacking up so high! So much fun","""Yummy yummy, sweet potato, come here! Want to try some delicious, soft mashed sweet potato?""","""Look at the fluffy bunny hopping around! Can you say 'bunny' with me?""","""Look, sweetie, that beautiful bird is flying in the sky. Can you see how its wings are spread wide? It's so pretty with its feathers, isn't it?""","""Look at the big red car, sweetie! See how it zooms on the road? Can you say 'car'? This is your favorite ride, isn't it fun?""","""Look at the cute little puppy, sweetie! Puppies are so playful and love to wag their tails.""","""Look at that beautiful bird, sweetie! It's a robin, and it's flapping its wings so it can fly up high in the sky!""","""Look at the big, fluffy teddy bear! Can you say 'teddy bear'? The teddy bear is soft and we can hug him together. Would you like to give him a big, strong hug?""","""Look at all these colorful toys! Let's find your favorite teddy bear and play together.""","""Look, sweetie, there's a little birdie outside. The birdie has feathers and chirps a lovely song. Isn't it amazing how it can fly and sing all by itself?""","""Look at the cute little kitty, little one! She's a fluffy, soft, and playful cat who loves to purr and cuddle when you pet her gently.""","""Look at the big, shiny car! It has four wheels to drive on the road and a nice, red color for us to see. Let's pretend we're driving the car together!""","""Look at the yummy apple! It's red and crunchy, just perfect for a little bite. Yum! Would you like some apple slices, sweetie?""","""Look at the cute little kitty cat, it's purring softly and has soft, fluffy fur, and it's time for our friend the cat to go play with its toys!""","""Look at mommy and daddy, sweetie! They're our loving family, just like you, and they always love and care for you.""","""Look at the fluffy bunny hopping around, little one! It's called a bunny, and it's so soft and cute, isn't it?""","""Look at the big, beautiful house where mommy and daddy live. It's painted bright pink and has a big, friendly garden with lots of flowers!""","""Look, sweetie, there's a pretty bird sitting on that tree! Its feathers are so colorful, like a rainbow. Do you see how it's hopping around with its little wings? Want to say 'hello' to the bird?""","""Look at the cute bunny hopping around! See how it hops? The bunny is so fluffy and soft!""","""Look at the beautiful bird with the bright red feathers! Want to say 'bird'? Yes, that's right! Birds fly in the sky and sing lovely songs.""","""Hey sweetie, look at all the smiling faces in our family. That's mommy, daddy, and all your favorite people! We love you so much and always have a hug and a smile for you.""","""Look at our beautiful, cozy home, sweetie! See the big, fluffy couch where we snuggle up, and the colorful, fun kitchen where we make yummy treats together. Our house is like a warm, safe hug that keeps us all happy and smiling!""","""Look at that beautiful bird, sweetie! It's hopping around on the branch, singing a lovely song for us to hear.""","""Look at all these fun toys, sweetie! Can you find the colorful teddy bear for your big brother? It's so soft and cuddly!""","""Look at the fluffy, cute cat! It's soft and purrs when you pet it gently.""","""Look at the big, shiny car, sweetie! It's going to take us for a fun ride. We'll sit inside and wave to our friends as it goes zooming by. Isn't that exciting?""","""Look at the cute little puppy, sweetie! It's wagging its fluffy tail because it's so happy to see you!"""
"""Look at this yummy, bright red apple. Can you hear it sizzle when we cook it? It will make your tummy happy when we eat it together.""","""Look at those bright, fluffy teddy bears! Let's play with them, sweetie, and giggle as they jump!""","""Look at these yummy, colorful, bright, tiny, and squishy fruits and vegetables. They're ready to be gently explored with our soft, curious, tiny, and chubby little fingers. Yummy, yummy, yummy!""","""Look at the big, fluffy bunny hopping by, little one! The bunny is so soft and cute!""","""Look, sweetie, a little birdie just flew by with its colorful feathers. It's singing a lovely song just for you!""","""Look, sweetie, there's a big, red car! The car goes 'vroom' when it moves, and we can sit in the car to go on a fun ride together!""","""Look at the cute little bunny hopping around, it's so fluffy and soft!""","""Look at the pretty bird with its colorful feathers, little buddy! Can you say 'bird'? Birds like to chirp and fly high in the sky, just like when we fly on our plane together!""","""Look at the cute little teddy bear! Can you say 'teddy'? Want to give it a big hug?""","""Look at those colorful cars and blocks, sweetie! Let's play and stack them up together!""","""Look, sweetie, there's a bird! It's flying so high up in the sky, isn't it pretty? Want to say 'hello' to the bird for me?""","""Look at the fluffy, cute, and cuddly cat with the pointy ears and soft fur. The cat says 'meow' and loves to play with yarn balls. Isn't the cat adorable?""","""Look at the bright red car, sweetie! The car has four wheels and big windows so we can see everything outside. Let's say 'vroom' like the car goes!""","""Look at these juicy red apples, sweetie! They're so crunchy and yummy. Would you like to take a big bite and try some?""","""Look at the fluffy cat, little one! See how it's purring and playing with its toys. Isn't it cute and cuddly? Cats are amazing pets that love to nap and chase little balls of yarn.""","""Oh look, sweetie, those are your mommy and daddy. They love you so much and they always make sure you're happy and safe.""","""Look at the fluffy bunny hopping over the grass, little buddy. Its white and brown fur makes it look like a little cotton ball in the sky!""","""Look at this big, cozy house where we live, sweetie! It's filled with colorful rooms, comfy beds, and yummy food to make us happy!""","""Look at that beautiful bird up in the sky, sweetie! It's like a big, fluffy, flying, chirping, feathered friend that loves to hop from branch to branch and sing sweet songs just for us.""","""Look at the fluffy bunny hopping around, little buddy! The bunny is so soft and cute, isn't it?""","""Look at that beautiful bird, sweetie! It has feathers, a beak, and it's singing a lovely song for us to enjoy!""","""Hey sweetie, you know who's part of our big, happy family? That's right, your mommy, daddy, and your big brother, Tommy!""","""Come here, sweetie, let's go explore our cozy house together. Look at all the lovely rooms where we sleep, eat, and play, and remember, this is our special home where we feel safe and happy!""","""Look, sweetie, there's a beautiful bird with colorful feathers flying up high in the sky, singing a lovely song just for you!""","""Oh, look at those big, colorful blocks! They are just waiting for you to build tall towers. Let's pick up one and place it carefully on the table.""","""Come here, sweetie! Look at the fluffy, cute kitty cat. See how it's purring and cuddles with mommy and daddy?""","""Look, sweetie, that big red car zooms by super fast! Can you say 'car'? See the car going 'vroom, vroom'?""","""Look at the cute bunny hopping around, sweetie. Bunnies are fluffy little rabbits that love to munch on carrots. Isn't she adorable?"""
