3 Months,6 Months,9 Months,12 Months,15 Months,18 Months,21 Months,24 Months,27 Months,30 Months,33 Months,36 Months,39 Months,42 Months,45 Months,48 Months,51 Months,54 Months,57 Months,60 Months,63 Months,66 Months,69 Months,72 Months,75 Months,78 Months,81 Months,84 Months
"""Look at the big, red car, sweetie! The car goes 'vroom-vroom' and takes people on fun rides. Let's wave to the car together, okay?""","""Look at mommy and daddy, they're our family, just like you are my sweet little one!""","""Look at the cute little kitty, sweetie. Its fur is soft and fluffy. The kitty is purring because it's happy and content. Do you like the kitty's purr?""","""Look at the big, beautiful house with a red roof! Let's go inside and make a fun mess with our toys, little buddy!""","""Look at the big, beautiful house! The roof is red and the windows are shiny. Let's go inside and see all the pretty rooms!""","""Look at the cute little bunny hopping around, little one. See how it hops and hops, doesn't it look fun?""","""Look, sweetie, there's a beautiful bird with colorful feathers flying high in the sky. It's like a big, fluffy butterfly with wings!""","""Look at that cute little kitty cat! Can you say 'cat'? Meow, meow, c-a-t. See how the cat is purring? Isn't that so soft and fluffy?""","""Look, sweetie, this is a big, beautiful house where we live, and it's safe and warm for us to play and sleep!""","""Look at that cute fluffy cat, sweetie! The cat is purring and sleeping on the soft couch, isn't it just adorable?""","""Look at that beautiful bird, sweetie! See how it's chirping and hopping around on that tree branch. Isn't it just the cutest little bird you've ever seen?""","""Look at the fluffy bunny hopping around! See how it hops so fast, and look at its soft, white fur! Can you say 'bunny'? Great job!""","""Look, sweetie, these are our family! This is Mommy, Daddy, your big brother/sister, and your favorite cousin. We love you very much!""","""Look at the fluffy kitty cat! She's so soft and cute. Can you say 'cat' with me? Cat-cat!""","""Hey there, little buddy! Come on over and let's explore our cozy, warm house together. Look at those pretty walls and check out all the fun stuff in each room. Isn't it a great place to play and grow?""","""Look at the fluffy bunny hopping and giggling in the garden! Isn't it the happiest little animal you've ever seen?""","""Look, sweetie, this big, red car can take us on a fun ride to the park!""","""Hey there, sweetheart! Look at your family, Mommy, Daddy, and little brother, all snuggled up together, just like a cozy little nest of love and happiness. Isn't it wonderful to have your family close by your side?""","""Look at the fluffy, furry dog! See how it wags its tail when it's happy and loves to play with you.""","""Look at that beautiful birdie! The birdie has soft feathers and it's chirping. It's like a little song in the sky. Isn't that birdie a wonderful sight to see?""","""Look at that fluffy, cuddly kitty cat! It's purring and playing with yarn. Oh, isn't it a paw-some feline friend?""","""Look at the big, shiny red car! It's zooming down the road, waving hello to all the colorful houses and trees on the way!""","""Hey there, sweetie! You know how we all love our family, right? Like your mommy, daddy, and your big sister, they're like our family superhero team. They always take care of us and make sure we're happy and safe.""","""Hey there, sweetie! Look at the yummy red apple. It's so juicy and crunchy! Can you take a big bite and taste how sweet and delicious it is? Yummy!""","""Come here, little buddy! Look at our big, cozy house with a lovely red door, where we play and snuggle together!""","""Look at the big, bright car, sweetie! It's so shiny, and the wheels go 'vroom' when you press the pedals. Isn't it exciting? Let's pretend to drive it together!""","""Look at the cute fluffy cat, sweetie! The cat is purring and sleeping in a big, cozy bed. Isn't that so adorable?""","""Look at these big, juicy red apples, little buddy! They're yummy and crunchy, perfect for making a yummy apple pie!"""
"""Look, sweetie, this big, shiny car goes 'vroom-vroom' when it drives, and it has a big, round windshield so you can see the pretty flowers and trees outside. Isn't it a wonderful, colorful car?""","""Look at mommy and daddy, they're our special family that loves you very much.""","""Look at the kitty, little one! The kitty is purring and playing with its favorite toy. Isn't she cute?""","""Look, sweetie, this is our home where we live. It's a lovely house with a big, cozy bed, and we have many colorful toys to play with!""","""Look at the pretty house, sweetie! It has a big red door, a green roof, and yellow sun. Let's go inside and explore the colorful rooms together!""","""Look at the fluffy bunny hopping around, little one! It's hopping, hopping, hopping all over the grass!""","""Look at that beautiful birdie, sweetie! It's flapping its wings and singing a pretty song. Can you say 'birdie' with me?""","""Look at the fluffy, cute, and cuddly cat, sweetie! It has soft fur, pointy ears, and a long, wiggly tail. Can you say cat?""","""Look at the pretty house, sweetie! It's big and has a red roof and green grass outside. Come here, let's go inside and play with the toys!""","""Look, sweetie, there's a cute little cat! The cat is soft and fluffy, with pointy ears and a cute tail. The cat is playing with a ball of yarn and purring happily.""","""Look at the beautiful bird up in the sky, little buddy! It's flapping its wings so fast and singing a sweet little song for us.""","""Look, sweetie, that fluffy bunny hopping around over there is called a bunny! It's very cute and loves to eat carrots. Do you see the birds up in the trees? They're called sparrows, and they sing beautiful songs for","""Look at us, sweetie! We're your family, and we love you very much. Mommy and Daddy are your parents, and we'll always be here for you, just like your favorite teddy bear!""","""Look at the cute cat, sweetie! The cat has soft fur and loves to play with yarn. Can you say 'cat'? Let's say it together: 'cat'.""","""Come here, little one! Let's look at the pretty house, with the red roof and big windows. Can you say 'house' with me?""","""Look at the fluffy bunny hopping over the grass! Can you say 'bunny'? The bunny goes 'bunny-bunny'!""","""Look, sweetie, there's a big red car driving on the road. Can you say 'car'? This is what daddy takes us to school in!""","""Sweetie, our family is like a big, loving group of friends who always share their toys, hugs, and smiles with each other!""","""Look at the cute little dog, sweetie! This fluffy pup is so soft and loves to wag its tail when you give it a pat.""","""Look at that pretty bird, sweetie! It's singing a lovely song with its tiny, tiny voice. Let's listen and hear how it sounds, okay?""","""Look at the cute, fluffy cat with soft fur, tiny paws, and big, round eyes, sweetie. This little kitty loves to play and purr. Isn't it just the most adorable thing you've ever seen?""","""Look at the big, red car! It's so shiny and fast, like a superhero zooming on the road!""","""Sweetie, it's time to say goodnight to your family. Mommy and Daddy love you so much, and they will always be there for you, just like how I'm here for you.""","""Look at these yummy, brightly-colored vegetables! They're so crunchy and sweet, just like nature's candy. Let's take a big bite together and chew slowly so we can enjoy every delicious taste!""","""Hey there, sweetie! Come look at our cozy house, with its pretty windows and colorful door, where we keep all our toys and snacks safe and sound.""","""Look at the big red car! It has four wheels, and when you push it, it goes really fast, like when we go to the park and see the cars zooming by.""","""Look at the fluffy, cute cat, sweetie! The cat is soft and playful, with fur as white as snow. See how it purrs when you pet it? Isn't it wonderful to see such a happy, friendly cat?""","""Hey there, little buddy! Look at those yummy, juicy, and tasty strawberries on your plate! They're so red and sweet, they're like tiny little red jewels. Yum! Let's give them a big, happy bite together"
"""Look at the big, red car! It's so shiny and fast. Wow, can you say 'car'? Vroom vroom goes the car!""","""Look at mommy, sweetie! Mommy loves you very much, and she's your big sister. Daddy is here, too, and he's your big brother. You have a special family who loves you.""","""Look at the kitty cat, little one. She has soft fur and tiny paws. Can you say 'meow' like the kitty?""","""Look at the big, cozy house with a red roof. The windows are like little eyes, and the door is like a friendly smile waiting for you to come home.""","""Hey there, sweetie! Look at our big, comfy house where we live and play. It's got a pretty blue door, a green roof, and lots of lovely rooms. Let's go explore the living room, where we can find soft pillows and our favorite stuffed","""Look at the puppy, sweetie! See how he wags his tail when he's happy. The puppy is very cute and fluffy!""","""Look at that beautiful bird, sweetie! It has feathers that are so colorful, and it's singing a lovely song. Can you see how it's hopping around in the grass?""","""Look, sweetie, this is a fluffy cat! Can you say 'cat'? Yes, it's a cat, and it's soft and furry!""","""Look, sweetie, this big, pretty house with a red roof and two friendly windows. It has a door with a shiny doorknob. That's where Mommy and Daddy live with you, my precious little one. Let's go inside and see all the cozy","""Look at the cute little cat, sweetie! It's fluffy and white, with soft whiskers and tiny paws. It's playing with a ball of yarn and purring softly.""","""Look at the beautiful, fluffy bird sitting on the tree, little one! It's singing a sweet song for us to enjoy.""","""Look at the fluffy bunny hopping over the grass, little one! The bunny's soft fur is so soft, just like your favorite blanket!""","""Hey sweetie, can you say mommy? Mommy loves you so much, and she's your family's best friend!""","""Look at the fluffy cat, sweetie! Its soft fur is as white as the clouds in the sky, and it's purring softly just for you.""","""Look at the pretty house, sweetie! The house has a red door, a blue roof, and lots of windows to look out of. Let's go inside and explore the cozy living room, with the soft couch and the warm fireplace!""","""Look at the cute little puppy, sweetie! Puppies love to play fetch with their favorite toys.""","""Look at the big, red car, sweetie! It has four wheels and we're going to hop in and pretend we're going for a fun ride around the block!""","""Sweetie, let's talk about our family! We have mommy, daddy, and you, my precious little one. Mommy and daddy love you very much, just like a big brother or sister would love you too.""","""Look at that furry dog, sweetie! It's bouncing around and wagging its fluffy tail, ready for a fun game of fetch!""","""Look at that beautiful bird, sweetie! It's so pretty with its colorful feathers. The bird is singing a lovely song for us to hear.""","""Look at the cute little cat, sweetie! See how it's purring and rubbing against your mommy's leg. Let's say hello to the adorable kitty together!""","""Look at the bright red car, sweetie! It's going vroom, vroom down the road!""","""Look at our lovely family, sweetie! Mommy, Daddy, Grandma, and Grandpa all are here to love and take care of you.""","""Yummy, yummy, sweetie! Time for your favorite, crunchy carrots and juicy, delicious apples!""","""Look at the big, beautiful house with the red roof and the green grass outside, little buddy! Isn't it a pretty place to play and live?""","""Come here, sweetie, look at the shiny car with the red roof and the four wheels. It's ready to go on a fun ride with mommy and daddy!""","""Look at the fluffy, cute cat! See how it's waving its tail? Let's say 'meow' together and watch it purr!""","""Sweetie, look at the yummy apple. It's red and crunchy. Let's take a big bite and enjoy the juicy taste!"""
"""Look at the shiny, red car, my little love! Isn't it wonderful? The wheels are round and smooth, ready to zoom and zoom, just like when we go on our adventures together!""","""Look at us, sweetie! We're a big family, with mommy, daddy, and your baby sister/brother. We love each other so much, just like peas and carrots!""","""Look at the fluffy bunny hopping around, little one. See how the bunny jumps and hops? The bunny is a cute little animal with soft fur. Do you see the bunny's ears?""","""Look, sweetie, this is a house! It's big and strong, with a red roof and a blue door. Come here, baby, let's touch the soft carpet and feel the cozy walls!""","""Look, sweetie, this is a house! It's a big, happy place with a roof and walls, and it's where Mommy and Daddy live. Isn't it cozy? Let's go inside and see all the rooms together!""","""Look, little buddy, there's a fluffy bunny hopping over the grass! Want to count how many bunnies we see?""","""Look at the pretty birdie! It has soft feathers and can sing and fly. Isn't that funny?""","""Look at the fluffy kitty cat, little one! The kitty is purring and rolling around in the soft grass. Can you say 'kitty'? Kitty cat, kitty!""","""Hey there, sweetie! Let's go explore our house! Look at our cozy bed, colorful toys, yummy kitchen, and beautiful flowers in the garden!""","""Look at the fluffy, cute cat! It has soft fur and a twitchy tail. Want to pet it gently?""","""Look, sweetie, a beautiful bird with colorful feathers is flying up high in the sky. It's singing a lovely song just for us!""","""Look at the cute little puppy, sweetie! The puppy has soft fur and loves to wag its fluffy tail when it's happy!""","""Hey sweetie, let's talk about our family! Your mommy and daddy love you so much, and they take care of you. And guess what? You have an older brother who is 7 years old and loves to play with you. They are all very happy to have you in","""Look at the fluffy cat, little one! See how it purrs and cuddles? It's so soft and gentle, just like a big, furry teddy bear!""","""Hey there, little buddy! Look at the big, cozy house we live in. It has a warm kitchen, a big living room with lots of colors, and a pretty bedroom with your favorite toys. Isn't it fun to play and learn in our special house?""","""Look at the fluffy bunny hopping over the green grass, little one. The bunny's ears are floppy like your favorite stuffed animal, and it hops around so quickly, like when you play tag.""","""Look at the big red car, sweetie! It has shiny wheels and a happy smile, just like you. Isn't it fun to watch it zoom by?""","""Look at the big family picture, sweetie! See how mommy, daddy, and big brother love and hug each other, just like you and your siblings.""","""Look at the fluffy dog, sweetie! The dog has soft fur and a waggy tail. Isn't it cute? The dog is so friendly and likes to play fetch with us. Let's say 'dog' together!""","""Look, sweetie, see the bird with wings spread wide, flying high up in the sky, with feathers so pretty!""","""Look at the fluffy, soft cat, little buddy! The cat is purring and cuddling in its warm, cozy bed. Isn't the cat's tail wagging like a little fan? Isn't it cute when the cat stretches and ya","""Look at the bright, shiny car! It has four wheels, a roof, and a seat for mommy or daddy to drive us on fun rides!""","""Look, sweetie, this is our family. Mommy and Daddy love you so much, and we all play and laugh together.""","""Look at the yummy-looking apple! It's as red as your favorite crayon. Can you pick it up and take a bite?""","""Come here, sweetie, let's go look at our lovely house! Can you see the big blue door? And look, the windows let the sunshine in! Isn't it a cozy place where we all live together?""","""Look at the big, bright red car, sweetie! It's going to take you and mommy to the park for a fun time together.""","""Oh look, sweetie, there's a fluffy, soft cat! Its fur is as white as snow, and it's as cuddly as your favorite teddy bear. Can you say 'cat'? The cat is purring, just like when you're really happy","""Look at these yummy carrots, sweetie! They're crunchy and orange, and they make you super strong!"""
"""Look at the big, shiny car, sweetie! It has four wheels that go 'vroom' when you push it. Isn't it a wonderful car?""","""Look, sweetie, mommy and daddy are your family. They love you so much!""","""Look at the cute bunny hopping, little one! Bunnies are fluffy animals that hop around and love carrots.""","""Look at the big, beautiful house with the red roof, sweetie! It's where mommy and daddy live, and it's warm and cozy inside for you to play.""","""Come here, sweetie! Look at the pretty house with the red roof and the big windows, and the friendly garden with the flowers and the butterflies!""","""Look at the fluffy bunny hopping in the garden, little one! Can you say 'bunny'?""","""Look, sweetie, there's a beautiful bird with big, colorful feathers, and it's singing a lovely song. Isn't it funny how it flutters its wings and flaps them so fast? Let's watch it fly and twirl in the sky!""","""Look at the cute little kitty cat! The kitty is soft and furry, with big round eyes and tiny whiskers. Can you say 'kitty'? Kitty, kitty, purr!""","""Look, sweetie, this is our cozy house where we live and play. It's filled with beautiful colors and fun things. Let's go inside and explore!""","""Look at the cute little cat, sweetie! The fluffy cat is sleeping peacefully on the warm, soft bed.""","""Look, sweetie, there's a pretty bird! It has feathers, wings, and it's flying high in the sky, singing a lovely song for us to enjoy!""","""Look at the fluffy bunny hopping over the grass, little one. The bunny is so soft and cute, isn't it? Let's watch it together.""","""Hey sweetie, you know mommy and daddy love you so much, just like how the sun loves to shine on us every day!""","""Look at the fluffy, cute cat, sweetie! The cat is purring and cuddling with its kitty friends, just like you do with your toys.""","""Come here, sweetie! Let's go inside our cozy home where we have lots of fun things to explore, like our soft beds, colorful toys, and yummy snacks waiting for you!""","""Look at the fluffy bunny hopping around in the meadow, it's so soft and cute!""","""Hey there, little buddy! Look at this shiny car, it's going to take us on a fun ride!""","""Hey sweetie, mommy and daddy love you so much and we're your family, just like your favorite teddy bear!""","""Look at the cute fluffy dog wagging its tail and sniffing around, isn't it a playful and friendly furry friend?""","""Look at the pretty bird! It has big, colorful feathers and can sing beautiful songs for us to enjoy.""","""Look at the fluffy, cute cat with soft fur and pointy ears, little one. Can you say 'cat'?""","""Look, sweetie, that big yellow car can take us on a fun ride to the park! Let's wave at it as we go by.""","""Look at Mommy and Daddy holding hands, they're your amazing family who loves you very much, just like we all do!""","""Sweetie, it's time to eat your yummy fruits and veggies. Let's have some crunchy carrots and juicy apples to make you strong and healthy!""","""Come here, sweetie! Let's go look at our cozy house with the red roof and blue windows. Oh, and don't forget to say 'hi' to the friendly mailbox outside!""","""Look at the big, red car! See how it has four wheels that go round and round when we press the pedals? The car's doors open wide, and the driver sits inside, ready to take us on a fun ride!""","""Look at the cute, soft furry kitty! The little white cat is meowing and purring, wiggling its tail, and it loves to chase butterflies and nap in the sunny spots.""","""Yummy! These bright, juicy strawberries taste so sweet and soft. Let's eat them together!"""
"""Look at the bright red car, little one! It's big and fast, just like your favorite teddy bear. See how the wheels spin? They help the car go round and round, just like when we spin the toy top.""","""Look at us, sweetie, we're your family, and we love you so much! Mommy and Daddy are here, and we're all together, just like the warmest, softest blanket.""","""Look, sweetie, that cute little puppy is wagging its tail because it's happy to see us. Oh, and look at the birds up in the sky, they're chirping and hopping from branch to branch. Isn't that fun?""","""Look at the big, beautiful house with a red door! It's where mommy and daddy live, and it's our cozy, happy home!""","""Look at the big, beautiful house with a shiny red door and a friendly green tree. It has cozy rooms with soft beds and colorful toys to play with.""","""Look at the cute little kitten, little one! It's soft and fluffy, and it purrs when you pet it gently.""","""Look, sweetie, there's a beautiful bird flying high up in the sky, its wings are so colorful, just like your favorite cartoon!""","""Look at the fluffy cat, sweetie! The cat is purring softly and has cute little whiskers. It's a funny cat that likes to play with its toys!""","""Come here, sweetie! Let's play in the big, cozy house where we live. Look at the pretty walls and the soft carpet. Oh, and don't forget the delicious snacks in the kitchen!""","""Look at the fluffy, purring cat, sweetie! See how it wiggles its tail and says 'meow-meow'? Isn't that adorable?""","""Look, sweetie, that's a beautiful bird! Its feathers are so pretty, and it's singing a lovely song for us to hear.""","""Look at the fluffy bunny hopping and playing in the grass, sweetie! Can you see how soft its fur is? Let's give it a gentle pat!""","""Look, sweetie, there's mommy and daddy, and there's your big brother, James, and your little sister, Lily. They love you so much and always make sure you're happy and safe, just like a big, warm hug.""","""Look at the fluffy, cute cat! See how it's purring and cuddling with the kitty bed? Isn't she adorable?""","""Come here, sweetie! Let's go see our cozy house, where we have a warm bed, yummy breakfast, and our favorite toys waiting for you to play with!""","""Look at the bouncy bunnies, hopping happily in the sunshine, just like you do when you play with your toys!""","""Look, sweetie, this is a car! It has shiny wheels and can go really fast on the road. Isn't it exciting?""","""Come here, sweetie, let's all hug our loving family tightly. Mommy, daddy, grandma, and grandpa are here, and we are a family that loves you very much!""","""Look at the fluffy dog, sweetie! The dog is barking happily and wagging its tail.""","""Look at that pretty bird, sweetie! It's chirping and hopping around with its soft feathers. Isn't it so colorful and fun to watch?""","""Look at that cute little kitty cat, sweetie! Do you see how it has soft, fluffy fur? And look at its twinkling eyes, just like yours! Isn't it a purr-fect little friend to cuddle and play with?""","""Look at the shiny, red car! It's big, fast, and makes a funny noise when it goes vroom vroom. Let's wave goodbye to the car as it drives away down the street!""","""Look at mommy and daddy, sweetie! They are your family. Mommy loves you, and Daddy loves you too. We play together and eat together, just like a family!""","""Look at these bright, juicy red tomatoes, little buddy! They're squishy and tasty, just like a ripe, sweet strawberry. Let's try a tiny bite together, okay?""","""Come here, sweetie! Let's look at the beautiful house with the big windows, the cozy bedroom, and the fun bathroom!""","""Look at the big red car, sweetie! See how shiny it is? The car goes 'vroom' when you press the gas pedal. Isn't that fun?""","""Look, sweetie, there's a cuddly fluffy cat! See how it's playing with the yarn? Its fur is super soft and it's purring when you pet it. Isn't it the cutest cat ever?""","""Yummy yummy, sweetie pie, we're going to eat some tasty carrots, mmm-hmm! They're orange and crunchy, and they help you see better, just like superheroes do!"""
"""Look at the shiny, red car, sweetie! It's so pretty with its big wheels spinning round and round.""","""Look at mommy, sweetie, and how daddy loves you so much. You're a part of our big, loving family!""","""Look at the fluffy bunny hopping around in the meadow, my sweet little one. The bunny is so soft and cute!""","""Look at the pretty house with the red roof and blue door, little one! It's where mommy and daddy live with you, and inside it's filled with fun toys and snuggly beds!""","""Look, sweetie, this is your home where we live together and keep safe. We have a big, cozy bed, a soft carpet, and lovely toys to play with!""","""Look, little buddy, this cute little bunny is hopping around, isn't it fluffy? The bunny likes to eat carrots and hop in the sunny meadow.""","""Look, sweetie, there's a pretty little bird with feathers that are as soft as your blankie. Can you say bird? Bird!""","""Look at the fluffy, cute cat! The cat has soft fur, big eyes, and loves to purr. Would you like to pet the cat gently?""","""Look at the pretty house, sweetie! It has a big roof to keep us dry and colorful windows to let sunlight in. Isn't it lovely?""","""Look, sweetie, this cuddly little kitty is called a cat. Can you say 'cat'? A cat says 'meow' and it loves to play with yarn and chase little balls.""","""Look at the pretty bird, little buddy! It has feathers, a beak, and wings to fly. Isn't that funny and amazing?""","""Look at the fluffy bunny hopping around, little one! It's a cute, soft bunny. Let's say 'bunny' together, b-b-bunny. Can you try saying it?""","""Look, sweetie, these are your mommy and daddy, holding your little sister who is 3 months old, just like you. They are your family, and they love you very much!""","""Look, sweetie, here's a fluffy, soft kitty! See how it's purring? That's because it's very happy and content. The kitty has a little meow sound when it wants your attention. Would you like to give it a gentle","""Look at our cozy home, sweetie! Can you see our fluffy bunny friend hopping on the soft carpet? Let's help mommy and daddy clean the dishes in the kitchen sink.""","""Look at the fluffy bunny hopping over the grass, sweetie! The bunny is so cute, and it has big ears that listen to everything!""","""Look at the big, red car! It's so shiny and fast, sweetie! Want to see the car go zoom by?""","""Look at our lovely family, sweetie! There's Mommy, Daddy, little brother or sister, and even Grandma and Grandpa. We love being together and sharing special moments.""","""Look at the cute little dog wagging its tail and going 'woof woof', sweetie. It's a happy puppy playing with a ball!""","""Look at that beautiful bird, sweetie! It's singing a lovely song while it's sitting on that branch.""","""Look at the fluffy, cute cat! Its soft fur is purring softly, just like when it's happy and content. Isn't it adorable?""","""Look, sweetie, there's a big, shiny car! It has four wheels and goes vroom-vroom when someone starts it. Would you like to pretend to drive it with me?""","""Look, sweetie, mommy and daddy are our family. They love you so much, just like you love them!""","""Look at these yummy, colorful fruits, sweetie! They're as juicy and sweet as candy!""","""Come here, sweetie! Look at this big, beautiful house. It has a cozy bed for you, a yummy kitchen with mommy and daddy, and lots of colorful rooms for playing. Isn't it just the best place to be?""","""Look at the big red car, sweetie! It's going to take us for a fun ride today. Isn't it exciting?""","""Look at the cute, fluffy cat with big, soft eyes. The cat is purring and rubbing its head against your hand, just like how you give hugs.""","""Yummy! Look at these bright, juicy apples, sweetie. They're crunchy and tasty. Would you like to try one?"""
"""Look, sweetie, there's a shiny, colorful car! It goes 'vroom' when it moves and makes a fun sound.""","""Look at our family, sweetheart! Your mommy and daddy love you so much, and you have a big brother or sister to play with.""","""Look at the fluffy bunny hopping over the grass, little one. Isn't it so soft and cute? Let's watch it together.""","""Look, sweetie, this is your cozy house with a big, soft bed, a fluffy pillow, and a warm, fuzzy blanket just for you to snuggle up in.""","""Look, sweetie, this is our cozy house where we all live. It's big and warm, and we love it here together.""","""Look at the fluffy bunny hopping over the grass, little one! The bunny's soft and white fur is so pretty, isn't it?""","""Look, sweetie, there's a beautiful bird up in the sky with wings spread wide, singing a lovely song just for you!""","""Look at the cute little cat, sweetie! See how it's purring and cuddling its kittens? Let's go pet it gently, but remember, no pulling its tail!""","""Hey sweetie, look at all the pretty, colorful rooms in our house. The kitchen smells yummy with mommy cooking, and the living room has a cozy, soft couch where we can sit and snuggle together.""","""Look, sweetie, there's a cute little cat! It's fluffy and purrs when it's happy. Do you see how it's waving its tail? Let's say 'meow' together with the cat!""","""Look at the little bird, sweetie! It's a baby bird, and it's chirping and fluttering its wings so softly.""","""Look at the little puppy, sweetie! Puppies are so cute and love to play fetch. They wag their tails when they're happy, don't they?""","""Look at the big, smiling family! Mommy, Daddy, and little brother or sister are all here, sharing this wonderful time together.""","""Look, little one, this furry, cuddly cat is purring and playing with a ball of yarn. Isn't she cute and fluffy?""","""Hey sweetie, let's go explore our cozy house! Look at the pretty walls, feel the soft carpet, and see our lovely toys. Isn't it amazing how we have everything we need right here?""","""Look at the bunny hopping by, it's so fluffy and it loves carrots!""","""Hey sweetie, look at that big, red car zooming by! Wow, isn't it fast? Cars are like super-fast toys, but we can't play with them on the road. We have to always be careful and wait for grown-ups when we're","""Hey sweetie, you know your family, right? Daddy is the strong man who builds stuff, mommy is the kind lady who cooks yummy food, and your brother or sister is the funny one who tells silly jokes. We love each other and are a big, happy family!""","""Look at the cute little dog, sweetie! It's a puppy and it's bouncing around with so much energy! Can we say 'woof woof' together?""","""Look at the pretty little birdie with its bright feathers, chirping and singing songs for us!""","""Look at the cute, cuddly cat with soft, fluffy fur! Want to pet the cat gently like this?""","""Hey there, sweetie! Look at that big, shiny car, just like the toy car you love. It's zooming down the road, going really fast, but very, very far away, so we need to stay safe. We'll look both ways before we cross the street","""Hey sweetie, today we're going to talk about your family. You know how we all love and care for each other, right? Just like how mommy and daddy love you and your sister, we're a team. We play, laugh, and help each other out. Isn'","""Yummy, look at these bright red apples, sweetie! They are crunchy and delicious, just like the ones you love. Let's eat them together!""","""Look at our lovely house, sweetie! It has a big cozy bed for you to sleep in, a kitchen where we make yummy snacks, and a bathroom for your bath time fun. Isn't it amazing to have a home where we feel safe and happy?""","""Look, sweetie! This big, shiny car can take us on a fun ride to the park. Isn't it cool? Let's hop in and buckle up!""","""Look at the cute kitty cat, little buddy! It has soft fur, paws for walking, and loves to purr and play with yarn.""","""Look at the yummy apple pie, sweetie! It's so bright red and smells super delicious. Want to try a little bite?"""
"""Look at the shiny, big car, sweetie! It's so pretty and strong, like a superhero! Can we see the car go 'vroom'?""","""Look at the happy family, sweetie! Daddy is playing with your blocks, Mommy is cooking, and we're all snuggled up together, just like a cozy bear hug!""","""Look at the cute little puppy! See how it wags its tail? Can you say 'woof woof' like the puppy?""","""Look at the house, sweetie! It's big and has a red roof. We're going to the house to play and have fun with mommy and daddy.""","""Look at the pretty house with a big red roof and lots of windows, little buddy! Can you see the friendly little birdies flying around the chimney?""","""Look at the bunny, little one! See how it hops and hops? Bunnies like to hop around and have carrot snacks!""","""Look at that beautiful bird, sweetie! See how it's hopping and pecking at the ground? Birds are fun to watch, aren't they?""","""Look at the cute little kitty cat! She has soft fur, long whiskers, and loves to purr when she's happy. Isn't she adorable? Would you like to pet her gently?""","""Look, sweetie, we are in a big, beautiful house! It has a cozy bedroom with your favorite teddy bear, a fun kitchen where yummy food is made, and a colorful living room with lots of cuddly toys to play with!""","""Look at the fluffy cat, sweetie! It's purring and playing with its toy mouse. Isn't it cute?""","""Look, sweetie, see that beautiful bird with its colorful feathers? It's called a parrot! Parrots are really smart and can talk just like us!""","""Look at the cute little bunny hopping over the grass! See how it hops, hop, hop? Bunnies are so fluffy and soft, and they love to eat carrots and lettuce.""","""Hey sweetie, let's count the family members together! We have mommy, daddy, grandma, grandpa, and your lovely siblings, plus all our cute pets. There are so many people who love you and care for you, like the best family in the world","""Look at the cute, furry cat! It has soft whiskers, a fluffy tail, and loves to play with yarn. Let's say 'meow' together and make the cat purr happily.""","""Come here, little one! Let's explore our cozy house together. Look at the big, fluffy bed where we sleep, the shiny, blue sink where we wash our hands, and the lovely, warm kitchen where we cook yummy snacks!""","""Look at the fluffy bunny hopping over the grass, little one! Isn't it cute and soft?""","""Look at the shiny, red car, sweetie! The car is going to drive really fast down the road. See how the wheels spin when it moves? It's like magic!""","""Look at mommy and daddy! We're a big family with lots of love and fun!""","""Look, little buddy, that cute, fluffy dog wagging its tail and barking happily. The dog is very friendly and wants to play with you!""","""Look at the beautiful bird up in the sky, sweetie! It's singing a lovely song with its tiny beak.""","""Look at the cute little cat, sweetie! Its soft fur is as white as snow, and it's playing with a toy mouse.""","""Hey sweetie, look at that big, shiny car driving by! It's moving so fast, but look how safe it is with its seatbelt. Just like we wear our helmets when we ride bikes, cars have seatbelts to keep them safe on the road. Isn","""Look at our happy family, sweetie! We love each other so much and always have fun together.""","""Look at this yummy carrot, sweetie! Crunch crunch! You'll grow big and strong eating lots of good foods like these.""","""Look at the big, yellow house! It has a red door and green grass outside. Want to go and play on the colorful swing inside?""","""Look at the big, shiny car! It's so pretty and red. Let's wave to it and say 'hello' as it drives by, little buddy!""","""Oh, look, sweetie, there's a cute little cat! Its fur is soft and fluffy, like a big, purring pillow. The cat's ears are up and its eyes are wide, watching everything around it. Let's gently touch its back and see","""Look at the yummy carrots, sweetie! They're orange and crunchy, just like the color of your favorite toy. Let's try a tiny bite, it's super healthy for your eyes and tummy!"""
"""Look at the shiny red car, little one! Wheels go 'vroom' when it moves. Isn't it fun to watch?""","""Hello sweetie, sweetie! Come here, my little sunshine! Mommy and Daddy are so happy to see you. Look, here are Grandma and Grandpa, and here's your big brother, Timmy. They all love you so much, just like we do!""","""Look at the cute little puppy! Puppies are so fluffy and fun. Want to see it wag its tail?""","""Hey there, sweetie! Look at all the pretty colors on the walls and the comfy couch. This is our cozy house where we play and sleep.""","""Hey sweetie, look at our lovely house, where we live and play with our toys, it's safe and cozy for us, isn't it?""","""Look at the fluffy bunny hopping around! Isn't it so soft and cute?""","""Look, sweetie, that beautiful bird is singing a lovely song. It's a birdie, and it's flying in the sky with its wings flapping.""","""Look at the fluffy, cute cat with the pointy ears and the soft fur, sweetie. Cats say 'meow' and they like to play with yarn, don't they?""","""Hey there, little buddy! Come on, let's go see the pretty house with the red roof and the tall windows!""","""Look at the cute, soft cat! Meow, meow! The cat has fluffy fur, little one. Do you see the big, yellow eyes? Paw, paw! The cat is very gentle and loves to play with us. Isn't the cat a special friend?""","""Look, sweetie, that little birdie up in the sky is flapping its wings and singing a pretty song for us to listen to.""","""Look at the fluffy bunny hopping around, little one. See how it hops? Bunnies love to hop and play in the sunshine!""","""Look at Mommy and Daddy, sweetheart! We're a big happy family together. We love you lots!""","""Look at the fluffy, cute cat! It's purring and playing with its toy. See how it's using its paws to pounce? Isn't the cat so soft and fun to watch?""","""Look, sweetie, we're in our cozy home! See these big, soft sofas? They're our comfy couches where we cuddle. Do you like the pretty, bright windows? They let the sunshine dance into our living room. Oh, and","""Look at the cute, fluffy bunny hopping around in the garden, little one! Bunnies love to eat carrots and hop around in the grass.""","""Look at that big, shiny car! It's going to take us for a fun ride on the road, little buddy.""","""Look at the family picture, sweetie! You have lovely aunts, uncles, and cousins just like your mommy and daddy. We're all so happy and strong together, and we love spending time with each other.""","""Look at the big, fluffy dog! Want to pet it gently with your hands? Dog's name is Max, and he's super friendly!""","""Look, sweetie, there's a pretty bird flying over our head, chirping and singing a lovely song!""","""Look at the fluffy, cute cat, sweetie! The cat has soft fur, and it's purring while snuggling close to mommy.""","""Look, sweetie, that big, red car is zooming down the road, ready to take us on a fun ride, just like your toy car!""","""Look, sweetie, mommy and daddy are your amazing family who love you so much! We have a big, happy family that includes you and your brother or sister.""","""Look at the yummy, colorful apple, sweetie! It's crunchy and juicy, perfect for snacking.""","""Hey there, sweetie! Look at the big house where Mommy and Daddy live. It's got a cozy bedroom for sleeping, a kitchen with yummy food, and even a fun playroom where you can play with your toys!""","""Hey there, sweetie! Come see this big, shiny car, like a colorful toy car, that can take us on fun adventures on the road!""","""Look at the cute little cat, sweetie! See how it's playing with the yarn? The cat is so soft and fluffy, just like your favorite blanket. Let's give it a gentle pat and say hello to our furry friend.""","""Look at these big, yummy carrots! They're orange and crunchy, and we're going to eat them together to make our tummies happy."""
"""Look at the shiny, red car! It's going to zoom by, zoom! Want to see it go by?""","""Look at the family picture, sweetie! Mommy and daddy love you, and they are your family.""","""Look at the fluffy bunny, sweetie! It's hopping around with its little ears up, just like you when you giggle!""","""Come here, sweetie! Let's go look at our big, beautiful house. Look at the roof and the windows. Isn't it pretty? We live here, and we're safe and warm.""","""Hey there sweetie, come look at our beautiful house! It has a red roof and a big, cozy door. See those windows? They let in the sunshine and let us look outside. Let's go inside and make it even more special, okay?""","""Look at the cute little puppy, sweetie! Its fur is so soft and it wags its tail when it's happy.""","""Look, sweetie, a bird! It's so pretty, with soft feathers and a little beak. See how it flaps its wings? Let's go and watch it fly and sing for us!""","""Look at the fluffy cat, sweetie! The cat is meowing because it wants a little cuddle. Isn't she so soft and cute?""","""Look, sweetie, these are the house's windows. They let the sunshine in and make the house feel warm and bright. Isn't it lovely?""","""Look at the cute, fluffy cat! See how it's purring? The cat is sleeping on the warm, sunny windowsill.""","""Look, sweetie, that's a beautiful bird with feathers and wings. It's hopping around in the tree, singing a lovely song just for us to hear!""","""Look at the fluffy bunny hopping in the grass, little buddy! See how its ears stand up when it's happy?""","""Oh look, sweetie, that's your family! Your mommy and daddy are so big and strong, just like you! And remember, those are your brothers and sisters, the ones who play with you and love you so much.""","""Look at the cute little kitty cat! It's soft and fluffy, and it says 'meow' when it wants your attention. Would you like to pet the friendly kitty?""","""Hey there little buddy! Let's go on an adventure in our big, comfy house. Look, there's the living room, where we sit and watch fun shows. See the kitchen? That's where mommy and daddy cook yummy food. And look at the","""Look at the fluffy bunny hopping around, little one. Bunny's ears are floppy and so cute, don't you think?""","""Look at that big, shiny car, sweetie! It's like a purple giant with round wheels. The car will zoom down the road, honking and smiling as it goes!""","""Look at our family, sweetie! We have mommy, daddy, big brother, little sister, and even grandma and grandpa. They love you very much and they are always here to play and help you learn new things.""","""Look, sweetie, there's a big, furry dog! Can you say 'dog'? Woof woof, that's right, it's a dog. Dogs like to play and go for walks. Can we go pet the dog together?""","""Look, sweetie, there's a beautiful bird with feathers as soft as your favorite blanket. Can you say 'bird'? They chirp and sing songs just like we do when we play together.""","""Look, sweetie, there's a fluffy cat, with soft, white fur, and big, green eyes, just like your favorite toy. The cat's paws are soft, and its tail is waving hello to you!""","""Look at the big, red car, sweetie! It's shiny and has four wheels to help it roll smoothly on the road, just like when we roll our toy car together. Isn't that a fun and funny car?""","""Look at our family, sweetie! We have Mommy, Daddy, and your little brother. Isn't it wonderful to have each other to love and play with every day?""","""Look at these yummy, bright red tomatoes, sweetie! They're soft and juicy, just like a little red ball you can squish with your hands. Let's try one together, okay? You can eat them with your little fingers, and they'll taste so good!""","""Look at the big, beautiful house with the red roof and the green grass outside. Can you say 'house'? Yes, that's right! This is where Mommy and Daddy live, and we play and sleep there. Isn't it a happy house?""","""Hey there, little buddy! Look at that shiny car! It's a big red fire truck that goes 'beep-beep' and helps keep us safe.""","""Look, sweetie, that fluffy cat is playing with a ball of yarn, isn't it cute?""","""Look, sweetie, it's a big, juicy apple. Let's eat it together, and it'll make us strong and healthy!"""
"""Look at the big, shiny car! It's red, and it goes 'vroom vroom' when you press the pedal. Can you say 'car' with me?""","""Look at the happy family, sweetie! Mommy and Daddy are your favorite people, and you have a sibling who's always there for you. Everyone loves you very much.""","""Look at the puppy, sweetie! It's a soft, cuddly friend with a wagging tail. Want to see it wag?""","""Come here, sweetie! Look at this big, beautiful house. See how the windows are all sparkly? Let's go inside and explore!""","""Hey there, sweetie! Look at this beautiful house! It has a big red door, a green roof, and lots of colorful windows. Let's go inside and explore the cozy rooms and play in the soft carpet!""","""Look at the cute puppy! It's wagging its fluffy tail and barking happily. Let's say 'woof woof' together and see if we can make it bark!""","""Look at that beautiful birdie, little buddy! It's so pretty with its colorful feathers and it's singing a sweet song. Birdie, wanna say 'hello' to our feathered friend?""","""Look at the cute, fluffy cat, little one! The cat has soft fur, pointy ears, and loves to purr when you pet her gently.""","""Look, sweetie, this big house where we live has a red door and a beautiful garden with lots of flowers and trees. We can play on the soft grass and see butterflies and birds. Isn't that a lovely place to live?""","""Look at the fluffy, cute cat, little one! The cat is soft and gentle, just like when we hug our teddy bear.""","""Look at the beautiful bird with its colorful feathers, little one! Can you hear the lovely tweet sound it makes as it flutters its wings in the sky?""","""Look at the cute little puppy playing with the bouncy ball! See how he's running and wagging his tail? Oh, what a playful little furry friend!""","""Sweetie, we have a family. Mommy and Daddy are your loving parents, and we have fun together with our big sister, Lily, and your playful little brother, Max.""","""Look at the fluffy, cute cat! See how it's purring and playing with a toy mouse? Cats are soft and cuddly, sweetie.""","""Look, sweetie, this is our cozy, comfy home! See the fluffy, blue rug? It's perfect for playing and snuggling on. And there's the shiny, red door that keeps us safe. Oh, and the big, yellow sun is outside,","""Look, baby, a fluffy, cute bunny! The bunny has soft fur and big, floppy ears. It's so happy hopping around in the garden!""","""Hey there sweetie, look at this big, shiny car! It's red like your favorite candy, and it goes 'vroom' when we push it, just like when we play with our toy cars.""","""Hey there sweetie, guess what? It's time to say goodbye to mommy and daddy and hello to grandma and grandpa, who are waiting to give us a big, warm hug!""","""Look at the fluffy, friendly dog wagging its tail and barking happily. Can you say 'dog'? Great job! The dog is so soft and warm to pet.""","""Look at the pretty bird, sweetie! It's singing a lovely song while it flies around the tree.""","""Look at the fluffy cat with pointy ears, little one! The cat is soft and cute, and it says 'meow' when it's happy.""","""Look at the shiny car, sweetie! It has four wheels that roll and a big red roof. Isn't it a fun and fast car for a road trip?""","""Hey there, sweetheart! Look at us, the best family in the whole wide world! Mommy and Daddy are here, and we're all here to love and take care of you. You're our little superhero, and we're so proud of you!""","""Yummy yummy apple, sweet sweet apple! You're going to love this crunchy, juicy, red apple. Eat it slowly, savor every bite, and remember, food is a way to say thank you to mommy and daddy for taking care of you!""","""Look at our cozy house, sweetie! It's where we live and play. Inside, we have a big bed, a kitchen for yummy food, and a bathroom for taking showers and washing hands. Our house is a safe and happy place for us to make memories together!""","""Look at the big, shiny car, sweetie! The car's color is red, just like your favorite crayon. See how it moves? It's going to take us on a fun adventure to the park!""","""Look, sweetie, there's a fluffy cat with big eyes and soft fur, just like your teddy bear! The cat's meow is like a little song, and it loves to play with yarn and chase butterflies in the sunshine. Isn'","""Look at the yummy apple, sweetie! It's a juicy red fruit that tastes so good and makes our tummies happy!"""
"""Look at the shiny red car go, sweetie! It's zooming by, and the wheels are turning so fast!""","""Hey sweetie, look at the beautiful family in front of us. There's mommy and daddy, your big sister, and even your little brother or sister. Isn't that family super special?""","""Look at the fluffy bunny hopping, little one! The bunny is so soft and loves to hop around in the meadow.""","""Look at this beautiful house, sweetie! It's big and red, with a yellow roof. Can you say 'house'? That's right, 'house'! We live in a cozy house, where mommy and daddy love you very much. Isn't it a wonderful place","""Look, little one! The house is big and strong, with a big roof to keep us safe and cozy inside, where mommy and daddy love to read stories to you and we have lots of yummy food to eat.""","""Look, sweetie, do you see the fluffy bunny hopping around? It's a cute little bunny, isn't it? The bunny's ears are so soft and floppy. Let's say 'hoppity hop' together as we watch","""Look, sweetie, there's a beautiful bird with feathers and a beak. Its wings are flapping as it flies from tree to tree. Isn't it pretty?""","""Look at the cute little cat, sweetie! The fluffy furry cat is playing with its ball of yarn.""","""Come here, sweetie, let's go explore our cozy house. Look at the pretty walls, soft carpet, and fluffy pillows in our bedroom. See the kitchen with yummy toaster and shiny fridge? And look, the colorful toys in the living room","""Look at the fluffy, cute kitty cat with pointy ears. The kitty is purring and wants to be petted by you.""","""Look at the beautiful bird, sweetie! It has bright blue feathers and chirps so softly. Can you say 'bird'? Yes, that's right! Bird!""","""Look at the fluffy bunny hopping around, little one! It's so soft and cute, isn't it?""","""Look at our family, sweetie! We have Mommy, Daddy, and your big brother, and we love playing together and helping each other.""","""Look at that cute little cat, sweetie! It has soft fur and paws like little pads, just like when we play with your stuffed animal. The cat is very gentle and loves to purr, just like your teddy bear.""","""Look at the big, beautiful house, sweetie! It has a lovely red roof, windows to look out of, and doors to walk through. Isn't it fun to pretend to live there with mommy and daddy?""","""Look at the cute little puppy! Can you say 'puppy'? Puppy likes to play and fetch the ball!""","""Come here, sweetie, let's look at this big red car. See how shiny it is? Can you say car? This is a car, and it takes us on fun rides. Whee-whee, isn't it exciting?""","""Sweetie, your family is made up of your mommy, daddy, and me. They love you very much and are always here to hug and cuddle you.""","""Look at that fluffy, friendly dog wagging its tail! Isn't he a good boy? He's going to make you so happy with his big, soft furry body and his bark that sounds like 'woof, woof!' Let's give him a big, gentle","""Look at that beautiful birdie, little one! It's flapping its wings and flying up high. Isn't it a pretty birdie?""","""Look at the fluffy, cute cat with soft fur! The cat is purring and playing with its yarn ball. Can you say 'cat'? Great job! Now let's pet the cat gently, like this.""","""Look at the big, shiny car! It has four wheels and makes a funny noise when it goes 'vroom-vroom'! Let's pretend we're driving it together, just like mommy and daddy when they go to work.""","""Hey sweetie, do you know who we are? We're your mommy and daddy, your big brother and sister, and we love you so much!""","""Hey there, sweetie! It's time to try some yummy, crunchy carrots. They're orange, and they'll make you super strong like a superhero!""","""Come here, sweetie, let's go explore the house together! Look, this is the living room where we play and read stories, and see the cozy bedroom where we sleep and dream.""","""Come here, little buddy! Look at the big, shiny car. See the red color and the four wheels? It goes vroom vroom when it moves. Want to play with the toy car and make it go around?""","""Look at the fluffy cat, sweetie! It's purring and cuddling with its little kittens. Isn't it cute and cuddly?""","""Sweetie, it's time to eat! Let's try some yummy, crunchy carrots and juicy, ripe grapes. Remember, eating healthy makes you strong and happy!"""
"""Look at the shiny, bright car with the bumpy top! The car is going vroom vroom on the road.""","""Hey there, little one! Look at mommy and daddy hugging. They're your family, and they love you so much. Isn't that special?""","""Look at the bouncy bunnies, little one! They hop and hop, hopping higher and higher!""","""Look at the big, beautiful house with a shiny red roof and colorful flowers around it. This is where mommy and daddy live, and it's very safe and cozy for you.""","""Come here, sweetie! Look at our cozy house with its colorful windows and a big, warm door. Inside, there are lots of fun things for us to play with, like your favorite toys and your mommy's yummy snacks.""","""Look, baby, a fluffy bunny hopping around! Want to see it jump?""","""Look at the beautiful, little birdie up in the sky, waving its feathery wings!""","""Look, sweetie, this is a cat. The cat is soft and fluffy, with cute little whiskers and big eyes. It's saying 'meow'.""","""Look at our beautiful house, sweetie! It's where we live and play, with colorful walls and a cozy bed. Isn't it lovely?""","""Look at the fluffy cat, sweetie! It's a cuddly kitty with soft fur and a twitchy tail. Isn't it adorable?""","""Look, sweetie! See the beautiful bird with its pretty feathers, chirping and flying so high up in the sky. Isn't it so exciting? Birds like these can sing beautiful songs and build cozy nests for their little baby birds, just like a mommy bird!""","""Look, sweetie, that fluffy bunny is hopping around in the meadow. It's so soft and cute!""","""Look at the smiling mommy, sweetie! This mommy loves you so much, just like daddy does. Your family is all here together, just like us.""","""Look at the fluffy kitty, sweetie! See how it purrs and plays with its little ball of yarn?""","""Look at our lovely, big house, sweetie! It's cozy and warm, just perfect for playing and cuddling. Our house has a blue door, a red roof, and lots of windows to see the beautiful sky. Isn't it wonderful to have our very own house?""","""Look at the fluffy bunny hopping in the meadow! See how it hops with its little paws? Let's count them together! One, two, three, four. The bunny has four cute little paws!""","""Look, sweetie, that's a car! A big, shiny car with four wheels that goes 'vroom' when we drive it. See how it has a roof, windows, and doors? It's so much fun to ride in a car with mommy and daddy!""","""Look at our family, sweetie! Mommy and Daddy love you so much, just like Auntie and Uncle. You have two cousins, Lily and Max, who play with you and share their toys!""","""Look at that adorable puppy, sweetie! It's a fluffy, cute, little dog who loves to wag its tail and play fetch!""","""Look at that beautiful bird! Its feathers are so colorful, and it's singing a sweet song. Isn't that wonderful?""","""Look at the fluffy, cute, and playful kitty! The little cat is chasing its tail and purring. Isn't it so soft and cuddly?""","""Look, sweetie, a big, shiny car! It's like a rolling toy, but it can take us places when we sit inside. The wheels go 'vroom' and it has a beep-beep sound. Isn't that fun?""","""Hey there, sweetie! Remember mommy and daddy? They love you so much and are always there for you, just like how you love and take care of your toys!""","""Look at those yummy carrots, sweetie! They're orange and crunchy. They're so good for your eyes to help you see better. Let's try some!""","""Look at our cozy, colorful house, sweetie! The big, red door opens wide, and the blue windows let the sunshine dance inside. Our happy home is where we all feel safe and snug!""","""Look at the big, shiny car with the red color! The car goes fast and takes us to fun places, like the playground or the zoo. Let's say 'car' together, and then we can go on a pretend ride in the car, just like mommy and daddy.""","""Look at the fluffy, cute cat with pointy ears and soft fur. The cat is meowing and purring, just like how I love to play and giggle.""","""Look at these yummy carrots, sweetie! They're bright orange and crunchy, just like a little garden treat. Let's put them in our little bowl for a fun and healthy snack!"""
"""Look at the big, red car! It's shiny and fast. Can you see the wheels spinning? The car goes 'vroom vroom' when it moves. Isn't that fun? Let's watch it go by together!""","""Look at mommy and daddy, they're your favorite people in the whole wide world, sweetie!""","""Look at the kitty cat, little one! The kitty cat is purring and playing with its fluffy tail.""","""Look at the house, sweetie! The little house with the red roof and the white door. Isn't it pretty? Can you say 'house' with me?""","""Look at the big, beautiful house, little buddy! It has a lovely red roof and windows that let in sunshine. Let's say 'house' together!""","""Look, sweetie, that cute little puppy! Puppies are so fluffy and fun. They love to play with their friends and wag their tails.""","""Look at that beautiful bird, sweetie! It has bright feathers and it's singing a lovely song. Isn't it amazing how it can fly high up in the sky?""","""Look at the fluffy, cute cat, sweetie! The cat is purring and has soft fur.""","""Look at this big, beautiful house where we live together, sweetie. Can you say 'house'? It's a safe place with soft beds, warm toys, and yummy food to eat.""","""Look at the fluffy cat, sweetie! See how it's soft and purring. Let's give it a gentle pat.""","""Look at the beautiful birdie! It has feathers like a soft fluffy blanket and it's singing a lovely song for us to hear. Isn't it wonderful?""","""Look at the cute little puppy, little buddy! Can you say 'woof woof'? Dogs like to bark, and they love to play with their furry friends.""","""Look at mommy, sweetie! This is our family, it's like a big, happy puzzle where we all fit together and love each other.""","""Look, sweetie, this fluffy, cuddly cat is sleeping quietly on the soft, cozy couch. It has big, round eyes and a long, soft tail. Isn't it the cutest little kitty, just like you?""","""Look at our cozy house, sweetie! It has a lovely blue door, a big red roof, and a green carpet on the floor. Isn't it amazing? Let's explore our colorful house together, okay?""","""Look at the puppy! He's wagging his tail and playing with a ball. The puppy is so happy and fluffy!""","""Look at the big, shiny car, sweetie! It's red, just like your favorite toy. Can you say 'car'? C-A-R. The car goes vroom-vroom when its engine roars to life. Isn't that fun?""","""Look at us, sweetie, we're a big family! Mommy and Daddy love you so much, just like your big sister and brother. We play, laugh, and hug together. Isn't it wonderful having all of us together?""","""Look at the big, furry dog wagging its tail and barking happily. Isn't it cute? Dogs are so friendly and fun to play with, just like our pet doggy at home!""","""Look, sweetie, there's a beautiful bird up in the sky, with bright feathers and a melodic song. It's fluttering its wings, soaring through the air, and singing its heart out. Isn't it lovely?""","""Look at the fluffy, cute cat with pointy ears and soft fur! It's a playful kitty that loves to purr and cuddle when we pet it gently.""","""Look at that big, shiny car! It's red like your favorite apple. The wheels are round and they go 'vroom' when it moves. Let's wave to the driver!""","""Look at us, sweetie! We're a family, and that's a big, happy team just for you. Mommy and Daddy love you so much, and we're all here to help you grow and learn and have fun together.""","""Hey there, little buddy! Here's some yummy apple slices for you to eat. You'll feel so strong and healthy when you munch on this tasty fruit!""","""Come here, little one, let's explore our cozy home, where we have fun toys, soft blankets, and warm cuddles to share!""","""Look, sweetie! This is a car. It has four wheels and can go fast. It takes you places, like to the park or the grocery store. Isn't it cool?""","""Look at the cute little cat, sweetie! The soft fur on its body feels so nice, and it says 'meow' when it wants to play. Isn't it a fluffy, purring friend?""","""Look, sweetie, here's a juicy red apple, just for you! It's sweet and crunchy, perfect for your little hands to munch on, and it's yummy for your tummy too!"""
"""Look at the shiny, bright car go zoom! That's a car, sweetie, and it moves fast. It's a big, happy car, driving on the road.""","""Look at mommy and daddy holding each other. We're all one big family, just like you and me!""","""Look at the cute little puppy! It's running so fast with its soft fur and wagging tail. Isn't it adorable?""","""Look, sweetie, this is our lovely house! Can you see the big, cozy bed where we sleep and the fun kitchen where we make yummy food?""","""Come here, sweetie! Look at these beautiful big walls and shiny floor. Look at the soft, fluffy bed! Can you touch it, my little one? Let's go and get some clean clothes from the closet. What's that? Yes, it's the kitchen!","""Look at the little bunny hopping around, it's so cute and fluffy!""","""Look at the beautiful, colorful bird, sweetie! It's singing a lovely song for us to enjoy.""","""Look at that cute kitty, sweetie! The cat is soft and fluffy, and it's purring because it's happy and wants to snuggle with you!""","""Come here, sweetie, let's go see the big, cozy house where mommy and daddy live, and we can play with the soft, fluffy carpet and colorful walls, and maybe even find a cool, shiny toy on the floor!""","""Look at that fluffy, playful cat, sweetie! Its fur is as soft as a kitty's, and it's purring so loudly, it's like a happy song just for you.""","""Look at the birdie, sweetie! It's so pretty with its bright blue feathers and fluffy little tail. Listen to the sweet chirping sound it makes. Isn't it fun to watch birds fly around in the sky?""","""Look at the fluffy bunny hopping over the grass, sweetie! The bunny's ears are so long, isn't it cute?""","""Hey sweetie, do you remember when we snuggled up together on the big, fluffy couch last night? Mommy and Daddy love you so much, just like the big bear loves you when you hug it tight. We're all a special family, just like","""Look at that cute kitty cat, little buddy! See how it's purring and playing with a ball of yarn? Isn't it soft and fluffy?""","""Come here, sweetie, let's go see our cozy, warm, and colorful house! Look at those big, beautiful windows and the friendly, smiling door. Inside, we'll find our soft, fluffy bed, our yummy breakfast, and lots of fun toys to","""Look at the cute puppy, sweetie! It's a little furry friend who loves to play and wag his tail when he's happy.""","""Come here, sweetie! Let's look at this shiny car. Can you see the big wheels? The car goes fast, but it's safe when grown-ups drive it.""","""Hey there, sweetie! Look at our big, lovely family! We're the sunshine that makes our house bright and cozy, just like the warm sun in the sky. Your mommy and daddy, oh and your adorable big sister, all love you so much and","""Look at the fluffy, friendly dog! It's barking and wagging its tail because it's so happy to see you.""","""Look at the beautiful birdie up high, little one! It's fluffy and chirpy, singing a sweet song for us to hear.""","""Look at that cute little cat, sweetie! See how it's purring and fluffy? Cats are soft and furry friends who like to play with yarn and chase little toys. They're very cute and make people happy!""","""Come here, sweetie! Let's look at this big, shiny car. See the red color and the cool wheels? It's a car that can take us on fun adventures!""","""Look, sweetie, mommy and daddy are your loving family. They always take care of you and keep you safe.""","""Look, sweetie, these yummy little blueberries are as sweet as candy and just as healthy for you!""","""Look at our lovely house, sweetie! See how it has a big, warm roof over our heads? And it has lots of pretty walls with colorful paintings and fun decorations. Isn't it a happy and cozy place to live?""","""Look at the big, red car, sweetie! It has four wheels, and when it moves, it makes a fun, zooming sound. Isn't it a lovely car? The wheels help it roll on the road, just like how your toy car goes on the floor.""","""Look at the fluffy, cute cat with soft fur and pointy ears, little one! This playful kitty likes to purr, cuddle, and chase little toys around.""","""Look at the delicious, colorful fruits and vegetables! Can you say 'apple'? Let's all say 'apple' together. Now, who wants to try some yummy, crunchy carrots? Yummy, crunchy, carrots!"""
"""Look, sweetie, that big, red car is zooming by! Can you hear it go 'vroom vroom'?""","""Look at your family, sweetheart! Mommy and Daddy are right here, and there's Auntie Sue and Uncle Bob. We all love you so much and are always here for you!""","""Look at the cute little kitty cat with soft fur, meow-meow! Can you say kitty?""","""Look, sweetie, this is our home! Can you hear the ticking clock? It tells the time so we know when it's time for bed or to play outside. Our home is warm and safe, just like you.""","""Come here, sweetie, let's go to the house. This is where mommy and daddy live, and we have a big, cozy bed, soft carpets, and a lovely kitchen where we make yummy snacks together!""","""Look at the bouncy bunnies! They're hopping around, don't they? See how the bunnies have fluffy ears and tiny, twitchy noses?""","""Look at that beautiful bird! It has feathers that are so pretty and colorful, like a rainbow. The bird is singing a lovely song and flying high up in the sky. Isn't it amazing how the bird can fly? Let's watch it together!""","""Look at the cute fluffy cat, sweetie! See how it's purring and meowing. The cat is so soft and warm, just like when we hug our teddy bears.""","""Look, sweetie, this is our cozy, warm house where we all feel safe and happy, with big, beautiful windows that let in lots of sunshine!""","""Look at the fluffy cat, sweetie! The cat is soft and cuddly, with big, round eyes and a long, fluffy tail. The cat's fur is so pretty, like a big, soft cloud.""","""Look at the pretty bird with feathers that are so colorful! Can you say 'bird'? Birds are amazing creatures that love to sing and fly high in the sky!""","""Look at the little bunny hopping around, it's so fluffy and soft, isn't it sweetie? Let's watch it jump over the flowers!""","""Hey there, sweetie! You know, mommy and daddy are the best people in the whole wide world, just like your big brother. We all love you so much!""","""Look at that fluffy, soft cat with pointy ears, sweetie! The cat is purring and cuddling with its favorite toy.""","""Come here, little one! Let's go inside our cozy house where we have a soft bed to sleep, yummy food to eat, and lots of toys to play with!""","""Look at the fluffy bunny hopping around, little one! Can you hear the gentle 'moo' of the big, friendly cow in the meadow?""","""Look at the big, red car, sweetie! It's going fast, zooming down the road. See the wheels turning and the windows rolling up? That's how we get to places quickly, just like we're going on a fun car ride!""","""Look at our family, sweetie! We have mommy and daddy, and we also have your big brother and sister, isn't that so wonderful? They are all here to love and play with you!""","""Look, sweetie, there's a playful puppy! The fluffy dog wags his tail when he's happy and likes to give us big, wet kisses!""","""Look at the pretty bird with feathers that are as blue as the sky and as bright as the sun! The bird is singing a lovely song for us to enjoy.""","""Look at the fluffy, cute cat! Its fur is so soft and white, just like a snowball. Do you see the little kitty purring? Isn't it so happy?""","""Look at that big, shiny car, sweetie! It has four wheels, and it can drive us to the park to play with the slides and swings!""","""Hey sweetie, guess what? Today, Mommy and Daddy are going to meet our new auntie and uncle, and they will play and have fun with us, just like we do with your lovely big brother or sister!""","""Sweetie, here's a yummy apple for you to enjoy. It's so juicy and crunchy, just like a little red pillow for your tummy!""","""Come here, sweetie! Let's explore our cozy house, where we have a lovely bed to sleep in, a yummy kitchen to play with our toy dishes, and a big living room full of toys and books!""","""Look, sweetie, this big red car is ready to go on a fun adventure, just like your toy car. Wheeeee!""","""Look, little buddy, there's a fluffy, cute cat with soft fur and tiny whiskers. It's purring, and that means it's happy and wants to snuggle.""","""Look, sweetie, this juicy red apple is so crunchy and yummy! You can take a big bite and enjoy its sweet taste, just like a little apple fairy giving you a treat!"""
"""Look at the big, shiny car, sweetie! It's so red and fast. Wow, isn't it cool? See how it moves? Daddy's driving it! The car goes 'vroom' when we go on trips.""","""Hey, sweetie, mommy and daddy love you so much and they are your family. They hold you, sing to you, and play with you every day.""","""Look at the cute bunny hopping around, little one! The bunny has soft, fluffy fur and hops on its tiny paws. Isn't it adorable?""","""Look, sweetie, this is our cozy house! It has a warm roof over our heads, colorful walls that make you smile, and big windows to see the pretty trees and sky outside.""","""Look, sweetie, this big room is our cozy house, where we have fun and feel safe, with soft beds and toys to play with!""","""Look at the cute little puppy, sweetie! Puppies love to play with their tails wagging, don't they?""","""Look at that little birdie, sweetie! It's a tiny, fluffy birdie with wings that help it fly high up in the sky. Isn't it amazing how it can chirp and sing songs for us to hear?""","""Look at the fluffy, soft cat with pointy ears, little one! Its paws are tiny and cute, and it's purring happily in its cozy bed.""","""Look at our cozy, lovely house, sweetie! It's a big, happy place where we all live together and have fun. Can you say 'house'?""","""Look, sweetie, there's a cute little cat! It's fluffy and soft, and it's purring softly as it lounges in the sun. Isn't it adorable?""","""Look, sweetie, a beautiful bird with colorful feathers is flying in the sky. Its wings are so big and it's singing a lovely song just for us.""","""Look at the cute little puppy! Its fluffy fur is so soft and cuddly. Want to pet it gently, sweetie?""","""Look, sweetie, mommy and daddy are your loving parents. They always care for you and keep you safe. You're their little treasure.""","""Look at the fluffy kitty, sweetie! She's soft like a cloud and purrs when you give her a gentle pet. Isn't she cute?""","""Hey there, sweetie! Look at all the pretty windows in our cozy home. They let in lots of sunshine and make our house feel warm and happy. Let's play 'house' together and pretend we're taking care of our very own home!""","""Look, baby, a fluffy bunny hopping by! The bunny is so soft and cute, just like a little cotton ball!""","""Look at the big red car, sweetie! It has four wheels and helps people go from one place to another. Isn't it cool how it zooms and hums?""","""Look at our family, sweetie! We have Mommy, Daddy, you, your big brother, and me. We love spending time together and helping each other.""","""Look at the adorable fluffy dog! He's a big, happy puppy and loves to play fetch. His fur is soft like a teddy bear, and he barks with a loud 'woof-woof' when he sees his best friend, the kitten.""","""Look, sweetie, that little birdie is singing a happy song with its tiny, chirpy voice! Isn't it funny and cute?""","""Look at the fluffy, cute cat! See how it purrs and plays with its little kitty friends? Want to say 'meow' like the cat?""","""Look at the big, shiny car, sweetie! It has four wheels and big, friendly windows to see out. The car drives on the road, and the grown-ups steer it safely to take us places.""","""Hey sweetie, can you tell mommy and daddy you love them too? We're all a family and that's what makes us special together!""","""Look at those yummy carrots, sweetie! They're orange and crunchy, just like a little piece of nature's candy. Would you like to try some with me?""","""Come here, sweetie! Let's go see our cozy home, where Mommy and Daddy love to play and cook yummy food in the kitchen, and the bed is soft for us to snuggle in at night!""","""Come here, sweetie, let's go for a little car ride in this pretty red car! Look at the wheels spinning, and say 'car' with me!""","""Look at the fluffy, cute kitty cat with soft paws and a twitchy tail!""","""Sweetie, it's time to try some yummy carrots. They're crunchy and super good for your eyes, just like superheroes!"""
"""Look at the big, shiny car, sweetie! It's red like a juicy apple. Wow, the wheels go 'vroom' when it moves!""","""Hello sweetie, look at mommy and daddy, they're your family. They love you so much and they're here to always take care of you.""","""Look at the fluffy bunny hopping around, little one! Isn't it so cute and soft to touch?""","""Look at the big, cozy house we live in, sweetie. It's got a red roof and white walls, and it's full of love and smiles. Isn't it nice?""","""Look, sweetie, it's the big, beautiful house we live in, with a shiny roof, pretty windows, and a red door. Let's count the windows together, okay?""","""Look at the bunny, it's hopping and hops so fast. Want to count how many bunnies we see?""","""Look at the pretty bird, little buddy! Its wings are up, flapping away like a superhero, and it's singing a sweet song just for you!""","""Look, sweetie, this fluffy cat is sitting on the sofa. See how she's stretching her paws and blinking her cute eyes? Can you say 'cat' with me?""","""Hey sweetie, let's go look at our beautiful house. See how the red door opens wide, and look at the blue windows that let in lots of sunshine. Do you see the soft, fluffy carpet under our feet? Oh, and there are the cozy, warm","""Look at the fluffy, cute cat with big, bright eyes. Its fur is as soft as a cloud, and it loves to play and purr. Let's say 'meow' together and watch the cat run and jump around, making us smile.""","""Look at the beautiful bird, sweetie! It's singing a lovely song and has pretty feathers. Let's watch it fly and chirp together!""","""Look at the fluffy bunny hopping around, little one. The bunny has soft, white fur and loves to eat carrots. Isn't it cute?""","""Hey sweetie, you know, mommy and daddy are your favorite people. They're like superheroes who always love you and make sure you have yummy food and a cozy bed to sleep in.""","""Look, sweetie, there's a cute little cat, she's so fluffy and soft, let's say 'purr' when you see her, it's her way of saying she's happy and loves to cuddle!""","""Look at the pretty house, sweetie! It has a big, comfy bed, a yummy kitchen, and lots of lovely rooms where we can play and have fun!""","""Look at the cute little puppy! It's wagging its tail because it's happy to see you!""","""Look, sweetie, this big red car! It goes 'vroom-vroom' and helps people go from one place to another. Let's pretend to drive it together and go on a fun ride!""","""Come here, sweetie, let's sit together with mommy and daddy, and we can share stories about our lovely family.""","""Look at the big, fluffy dog with wagging tail, sweetie! He's barking because he's excited to play with you!""","""Look, sweetie, there's a bird! Birdie is flying high up in the sky, singing a beautiful song with its tiny voice. Isn't birdie a lovely little friend?""","""Look at the cute, fluffy cat! She's purring softly, wiggling her tail, and looks so happy!""","""Come here, sweetie! Let's sit in the cozy car and go on a fun ride with the windows down, feeling the cool breeze as we zoom down the street, just like mommy and daddy do when they drive.""","""Look at the smiling family picture on the wall! Mommy, daddy, and baby are all part of the happy family team!""","""Look, sweetie, these yummy vegetables are helping you grow strong and healthy. Eat your greens and enjoy your tasty meal!""","""Hey there, sweetie! Come on over to the big, cozy house where we live. Look at the pretty flowers in the garden and the lovely birdies on the tree. Let's walk around the big house and touch the soft carpet on the floor. We're safe and sound","""Come here, sweetie! Look at the big, shiny car. See how it has four wheels and can go fast? Let's pretend it's our super cool red car!""","""Look at the fluffy, cute cat! The cat is soft and white, with pointy ears and a long, twisty tail. Do you see the cat's paws? They are small and furry, just like little pink mittens! The cat says 'meow'","""Look at these yummy, crunchy carrots! They're orange and sweet, and they're good for you, sweetie. Let's take a little bite and see how they taste!"""
"""Look at the big, shiny car, sweetie! It's red and fast, zooming by the trees and flowers. Can you hear the car's roar? It's loud and fun, just like the music we love. We're safe inside our house, but we always remember","""Look at the smiling family, sweetie! They're your mommy and daddy, and they're so happy to see you!""","""Look at the bunny hopping around, little one! It's so fluffy and cute, isn't it?""","""Look at the pretty house with a blue roof and a red door. Come here, sweetie, let's play with your toy house!""","""Look at the house, sweetie! See how the roof covers the top and the windows let the sunshine in. Isn't it a big, cozy home for us?""","""Look, sweetie, a fluffy bunny is hopping around! Can you say 'bunny'? Let's clap our hands together when we see one next!""","""Look, little one, see the beautiful bird with feathers and wings? It's singing a sweet song for us to enjoy!""","""Look at the fluffy, cute cat, little one! It's purring and playing with its favorite toy. Isn't it adorable?""","""Look, sweetie, this is your home where we live together, and these are all the rooms like the cozy bedroom for sleeping and the kitchen where we cook yummy food!""","""Look at the fluffy, soft kitty cat with pointy ears, kitty! She's purring and curling up in her cozy bed.""","""Look at that beautiful bird, sweetie! It's singing a lovely song, isn't it? Want to point at it and say 'bird'?""","""Look at the cute little puppy, sweetie! See how it wags its tail and runs around playing with its furry friends!""","""Sweetie, look at how many big, loving people are in our family! We have Mommy and Daddy, Auntie Sarah, and your big brother, Timmy. We love each other so much, just like you and me!""","""Look at that cute, fluffy cat! Can you say 'meow'? Yes, cats say 'meow' and they have soft fur and love to play.""","""Look at this beautiful house, sweetie! See the big windows? They let the sunshine come in and make it feel warm and happy. Isn't it cozy inside? Let's go inside and explore the fun things together!""","""Look at the fluffy bunny hopping around, little one! The bunny has soft white fur and big floppy ears.""","""Hey sweetie, look at that big, shiny car zooming by! It's going really fast, just like when we play chase together. But remember, cars are for grown-ups to drive safely, and we should always stay on the sidewalk and hold hands when we cross the street","""Look at the happy family, sweetheart! There's Mommy, Daddy, your big brother, and sister, all loving each other and having fun together. You're a special part of our family too!""","""Look, sweetie, this is a happy puppy. Puppy means a baby dog. Can you say 'puppy'? That's right, 'puppy'. The puppy's name is Max. Max likes to play with his favorite toy. Toy means something to play with","""Look at that beautiful bird, sweetie! It's a colorful, fluffy birdie with wings that flap so fast. Birdie can fly in the sky and make a lovely chirp sound.""","""Look at the fluffy, cute cat, little buddy! Can you say 'cat'? The cat is purring softly, and she's so cuddly and cute, isn't she?""","""Look, sweetie, this big, shiny car has wheels to roll smoothly on the road, and it's where mommy and daddy drive us around in our special car seat.""","""Look at the big, happy family, sweetheart! There's Mommy and Daddy, your brother, and even your adorable little cousin who loves to share stories with you.""","""Look at the yummy, colorful carrots on the plate, sweetie! They're crunchy and good for making you strong, just like a superhero!""","""Hey sweetie, let's go look at the big, beautiful house we live in. See the colorful windows? And look at the big, shiny door. It's where Mommy and Daddy come home every day. Inside, there are rooms with soft beds for sleeping","""Look, sweetie! See how the car goes vroom-vroom and moves on the road, just like the red truck we saw earlier!""","""Look at the fluffy kitty, little one! The cute, cuddly cat is sleeping peacefully on the soft, cozy couch. Can you say 'cat'?""","""Yummy, sweet, tasty, juicy, yummy food! Eat, little one, eat, grow, strong, yummy food!"""
"""Look at these yummy, colorful, and smiley carrots! They're so soft and squishy. We're going to eat them, and it's going to be a fun and tasty adventure!""","""Look at the fluffy, cute kitty cat. She's purring and sleeping like a little baby. Can you see the pretty kitty with the pointy ears and soft fur?""","""Look at the cute little kitty cat, with soft fur and tiny paws, wiggling its tail like a feather!""","""Look at all those cute little blocks, sweetie! Want to help me stack them up so they make a tower?""","""Look at the adorable puppy, sweetie! Can you say 'puppy'? This furry friend is a lovely dog, wagging his tail and ready for a cuddle!""","""Look at mommy and daddy, sweetie! They're your family, and they love you very much. They give you hugs and food, and they're always there to play with you.""","""Come here, sweetie, let's explore our cozy house together, with its soft bed and colorful toys!""","""Look at those cute, colorful blocks! Want to stack them with me? Let's build a tall tower together!""","""Look at the cute little cat, sweetie! It's soft and fluffy, and it's purring because it's happy.""","""Look at the big, shiny car! Want to say 'vroom vroom' like it's going fast?""","""Look at the cute fluffy cat, sweetie! See how it's purring and playing with its toy mouse. Can you say 'cat'? That's right, cat! The cat is so soft and furry, just like your blankie.""","""Yummy yummy, little buddy! Look at these bright red strawberries. They are so sweet and tasty. Shall we try some?""","""Look at Mommy and Daddy, sweetheart! They're your big family who loves you very much!""","""Look at the pretty bird, sweetie! It's singing a lovely song and flapping its wings gently. Want to see if we can spot it again?""","""Look at the yummy, colorful fruits and veggies on your plate, sweetie! They are all delicious and good for your tummy to help you grow strong and happy!""","""Look at the beautiful bird with the big wings and colorful feathers! It's soaring high in the sky, singing a lovely song. Isn't it amazing how it can fly so gracefully?""","""Yummy, sweet, juicy apple! Look how red and round it is! Do you want to help me cut a tiny slice for you to eat?""","""Look at that beautiful bird, sweetie! It's singing a lovely song for us. Can you say 'bird'? It sounds like 'burd'. Isn't it fun to watch them fly in the sky?""","""Come here, sweetie! Let's go peek inside this beautiful house, where we'll find a cozy bed for sleeping, a yummy kitchen with delicious food, and fun toys to play with!""","""Look, sweetie, here's a colorful teddy bear and a shiny, soft ball. Want to play with them together?""","""Listen sweetie, today mommy's talking about our family. Remember, your daddy and your big brother are always there for you, and so is mommy. Our family is like a big, warm hug, full of love and fun times. We're all like pieces of a puzz","""Look, sweetie, that's a big bird! It has beautiful feathers and can fly high up in the sky. Isn't it pretty?""","""Look, sweetie, these are carrots! They're orange and crunchy, and they make you strong. Want to try a little bite?""","""Look at the cute, fluffy cat! It has soft fur, a little nose, and paws like your hands! The cat's eyes are as bright as stars, and it loves to play with toys and chase its tail. The cat's name is Whiskers,","""Look at the fluffy, furry dog, sweetie! The dog is wagging its tail and it's happy to see you.""","""Hey sweetie, look at all the smiles in our family! We have mommy, daddy, and your big brother who loves to play with you!""","""Look at our lovely family, sweetheart! Mama, dada, big brother, and little sister are all here to play with you and make you happy.""","""Hey sweetie, look at the pretty house! The walls are tall and strong, and the roof keeps us dry from the rain. Let's go inside and play, okay?"""
"""Look at this yummy, colorful apple! It's so juicy and sweet, and it's just perfect for tiny, growing hands like yours!""","""Look at the cute, soft cat, little one! The cat is purring and has pointy ears and whiskers. Can you say 'cat' with me?""","""Look at the fluffy cat, little one! See how it purrs and cuddles with mommy and daddy?""","""Look at all these bright and happy toys, my little sunshine! You're going to play with them so much fun today!""","""Look, sweetie, there's a dog! The dog has soft, fluffy fur and it's wagging its tail because it's happy to see you!""","""Look at us, little one! These are our family - Mommy, Daddy, and your big brother, Tommy! Tommy loves to play with you and always keeps you safe and happy.""","""Hey there, sweetie! Look at our big, beautiful house where we have a cozy bed, a yummy kitchen, and fun playroom for you to explore and enjoy!""","""Look at all the funny shaped toys! This one's a bear and that one's a duck; let's go see what they're up to!""","""Look, sweetie, there's a fluffy cat with soft fur and big, round eyes. Its fur is as white as snow, and it's purring and cuddling up on the cozy blanket.""","""Look at the shiny, red car, sweetie! It's ready to zoom and take us on a fun ride!""","""Look at the cute, soft cat with fluffy fur. Its whiskers tickle when it sniffs around. The cat purrs when you pet it gently, like when you pat the back of a friendly dog.""","""Look at the bright, yummy apple! It's so crunchy and sweet, just like your favorite juice!""","""Look at mommy and daddy, sweetheart! We are a family, and we love each other very much. We're so happy to have you with us!""","""Look at that beautiful bird with its bright feathers and melodious chirping, little buddy! It's like a flying rainbow in the sky!""","""Look at the yummy carrots, sweetie! They're orange and crunchy, just like a little healthy snack for you to munch on.""","""Look at that beautiful bird, sweetie! It's so colorful and singing a lovely song, isn't it?""","""Look at these bright red tomatoes, sweetie! They are yummy and good for you. Let's eat them together and make a yummy sandwich!""","""Look at that beautiful bird up there, sweetie! It's so pretty with its bright feathers and chirpy song. Want to see if you can spot it in the sky?""","""Look at our lovely house, sweetie! It has a blue door, big windows, and a soft carpet inside. Let's walk through the door and play with the toys on the carpet!""","""Hey there, little buddy! Do you see those bright, fun toys over there? Let's go grab some and play together!""","""Come here, sweetie, let's talk about our family. We have Mommy, Daddy, and you, my little sunshine. Mommy's sister is Auntie, and Daddy's mommy is Nana. You have a cousin named Timmy, and","""Look at that beautiful bird! It has such pretty feathers and it's singing a lovely song for us to enjoy.""","""Hey sweetie, look at this yummy apple! It's red and crunchy, and it's good for your teeth and tummy!""","""Look at the fluffy cat, sweetie! It's purring and meowing and has soft fur that feels like a cozy blanket. The cat's little paws are like tiny mittens, and it's playing with a ball of yarn. Isn't it","""Look at the adorable puppy, sweetie! This little dog has soft fur and loves to play fetch with you. Can you say 'puppy'?""","""Hey there, sweetie! You know, in our family, we have mommy, daddy, and you. We love hugging and playing together!""","""Hey there, sweetie! Let's talk about your amazing family, okay? You have your mommy and daddy who love you so much, your big sister who plays with you and shares her toys, and your grandparents who give you big hugs and tell you fun stories.","""Come here, sweetie, let's go explore our cozy, lovely home, where our favorite teddy bear lives in a soft, fluffy bed, and mommy and daddy are smiling right beside us in our big, comfy couch!"""
"""Look at these yummy little mashed peas, sweetie! They're perfect for tiny little tummies like yours to grow strong and healthy!""","""Look at the cute little kitty cat, sweetie! Meow, meow, it's purring and wants to play. Do you see its soft fur? Let's give it a gentle pet.""","""Look at the cute little kitty cat, purring and playing with its fluffy tail!""","""Look at those bright, colorful toys! Shiny, soft teddy bear waiting for you to hug. Squeaky, funny toy ready for a giggle. Playtime is fun!""","""Look at the cute dog, little one! The dog is wagging its fluffy tail and has pointy ears. See how it's running around and playing with its favorite ball? Isn't the dog adorable?""","""Look at mommy and daddy, they are your family, and we all love and care for you very much.""","""Look, sweetie, that's our cozy home! It's got a blue door, a yellow roof, and lovely windows that let the sunshine in!""","""Look at all these fun toys, sweetie! We have your favorite teddy bear, and the pretty colorful blocks that you love to stack and build with.""","""Look at the fluffy, cute kitty cat with pointy ears and soft fur, little one. Can you say 'cat'? Yes, that's right! The kitty likes to play with its toy mouse and drink milk from its bowl.""","""Look at the big red car, sweetie! It has shiny wheels and goes 'vroom-vroom' when it drives. Isn't it fun to imagine we're going for a ride in the car together?""","""Look at the fluffy, cute cat, little one! See how it purrs and cuddles? It's so soft and furry, like a little ball of soft yarn!""","""Look at the yummy carrots and the sweet apples, little one! They are healthy and make you strong, just like a superhero!""","""Hey there, sweetie! It's time to go see Grandma and Grandpa. They're going to give you a big, big hug!""","""Look at the beautiful bird, sweetie! It's a blue jay, and it's singing a lovely song for us.""","""Yummy, sweet apple! Can you say 'apple'? Let's eat some apple slices with peanut butter!""","""Look, sweetie, there's a bird with beautiful feathers, chirping and hopping around. Isn't it pretty? Birds can fly high up in the sky, just like superheroes!""","""Look at the yummy, bright yellow banana! Want to try some sweet, tasty fruit with me?""","""Look at that beautiful bird up there, sweetie! It's a robin, with soft, fluffy feathers and a cheerful red breast. Isn't it pretty? Birds can sing sweet songs and hop around on branches.""","""Look, sweetie, we're in our cozy house where we sleep, play, and eat yummy food together!""","""Look at all the fun toys! The ball is bouncy, the teddy bear is cuddly, and the blocks are stackable!""","""Look, sweetie, this is your family! Mommy, Daddy, and little brother or sister. They love you so much and are always here for you.""","""Look at the big, beautiful bird with its colorful feathers and beady eyes! Can you say 'bird'? That's right, bird!""","""Look at those yummy, bright red strawberries, sweetie! They're so juicy and tasty, just like the cute little bunnies hopping around in the garden.""","""Look at the fluffy, cute kitty cat, sweetie! It's purring and playing with its toy mouse, all soft and cuddly. Isn't the kitty cat just the cutest, darling?""","""Look at that big, fluffy dog! It's wagging its tail and wants to play. Let's say 'dog' together. Can you say 'dog'? That's right! Good job, little buddy!""","""Look at our happy family, sweetie! We have Mommy, Daddy, and your little sibling, Sammy. We love playing and cuddling together, don't we?""","""Look at the happy family, little one! The mommy and daddy love you so much, just like mommy loves the apple pie and daddy loves the football game. See how they hug each other? That's their love for you, and you have lots of it too!""","""Hey there, little buddy! Look at our cozy house, with its big windows and friendly garden. Can you say 'house' with me? It's where we feel safe and happy, just like when we play together!"""
"""Look at this yummy, colorful carrot! Want to see what happens when we gently put it in your mouth? It's soft and squishy, just like when we mash up some ripe banana together!""","""Look at the cute little cat, sweetie! It has soft fur and loves to play with yarn.""","""Look, sweetie, there's a fluffy, soft cat with pointy ears, and it's saying 'meow-meow' just for you!""","""Look at these bright and bouncy toys, sweetie! The round ball goes 'woosh' when you bounce it, and the cuddly bear has a funny smiling face for you to hold!""","""Look at the cute little puppy, sweetie! The puppy's wagging its fluffy tail because it's happy and wants to play with you.""","""Look at mommy and daddy holding hands, sweetie. They are your family, and they love you very much. Can you say 'family'?""","""Come here, little one, and let's explore our cozy house together. Look at all the pretty paintings on the walls and the soft pillows on the couch. Isn't this house wonderful?""","""Look at the soft, fluffy teddy bear and the bright, colorful blocks, let's play together!""","""Look at the fluffy cat, sweetie! It's purring and playing with its toy mouse.""","""Look at the big, shiny car! It's so cool, isn't it? The car can take us on fun trips to the park, the grocery store, and more. Isn't that amazing? Let's say 'car' together and pretend we're","""Look at the fluffy cat, sweetie! The cat is purring and playing with a ball of yarn, wiggling its tail happily.""","""Look at this yummy apple! It's red and sweet. Let's eat it together!""","""Look, sweetie, Mommy and Daddy are your loving family, just like your friends at preschool. We all love you and play with you together.""","""Look at that beautiful birdie, sweetie! It's flapping its wings and singing a lovely song for us. Isn't it fun to watch the little bird hop and fly around?""","""Look at these bright, yummy carrots! Crunchy and sweet, they're so good for your eyes and teeth, sweetie!""","""Look at that beautiful birdie up in the sky, sweetie! It's singing a lovely song with its tiny little beak.""","""Yummy, sweet banana! Can you hold it up? You're holding a banana, and it's so soft and ripe! This is a banana, and it's full of goodness for you. Do you want to try a little bite?""","""Look at that beautiful bird, sweetie! It's so colorful with its pretty feathers and it's singing a lovely song just for us to enjoy.""","""Come here, sweetie! Let's explore our lovely house together. Look at the big, fluffy bed where we sleep, and see the colorful toys on the shelf. We have a big, comfy sofa in the living room, and a yummy kitchen where we","""Look at these colorful toys, little buddy! The bear is cuddly, and the blocks can stack up to make a tall tower!""","""Hey sweetie, it's time for a family story. Remember mommy and daddy, your sister, and grandma? They love you very much and always have a big hug for you.""","""Look at the beautiful bird, sweetie! Its feathers are so colorful and it's singing a lovely song for us to hear.""","""Look at those yummy carrots, sweetie! They're orange and crunchy, and they'll make you strong and healthy.""","""Look, sweetie, this cute little kitty is purring softly. It's a fluffy cat with soft, gray fur and big, round eyes. It's time for the kitty to take a nap now, just like you when you feel sleepy.""","""Look at the adorable puppy, sweetie! It's a fluffy, cute, and playful dog that loves to run and jump around. Isn't it amazing how it wags its tail and wiggles its little legs? Dogs are the best friends for","""Hey there, sweetie! You know what? Your family loves you so much, just like we do. Mommy and Daddy, your big brother, and your sister, all live with you. They play with you, read you stories, and even help you with your toys. Isn","""Sweetie, your mommy and daddy are your favorite people. They love you very much and they're here to keep you safe and happy.""","""Look at this beautiful house, sweetie! It has a big, comfy bed for you, colorful walls to paint our happy memories, and shiny floors to play and dance on. Let's go inside and make some new fun memories together!"""
"""Sweetie, look at this yummy banana! It's ripe and ready for you to enjoy, mmmm.""","""Look at that cute little kitty cat, wagging its fluffy tail, purring softly, and snuggling in a cozy blanket!""","""Look at the fluffy kitty cat, little one. The cat is soft and furry, and it says 'meow' when it wants to play.""","""Look at these bright, colorful toys! Want to play with the soft, cuddly teddy bear?""","""Look, sweetie, this is a cute little puppy, with soft fur and wagging tail, ready to play and make you happy!""","""Look at mommy and daddy, they're our special family, and we love them so much! They are always here for us, and we're a happy family!""","""Look, sweetie, there's our cozy home with its lovely blue door and big, warm windows. Can you say 'home'? Let's go inside and count the cushions on the sofa together!""","""Come here, sweetie, let's go see the colorful blocks and the soft teddy bear. They're waiting for you to play!""","""Look at the fluffy, cute kitty cat! Can you say 'cat'? The cat is purring and playing with a ball of yarn.""","""Look at that big, shiny car, sweetie! It has four wheels and looks like a spaceship from outer space. Can you say car?""","""Look at the cute, fluffy kitty cat, sweetie! The kitty's fur is soft and it purrs when you tickle its tummy. Isn't that just the bestest thing ever?""","""Look at the yummy apple! Eat it and enjoy the sweet, crunchy taste.""","""Hey there, sweetie! Look at our big, lovely family. We have mommy and daddy, your big sister, and we're all super special together!""","""Look at that beautiful bird! It's flapping its wings and singing a sweet song, just for you!""","""Look at the juicy red apple, sweetie! It's a yummy treat that you can take a bite out of. Let's wash it and then you can eat it all by yourself!""","""Look at the beautiful bird, sweetie! It's so pretty with its blue feathers and chirpy song. Want to hear it sing for us?""","""Look, sweetie, here's your yummy apple. Crunch it up and enjoy the sweet taste!""","""Look, sweetie, a bird! It's so small, so fluffy, and it's singing a lovely song. Can you hear it chirping? Birds have wings and they love to fly high up in the sky. Isn't that amazing?""","""Look, sweetie, our cozy house has bright windows and a big, beautiful door. It's where we keep our favorite toys and where we all sleep and eat.""","""Look at all these colorful toys, sweetie! The cars go vroom, the dolls have pretty dresses, and the blocks can build tall towers. Let's play together!""","""Look, sweetie, this is Mommy and Daddy. They are your family. Mommy and Daddy love you very much.""","""Look at the birdie, sweetie! It has feathers, a beak, and it can fly in the sky. Isn't it wonderful to see all the pretty colors it has?""","""Sweetie, it's time for dinner! Today we're having yummy broccoli and tasty chicken. Let's sit at the table and enjoy our meal together, okay?""","""Look at the fluffy, cute cat with the pointy ears and the soft fur! Want to pet the cat and make it purr?""","""Look, sweetie, there's a friendly dog wagging his tail and ready for a gentle hug. Isn't he so cute with his soft fur and floppy ears?""","""Hey sweetie, guess what? We're gonna spend the whole day with your amazing family, playing fun games and eating yummy food together!""","""Oh, look at our family, sweetie! We have Mommy, Daddy, and our lovely little sister. Isn't she adorable? She's our special treasure!""","""Hey sweetie, look at this big, beautiful house where we live! It has a lovely red door and a big window that lets all the sunshine in. Can you find the door? It's so pretty!"""
"""Look at the yummy carrots, sweetie! They're orange and crunchy, perfect for tiny tummies like yours!""","""Look, sweetie, here comes a fluffy little kitty! Meow, meow! Isn't she soft and cute? Her fur is as white as snow, and she has the cutest little paws. Can you say 'kitty'? Let's try together","""Look at the cute, fluffy cat. It has soft fur and gentle purrs. The cat is playing with its favorite toy and is very happy.""","""Look at those bright, colorful blocks! They're so fun to stack and play with!""","""Look at the fluffy, cute dog wagging its tail and barking happily, little buddy! Can you say 'dog'?""","""Look at the beautiful family picture, sweetie! Mommy and Daddy love you very much, just like your favorite teddy bear.""","""Look, sweetie, this is our cozy house where mommy and daddy love to live and play. Can you say 'house'? Great job! We're so happy here.""","""Look at those pretty dolls and trucks! Want to play with them together?""","""Look at the fluffy, cute cat, sweetie! The cat is playing with a ball of yarn. Want to say 'meow' with me?""","""Look at the big, shiny car with the bumpy, red exterior and the friendly driver inside, little buddy!""","""Look at that cute, cuddly, little fluffy cat; she has soft, striped fur and she purrs when she's happy!""","""Yummy! Here's your yummy apple, sweetie! Chew it up with your strong teeth and tell me what you like!""","""Look at your beautiful family, sweetie! Mommy, Daddy, and Auntie Lucy are all here to love you and keep you safe.""","""Look at the beautiful bird with its colorful feathers and beak! Birdie, the bird is singing a sweet song for us to enjoy.""","""Look at this yummy-looking apple! Do you want to try a bite? It's so crunchy and sweet!""","""Look at that beautiful bird up in the sky! It's chirping and hopping around so much, isn't it fun?""","""Yummy apples! Do you want to try some sweet, crunchy apple slices with a sprinkle of cinnamon for dessert?""","""Look, sweetie! See that bird with pretty feathers and a chirpy song? It's called a robin, and it's hopping around on the branch, singing to us for our attention.""","""Look at the beautiful house with its big blue door and tiny windows, sweetie. Can you see the colorful flowers in the garden and hear the birds singing outside?""","""Look at those bright, fun toys! Let's play together, sweetie.""","""Look at the family in this picture! See how everyone is holding hands? That's your mommy, daddy, sister, and me, all together like a big, happy family!""","""Look at that beautiful bird, sweetie! It has colorful feathers and can sing so pretty!""","""Yummy! This delicious, crunchy carrot is a rainbow in your plate, and it's super good for your eyes!""","""Look at the cute little kitty cat, with soft fur and tiny whiskers, playing with a ball of yarn. Isn't she so adorable?""","""Look at the cute little dog! It's barking and wagging its tail. Can you say 'dog'? D-O-G!""","""Look at our family, sweetheart! We're a big team, just like the superheroes you love. We have Mommy, Daddy, your big brother Sam, and me. We love you so much and always stick together, just like your favorite cartoon characters!""","""Hey there, sweetie! You know, your family is like a big, happy, lovey-dovey team. Mommy, Daddy, and your siblings are all different pieces of a puzzle that fit together so perfectly, just like how we all fit together in our family.""","""Look, sweetie, we're going to visit our cozy, warm house. Can you say 'house'? Let's touch the soft, fluffy carpet together and see the bright, beautiful walls. This is where mommy and daddy live, and where we'll have fun"
"""Sweetie, here comes your yummy yum! Look at the bright red apple slice, it's so pretty and tasty. Shake your head up and down to hear the crunchy sound!""","""Look at the fluffy cat, sweetie! The cat is sleeping and the cat is purring softly.""","""Look, sweetie, there's a cute little kitty cat! The kitty is purring and playing with a ball of yarn. Isn't that adorable?""","""Look at the colorful blocks, sweetie! They're waiting for you to stack them up high. What a fun time we're going to have!""","""Look at the fluffy, playful dog! It's so soft and cute, little buddy. Can you say 'woof woof' like the dog?""","""Hey sweetie, look at mommy and daddy holding you close. They love you very much and you're their little baby, just like how I'm your mommy.""","""Look at the big, red firetruck outside! It's so shiny and pretty, just like the roof of our house. Want to count the shiny tiles together?""","""Look at these bright, colorful toys, sweetie! This is a ball that you can roll, and this is a soft, fluffy bear that you can cuddle. Do you want to try them with me?""","""Look at the fluffy, cute cat! See how it's purring? It's soft and cuddly, and it's playing with a ball of yarn. Isn't the cat so fun to watch?""","""Look at the shiny, red car, sweetie! It's big and strong, just like you, and can take us on fun rides through the park and around our house!""","""Oh, look at the fluffy, cute cat! The cat has soft, white fur, and it's purring because it's happy. Let's go say 'meow' to the friendly kitty, sweetie!""","""Look at the juicy red apple, sweetie! It's yummy and good for you, just like your favorite yogurt!""","""Hey sweetie, today we're going to learn about our family. Your mommy and daddy love you so much, just like a big, big tree loves its leaves. We're your family, and we're all here to support and take care of you. Isn't that","""Look at the pretty bird, little one! It's flapping its wings and flying up high, singing a lovely song for us to hear.""","""Look at this yummy-looking apple, little buddy! It's as sweet as a honeybee and just perfect for your tummy.""","""Look at the pretty birdie flying high up in the sky, chirping its sweet song, isn't it amazing? It's like it's dancing on the air!""","""Yummy yummy, sweetie pie! This juicy, red apple is so tasty and yummy, just like your favorite, delicious, colorful, crunchy, juicy snack!""","""Look at the beautiful bird with its colorful feathers and melodic songs, little one. Its wings help it to fly high in the sky, and it lays eggs to have baby birds.""","""Look at this big, beautiful house with a red roof and lots of windows. Let's play hide and seek inside, where we can find the cozy, soft couch and the fluffy, pink pillows.""","""Look, sweetie, we have a fun new toy for you! It's a soft, squishy ball that we can roll and play with together. Let's make some funny noises while we bounce it!""","""Look at mommy and daddy, they are our family, just like you and your loving family!""","""Look, little one, there's a beautiful bird flying in the sky! It's singing a lovely song just for you.""","""Yummy, sweet bananas! They are soft and full of good stuff. Let's eat them and make our tummy happy!""","""Look at the cute little cat, sweetie! The cat is purring and playing with a ball of yarn. Isn't it adorable?""","""Look at the cute little dog wagging its tail happily, sweetie! Dogs are our furry friends who love to play and cuddle with us.""","""Hey there sweetie, we have a big family! Mommy and Daddy, your big brother Billy, your little sister Lily, and even Granny and Grandpa who love you very much. Isn't it wonderful to have so many people who care about you?""","""Look at mommy and daddy holding hands; they're your family, sweetie. You're loved and safe with us, okay?""","""Hey there, sweetie! Come look at this big, cozy house where we live. The roof is like a hat for the house, keeping it safe and dry. The windows let in all the pretty sunshine and fresh air, and inside there are rooms for everyone to play, sleep, and"
"""Look at these yummy, bright red strawberries, little one. They're so sweet and delicious!""","""Look at the fluffy, cute cat! It's purring and playing with its soft, fuzzy tail.""","""Look at the fluffy, cute cat, little one. The cat is purring, and it has soft fur and big, round eyes. See how it's scratching its paws and kneading the blanket? The cat is very gentle and loves to play with its toys","""Look at the bright, colorful teddy bear! See how soft and cuddly it is? Let's play with it and have lots of fun!""","""Look at the big, fluffy dog! He has soft brown fur and a waggy tail that moves back and forth. The dog is wagging his tail because he's happy and wants to play with you.""","""Hey sweetie, look at mommy and daddy holding hands. They're your family, and they love you very much.""","""Look at the pretty house, sweetie! It's big and strong, with a blue roof and white walls. There are lots of rooms inside where people sleep and play, and the windows let in the sunshine. The front door opens wide for us to go in and out. Let's go","""Look at the bright, colorful toys! They're so fun to play with. Let's pick one and have a great time together, sweetie!""","""Look at the fluffy, cute kitty cat, sweetie! It has soft, cute whiskers and purrs when it's happy, just like when we pet the kitty.""","""Look, sweetie, this big red car is ready to zoom down the road, and it's filled with bouncy bubbles and happy kittens!""","""Look, sweetie, there's a cute little kitty cat! Meow, meow, see how it's purring? Kitty likes to chase yummy little mice. Can you say 'cat'? That's right, 'cat'!""","""Look at these yummy, ripe, juicy strawberries! They're so sweet and red, sweetie! Let's take a big, delicious bite together!""","""Hey there, sweetie! Let's talk about our family. We have Mommy and Daddy, and we all love each other very much. We're a team, like a superhero team, but instead of fighting bad guys, we help each other and share our toys!""","""Look at that beautiful bird up in the sky, sweetie! It's a bright, colorful bird with wings flapping so fast, just like your arms when you wave at mommy and daddy. Can you see it? Want to count how many birds we see?""","""Look at the yummy carrots, sweetie! They're orange and crunchy, and they help you see better!""","""Look at that pretty bird, sweetie! It has colorful feathers and chirps happily in the sky.""","""Look at this delicious, juicy red apple, sweetie! It's time to enjoy some yummy, crunchy apple bites. Yummy!""","""Look at the beautiful bird flying in the sky, sweetie! It's so colorful with its feathers and beak, and it's singing a lovely song just for us!""","""Come here, little one! Let's go see the beautiful house with the big red door and the colorful windows.""","""Look at the colorful toys! Let's play with the soft teddy bear and stack the colorful blocks high!""","""Hey sweetie, remember mommy and daddy, they're your superheroes! They love you lots and always keep you safe, just like a big, warm hug!""","""Look, sweetie, there's a beautiful bird! It's chirping and hopping around the tree. Let's watch it fly and sing for us!""","""Hey there, sweetie! Let's try some yummy broccoli. It's like tiny trees on your plate, and it's super good for your tiny tummy!""","""Look at the fluffy, playful kitty with soft, purring fur. The cat is cute and loves to play with its favorite toy mouse!""","""Look at the cute dog, sweetie! The dog is wagging its tail and has a fluffy coat. Do you see the dog's paws? They're like little paws, perfect for walking and playing!""","""Hey there, sweetheart! Do you remember how we all love to hug Mommy and Daddy? They're the best, aren't they? Just like our family, everyone here is unique and special in their own way. Isn't it wonderful how we all come together to share","""Hey there, sweetheart! Let's talk about our family. You have mommy and daddy, your little sister, and they all love you very much. Mommy is a kind teacher, and Daddy works at the airport. Your sister is just learning to talk, but she'","""Hey there, sweetie! Let's go explore our cozy home! Look at the pretty paintings on the wall and the soft, fluffy rug under your feet. See how the sunshine makes the room feel so warm and happy? Your favorite toys are here on the shelf"
"""Look at the yummy carrots, little one! They're orange and crunchy. Mama will smush them for you to eat.""","""Look at the fluffy, cute kitty cat playing with its yummy little ball of yarn!""","""Look at the fluffy kitty, little one! See how it's purring and chasing its tail? So cute!""","""Look at the colorful toys, sweetie! Want to play with the soft teddy bear or the rattle that makes a fun sound?""","""Look, sweetie, that's a fluffy dog! Woof woof! The dog is running and playing in the park. See his big, floppy ears? Can you say 'woof' like that, buddy?""","""Look at the lovely people in our family! This is your mommy, she makes your favorite yummy food. That's your daddy, he's strong and takes care of you. And this is your sister, she's so sweet and playful!""","""Look at the big, colorful house, sweetie! It has a pretty roof and tall windows. Let's go inside and play with the soft carpets and fluffy pillows!""","""Look at the colorful toys, sweetie! Want to play with the soft teddy bear? Teddy, can you share your teddy with me?""","""Look at the cute fluffy cat, little one. The cat's name is Whiskers, and he's purring because he's happy and wants to snuggle with you.""","""Look, sweetie, this big and shiny car is going to take us on a fun ride to the park!""","""Look at the cute fluffy cat, sweetie! The cat is playing with its yarn ball and looking for a cozy spot to nap.""","""Look, sweetie, it's apple juice! Yummy! Let's pour it into your cup and drink it together.""","""Look, sweetie, this is your big brother and sister, and they love you so much. They play with you, read you stories, and cuddle with you. They're your family, and they're here to keep you safe and happy.""","""Look, sweetie, that little birdie is singing a lovely song in the sky. Its wings are so pretty, like feathers on a fairy's dress!""","""Look, sweetie, we're going to eat some yummy, crunchy carrots! They're orange and healthy for you!""","""Look at the little birdie, sweetie! It's so fluffy and chirpy, isn't it? The birdie is hopping on the branch, singing a lovely song for us.""","""Look at these yummy, juicy, red strawberries! They're sweet and soft, perfect for a little snack. Would you like to try some?""","""Look at that beautiful bird, sweetie! It's singing a lovely song while flying up high in the sky. Isn't that amazing? Let's listen to its melodic tune together.""","""Come here, little one, let's go explore the big, cozy house with lots of rooms for us to play and rest, and don't forget to look at the pretty flowers in the garden outside!""","""Look at all the fun toys, little buddy! The soft teddy bear is ready for a hug, the colorful blocks are waiting for us to build a big castle, and the shiny rattle will make happy jingle sounds when we play.""","""Look at the beautiful family we have, sweetie! Mommy and Daddy love you so much, and we get to play and laugh together every day. Your grandma and grandpa are always here for hugs and stories. You're a part of our big, loving family!""","""Look at the beautiful bird, sweetie! It has feathers that are soft and colorful. The bird is chirping and singing songs in the sky. Isn't that just the cutest thing?""","""Look at this yummy apple, sweetie! It's crunchy and tasty. Would you like to try some?""","""Look, sweetie, this fluffy furry friend is a cuddly cat, and it purrs softly when you stroke its fur.""","""Look at the cute dog, sweetie! See how it's wagging its fluffy tail? Let's say 'woof woof' together and giggle!""","""Look at mommy and daddy, they are our loving family who always takes care of us and makes us feel safe and happy.""","""Listen, sweetie, this is where Mommy and Daddy are, and they love you so much, just like how we all love and care for each other, like your big sister and me, making our family so special and fun!""","""Look at our beautiful house, sweetie! It's big and cozy, with lots of rooms and a big, warm bed for you to snuggle in."""
"""Sweetie, look at these soft, warm, smiley carrots. They're so yummy and good for you, aren't they?""","""Look at the soft, furry kitty cat with big round eyes, little one. Its whiskers are so fluffy and cute, don't you think?""","""Look at the fluffy cat, sweetie. The cat is soft and purring, wiggling its tail gently. Isn't that cute?""","""Look at these cute, soft toys! They're so soft and squishy. Can you squeeze them gently? Yay, let's play with them together!""","""Look at the fluffy, cute dog wagging its tail and barking happily, little one!""","""Look at our family, sweetie! We're mommy, daddy, and you. You're our precious little one.""","""Look at this beautiful house, sweetie! It has a big, cozy kitchen where mommy makes yummy food, a colorful living room with soft carpets, and a happy bedroom where you sleep and dream. Isn't it wonderful?""","""Look at the pretty, soft, fluffy bunny. The bunny can hop, jump, and dance. Can you say 'bunny'?""","""Look at the fluffy, cute cat, little buddy! Its soft fur is as white as the snow and its paws are as pink as your favorite stuffed toy. Can you say 'cat' with me?""","""Look at the big, shiny car, sweetie! The car is so red and has four wheels that go 'vroom-vroom' when we push it. Isn't that exciting?""","""Look at the fluffy, cute, and cuddly cat, sweetie! It's soft and purring, and it loves to play with yarn and chase its own tail. Cats are very special furry friends, aren't they?""","""Hey there, sweetie! You know what's yummy? Sweet peas! They're green and crunchy, and they grow on a plant. They're super good for you and make your tummy happy!""","""Hey sweetie, look at mommy and daddy holding you, that's your family who loves you so much and takes care of you!""","""Look, little one, see that beautiful bird up in the sky? It's so pretty with its bright feathers. The bird is singing a lovely song for us to hear. Isn't that amazing?""","""Look at the yummy carrots! Crunchy and sweet, just like a little orange treat for your tummy to be happy and healthy!""","""Look at the bird, sweetie! It's so pretty and has beautiful blue feathers.""","""Look at the yummy apple, sweetie! Can you say 'apple'? It's a juicy red fruit that's so delicious!""","""Look at that beautiful bird, sweetie! It's a robin, and it's red and has a funny little beak. Can you say 'robin'? Birds are so fluffy and chirpy, just like how you sing and talk!""","""Look at our lovely home, sweetie! The walls are painted blue, the furniture is all comfy, and we have a big, beautiful living room where we play and snuggle together.""","""Oh look, sweetie, there are some colorful toys for you to play with, aren't they fun?""","""Look at our lovely family, little one! We have Mommy, Daddy, and your big brother/sister, and we all love and take care of each other, just like a big, warm hug!""","""Look at the pretty bird, sweetie! It's fluffy and has a lovely chirp that sounds like music to our ears!""","""Yummy, sweet apple! Crunchy, juicy, and oh so yummy!""","""Look at the fluffy, cute cat, sweetie! The cat is so soft, and it's purring like a little engine. Can you say 'cat'? Great job!""","""Look at the fluffy dog wagging his tail, saying 'hello' to everyone with his big, friendly eyes!""","""Hey sweetie, let's talk about our family! We have mommy, daddy, and your little brother. They all love you so much and are here to take care of you and play with you!""","""Oh sweetie, our family is like a big, warm hug! Mommy and Daddy are your superheroes, and we all love and care for each other.""","""Come here, sweetie! Look at our beautiful house with a red roof and big windows, and let's make a fun game of finding all the shapes and colors we see!"""
"""Look at this bright, yummy apple! It's sweet and crunchy. Can you hear the crunch when we eat it?""","""Look at the fluffy kitty cat with soft paws and pointy ears, she's playing with her favorite ball of yarn.""","""Look at the cute little cat, sweetie! Its fur is so soft and fluffy, and it's purring because it's happy. Isn't that adorable?""","""Look at the colorful blocks, sweetie! They're so much fun to stack and build tall towers!""","""Look at the cute little dog! See how he wags his tail? That means he's happy. Let's go give him a gentle pat. Dogs are very friendly, aren't they?""","""Look at the happy family, sweetie! There's mommy, daddy, big sister, and little brother playing together. They all love you very much, just like we love you.""","""Look, sweetie, it's time to tidy up our cozy home. Let's put our toys away in their special spots, and we'll make sure everything is just right for our lovely family to enjoy!""","""Come here, little buddy! Look at all these colorful toys! You can play with the soft, fluffy teddy bear, or stack those pretty blocks up high like a tower!""","""Look at the cute little cat, sweetie! The furry, fluffy cat is purring and playing with a ball of yarn. Can you say 'cat'? Good job!""","""Look at that big, red car! It's so shiny and fast, just like the cars we see in our driveway! Can you say 'car' with me?""","""Look, sweetie, there's a cute little cat. Meow, meow! It's fluffy and soft, like your favorite blanket. Isn't she purring? That's her way of saying she's happy and wants to be your friend.""","""Look, sweetie, here's a big, juicy, red apple. It's so crunchy and yummy, and it's good for you, just like the sunshine makes you feel happy!""","""Hey there, little buddy! Do you want to know about your family? Well, mommy and daddy love you so much, and we all have big smiles just for you!""","""Look at that pretty bird, sweetie! It's singing a lovely song and flapping its wings. Can you say 'bird'? Great job!""","""Look, sweetie, these are some yummy carrots that will make your eyes sparkle like the sunshine!""","""Look at the beautiful bird with its colorful feathers and chirpy song, little one! It's so pretty and can fly high up in the sky!""","""Look at these yummy carrots, sweetie! They're orange and crunchy, just like a tiny, healthy treat from the garden.""","""Look at the pretty birdie with its colorful feathers and big beak, little one! Can you say 'bird'?""","""Hey there, little buddy! Look at this big house with lots of rooms and colors. It's a place where we have fun, play games, and sleep cozy.""","""Look at the bright, colorful toys! Can you pick out your favorite one, sweetie? It's so much fun to play with them!""","""Hey sweetie, guess what? Today we're going to meet Auntie Mary and Uncle Tom, and we'll have fun playing together, just like we do with our family!""","""Look, sweetie, that's a beautiful bird! It's called a robin, and it has a red breast and can sing lovely songs.""","""Look, sweetie, here's a delicious, bright red apple. It's so crunchy and yummy. You'll get a big, juicy bite when you take a small, careful nibble.""","""Come here, sweetie! Look at this fluffy cat with pointy ears and soft fur. Can you say 'cat'? Meow, just like the cat says.""","""Look at the cute little dog, sweetie! It's bouncing around and playing with its furry tail. Isn't it so soft and fluffy? Can we say 'woof woof' together?""","""Hey sweetie, it's time to say hello to mommy and daddy! Mommy loves you a lot and daddy is here to play too!""","""Hey there, sweetie! You know, our family is like a big, happy puzzle. There's mommy, daddy, and all your loving aunts, uncles, and cousins. We love spending time together, playing, laughing, and giving each other","""Hey sweetie, let's play house! Can you pretend you're the mommy with the soft, fluffy toys? And you can be the baby, cozy and happy in your mommy's arms."""
"""Yummy, yummy, look at those tiny morsels, little one! They're your very first food. Smile as we feed you, sweetie.""","""Look, sweetie, that's a fluffy kitty cat, meow meow. The kitty is purring and pawing at its toy mouse. Isn't it cute? Can you say 'kitty'?""","""Look, sweetie, that fluffy, cute cat is playing with a ball of yarn!""","""Look at all those bright, colorful toys, little one! Let's play together and have so much fun!""","""Look at the cute dog, sweetie! See how it wags its tail and barks happily when we come to visit.""","""Look at mommy and daddy, sweetheart! We're your family. We love you so much and you're growing up so fast!""","""Come here, sweetie, let's look at the beautiful house with the red roof and the big, happy windows. See how the walls are painted blue and green? It's a safe and warm home for you and me.""","""Look at the bright, colorful toys! Can you see the soft, fluffy teddy bear and the bouncy, round ball? Let's play with them together!""","""Look, little one, here's a fluffy cat! This cute furry friend has soft, cuddly fur, and its paws are so tiny, just like your own little hands. Can you say 'cat'? Meow! That's right, this sweet animal says","""Look at the big, red car! It's shiny and fast, and it can take us on a fun ride to the park!""","""Look at the fluffy cat, sweetie! It's purring and cuddling with its favorite toy. Isn't it adorable?""","""Look at the yummy-looking apple! Can you say 'apple'? Let's take a big bite and enjoy the sweet taste together!""","""Look at Mommy and Daddy, sweetie! We're your family, and we love you so much. You have an older brother, Max, who's learning to ride his bike, and a little sister, Lily, who just started playing with her dolls. We're","""Look, sweetie, there's a beautiful bird up in the sky! It's so pretty, with its soft, colorful feathers. Want to see if you can say 'bird' with me?""","""Yummy, sweet banana! This soft, yellow fruit is super soft and perfect for a snack, isn't it, sweetie?""","""Look at that beautiful birdie with its feathery wings and pretty beak, sweetheart! It's singing a lovely song for us to enjoy.""","""Yummy apples are sweet and crunchy, and we can all share them together. Let's have some fun with these delicious treats!""","""Look at that beautiful bird with its bright feathers! Birds have wings and they can fly in the sky. They make happy chirping sounds when they sing for us.""","""Hey there, sweetie! Let's go look at our lovely home together. See the pretty red door? That's where we enter and say hello. And those are our cozy bedrooms, where we sleep and dream. There's also our yummy kitchen, where we cook del","""Look at those bright, fun toys, sweetie! Let's pick our favorite one and play together!""","""Look at our big, happy family, sweetie! We have mommy, daddy, grandma, grandpa, and your cute little siblings who love you very much.""","""Look at the little birdie up in the tree, it's singing a sweet song just for you!""","""Wow, look at these yummy apples! They're so crunchy and sweet, and they make a funny sound when you bite into them. Would you like to try one?""","""Look at the fluffy, cute kitty cat, sweetie! She's a tiny little furball who loves to play with yarn and cuddle on your lap.""","""Look at the adorable dog wagging its fluffy tail, let's say 'woof woof' and watch it run and play, isn't it so fun to see how happy it is to see us?""","""Look, sweetie, your family is like a big, loving puzzle, with each piece being a special person like mommy, daddy, your brother, and your sister, all holding you close and making you feel safe and happy.""","""Hey sweetie, let's look at our family picture together. See mommy and daddy, your big brother, and me, your super-duper big sister. We all love you and are so proud of you!""","""Hey sweetie, let's go visit the house where mommy and daddy live, where you have your own room, and we can play with your toys and cuddle together!"""
"""Look at the yummy, bright red apple! It's soft and sweet, perfect for your little tummy. Shh, see how the apple pieces float on the water? It's so fun!""","""Look at the cute little kitty, little one! The kitty has soft fur and fluffy ears, and it says 'meow'. Isn't she so cuddly and cute?""","""Look at the fluffy, cute, and cuddly kitty with soft fur and big paws! Do you see the kitty's little whiskers? They're so fun to touch. Kitty says 'purr' when it's happy, like","""Look at those colorful toys, sweetie! They're all so fun to play with!""","""Look at the cute dog! It's wagging its fluffy tail and has big brown eyes just like you. Let's say 'woof woof' together, buddy!""","""Hey sweetie, you know the big people in our house? They are mommy and daddy, and they love you very much.""","""Look at the pretty house with the blue door and the big, red fire truck on top! Come here, sweetie, let's go see the house together!""","""Oh look, sweetie, your favorite teddy is ready for a new adventure. Let's play with it and have so much fun!""","""Look at that cute, soft cat, sweetie! It's purring and meowing, isn't it? Cats are furry friends who like to play and cuddle. They have cute whiskers and pointy ears.""","""Look, sweetie, that big yellow car! Wow, it's so shiny and bright! See, it goes 'vroom, vroom' when it drives. Isn't it fun to watch the car zoom past the trees and houses?""","""Look, sweetie, there's a fluffy cat! The cat is purring and playing with a ball of yarn. Isn't it cute?""","""Look at this yummy, ripe, red apple, sweetie! It's so crunchy and juicy when you take a big bite. Let's eat it together and enjoy its delicious taste!""","""Look, sweetie, Mommy and Daddy are your family, just like Auntie Sarah and Uncle Joe are a part of our big family.""","""Look at the pretty bird with the colorful feathers flying high up in the sky. Can you say bird? That's right, bird!""","""Look at the yummy, colorful veggies! Let's try some crunchy carrots and juicy strawberries to make our tummy happy!""","""Look at the beautiful bird, sweetie! It's a pretty bluebird with wings and a song to sing for us!""","""Look at these bright, juicy carrots! Want to help me wash them?""","""Look at the pretty bird with big wings and colorful feathers! It's singing a lovely song for us to enjoy, isn't it?""","""Look, sweetie! This big, beautiful house has a red roof and white walls, just like a smiling sun, and it has lots of rooms for us to play and sleep.""","""Look at all the colorful toys! Which one do you want to play with first, the teddy bear or the superhero car?""","""Look at mommy and daddy, they are your family, just like you are our little family, isn't that sweet?""","""Look at the little birdie, sweetie! It's chirping and hopping around, so pretty and colorful. Birds have wings to fly high up in the sky, and they love to eat tasty seeds and bugs. Isn't it amazing how they can dance in","""Hey there, little buddy! It's time for some yummy fruit. Let's take a big bite of that juicy apple, and don't forget to chew with your big teeth!""","""Look at the fluffy cat, sweetie! The cat's fur is soft, and it purrs when you pet it gently, just like the cuddly stuffed toy you love so much.""","""Look at the big, fluffy dog! Woof woof! It's wagging its tail because it's happy to see you. Can you say 'dog'? That's right! Dog!""","""Look at our family, sweetie! We're a big, happy team. Mommy, Daddy, Grandma, Grandpa, and you are all here together. We love you so much!""","""Hey there, sweetie! Let's talk about your family. You have a big, loving mommy and daddy who always take care of you, and maybe even little siblings or cousins who love you just as much!""","""Hey sweetie, look at this big and beautiful house we live in, where we have so much fun together and make lots of happy memories."""
"""Look, sweetie, the yummy carrots are orange and crunchy! They are so good for you and make your eyes see better!""","""Look at that cute little kitty, sweetie! It's a fluffy, cuddly cat with soft fur, purring and playing with a toy.""","""Look, sweetie, this cute little kitty is playful and purring. Want to pet the soft, furry cat?""","""Look at those bright, colorful toys, sweetie! Can you see the big, soft teddy bear? Want to give it a gentle hug? And there's a funny, dancing rattle. Shake it gently and listen to the pretty sounds it makes!""","""Look at the doggy, sweetie! He's wagging his tail and has soft fur. Can you say 'doggie'? That's right, he's our furry friend, doggy!""","""Hey sweetie, let's talk about family. This is Mommy, your superhero who takes care of you, and this is Daddy, your superhero who protects you. And look, there's your sibling, your best buddy in the house!""","""Come here, sweetie! Look at the big house with the red roof and the white picket fence. Inside, there are rooms with colorful walls and lots of toys for us to play with!""","""Look at the bouncy ball, sweetie! Can you see it? It's bright red, and it goes 'boing' when you give it a little shake. Want to try?""","""Look, sweetie, there's a cute, fluffy kitty! The kitty's paws are soft, and it's purring, which means it's very happy.""","""Look at that big, red car! See how it has four wheels? The car goes vroom-vroom when it moves, like when we push the toy car together!""","""Look, sweetie, there's a cute little kitty cat! It has soft fur and loves to play with yarn and chase butterflies!""","""Hey sweetie, look at those yummy carrots! Crunchy and orange, just right for you to munch on, aren't they?""","""Look at the family picture, sweetie! There's mommy, daddy, and your big sister. Mommy and daddy love you so much, just like your sister loves you!""","""Look, sweetie, there's a beautiful bird with feathers as soft as your blanket, and it's chirping a lovely song just for us!""","""Look at these yummy carrots! They're orange and crunchy, and we're going to wash them before we eat them together, sweetie!""","""Look at that pretty bird, sweetie! It's a chickadee, with soft feathers and a tiny beak. Can you say 'chickadee' with me? Chick-a-dee!""","""Look at these yummy fruits and veggies, sweetie! We're going to try some crunchy carrots, juicy strawberries, and tasty spinach together. Yum!""","""Look, sweetie, there's a beautiful bird sitting on that tree. Can you say 'bird'? The bird is singing a lovely song, just like the melody we heard earlier. Isn't it adorable?""","""Come here, sweetie! Let's look at our cozy house with its colorful windows and bright sunshine!""","""Look at these amazing toys, sweetie! There's a big, fluffy teddy bear, a bright, colorful ball, and a fun, spinning top! Let's play together!""","""Look at our family, sweetie! We're all here together, just like this big, happy puzzle with you, Mommy, Daddy, Grandma, and Grandpa. We love each other so much!""","""Look, sweetie, there's a beautiful bird with feathers so bright and soft, and it's singing a lovely song just for us!""","""Look at the juicy, red apple, sweetie! Let's take a big bite, and you'll taste the crunchy, delicious, yummy fruit!""","""Look at the fluffy cat, little one! The cat is purring softly and has big, sparkly eyes. Isn't it just the cutest, soft furry friend?""","""Come here, sweetie! Look at this big, furry dog. He's wagging his tail and wants to play with you. Let's say 'woof woof' together, and watch him run and jump with his fluffy tail in the air!""","""Sweetie, this is your mommy and daddy, they're your family, and we all love you so much!""","""Hey sweetie, it's time to say hi to our lovely family. Mommy and Daddy are here, and we have Auntie Jane and Uncle Bob. And look at Grandma and Grandpa, they're here too! Isn't it wonderful having all of you around","""Come here, sweetie! Look at this big, beautiful house where we live. See the windows? They let the sunlight shine in. And look at the door! That's where we go when we want to go outside and play."""
"""Yummy peas! See how they pop in your mouth? They're so soft and sweet!""","""Look at the fluffy, cute kitty cat, little one! Meow! Meow! It's playing with its favorite toy mouse.""","""Look at the fluffy, cute cat! Meow meow, little one. See how it purrs when you pet its soft fur? The cat is so happy to see you!""","""Look at the bright, colorful toys! They're so fun to play with, aren't they, sweetie? Can you grab the soft, stuffed bear?""","""Look at the cute, fluffy dog, sweetie! The dog is running and wagging his tail happily. Isn't he the most playful pup you've ever seen?""","""Look at mommy and daddy, they love you so much, and they're always here for you. Family is like a big, warm hug that never goes away!""","""Look, sweetie, this big yellow sun is shining outside our home, where we feel safe and cozy, and it's filled with our favorite toys and soft blankets!""","""Come here, sweetie! Look at all the soft and squishy stuffed animals. Would you like to give the fluffy bear a hug and then stack the colorful blocks like a tower?""","""Look at the cute, fluffy cat! See how it's purring and cuddling? Cats are soft and playful, aren't they?""","""Look, sweetie, this is a big, shiny car. It goes 'vroom, vroom' when we drive it on the road.""","""Look, sweetie, this is a fluffy cat! See how it's purring and playing with its yarn toy. Isn't it cute and cuddly?""","""Look at this yummy, bright red apple! It's so sweet and crunchy, and it's good for our teeth and helps us grow strong!""","""Hey sweetie, mommy and daddy are your family, and they love you so much! We all play together and snuggle up for bedtime stories.""","""Look at the beautiful bird, sweetie! It's so pretty, isn't it? The bird is flying high in the sky, singing a lovely song just for you!""","""Look at the yummy, red tomato! It's like a juicy little circle, isn't it? Let's say 'tomato' together, Tommy-toe-may-toe!""","""Look, little one, up in the sky, there's a beautiful bird with bright feathers, singing a sweet song for us to enjoy!""","""Look at these yummy, colorful veggies, little one! They're going to make your tummy happy and give you lots of energy to play!""","""Look at the beautiful bird, sweetie! It has pretty feathers and chirps a lovely song. Let's watch it fly and sing together, okay?""","""Look, sweetie, this big and cozy house is our special home. See the pretty flowers on the front? They make our house look even more beautiful!""","""Look at these soft, colorful blocks, little buddy! They're just waiting for you to stack them up and create amazing towers!""","""Sweetie, let's talk about our lovely family. You know, we have Mommy and Daddy, who love you very much. We have Aunt Lucy and Uncle Mike, who play with you and make you laugh. And guess what? We have a big family picnic every year","""Look, sweetie, that bird is flapping its wings and flying high up in the sky, singing a beautiful song for us to hear.""","""Yummy, sweet apple! Let's take a big, juicy bite together.""","""Look, sweetie, that fluffy feline friend is a cat. Cats have soft fur and purr when they're happy. Want to say 'cat' with me?""","""Look at the adorable puppy! Its soft fur is fluffy, and it wags its tail so happily when it sees you. Oh, let's say hello to the little dog!""","""Hey sweetie, guess what? Mama and Papa are coming home after a day of fun with your aunt and uncle. We're all so excited to cuddle with you and share stories about our big, loving family!""","""Look, sweetie, your family is like a big, loving puzzle, where each person is a unique piece that fits perfectly together, making you feel safe and happy.""","""Look, sweetie, we're in our cozy house, with lots of colorful walls and a big, soft bed for us to snuggle up in. See the windows? They let in sunshine and let us look outside to see the birds and trees."""
"""Look, sweetie, here's your yummy mushy peas! They're squishy and soft, perfect for your little tummy!""","""Look at the soft, fluffy cat with pointy ears and a long tail! It's a cute little kitten, and it loves to play with its toys.""","""Look at the cute, fluffy cat with the pointy ears and soft paws, little one. The cat is very playful and likes to chase after little yarn balls. Can you say 'cat' with me, sweetie?""","""Look at you, little one! You're so curious about all these fun toys. Let's play with the soft teddy bear and the bright, shiny blocks together!""","""Look at the cute fluffy dog, sweetie! The dog has big ears, wagging tail, and loves to play fetch with his favorite ball!""","""Look at our family, sweetie! We have Mommy, Daddy, and you. Mommy and Daddy love you very much, and you're my precious little one.""","""Look at the pretty house, sweetie! See the big blue door? And those colorful windows? They let the sunshine in. The house is our safe and cozy home, where mommy and daddy love to be with you.""","""Look at the big, fluffy teddy bear! It's soft and squishy. Let's give it a gentle hug and pretend we're best friends.""","""Look, sweetie, this is a fluffy cat with soft fur and pointy ears. The cat is purring and playing with a toy mouse.""","""Look at the shiny, red car zooming by, sweetie! Wow, it's so fast and cool!""","""Look at that fluffy kitty, sweetie! It's a cute, cuddly cat with soft fur and tiny whiskers. The cat is purring, wiggling its tail, and playing with a little ball of yarn. Isn't it so ad","""Look at the juicy red apple, sweetie! It's as round as a ball, and if we eat it, we'll get strong like superheroes!""","""Hey sweetie, look at all these lovely family pictures! See, that's Mommy, with her warm smile, and there's Daddy, with his funny glasses. Those are your big brothers and sisters, and there's our sweet grandma and grandpa too","""Look at that beautiful bird, sweetie! It's hopping around and chirping. Can you see it, buddy?""","""Yummy yummy, sweet little one, here comes your favorite apple pie! Mmm, just like magic, it's ready to make your tummy smile with happiness!""","""Look at that beautiful bird, sweetie! It's singing a lovely song and has bright feathers. Isn't it amazing?""","""Hey there, sweetie! Let's eat some yummy, healthy food, like carrots and apples. They're good for you and they taste delicious, just like a sweet, juicy, and crunchy party in your mouth!""","""Look, little one! That beautiful bird is called a robin, and it's a bluebird with a red chest. Isn't it pretty? Let's listen to the sweet bird song it sings for us.""","""Hey there, sweetie! Look at our lovely house with its big, cozy bed, soft carpets, and colorful walls. Come on, let's go explore our home together!""","""Look at all these bright, fun toys! The teddy bear is soft and cuddly, and the blocks are big and stackable. Let's play together!""","""Hey there, sweetie! Today we're going to talk about your family. Your family includes Mommy, Daddy, and your big brother or sister. They love you so much and always look after you. Isn't that amazing?""","""Look, sweetie, there's a beautiful bird with colorful feathers and a big beak! It's singing a lovely song for us to enjoy.""","""Look at this yummy, colorful apple, sweetie! It's juicy and crunchy, perfect for taking a big, happy bite!""","""Look at the fluffy, cute cat, sweetie! Its soft fur is so nice, like a big, warm blanket. The cat's eyes are like shiny, round buttons and it's purring softly, just like a gentle lullaby.""","""Look at the fluffy, wagging tail of the dog! Isn't it so cute and fun to watch?""","""Hey sweetie, remember mommy and daddy? They're our family, and they love you very much, just like I do.""","""Hey sweetie, look at our lovely family! We have Mommy, Daddy, Grandma, Grandpa, and even the cute little puppy, Sparky. They're all special to us, just like you!""","""Look at our lovely house, sweetie! It's a big, comfy home where we live and play, and it has a shiny roof to keep us dry when it rains. Isn't it great?"""
"""Yummy! Look at the bright, yummy red tomato. It's going to make your tummy happy!""","""Look, sweetie, here comes a cute, furry cat! See how it's soft and fluffy? The cat's purring and looks so happy.""","""Look at the fluffy, cute cat, little one. The cat's fur is soft, and it's purring. Isn't the cat so precious?""","""Look at the colorful toys, sweetie! The soft teddy bear is for hugging, and the rattle makes a fun noise when you shake it!""","""Look, sweetie, this is a dog! Woof woof! It's soft and fluffy and barks when it wants to play. Can you say dog? Dog!""","""Hey there, sweetie! Look at our family, it's us, mommy, daddy, and your little brother/sister. We love you so much and we're all here to play, hug, and make you smile!""","""Look at the pretty blue house, sweetie! It's where mommy and daddy live and where we go to have fun and play together.""","""Look at all these lovely toys! Want to play with the soft, fluffy teddy bear? He's very cuddly and ready for you to hug!""","""Look at the cute little kitty cat! She's purring and has soft fur like a fluffy cloud. Want to say 'meow' with me?""","""Look at the big, shiny car, little buddy! It has four wheels and a roof to keep us dry, just like our house. The car is taking someone to their favorite place. Isn't it wonderful?""","""Look, sweetie, this cute little cat is purring and meowing, all soft and fluffy. Its fur is as white as snow and it's very friendly, just like your teddy bear.""","""Hey there, sweetie! Look at these yummy, colorful fruits and veggies. We're gonna make a delicious, healthy snack together!""","""Look at mommy and daddy, sweetie! They're our family, and we love them so much!""","""Look, little buddy! See that beautiful bird flying high up in the sky? It's singing a lovely song with its sweet little voice. Isn't it wonderful? Let's listen and watch it together, okay?""","""Yummy yummy, sweetie! We're eating delicious, tasty, yummy broccoli. It's good for our tummy!""","""Look at that beautiful bird with its bright, colorful feathers! Isn't it a lovely sight? See how it flaps its wings and flies up high in the sky. Let's say 'bird' together, okay?""","""Hey sweetie, let's have some yummy apple slices, they are crunchy and good for you!""","""Look at that beautiful bird, sweetie! It's chirping its sweetest song just for you, and its feathers are so colorful, like a rainbow in the sky!""","""Hey sweetie, let's go explore our house together. Look at the beautiful blue walls, the cozy soft carpet, and the lovely little toys in the playroom!""","""Look at these soft and cuddly toys, little one! They're just waiting for you to play with them and make lots of happy sounds.""","""Look at our lovely family, sweetie! Mommy and Daddy love you very much, just like your big brother and sister do. They are always there for you, playing games and giving hugs.""","""Look at that beautiful bird! It has feathers that are so colorful, like a rainbow. Its wings are so big, and it can fly high in the sky. Wow, let's watch it fly and see where it goes!""","""Look at those yummy cookies! They're so sweet and crunchy, just like the time we baked them together. Want to try one with me?""","""Look at the fluffy, soft cat with pointy ears and paws that purr when you pet it gently, little one!""","""Look, sweetie, there's a friendly dog! Want to say 'hello' to Buddy? Buddy says 'woof, woof' when he's happy!""","""Hey there, little buddy! Your family is like a big, warm hug that wraps around you. Your mommy and daddy, they're like superheroes who always protect and love you. Your sister, she's like a best friend who plays with you and makes you","""Look at our lovely family, sweetie! We have mommy, daddy, your little sister, and me, your big brother. We all love each other very much and share lots of fun times together!""","""Hey sweetie, look at this big house with lots of rooms, doors, and windows where mommy and daddy live, and we have a fun time inside playing and laughing together!"""
"""Yummy, sweet, yummy, apple. Eat, eat, eat, apple. Yummy, apple. Mmm, yummy, apple.""","""Look, sweetie, this is a cute little kitty cat. It's soft and fluffy, with soft purrs and a twitchy tail. Want to give it a gentle pat?""","""Look, sweetie, that cute little kitty is playing with its fluffy tail. Isn't she adorable?""","""Look at all the fun toys, little one! These colorful blocks and soft teddy bear are just waiting for you to play with them and learn as you touch and explore!""","""Look at that cute, fluffy dog! The dog is wagging its tail because it's happy and wants to play.""","""Look at Mommy and Daddy, my beautiful siblings, and me. We are a loving family who always shares smiles and hugs.""","""Hey sweetie, look at our big, cozy house, with its pretty flowers and colorful walls, where we all live together and have fun!""","""Look at the bright, colorful toys waiting for you! Can you pick up the red truck and show it to me?""","""Look at the fluffy, soft, and cute kitty cat, sweetie! The cat is purring and sleeping peacefully on the cozy, warm blanket.""","""Look at the big, red car, sweetie! It has shiny wheels and a colorful roof, just like a cute little toy car. The driver sits inside, and when the car honks, it means it's asking for a turn, just like when we say 'ex","""Look at the cute kitty, little one! The fluffy feline is purring and playing with its favorite toy.""","""Look at these juicy, bright red strawberries! They're so sweet and yummy. Let's pretend we're picking berries to put in our picnic basket. Yum, yum, yum!""","""Hey there, sweetie! You know, your family is like a big, happy puzzle, with your mommy, daddy, and your little brother, making lots of love and fun together!""","""Look, little buddy, a pretty bird with feathers and wings, flying high up in the sky!""","""Look at this yummy carrot! Carrot, carrot, yum! Do you see how orange it is? Let's say 'carrot' together and try it with our hands!""","""Look at the little birdie, sweetie! It has feathers on its wings and a tiny beak. The birdie is singing a beautiful song with its sweet melody!""","""Look at the juicy, bright red apple! It's yummy and crunchy. Let's take a big bite together!""","""Look at that beautiful bird with its bright feathers, sweetie! It's singing a lovely song for us to enjoy.""","""Hey there, sweetie! Let's play a fun game and pretend we're exploring our house. Look at these colorful rooms and see where we can find the cozy bed, the yummy kitchen, and the lovely living room!""","""Look, sweetie, your toys are waiting for you. Grab your teddy bear and let's play with your colorful blocks.""","""Look at our lovely family, sweetheart! Mommy and Daddy are your special parents, and you have an adorable little brother or sister to play with.""","""Look at that beautiful bird with its bright feathers, little buddy! Can you see how it's hopping around the tree, chirping its sweet melody just for us to enjoy?""","""Look, sweetie! Yummy yummy fruit. It's juicy and sweet, just like candy!""","""Look, sweetie, there's a fluffy, cute kitty cat. It's soft and purring. Let's say 'meow' together, like this.""","""Look, sweetie, there's a fluffy, friendly dog wagging its tail and ready for a fun, playful time with you!""","""Hey sweetie, it's time to meet mommy and daddy! They love you so much and they're always there to play with you and help you with your big-kid tasks.""","""Look at mommy and daddy, sweetie, they are your family and they love you very much. They're here to take care of you and keep you safe.""","""Come here, sweetie! Let's go explore the lovely house. See all the pretty colors on the walls and the soft, fluffy carpet under our feet. The kitchen smells yummy, and we can find all the tasty snacks in the cupboards. The bedroom"
"""Look at these yummy mashed carrots, sweetie pie! They're orange and crunchy, perfect for your little tummy!""","""Look at the cute, fluffy kitty cat! See how she's purring and rolling around on the grass, wagging her tiny tail with her soft, pink little paws. Isn't she adorable?""","""Look at the fluffy, cute cat with the soft fur and twinkling eyes. She's a very playful kitty, purring and meowing all day long.""","""Look at the colorful blocks, little one! Can you grab the red one for me? Great job! You're so smart!""","""Look at the cute little dog, sweetie! It's wagging its tail because it's happy to see you. The dog has soft fur and it's time for us to say 'bye-bye' to our furry friend.""","""Look at the smiling mommy and daddy, little one. They love you so much and will always be there for you.""","""Hey sweetie, let's go see the pretty house with the red roof and big windows!""","""Look at the pretty, colorful toys, sweetie! The teddy bear is soft, and the blocks are fun to stack and play with!""","""Look, little buddy! This furry, fluffy animal with pointy ears and soft paws is called a cat. They're so cute, aren't they? Cats like to play and cuddle, just like we do!""","""Look at the big red car, sweetie! It has four wheels and goes 'vroom' when you press the pedal. Do you want to pretend to drive it and go on a fun adventure with your toy car?""","""Look at the cute fluffy cat, sweetie! The cat is soft and furry, just like your teddy bear. Can you say 'cat'? Great job! Cats are fun pets, they like to play and sometimes they purr when they're happy.""","""Yummy yummy, sweetie pie! Look at these bright red apples, crunchy carrots, and fluffy pancakes. You're gonna love eating all of these healthy, happy foods!""","""Hey sweetie, let's count the smiles in our family, one, two, three. Grandma, Grandpa, Mommy, Daddy, and you!""","""Look at the beautiful bird with colorful feathers, sweetie! See how it's hopping from branch to branch? Can you say 'bird' like that?""","""Hey there, sweetie! Look at this yummy apple! It's red and crunchy. Can you say 'apple'? Let's all say 'apple' together! You're doing great!""","""Look at the beautiful bird with the big blue feathers, sweetie! It's chirping a lovely song for us to hear.""","""Yummy yummy apple, crunch crunch, sweet and juicy, want more please?""","""Look at that pretty bird with its big, bright feathers! It's flapping its wings and flying up high in the sky. Isn't it a lovely bird?""","""Come here, sweetie! Let's play hide and seek in our cozy house with the big, comfy bed and the fluffy carpet!""","""Oh, look at all those beautiful toys! Let's play with the funny dinosaur, pick up the pretty pink ball, and gently hold the fluffy teddy bear. What do you say we start our playtime adventure together?""","""Hey sweetie, you know your family? It's mommy, daddy, and your big brother, Alex. They love you very much and always take care of you.""","""Look at that beautiful birdie! It's singing a sweet melody and fluffing its feathers, isn't it pretty?""","""Look at the yummy carrots on your plate! Crunchy, crunchy, they're orange and delicious. Let's take a big bite and enjoy the tasty goodness together!""","""Look at the cute, fluffy kitty cat! See how she's purring and playing with her toy mouse? Let's say 'cat' together, nice and clear. Can you say 'cat', sweetie?""","""Look at the cute little dog, sweetie! See how it's wagging its fluffy tail? Dogs are so friendly and fun to play with, just like your favorite teddy bear. Can you say 'dog'?""","""Look at our big, happy family, sweetie! We have mommy, daddy, little brother, and grandma and grandpa. They love you and you love them!""","""Hey sweetie, let's talk about our family! You know, mommy and daddy are your superheroes, and grandma and grandpa are like your favorite cookies. They love you so much!""","""Look at the big, cozy house we live in! It has a roof that keeps us dry, walls that keep us safe, and a door that opens and closes so we can go inside and outside whenever we want!"""
"""Yummy yummy, sweetie pie! Here's some mushy banana, ready for you to try!""","""Look at the cute, cuddly, little kitty cat with soft, fluffy fur and pointy ears. Isn't she purr-fectly adorable? Listen to her gentle meow. Let's gently stroke her fur and make her purr l","""Look at that cute fluffy cat, sweetie! It's purring and cuddling with its soft fur. Isn't that a cute kitty?""","""Look at the cute little teddy bear, sweetie! Do you see the soft, fluffy bear? Let's give it a big hug and tickle its little nose!""","""Look, sweetie, there's a fluffy dog! His name is Spot. Spot has soft, brown fur, and he's wagging his tail because he's so happy to see you!""","""Look at mommy and daddy, sweetie! We are your family, and we love you so much!""","""Look at our lovely house, sweetie! It's big and bright, with a roof to keep us dry, walls to keep us safe, and a floor to walk on. Let's go inside and explore our special home!""","""Come here, sweetie, look at these colorful cars and dolls. Can you pick one to play with? Let's have fun with our toys!""","""Look at the cute, fluffy kitty cat! Can you say 'cat'? This cute, cuddly furball is so soft and purring when it's happy.""","""Look at the big, shiny car! It's red and has four wheels. The car can go fast, but remember to always be safe and hold hands with mommy or daddy when we're near it.""","""Look at the fluffy, soft kitty cat, sweetie pie! She's purring and rolling around in the sun, isn't she just the cutest thing ever!""","""Look at these yummy carrots! They're crunchy and orange. Want to try some and see if they taste like a rainbow?""","""Hey there, sweetie! Come here and let me tell you about our wonderful family. You know, we have Mommy and Daddy, your big brother and sister, and even Aunt Lucy and Uncle Ben. We all love each other very much and we do lots of fun things together, like","""Look, sweetie, there's a beautiful bird up high, with feathers all bright and colorful. See how it's hopping around on that branch? Birds like to sing sweet songs and eat yummy bugs. Want to count how many birds we see together?""","""Look at the yummy-looking yogurt, sweetie! It's creamy and smooth, just like when mommy or daddy gives us a big, happy hug when we eat our healthy snacks.""","""Look at the beautiful bird! It's singing a lovely song for us to hear, little buddy.""","""Sweetie, it's time to eat your yummy apple and carrot sticks. Mama and Papa will help you chew and swallow them!""","""Look at the bird, sweetie! It's flapping its wings and flying up high in the sky. Isn't it beautiful? Birds can sing and chirp and sometimes even do tricks!""","""Look at our cozy, warm home, sweetie! It has a lovely blue door, big soft beds for sleeping, and a yummy kitchen where we make delicious meals together. Isn't it amazing?""","""Come here, sweetie! Look at these colorful blocks. You can stack them and make a tower all by yourself. Isn't it fun to build with these?""","""Oh, sweetie, this is your mommy and daddy! We're your amazing family, always here to love and care for you, just like your favorite teddy bear.""","""Look at that beautiful bird! Its colorful feathers are so pretty, and it's singing a lovely song. Want to see if you can spot the bird in the sky?""","""Hey there, sweetie! Time for a yummy snack! Let's grab some crunchy carrots and juicy grapes. They're so tasty and good for our tummy!""","""Look at the cute, fluffy cat, sweetie! The cat's paws are soft, and it has a long, curly tail. Can you say 'cat' with me?""","""Look at the big, fluffy dog wagging its tail! Do you see how happy it looks when you pet it gently?""","""Hey there, sweetheart! Remember mommy and daddy? They love you so much and are always there for you, just like when we hold hands when we walk together. They're the bestest family ever!""","""Hey there, sweetie! Look at mommy and daddy holding your favorite teddy bear. They love you so much, just like your teddy bear loves you.""","""Look at this big, cozy house with lots of windows, little windows, and a beautiful red door. It has a lovely garden with colorful flowers and a swing where you can go up and down. Can we go inside and see the pretty pictures on the walls?"""
"""Look at the cute little dog, sweetie! It's wagging its tail and barking happily, isn't it?""","""Look, sweetie, this is a car! It's big and red and goes 'vroom, vroom' when it moves. Can you say 'car' with me? 'Caa-arrr!' Good job!""","""Look at the yummy carrots, little one! They're orange and crunchy, perfect for your big tummy to enjoy.""","""Look at the big, shiny car! It's yellow and fast, zooming by!""","""Look at the pretty bird with its colorful feathers and chirpy song, little one!""","""Look at those bright, funny toys, sweetie! The red truck is going to drive over the blue car, and the teddy bear is ready for a hug. Let's play together, okay?""","""Look at the cute little bunny hopping by, little one! Bunnies have soft fur and they love to eat carrots.""","""Look, sweetie, there's a fluffy, cute dog with big floppy ears and a wagging tail, let's say 'woof woof' together!""","""Look, sweetie, this big, shiny car is going on a fun ride with mommy and daddy, and they'll take us to the park for a fun, playtime adventure!""","""Look at the fluffy cat, sweetie! It's a soft and cuddly furry friend with pointy ears and a purr.""","""Look at our cozy, lovely house, sweetie! It's big and bright, with fluffy white walls and a beautiful, red door. The house is safe and warm, just like your favorite teddy bear. Isn't it wonderful to live in our snuggly, happy house","""Come here, sweetie, let's walk to the big, cozy house where mommy and daddy live, and look at the pretty flowers outside!""","""Look at the fluffy, purring cat! Isn't it adorable? It has soft fur, pointy ears, and loves to cuddle with us.""","""Hey there, sweetie! You know, you have a big, happy family with Mommy and Daddy, and we also have Auntie Lisa and Uncle Joe. We love spending time together, playing games and having fun. Your family loves you so much!""","""Look at the beautiful bird, sweetie! The little birdie has soft feathers and chirps so lovely, just like the songs we sing together!""","""Look, sweetie, this is a fluffy, cute cat! See how it's purring and playfully swatting its toy mouse? Isn't it adorable? The cat's soft fur feels nice to touch. Let's be gentle and give the cat some","""Look at the fluffy bunny hopping around in the meadow, little buddy! Isn't it so soft and fun?""","""Look at the fluffy bunny hopping over the grass, little buddy. Isn't it hopping like we hop when we're playing?""","""Look, sweetie, these are our family members: mommy, daddy, big brother, and little sister!""","""Look at these yummy, ripe bananas! They're perfect for your tummy, sweetie. Let's peel them together and make a yummy, healthy snack!""","""Look at that cute little kitty cat! It's so soft and fluffy, and it says 'purr-purr' when you pet it gently. Would you like to give it a gentle hug and see if it purrs back?""","""Look at the cute puppy, sweetie! Puppies are little animals that love to play and cuddle.""","""Look at the big, fluffy bunny hopping around. Isn't it so cute? Bunnies are soft and they like to eat carrots!""","""Look at the cute little puppy playing in the grass, sweetie! It's wagging its tail because it's happy to see you!""","""Look at the cute little puppy, sweetie! See how it wags its fluffy tail when you pet it gently? Dogs are so friendly and love to play with us!""","""Look at that cute, fluffy cat, sweetie! It's sleeping and dreaming of chasing mice in a big, soft meadow!""","""Yummy! Look at all the bright, yummy fruits and vegetables on your plate. They're like rainbow treats, ready to make your tummy happy and healthy!""","""Look at the big, fluffy dog with the wagging tail! He's going to play and fetch with you, sweetie!"""
"""Look at the big, fluffy dog, sweetie! It's barking and wagging its tail, just like a happy puppy. Oh, it's so soft and cuddly, you can't resist giving it a little hug!""","""Look at the bright red car! It's so big and fast, isn't it, sweetie? Want to see the car go zoom?""","""Look at the yummy, ripe banana! It's time for a sweet, delicious snack!""","""Look at the bright and shiny car, sweetie! It has four wheels and makes a funny noise when you press the horn. Would you like to see the car go vroom vroom?""","""Look, sweetie, there's a little birdie flying up high in the sky, all fluffy and chirpy, singing a happy tune for us to enjoy!""","""Look at these big, fun blocks! We're going to build a tall tower together. Can you help me stack them one by one, sweetheart?""","""Look at the fluffy bunny hopping over the soft grass, little one! The bunny is so fast and cute!""","""Look at the cute little puppy, sweetie! See how he wags his tail when he's happy and wants to play with you?""","""Look at the big, shiny car! Can you say 'car'? It's for mommy to drive to work and pick us up!""","""Look, sweetie, this is a fluffy, purring cat. Its whiskers are like little feelers, and its paws are soft and furry. Isn't it cute?""","""Hey sweetie, look at our cozy house! It's where we all live and play, with its lovely rooms, big windows, and warm blankets.""","""Look at the pretty house, sweetie! It's a lovely blue color, just like your favorite blue blanket. See the red door? That's where mommy and daddy come home after work. Let's go inside and see what fun things we can find!""","""Look at the fluffy, cute cat, little buddy! Its soft fur is like a cloud, and it purrs like a gentle rumble, doesn't it make you feel warm and happy inside?""","""Hey sweetie, you know how we all love to spend time together as a big happy family? We have Mommy, Daddy, Grandma, and Grandpa. They love you just as much as we do!""","""Look at the birdie, sweetie! It's a pretty bird with big, colorful feathers and a funny little beak. Can you say birdie?""","""Look at the fluffy, soft cat, little buddy! See how it's purring and chasing its tail. Isn't it cute?""","""Look, sweetie, this fluffy bunny is hopping around, and it has soft ears that flap like little flags!""","""Look, little one, the fluffy bunny hops around so fast, isn't it funny?""","""Hey sweetie, look at mommy and daddy! They love you so much and they're your family, always there to cuddle you and make you smile!""","""Look at the yummy, colorful vegetables! They make our tummies happy and strong.""","""Look at the cute little kitty, sweetie! This furry, cuddly cat is purring and playing with its fluffy tail.""","""Look at that cute little puppy! Puppies are so soft and fluffy, just like the teddy bear you love to hug!""","""Look at the big, fluffy bunny hopping around. It's so soft and cute, isn't it?""","""Look at the puppy, little one! It's wagging its fluffy tail because it's so happy to see us.""","""Look at the happy, fluffy dog! It's wagging its tail and wants to play with you. Can you say 'woof woof'?""","""Look at the cute little kitty cat! Meow meow, little one. Can you say 'cat'? The cat is purring and playing with its yarn ball.""","""Look, little buddy! This yummy, sweet apple is crunchy and juicy, and it's full of vitamins that help make your body strong and healthy. Let's say 'apple' together, okay? Apple!""","""Look at the fluffy dog with the wagging tail, little buddy! See how he's jumping and playing with his favorite toy, the squeaky ball?"""
"""Look at the fluffy dog, sweetie! He's wagging his tail and loves to play fetch with his toy!""","""Look at the shiny red car! It's rolling down the street so fast. Do you see the little wheels spinning? The car is making a big, happy noise as it drives by. Isn't it fun to watch the car go zoom by?""","""Look at these yummy, colorful, juicy carrots, sweetie! They're just for you to try and make your tummy happy!""","""Look at the bright red car! Wow, it's so fast! Can you say 'car'?""","""Look at that beautiful birdie, sweetie! It's flapping its wings and flying in the sky. Isn't it so pretty?""","""Look at those colorful blocks, sweetie! Can you pick up the red one and put it on the blue square?""","""Look at the fluffy bunny, little one! See how it hops around, its soft ears twitching. Can you say 'bunny'? Great job!""","""Look, sweetie, this is a fluffy dog with soft brown fur and a wagging tail. Can you say 'woof woof' like the dog?""","""Look at the big, red car! The wheels spin fast, and it goes vroom-vroom when you push it.""","""Look, sweetie, there's a fluffy, cute cat! It's so soft and cuddly, just like a big, fuzzy ball. Can you say 'cat'? Yes, that's right, 'cat'. The cat is playing with a yarn","""Look, sweetie, this is our cozy home! See these big windows? They let sunshine in! And this soft carpet under our feet is so comfy to play on!""","""Look at this cozy, lovely house, sweetie! It has a warm roof to keep us dry, and pretty windows to see outside. Can you count how many windows there are? Let's count together!""","""Look at the cute, fluffy kitty cat! It's so soft and tiny, just like a little cloud. Want to see the kitty play with its yummy ball of yarn?""","""Hey there, sweetheart! Today, let's talk about our family. You know, mommy and daddy love you so much, just like we all love you. And guess what? You have an older brother named Jack and a sister named Lily. They are super cool, aren't","""Look, sweetie, that's a beautiful bird! It's chirping and flapping its wings so fast! Do you see the colorful feathers? Let's count them together, one, two, three!""","""Look at the fluffy cat, sweetie! See how it's purring and playing with its toy?""","""Look at the fluffy bunny hopping around, little one! It's hopping and skipping, just like you when you play hopscotch!""","""Look at the puppy, little one! He's so cute and fluffy, wagging his tail and barking happily. He loves to play with his toys and run around in the yard.""","""Look at us, my little one! Mama, Daddy, and you are our special family. We love each other so much, just like how you love your teddy bear!""","""Sweetie, it's time to eat your yummy vegetables! These help you grow strong and tall!""","""Look, sweetie, there's a cuddly kitty cat, purring and pouncing on its playful toys. Isn't it adorable?""","""Look at the fluffy bunny hopping around, it's hopping like we're hopping on our feet!""","""Look at the fluffy bunny, little one! It's hopping around, making bouncy jumps. Isn't it so cute and cuddly?""","""Look, baby, there's a fluffy bunny hopping around, and guess what? It's called a bunny! Bunny likes to eat carrots and hop very fast. Isn't that cute?""","""Look, sweetie, this is a cute doggy! It's wagging its tail because it's happy and wants to play with you.""","""Look at the fluffy, cute kitty cat with soft paws and twinkling eyes, little buddy! She's purring and loves to play with her favorite toy mouse. Isn't she the cutest?""","""Look at the yummy-looking apple, sweetie! It's so juicy and crunchy, just the right amount of sweet for your little tummy. Let's pick it up and eat it together!""","""Look, sweetie, that's a cute dog! The dog has soft fur and wagging tail. Isn't that fun? Do you want to pat the dog gently when mommy and daddy take you to the park?"""
"""Look at the cute little puppy, sweetie! It's a fluffy, furry friend with big, warm, round eyes. Want to see its soft, waggy tail?""","""Look at the shiny car, sweetie! The car goes vroom-vroom and takes people on fun rides. Isn't it beautiful?""","""Yummy mama, this yummy yummy carrot is orange and crunchy! Eat it up, sweetie, and watch it make you super strong!""","""Look at the big, shiny car, sweetie! It's red and has four wheels that help it go fast down the road. Isn't it exciting?""","""Look at the beautiful bird with its bright feathers and sweet chirping sounds, sweetie. It's like a little flying friend in the sky!""","""Look at those colorful blocks! Can you pick up the red one and put it next to the blue one? Let's make a beautiful tower together!""","""Look, sweetie, here comes a fluffy bunny hopping in the meadow, and can you see those little ducklings waddling by the pond?""","""Look at the cute dog wagging its tail and barking happily, little buddy! This furry friend loves to play and run around with us.""","""Look at the big, shiny car! The car goes vroom-vroom on the road. It has four round wheels and a red roof. The car has a driver who makes it go fast and safe for everyone.""","""Look at the cute fluffy cat, kitty! The cat's fur is so soft and pretty, and it purrs when you pet it gently. Isn't the cat adorable?""","""Look, sweetie, there's our cozy little house where we live. It has a bright red door, a big blue window, and a soft green roof. We can play hide and seek in the rooms, and snuggle on the comfy couch with mommy and daddy.","""Hey, little buddy! Let's go look at our house. Do you see the big red door? And the windows, how pretty they are? Look at the pretty blue walls. And don't forget the green grass outside! Let's go explore together!""","""Oh, look at the fluffy cat, sweetie! Its fur is so soft and cute. The cat is playing with a ball of yarn, and it's purring happily.""","""Hey there, sweetie! Look at your big brother, Timmy, and your big sister, Emily! They love you so much, just like mommy and daddy. You're their little buddy!""","""Look at that beautiful bird, sweetie! It's singing a lovely song. Isn't it wonderful? Birds like this one have such pretty feathers and they love to fly high in the sky.""","""Look at the cute, cuddly kitty cat! It's purring and playing with its little paw.""","""Look at the fluffy bunny hopping around, little buddy! It's so soft and cute, isn't it?""","""Look at the cute puppy, sweetie! It's bouncing and wagging its tail. Let's say 'puppy' together, okay? Puppy, puppy, bouncing.""","""Hey there sweetie, guess what? We have a big family with mommy, daddy, grandma, and grandpa who all love you very much!""","""Hey there, sweetie! Let's enjoy this yummy apple pie together. It's so crunchy and tasty, just like the candy we have in the jar!""","""Look at the cute kitty, little one! See how it purrs when you pet it gently, just like mommy and daddy do when they hold our fluffy kitty, Whiskers!""","""Look at the fluffy bunny hopping around, little one! It's so soft and hop-hop-hopping!""","""Look at that cute puppy, sweetie! It's so fluffy and loves to play with balls!""","""Look at the fluffy bunny hopping around, little one! See how the bunny jumps so high and hops with all its soft, cuddly fur?""","""Look at the fluffy, bouncy puppy, sweetie! Its tail is wagging, and it's running around the park, playing fetch with its big, brown ball. Isn't that a joyful, happy pup?""","""Look at the fluffy, cute cat! It's so soft and gentle, like a big, purring teddy bear. Do you want to pet it and say 'hello'? Cats love to hear our voices, and they're very friendly!""","""Look at those yummy carrots, sweetie! They're orange and crunchy, and they'll help you grow strong and healthy!""","""Look at the cute little dog, sweetie! See how it's wagging its fluffy tail? It's so happy to see you!"""
"""Look at the fluffy, wagging tail of the cute little dog. Can you say 'dog'? That's right! Dog. The dog is so soft and loves to play.""","""Look at the big, shiny car! It has four wheels and goes 'vroom-vroom' when it moves.""","""Look at the yummy, colorful, delicious fruit! It's soft, juicy, and perfect for your little tummy. Try it, sweetie, you're going to love it!""","""Look at the big, shiny car! Wow, that car is red like your favorite red toy. The car goes zoom zoom on the road, just like your little toy car. Do you like the car? Can you say 'car'? Good job! You're learning new words every","""Look at the beautiful birdie! The birdie has feathers that are so pretty and colorful. Can you say 'birdie' with me?""","""Look at those funny little cars, sweetie! The red car is zooming by the blue one, and they're playing a little game together. Can we give them a friendly wave before we play with them?""","""Look, little buddy! See those fluffy bunnies hopping around? They're called rabbits and they love to munch on carrots.""","""Look at the cute little dog, sweetie! It's wagging its tail and wants to play with us. See how it's running and barking happily? Let's go say hello and give it a gentle pat on the head, okay?""","""Look at the big, red car, sweetie! It has four wheels and goes 'vroom' when you push it. Can you say 'vroom'?""","""Look, little one, there's a fluffy cat sitting on the mat. See how it's purring? Let's go say 'cat' together. Cat, cat, can you say cat?""","""Look at the big house, sweetie! It has a red roof and a blue door. There are windows with pretty curtains and a friendly garden with colorful flowers. Let's go inside and see the cozy rooms!""","""Look, sweetie, there's a big, comfy house with a green lawn and colorful flowers. Let's go inside and see all the pretty things, like the cozy bed and the big, fluffy toys!""","""Look at the fluffy, cute cat, sweetie! The cat is purring and playing with its favorite toy, isn't it adorable?""","""Come here, sweetie, mommy and daddy are here! Look, we're your big, loving family who will always be here for you.""","""Look at the pretty bird, sweetie! It's singing a lovely song. See how it's hopping and flying? Birds like to chirp and sing.""","""Look, sweetie, this fluffy furry friend is a cute cat. Cats say 'meow' and love to play with toys.""","""Look at the fluffy bunny hopping around, little one! Do you see how soft its fur is? Bunnies love to eat carrots, just like you love your vegetables!""","""Look at the fluffy bunny hopping around, little one! Want to see it jump and hop too?""","""Look at Mommy and Daddy, they're your family! They love you lots and lots, just like when we all give you hugs and kisses together!""","""Look, sweetie, the yummy apple is red and crunchy, and it's just perfect for your tummy!""","""Look at the cute little cat, sweetie! The cat has soft fur and loves to play with yarn. The cat's name is Fluffy, and she's really gentle and friendly!""","""Look at the fluffy bunny hopping around in the garden, sweetie! Bunnies love munching on carrots and playing with their fluffy tails.""","""Look at the cute bunny hopping around, little one! See how it hops and jumps all by itself?""","""Look at the cute little puppy! Its fur is as soft as a cloud, and it loves to play fetch. Let's go say hi to the puppy together!""","""Look at the cute little dog, sweetie! The dog is wagging its fluffy tail, and it's so happy to see you.""","""Look, little one, a fluffy cat! It's soft and purring, just like a gentle kitty purr. Cats have sharp little teeth and they love to play with yarn, but we're going to pet this sweet kitty and give it some cud","""Look at these yummy, bright red strawberries, sweetie! They're so soft and juicy, just perfect for little hands to hold and squish with your fingers.""","""Look at that adorable puppy! It's so soft and fluffy. See how it wags its tail when it's happy? Want to say hello to our new furry friend?"""
"""Look, sweetie, here's a cute, furry friend called a dog. The dog wags its tail and barks, and it's so happy to see you!""","""Look at the big, shiny car! It's red, sweetie. The car goes 'vroom-vroom' when we push it. Isn't that fun? Let's say 'vroom-vroom' together.""","""Look at the yummy carrots! They're orange and crunchy, sweet and good for you, my little one!""","""Look at the big, red car! Wow, it's so shiny and fast! Can we pretend to drive it?""","""Look at that beautiful birdie! It's so pretty with its colorful feathers and chirpy tune.""","""Look at the cute little toy bear, sweetie! Want to play with the soft, fluffy bear?""","""Look, sweetie, that fluffy bunny is hopping around, and see how it's so soft and cute, like your favorite teddy bear?""","""Look at that cute little puppy, sweetie! It's a dog, and it's bouncing around like a happy little ball. Want to say 'woof' with me?""","""Look at the shiny red car, sweetie! It's so bright, just like your favorite toy. Can you say 'car' with me? Car, car, car! This car is going to take us on a fun ride around the neighborhood!""","""Look at the cute little kitty, it's a soft and fluffy cat with purrs and whiskers!""","""Hey there, sweetie! Look at our cozy house, with its big, blue sky and green grass. It's a place where we feel safe and happy, isn't it? We have a lovely kitchen where we cook yummy food, and a colorful bedroom for us to","""Look at the big, beautiful house, sweetie! It has many rooms, a lovely garden, and a friendly mailbox where the mailman brings letters and packages.""","""Look at that fluffy, soft cat! See how it purrs when you pet it? Want to give it a gentle hug? But remember to ask mommy first, okay?""","""Hey sweetie, guess what? We have a big, happy family, just like the one in our favorite storybook. Mommy and Daddy are your best friends, and we all love you so much!""","""Look, sweetie, that bird is so pretty! It's singing a lovely song. Can you see its bright feathers shining in the sunlight?""","""Look at the fluffy, cute cat with soft paws and a long, twitchy tail, little buddy! This adorable furry friend loves to purr and play with yarn.""","""Look at the fluffy bunny, hopping and playing in the sun. Isn't it so soft and cute?""","""Look at the fluffy bunny hopping around, little one! It's so cute and soft. Want to say 'bunny' with me?""","""Look at our family, sweetie! Mama, daddy, and you're all together. You have a little brother or sister, don't you? Isn't it wonderful to have each other to play and laugh with?""","""Look at these yummy, bright, red strawberries! They're so sweet and juicy. Yum yum, let's try some together!""","""Look at the cute little cat, sweetie! It's soft and fluffy, just like a big, cozy blanket. The cat is purring because it's happy and wants to be friends with you!""","""Look, sweetie, this cute little bunny is hopping around, and that playful puppy is wagging its tail!""","""Look at the big, fluffy bunny hopping through the meadow. It has long ears and loves to eat carrots. Can you say 'bunny'?""","""Look at the fluffy bunny hopping around, little one! It's hopping over the grass, and it has soft ears and a long tail.""","""Look at the cute little dog, sweetie! It's wagging its fluffy tail because it's so happy to see you!""","""Look at the cute kitty, sweetie! The little cat is purring softly and has fluffy fur. Want to say hello to the friendly feline?""","""Sweetie, it's time for us to enjoy a big, yummy banana. It's soft and sweet, and it will make us strong and happy!""","""Look at that cute puppy! The dog wags its tail when it's happy. Let's give it a gentle pat and say hello!"""
"""Look at the cute little puppy, sweetie! Puppy wags its fluffy tail and barks. Daddy loves puppy too!""","""Look, sweetie, a big, shiny car! See how it goes 'vroom vroom'? The wheels spin and the doors open for people to sit inside and go for a ride. The car takes us to fun places, like the park and the grocery store!""","""Look at the yummy carrots, sweetie! They're orange and crunchy, perfect for your little teeth!""","""Look, sweetie, there's a big red car! Want to say 'car' with me?""","""Look at the pretty birdie, little one! It's singing a lovely song with its sweet little voice.""","""Look at these colorful blocks! Can you stack them up high like a tower for the little teddy bear?""","""Look, sweetie, here comes a little bunny. Bunny hops, bunny jumps, bunny sleeps. Can you say bunny?""","""Look at the cute little dog, sweetie! Its fur is as soft as a fluffy cloud. See how it's wagging its tail happily? It's ready to play with you. Let's go pet it gently, okay?""","""Look at the big red car, sweetie! It has four wheels and makes a funny sound when it honks. Can you say car? Let's pretend to drive it and go on a fun adventure together!""","""Look at the fluffy cat with big green eyes, little one! It's purring and wants to cuddle with you!""","""Look at the big, beautiful house with the red roof and blue door! Isn't it fun to pretend we live there and have a house party with our teddy bears and toys?""","""Hey there, little buddy! Look at our lovely house, with its bright blue roof and big, warm windows. Inside, there's a cozy kitchen with yummy cookies, a comfy living room with lots of fluffy cushions, and a special bedroom for you","""Look at the cute, fluffy kitty, little buddy! The cat is purring and cuddling with her favorite toy mouse. She's so soft and cute, just like a big, furry teddy bear!""","""Look, sweetie, that's your Mommy and Daddy, and they love you very much. They're your family, and they take care of you every day.""","""Look at that beautiful bird, sweetie! It's a blue jay, and it has a big, bright blue feather on its head. Can you say 'blue jay'?""","""Look at that fluffy, cute cat, sweetie! The cat's soft fur feels like a big, cuddly, purring blanket!""","""Look, little buddy! See those fluffy bunnies hopping around? They're called rabbits. They have soft fur and love to nibble on carrots!""","""Look at the cute little puppy wagging its tail! Puppies are so friendly and fun to play with, aren't they, sweetie?""","""Look at your big sister, sweetie! She's just like a superhero for you, always there to play and keep you safe with our lovely family!""","""Hey there, little buddy! You know what's yummy? Yummy fruits like strawberries, apples, and bananas! They're super sweet and make you smile!""","""Look at the fluffy, cute kitty with soft fur, purring quietly as it naps in the sun, little buddy.""","""Look at the cute puppy! Puppies are fluffy, playful animals that love to fetch sticks and cuddle with their furry friends.""","""Look at the fluffy bunny hopping and the playful puppy chasing its tail, little one! Animals are so much fun to watch and learn about.""","""Look, sweetie, there's a fluffy bunny hopping around, and it's time for us to share our snack with our furry friends.""","""Look at the big, fluffy dog wagging his tail and licking your face! Isn't he so cute and friendly?""","""Look at the fluffy, soft cat with pointy ears and a long, wiggly tail. It's a cute, cuddly, and cute little kitty, isn't it?""","""Yummy, look at this apple, sweetie! It's so red and juicy, and we're going to take a big bite and enjoy the yummy crunch together!""","""Look at the fluffy, cute dog! It's wagging its tail and wants to play. Can we say 'hello' to the furry friend? Let's give it a gentle pat on its soft, furry back!"""
"""Look at the cute fluffy dog wagging its tail, little one. The dog is playing fetch with a soft, bouncy ball. Can you see the dog's pointy ears and long floppy ears?""","""Look at the big, shiny car, my little one! It's red like your favorite crayon, and it goes vroom-vroom when the driver presses the pedal!""","""Look at the yummy, colorful vegetables! They're crunchy and tasty, perfect for your little tummy!""","""Look at the big, red car go vroom-vroom! See how the car's wheels turn? Let's say 'car' together, car!""","""Look at the beautiful birdie with its pretty feathers, sweetie. The birdie is singing and hopping around in the tree, isn't it lovely?""","""Look at the pretty teddy bear, sweetie! Can you reach out and give him a gentle hug, just like mommy does?""","""Look at the little puppy! It's so cute and fluffy. Can we pet it gently and give it a soft, loving hug?""","""Look at the cute little puppy, sweetie! This fluffy dog wagging its tail wants to play with you. See how it jumps up and down? Let's say 'woof woof' together!""","""Look at the bright and shiny car, sweetie! It has four wheels and goes fast when you press the pedal, but remember, we always stay safe with our seatbelt on!""","""Look at the cute kitty, little one! This fluffy furry friend is a cat, and it's so soft and cuddly, isn't it?""","""Come here, sweetie, let's go inside our cozy house, where we have a soft bed, a big blue kitchen, and a playroom full of fun toys!""","""Look at the pretty house with the big red door, little buddy! See the white walls and the blue windows? That's where mommy and daddy live, and we love our cozy home together!""","""Look at the fluffy, soft cat, sweetie! The cat is purring and napping, enjoying a sunny nap. Isn't the cat so adorable?""","""Hey there, sweetie! Today we're going to talk about our family. You know, our family is like a big, happy puzzle with everyone fitting together. We have mommy, daddy, grandma, grandpa, and your aunt, Auntie Sarah. They all love","""Look at the beautiful bird, sweetie! It's so colorful and pretty, isn't it? The bird is singing a lovely song for us to enjoy.""","""Look at that cute fluffy cat, sweetie! See how it's purring and kneading its paws? Cats are soft and cuddly, just like your favorite stuffed toy!""","""Look at the fluffy bunny, little one! The bunny hops so fast and loves to eat carrots.""","""Look at the cute little puppy over there! Can you say 'puppy'? Puppies are soft and like to play fetch with their bouncy balls.""","""Look at our family, sweetie! We have Mommy and Daddy, little brother or sister, and Grandma and Grandpa. We love being together, don't we?""","""Look, sweetie, we're going to eat yummy apple slices! They're crunchy and tasty, just like the funny faces we make together.""","""Look at the fluffy, cute cat! See how it's playing with its toy? Isn't it purr-fect for you to cuddle with?""","""Look at the fluffy bunny hopping in the meadow, it's hopping so high and so fast! Isn't it amazing how the bunny can hop like that?""","""Look at the big, fluffy bunny hopping around, little buddy! Can you say 'bunny'? It's so cute with its floppy ears!""","""Look at the fluffy bunny, hopping around. The bunny has soft ears and loves to eat carrots. Can you say 'bunny'?""","""Look at the fluffy, cute dog wagging its tail and barking happily. It's a funny, playful friend for us to meet and play with.""","""Look at the fluffy, soft kitty cat, little one! The kitty is playing with its paws, meowing, and cuddling on a cozy, warm cushion.""","""Sweetie, would you like some yummy peas or crunchy carrots for your snack? These veggies are full of goodness to help you grow big and strong!""","""Look at the big, fluffy dog! See how it wags its tail and licks your hand? That's so cute, isn't it? Dogs are our furry, fun friends who love to play fetch and go for walks with us!"""
"""Look at the fluffy puppy, sweetie! Waggle those tiny hands like it's wagging its tail, and we'll giggle together!""","""Look at the big, shiny car, sweetie! It has four wheels and can go really fast, but we'll stay safe in our stroller, won't we?""","""Look at the yummy yummy peas, sweetie! They're so small and green and they'll make your tummy happy!""","""Look, sweetie, there's a shiny, bright car! It's red and fast, zooming by like a little rocket!""","""Look, sweetie, a birdie! Birdie flies high in the sky. Birdie has pretty feathers. Let's go outside and see if we can find a birdie.""","""Look at those bright, funny toys, sweetie! They're waiting for you to play with them and make lots of giggles!""","""Look at the cute little bunny hopping around! The bunny's so fluffy, doesn't it look like it's wearing a soft, white blanket?""","""Look at that cute puppy, sweetie! It's a playful, fluffy ball of fur. Can you say 'woof woof'?""","""Look at the bright red car, sweetie! See how it has four wheels and a shiny roof? The car goes vroom-vroom when you press the pedal with your big toy car. Can you say 'vroom-vroom'?""","""Look at the fluffy, soft cat, sweetie! The cat's fur is so soft, like a big, purring, cuddly blanket. Isn't that cute?""","""Hey there, little buddy! Come on, let's go explore our cozy house, where we have a soft bed, yummy snacks, and lots of love to make it feel like a big, warm hug!""","""Look at this lovely house, sweetie! It has a big, cozy bed for you to sleep in, and a kitchen where yummy food is made. Can you say 'house'?""","""Look at the cute little cat, sweetie! The cat is purring softly and its fur is so soft and fluffy. Can you say 'cat'? That's right, 'cat'! The cat is playing with its yarn ball, and it's having so much","""Hey there, sweetie! Do you know that we have a big, happy family with Mommy and Daddy, and even Grandma and Grandpa are here to love us?""","""Look at that beautiful bird, sweetie! It's a pretty bluebird with bright feathers and a sweet song. Do you want to hear it sing for us?""","""Look at the fluffy cat, sweetie! Its soft fur is as white as snow, and its paws are so tiny and cute. See how it purrs and snuggles close to you? Isn't the cat's big, round eyes so bright and friendly?""","""Look, little buddy, see the cute puppy over there? He's a fluffy ball of fur who loves to play fetch with you and the kitty cat who's purring softly. Isn't it wonderful how they all have their own special ways of showing","""Look at the fluffy bunny hopping around! It's so soft and cute, isn't it?""","""Oh, look at mommy and daddy together! They love you so much and always take care of you. You're such a smart and happy little kid!""","""Look at the yummy-looking fruit, sweetie! Can you say 'apple'? Let's take a big, crunchy bite together!""","""Look at the fluffy, cute, and cuddly cat! It's meowing and purring, wagging its tail, and playing with its toys. Isn't it the cutest furry friend?""","""Look at the big, fluffy bunny hopping around! Bunnies love to eat carrots and hop high!""","""Look at the big, fluffy bunny hopping through the grass! It's so cute, isn't it?""","""Look, baby, that fluffy bunny is hopping around! Isn't it cute when it hops?""","""Look, little buddy! See the fluffy dog? Its tail is wagging because it's super happy. Dogs are our best furry friends, and they love to play and give us lots of cuddles. Isn't that adorable?""","""Look at the cute little kitty, little one! See how it purrs and plays with its yarn ball. Isn't that so soft and fluffy?""","""Look at these yummy, colorful vegetables! They make our tummies happy and strong.""","""Look at the cute puppy! It's wagging its fluffy tail and barking. The puppy is so playful and fun, isn't it?"""
"""Look at the big, fluffy dog! Its tail is wagging, and it's so soft and cuddly. Isn't it adorable, sweetie? The dog is barking and running around. Can you say 'woof woof' like the dog?""","""Look, sweetie, a big, shiny car! Can you see it? It has four round wheels and goes vroom-vroom when it moves!""","""Look at the yummy carrots, sweetie! They're orange and crunchy, just right for your big, strong teeth!""","""Look, sweetie, this big, shiny car is coming down the road, ready to go on a fun trip! Can you say 'car' with me? Car!""","""Look at the beautiful bird with its bright feathers, sweetie! It's singing a lovely song. Can you say 'bird'? Yes, that's right, 'bird'!""","""Look at all the fun toys, sweetie! Your teddy bear is so soft, and your blocks are so pretty!""","""Look at the fluffy bunny hopping around, little one! It's hoppin' and playin' in the grass. Can you see how it's wiggling its ears? Let's say 'bunny' together.""","""Look at that adorable puppy! Can you say 'dog'? Just like that! 'Dog'! Good job! Let's see if the puppy wants to play with us.""","""Look at the shiny, big car, sweetie! It's driving down the road with the windows up, the doors closed, and the wheels spinning so smoothly!""","""Look at the fluffy, cute cat, sweetie! The cat is purring and sleeping in the warm sunlight.""","""Come here, sweetie! Let's play in our cozy home, where we have lovely walls, a soft bed to sleep in, and a yummy kitchen for cooking and eating.""","""Come here, sweetie! Let's look at this big, beautiful house with a shiny roof and colorful windows. See those pretty flowers in the front yard? We can water them together with this fun garden hose!""","""Look at the fluffy, cute cat! It's meowing and playing with yarn. Isn't she soft and cuddly? Let's say 'cat' together, like this, 'caaaat'!""","""Look, sweetie, this is your mommy and daddy, and these are your big sister and brother. They love you so much and you are their precious little baby!""","""Look at the pretty bird with colorful feathers, sweetie. Its wings help it to fly and sing beautiful songs. Isn't that amazing?""","""Look, sweetie, this is a kitty cat, kitty cat, so cute and fluffy, meow meow!""","""Look at the fluffy bunny hopping over the grass, little one! The bunny is so cute and quick!""","""Look at the fluffy bunny hopping by! Isn't she hopping like a bunny should? She's bouncing and bounding all over the grassy field!""","""Look at the happy family, sweetie! There's Mommy, Daddy, your little brother, and me. We love you so much and play together!""","""Look at those yummy carrots! They're orange and crunchy, and they're good for your eyes. Would you like to help me wash them?""","""Look at the cute, fluffy cat! See how it purrs when you pet it gently? The cat's soft fur is so nice to touch, and it's happy when you give it a gentle cuddle. Isn't the cat just the cutest little fur","""Look, little buddy! See the bouncy bunnies hopping over the bright blue flowers? They're fluffy and so happy!""","""Look at the cute little puppy, sweetie! Puppies are so fluffy and playful. They wag their tails when they're happy, just like when we're excited to see each other!""","""Look at the fluffy bunny hopping around, little one! The bunny is so cute, isn't it? Let's say 'bunny' together and giggle!""","""Look, sweetie, here's a cute little dog! Can you say 'woof woof' like the dog is barking? Dogs are so fun and friendly, just like you!""","""Look at the fluffy cat, little buddy! The cat has soft fur, pointy ears, and a long tail. The cat says 'meow' and loves to play with yarn and chase butterflies. Isn't the cat cute and cuddly?""","""Look at these yummy, colorful carrots! They're so crunchy and sweet, just like the juicy apples we love to munch on together.""","""Look at the cute, fluffy dog wagging its tail happily, let's go say 'good boy' to make him wag even more!"""
"""Look at the fluffy dog wagging its tail, little one! Isn't he just the sweetest?""","""Look at the big, red car, sweetie! The wheels spin around and zoom down the road. Isn't it fun? See how it goes vroom, vroom?""","""Look, sweetie, the juicy apple is so red and yummy. Can you hear the crunch as we eat it together?""","""Look at the big, red car! It's so shiny and fast, little buddy! Can you say 'car'? Car! That's right! The car goes vroom vroom!""","""Look, little one, a beautiful bird! It's flying so high in the sky, flapping its wings. Isn't it amazing how it can go so fast?""","""Look at those bright, colorful blocks! They're so fun to stack and build with. Want to try making a tower with them?""","""Look at the little bunny hopping, hopping, hopping! Hopping is fun, isn't it? The bunny has soft, fluffy fur and it's called a rabbit. Do you see the rabbit's ears? They're like little ears that","""Look at the big, fluffy dog wagging its tail and barking happily, isn't it adorable? Let's go pet him gently, sweetie!""","""Look, sweetie, this big red car has four wheels and a shiny roof. It's so pretty, and it goes 'vroom-vroom' when we push it on the playground.""","""Look at the fluffy, soft cat! It's purring and playing with a ball of yarn. Isn't it cute and cuddly, sweetie?""","""Look at the pretty house with the big red roof, sweetie! The windows are like sparkly eyes watching over us, and the door is like a friendly face that says 'welcome home'!""","""Hey there, little buddy! Let's go on an adventure to our cozy, warm home. Look at our pretty blue door, and let's open it together. Oh, look at our soft, fluffy carpet. Now, let's find our favorite spot to sn","""Look, sweetie, this is a fluffy cat. See how it's purring and playing with its toy mouse? Isn't it cute? Want to pet it gently like this?""","""Hey there, sweetie! Let's talk about our family. So, we have mommy, daddy, your big sister, and your little brother, don't we? They all love you so much and we're a team, just like superheroes!""","""Look at the beautiful bird, sweetie! It has feathers that are soft and pretty, like a fluffy blanket. It's flying up high in the sky, and it's singing a lovely song for us to hear.""","""Look at the fluffy, cute cat, sweetie! Its fur is soft like a cloud, and its paws are pink like cotton candy. The cat is happy and wants to play with us. Isn't the cat adorable?""","""Look at the cute little puppy! Its fur is so soft and fluffy. Can we pet the puppy gently?""","""Look at the cute little puppy wagging its fluffy tail! Let's gently pet it, sweetie!""","""Look at our family, sweetie! We're your mommy, daddy, and big brother/sister, and we love you so much. You're our little superstar!""","""Yummy, sweet, juicy apple, little one! Crunch and munch, crunch and munch! Let's share this tasty, yummy, sweet apple together!""","""Look at the fluffy, cute cat! Can you say 'meow' with me? The cat's name is Whiskers, and she likes to purr and chase yarn balls!""","""Look at that fluffy bunny hopping around! It's called a rabbit, and it's so soft and cute, isn't it, little one?""","""Look at the fluffy bunny hopping around, little buddy! Do you see how it hops so high with its soft, white fur?""","""Look at the little bunny hopping around, sweetie! Bunnies have soft fur and like to eat carrots.""","""Look at the cute little dog, sweetie! The fluffy puppy is wagging its tail and playing with a ball. Isn't it funny how it jumps and rolls around? The dog is so happy to see you, and we can all pet it together!""","""Look at the fluffy, cute kitty with soft fur, little buddy! This is a cat, and it loves to play and purr when it's happy.""","""Yummy yummy, sweetie! We're going to eat a big, delicious bowl of yummy yummy fruit salad today. Look at all the bright colors! It's orange, red, yellow, and green. It's going to taste so good!""","""Come here, sweetie! Look at this cute puppy. Its fur is soft and it loves to play fetch with you. You can pet it gently, but remember to always ask mommy or daddy first."""
"""Look at the fluffy dog! Woof woof, it's so happy and friendly, isn't it? Let's say 'dog' together, sweetie. Good job, dog!""","""Look, sweetie, that big, shiny car is going to take us on a fun ride. See how it moves? Vroom, vroom!""","""Look, sweetie, these yummy carrots are orange and crunchy. They taste sweet and make your tummy happy!""","""Look, sweetie, this big red car goes vroom-vroom and takes people to fun places! Want to hear it go?""","""Look at the beautiful bird, sweetie! It's flapping its wings and singing a lovely song. Isn't it so pretty and fun to watch?""","""Look at those bright, shiny toys! Want to play with the soft, fluffy teddy bear or the funny, dancing toy?""","""Look at the fluffy bunny hopping and nibbling on the grass, sweetie. Isn't it the softest and cutest little animal you've ever seen?""","""Look at the cute little dog, sweetie! It's a big, fluffy puppy with soft fur and big, puppy-dog eyes. Can you say 'dog'? The dog is barking and wagging its tail because it's so happy to see you.""","""Look, sweetie! This big, bright car is ready to take us on a fun and safe ride. Let's buckle up and enjoy the journey!""","""Look, sweetie, there's a cute little cat with soft fur, purring gently, just waving its fluffy tail!""","""Come here, sweetie! Look at the big, beautiful house we live in! See the colorful flowers in the garden? Let's go inside and play!""","""Come here, sweetie, look at this big, pretty house with a red roof and a lovely garden, where we can play and make lots of happy memories together!""","""Look at the cute, cuddly cat! Its fur is soft and fluffy, just like a big, warm blanket. Let's gently pet the cat and say 'hello' to our new furry friend!""","""Look at mommy and daddy smiling together; they are our family, and we love spending time with them every day.""","""Look, sweetie, that's a bird! It's a pretty bird with feathers and it's singing a lovely song.""","""Look at the cute, fluffy cat. It's purring softly, and its whiskers are twitching. The cat is climbing the tall tree, and it's looking for a cozy spot to nap.""","""Look at the little bunny hopping around, so cute and fluffy, with little ears that twitch when it sees you!""","""Look, little one, a big, fluffy bunny is hopping around, and over there, a chattering squirrel is climbing a tree to find some yummy nuts!""","""Hey there, sweetie! You know, Mommy and Daddy are your family. They love you very much, just like I do. They're always there for you, just like how we're here together now. We're a team, and we all have different special roles,","""Look at these yummy, colorful carrots! They're orange and crunchy. Let's try some for snack time, sweetie!""","""Look at the cute, furry cat! It's meowing and purring. The cat's tail is fluffy and soft. Let's give the cat a gentle pat, little one.""","""Look at the fluffy bunny hopping over the soft grass, it's so cute, isn't it, sweetie?""","""Look, sweetie, there's a cute little puppy! Its fur is soft and it wags its tail to show it's happy.""","""Look at the bunny, sweetie! The bunny is hopping around, making fluffy little bunnies with long ears.""","""Look at the fluffy dog wagging its tail, little buddy! Isn't he the cutest pup with big brown eyes and floppy ears?""","""Look at that cute little cat, sweetie! The cat has soft fur and it purrs when you pet it gently. Isn't it a fluffy ball of love?""","""Look at those yummy, juicy, red strawberries! They are sweet, ripe, and ready to make your tummy happy!""","""Look at the fluffy, friendly dog wagging its tail and barking, isn't it adorable? The dog's ears are floppy like your favorite stuffed toy, and its tail wags when it's happy to see you, just like when we laugh together"
"""Look at this cute, fluffy little puppy dog! It's wagging its tail and it's so soft. Can you say 'doggie'?""","""Look, sweetie, a shiny red car! It's going 'vroom vroom' on the big, busy road. Can you say 'car'? That's right, 'car'! Good job!""","""Look at the yummy, ripe banana! It's so sweet and soft, and it's just the right size for you to try and grab with your little hands.""","""Look, sweetie, this big red car! See how it moves? Wheels go round and round, and it's so fun to watch!""","""Look at that beautiful bird, sweetie! It's flying high in the sky, flapping its wings and singing a lovely song for us to enjoy.""","""Look at those bright, funny toys, sweetie! Want to play with the soft teddy bear or the bouncy ball?""","""Look at the cute little kitty cat, it's purring softly. Do you see the bunny rabbit hopping around? They're both so fluffy and soft!""","""Look at the fluffy, playful dog! See how it wags its tail and loves to fetch your toys! Isn't that adorable?""","""Look at that big, red car, sweetie! It's zooming by, fast as a bunny rabbit. Can you say 'car'? Good job! That's right, it's a car. Cars are so cool, they help us go places!""","""Look at that cute, fluffy cat! It's purring softly, and its fur feels so soft. Want to say 'hello' to the cat, sweetie?""","""Look at our lovely house, sweetie! It's warm and cozy, with big windows to let the sunshine in and soft carpets for us to play on. Can you hear the birds singing outside our home?""","""Look at this big, beautiful house with a shiny roof and colorful flowers on the outside, sweetie. Can you hear the birds chirping as they fly above the tall, swaying trees? The house is where mommy and daddy live, and we all have our cozy rooms to","""Look at the fluffy, cute, and cuddly kitty cat! The kitty cat has soft, white fur, twinkly eyes, and tiny paws. It's chasing a pretty, colorful, bouncy ball. Isn't the kitt","""Look, sweetie, this is your mommy and daddy, and these are your big sister and big brother. They love you so much and always make sure you have everything you need.""","""Look at that beautiful bird, sweetie! It's singing a lovely song, isn't it? See how it flaps its wings and flies up high? Isn't that a funny way for it to get around?""","""Look at the fluffy cat, little one! See how it's purring and snuggling with its soft fur?""","""Look at the fluffy bunny, little one! See how it hops around so quickly? Isn't it so cute and cuddly?""","""Look at the fluffy bunny hopping around, little one! Want to see its cute little ears and feel the soft fur?""","""Hey there, sweetheart! Let's talk about your family. Remember, you have mommy, daddy, and your big brother, right? They love you so much and are always here for you.""","""Look at the yummy, colorful fruits and veggies on your plate! Eat your carrots, apples, and peas to grow big and strong!""","""Come here, sweetie! Look at the cute, cuddly kitty cat. Its fur is soft and fluffy, and it's purring because it's happy and content.""","""Look, sweetie, this fluffy bunny is hopping around, and it's so cute!""","""Look at the fluffy bunny hopping by, little one! Bunnies have soft fur and like to hop around in the green meadows, don't they?""","""Look at the fluffy bunny, little one! It hops around, eating carrots and playing with its friends.""","""Look at the cute little dog, sweetie! This furry friend is wagging its tail because it's happy and wants to play with you. Can you say 'woof' like the dog?""","""Look at the cute, soft kitty cat. Its fur is fluffy like a cloud, and it purrs when it's happy. Let's say 'cat' together, and then we can hug our new kitty friend.""","""Hey sweetie, look at the bright, yummy carrots we're eating. They're not just orange, they're super good for your eyes, just like in the cartoons!""","""Look at the fluffy dog! The dog is bouncing and wagging its tail. Isn't that dog so happy and playful?"""
"""Look at the fluffy, bouncy puppy, sweetie! Its little tail is wagging, and it's giving you big, friendly puppy eyes. Isn't it the most adorable little furry friend you've ever seen?""","""Look at the big, shiny car! It goes vroom-vroom when the driver turns the key. Let's say 'car' together, sweetie. Car!""","""Look at the juicy red apple, sweetie! It's yummy and good for you. Want to try a tiny bite?""","""Look, sweetie, that big red car! Wow, see how shiny it is? It's moving so smoothly on the road. Let's wave at the car, just like we wave to mommy and daddy when they come home.""","""Look, sweetie, there's a pretty bird with beautiful blue feathers singing a lovely song for us to listen to!""","""Oh, look at those colorful blocks! Let's build a tall tower together, and you can stack them just like a little engineer!""","""Look at the cute, little puppy! It's wagging its fluffy tail and wants to play with you. Let's pet the puppy gently, sweetie!""","""Look at the cute little puppy! Puppy, woof woof! See his soft, fluffy fur? He's a playful puppy!""","""Look at the big, red car, sweetie! It has four wheels and makes a funny noise when it goes vroom-vroom!""","""Look, sweetie, there's a cute fluffy kitty cat! The kitty's fur is soft like your blanket and it says 'meow.' Isn't that cute? The kitty is playing with a ball of yarn. See how it'","""Look at the big house, sweetie! It's a cozy home for you, mommy, and daddy to love and take care of you, just like a warm, fluffy teddy bear.""","""Hey sweetie, come here! Let's see the pretty house with a red door and blue windows. Can you find the yellow flowers in the front yard? Yay, you found them!""","""Look at the cute little cat, sweetie! Its soft fur is as white as snow, and it has a fluffy tail. Isn't it adorable?""","""Hey sweetie, mommy and daddy are your favorite people in the whole wide world, and they always love you lots!""","""Look at that beautiful bird! It's singing a lovely song. Want to see its pretty feathers and colorful wings?""","""Look at the fluffy kitty cat with the pointy ears, sweetie! The kitty is purring softly and chasing its tail.""","""Look at the cute little bunny hopping around, little one! It's hopping so fast, can you tell me how many hops it does in one minute?""","""Look at the fluffy bunny, little buddy! It's hopping around the garden, nibbling on the green grass. Isn't it cute and soft?""","""Look, sweetie, your family is so special! Mommy and Daddy love you very much, and they take care of you. You have Grandma and Grandpa, too, who live far away but call you all the time. Your family is like a big, happy group that always has fun","""Yummy, sweet apple! Crunchy, yummy apple! Let's eat the crunchy, yummy apple together!""","""Look at the fluffy cat, sweetie! The cat is purring and has soft fur, and it's happy to play with you.""","""Look at the cute little puppy, sweetie! The puppy has soft fur and loves to play fetch with you.""","""Look at the cute puppy wagging its tail! Do you see how it's saying 'hello' to us with its tail?""","""Look at the fluffy bunny hopping around, little one! It's so cute and soft.""","""Look at the cute dog, little one! It's a fluffy puppy with wagging tail and big, floppy ears. Can you say 'dog'? Good job! Let's play with the dog together, shall we?""","""Look, sweetie, here's a fluffy, cuddly cat! See how it has soft fur? It's purring softly, just for you. The cat's tail is waving, waving hello!""","""Hey there, sweetie! Do you want to try some yummy apple slices? They're as crunchy as a cookie!""","""Look at the fluffy, cute dog! The dog is barking happily and wagging its tail, just like a big, furry friend."""
"""Look at the fluffy dog, sweetie! The dog has soft fur and big, round eyes. The dog wags its tail when it's happy. Can you say 'dog'?""","""Look at the shiny car, my sweet little one! It's so pretty and loud, like a big, funny engine that goes 'vroom' when it moves.""","""Look at the yummy, colorful fruits and vegetables! They're very sweet and crunchy, and they make you grow strong and healthy.""","""Look at the big, shiny car, sweetie! It's a red toy car with yellow wheels, and it can go 'vroom-vroom' when we push it!""","""Look at the pretty birdie with its colorful feathers! It's singing a sweet song for us.""","""Oh look, sweetie, the toys are ready for you to play with! Want to pick up your favorite teddy bear?""","""Look at the big, fluffy bunny hopping in the meadow, little one! Do you see how it hops and twirls? Isn't it so soft and cute?""","""Look at the fluffy dog, little one! See how it wags its tail and barks happily when it sees you? Isn't it the sweetest thing ever?""","""Look, sweetie! This is a big, shiny car. It goes 'vroom vroom' when the driver pushes the button. Isn't that fun? Let's pretend to drive it together!""","""Look at the cute little cat, sweetie! The furry cat is so soft and cuddly, just like a fluffy, purring teddy bear. Want to say 'meow' with me and make the cat smile?""","""Come here, little one! Let's go explore the house together. Look at those pretty walls and the cozy couch. Do you see the soft pillows on the bed? The house is our special home where we feel safe and loved.""","""Look at our cozy house, sweetie! It's a beautiful blue with a big, friendly door, just like ours. Inside, we have a comfy bed, a yummy kitchen, and lots of colorful toys to play with!""","""Look, sweetie, there's a fluffy cat with soft fur and big round eyes. The cat's paws are like little pads, and it's purring because it's happy. Can you say 'cat' with me? C-A-T, that'","""Look at mommy and daddy, sweetie. They love you very much and always take care of you.""","""Look at that beautiful bird, sweetie! It has feathers, beak, and wings. See how it's hopping around and chirping? Isn't it lovely?""","""Look at the fluffy, cute kitty cat! The little furry friend with big paws and soft fur is a cat. Do you see its pretty, shiny eyes? The kitty is so playful, just like you!""","""Look at the puppy, sweetie! It's wagging its fluffy tail because it's so happy to see you.""","""Look at the fluffy bunny hopping around! It has soft, white fur and big, floppy ears.""","""Sweetie, mommy and daddy are here, just like you! We're your family, and we love you very much!""","""Hey sweetie, it's time to eat! Look at these yummy fruits and vegetables, they're so colorful and good for your tummy. Let's pick them up and give them a little bite, yum!""","""Look at the fluffy, cute cat! Meow, cat! The cat is purring and playing with the toy mouse.""","""Look at the fluffy bunny hopping over the grass, little one! Do you see how it hops with its long ears wiggling?""","""Look at the fluffy bunny hopping and giggling, sweetie! Can you hear its soft, gentle hops?""","""Look at the puppy, sweetie! Puppies are fluffy friends who love to play and cuddle with us. They're cute and cuddly, aren't they?""","""Look at the fluffy dog! He's wagging his tail because he's happy to see you! Isn't he a furry little friend?""","""Look at the cute, furry kitty, sweetie! This fluffy little cat is purring and playing with its soft, yarn ball. Isn't it adorable?""","""Look, sweetie, these are some yummy carrots! They're orange and crunchy, and they'll help you see better and make your eyes happy!""","""Look at the happy, waggy dog's tail, little buddy! Can you say 'doggie'? He's so fluffy and playful, just like you!"""
"""Look at the cute little dog, sweetie! It has soft fur, waggy tail, and barks in a friendly way!""","""Look at the pretty red car! It's shiny and fast, and I can see the smiley face on the hood!""","""Look at the yummy apple, sweetie! Want to try a tiny bite?""","""Look at the big, shiny car! It's red and has four wheels to roll on the ground. Can you say 'car'? Great job! The car is going to take us on a fun ride!""","""Look, sweetie, that beautiful bird is flying high in the sky, with its soft feathers and colorful wings!""","""Look at all these fun toys, sweetie! You have the softest teddy bear, the squeakiest toy, and the brightest blocks. They're all here for you to play and giggle with, okay?""","""Look, sweetie, here's a cute little bunny hopping around, and see the birds chirping happily in the trees?""","""Look, sweetie, this is a dog! It's called Fido. Fido has soft fur, waggy tail, and loves to fetch your toys. Can you say 'dog'? That's right, 'dog', just like Fido!""","""Look at the big, shiny car! It has wheels that roll on the road. Can you say car? Let's pretend we're driving the car together.""","""Look at the cute, fluffy cat! It's purring and wants to play. Come on, let's say 'meow' together and give it a gentle pet.""","""Come here, sweetie! Let's explore our lovely house together. See these colorful walls? And this big, comfy bed where we sleep. Look at the pretty flowers in the garden outside. And don't forget the yummy food we have in the kitchen!""","""Come here, sweetie! Look at the big, beautiful house with lots of rooms. Inside, we have a cozy bedroom, a yummy kitchen, and fun playrooms. Isn't it amazing? Let's go explore together!""","""Look at the fluffy, cute cat! It's purring softly, just like when mommy's hug feels nice.""","""Look, sweetie, this is Mommy and Daddy, and these are your big brother and sister, and we love you very much!""","""Look, sweetie, there's a little birdie over there, with feathers as soft as a fluffy cloud, chirping a happy tune for us to hear!""","""Look, sweetie, that cute little cat is sleeping soundly, with soft fur, paws, and a fluffy tail. It's like a big, furry ball of happiness!""","""Look, sweetie, this is a fluffy bunny, and it's hopping around, eating the green grass. Isn't it so cute with its little ears and floppy tail?""","""Look, sweetie, that fluffy bunny is hopping around and eating little green leaves. Can you see it? Bunny, bunny, hop hop hop!""","""Hey sweetie, it's time to say hi to Grandma and Grandpa, and don't forget to give a big hug to your adorable little cousin!""","""Look at the yummy, juicy apple, sweetie! Can you say 'apple'? It's red and crunchy!""","""Look at the fluffy, cute cat with soft paws and a long, wiggly tail! Meow, meow, little buddy, isn't it sooo cute?""","""Look at the fluffy bunny hopping around in the garden, little one! It has soft ears and likes to nibble on the green grass.""","""Look at the fluffy bunny, my little one, it's hopping around, just like you do when you play in the park!""","""Look at the fluffy bunny hopping around, little one! The bunny is so soft and it hops really fast, doesn't it?""","""Look at that cute fluffy dog! The dog is wagging its tail and running around, isn't it fun? Let's say 'dog' together, like this: 'Dog.' Can you say 'dog'? Great job!""","""Look at the cute fluffy cat, sweetie! It's playing with a ball of yarn and looking at us with its big, round eyes. Let's say 'meow' together and see if the cat will come closer to us!""","""Yummy, sweet apple! Crunchy carrots make you strong! Mmm, yummy pasta for our tummies!""","""Look at that cute little puppy, sweetie! It's wagging its tail because it's happy to see you. Can you say 'puppy'? Just like that!"""
"""Look at the fluffy, cute little dog, sweetie! The dog's wagging tail and floppy ears are so fun to see. The dog is so happy and playful, just like when we play together. The dog's soft fur feels so nice to touch, doesn'","""Look at the big, shiny car! It's so colorful, isn't it? Let's wave at it together!""","""Sweetie, look at this yummy, ripe, juicy, red tomato! It's so soft, squishy, and delicious!""","""Look at the big, shiny car, sweetie! It's red and has wheels that go 'vroom, vroom' when we drive it!""","""Look, sweetie, there's a beautiful bird! It's a fluffy little creature with wings and feathers, and it's singing a lovely song for us to hear!""","""Oh, look at those bright, colorful blocks! Can you put them together with me? Let's make a tall tower!""","""Look at the cute little kitten, sweetie! It's soft and furry, just like a fluffy, cuddly pillow!""","""Look at the adorable dog, sweetie! See how he wags his fluffy tail and licks his wet nose. Can you say 'dog'? Woof woof!""","""Look, sweetie! This is a car. It has four wheels and goes 'vroom' when we push it. Can you say 'car'?""","""Look at the cute little cat, sweetie! The cat is soft and fluffy, and it's purring because it's happy. Cats are cute and cuddly, just like your teddy bear. Let's say 'meow' together, little one","""Look at the big, beautiful house where we live, sweetie. It's where mommy and daddy stay, and it's super safe and warm.""","""Look at our beautiful house, sweetie! It has a cozy little bed for you to sleep in, and yummy food on the table for us to eat together.""","""Look at the fluffy, soft cat, sweetie! The cat's paws are pink, and it has a big, round nose. The cat's fur is so soft and cuddly, just like your favorite teddy bear.""","""Hey sweetie, let's talk about our family! We have mommy, daddy, and your big sister, Sophie. They all love you very much and want to take care of you. We have family dinners where we all sit together and share stories about our day. Remember, our","""Look at that pretty bird, sweetie! The bird is flapping its wings and singing a lovely song. Isn't it a beautiful bird?""","""Look at the cute, cuddly kitty cat with soft fur and paws like little mittens! Do you want to see the cat wiggle its tail and purr?""","""Look at the cute puppy, sweetie! It's a fluffy furry friend who loves to play and wag its waggy tail.""","""Look at the fluffy bunny hopping around! Isn't it so soft and cute? Can you say 'bunny' with me? Let's pretend we're bunnies and hop together!""","""Hey there, sweetie! Today, let's talk about your family. You have Mommy, Daddy, and me. We love you so much, just like how the sun loves to shine on us every day!""","""Look, sweetie, we have yummy fruits here! These are juicy red apples, sweet little yellow bananas, and big, delicious oranges!""","""Look at the cute kitty, sweetie! The fluffy white cat is playing with a little ball of yarn.""","""Look at the bunny, little buddy! The fluffy bunny hops so fast, like you're hopping on your toys!""","""Look at the big, fluffy bunny hopping around! Want to see more cute animals with me?""","""Look at the fluffy bunny hopping around, little one! Do you see how its ears stand up when it gets excited?""","""Look at the fluffy dog, little one! It has soft fur and loves to play with its tail wagging.""","""Look at the fluffy, cute, and soft cat, sweetie! It's purring and playing with its toy mouse. Isn't it the cutest thing ever?""","""Look at the yummy, bright red tomatoes on the plate! They're as juicy as a fresh strawberry and make our mouths water. Let's take a little bite and enjoy the delicious taste together!""","""Look at the big, furry dog, sweetie! He's wagging his tail because he's happy and wants to play with you!"""
"""Look at this cute, soft dog, my little one! See how it wags its tail and sniffs around. Isn't it adorable?""","""Look at the big, red car! Wow, isn't it fast and shiny? It's so cool, sweetie!""","""Look at the yummy yogurt, sweetie! Can you say 'yogurt'? Yummy yogurt, that's right!""","""Look at the big, red car! Can you say car? It's so shiny and pretty! Let's wave as the car drives by, sweetie!""","""Look at the little birdie outside, sweetie! It has beautiful feathers and can sing pretty songs!""","""Look at all the pretty toys! Let's play with the soft teddy bear and the shiny, bouncy ball together!""","""Look at the cute, fluffy bunny hopping around. See how the bunny's ears are like little carrots? Want to see what the bunny eats?""","""Look, sweetie, there's a big, fluffy dog wagging its tail and barking with joy!""","""Look at the big, red car, sweetie! It's shiny and goes vroom-vroom when we push it!""","""Look at the cute little kitty, sweetie! The fluffy cat is purring and playing with its toys.""","""Look at this big, beautiful house, sweetie! It has a cozy kitchen, a soft bedroom, and a lovely playroom for you to have fun!""","""Look at the big house with a red roof and colorful windows! Let's go inside and play with the toys and maybe even the puppy!""","""Look at the cute little kitty cat with soft fur, little buddy! She's going to purr and snuggle with us, won't she?""","""Look at our lovely family, sweetie! We have Mommy, Daddy, and you, my little sunshine! We love you so much and we're all together to make our home a happy place for you.""","""Look at the beautiful birdie, sweetie! It's hopping around and chirping its lovely song. Isn't it just a delight to see how it moves its wings and flies up high in the sky?""","""Look at that cute little kitty, sweetie! The fluffy furry cat is so soft and cuddly. It's purring, wagging its tail, and playing with a ball of yarn.""","""Look at the fluffy bunny hopping around! Can you see the bunny's ears? They're soft and white, just like snow.""","""Look at the cute little puppy! It's wagging its tail because it's happy to see you!""","""Hey sweetie, it's time for bed. Mommy and Daddy are snuggled up together in bed, just like you're going to be snug and safe. We love you so much and will always be here for you.""","""Look, sweetie, we're eating yummy apples today. They're so crunchy and sweet, just like little candy!""","""Look at the fluffy, cute cat! Meow, meow, see how it's purring? The cat is having a sleepy nap on the soft, comfy couch. Want to pet the cat's soft fur, sweetie?""","""Look at the puppy, sweetie! It's so fluffy and cute. Puppies are animals that love to play and give us lots of hugs.""","""Look at the cute little puppy, sweetie! Puppies are so playful and love to wag their tails when they're happy.""","""Look at that cute little puppy! Can you say 'puppy'? Puppies are fluffy friends who love to play fetch with us!""","""Look at the fluffy, cute dog wagging its tail. Isn't it so soft and playful? The dog is saying 'hello' with its big, friendly eyes.""","""Look at the fluffy, soft cat, little one! It has cute whiskers and a purr that makes your tummy feel happy. Cats like to play with balls of yarn, don't they?""","""Look at this yummy apple! It's red, crunchy, and perfect for a little bite. We're going to eat it together and enjoy the sweet taste.""","""Look at the fluffy and friendly dog, sweetie! It's wagging its tail because it's so happy to see you. The dog is a gentle friend who likes to play with you, and it's always good to give it some pets and love."""
"""Look at the fluffy, cute little dog wagging its tail, saying 'woof woof' with its big, friendly doggy eyes, my sweet little one.""","""Look, sweetie, there's a big, shiny car! It has four wheels and it goes vroom-vroom when we push it. Isn't that fun?""","""Look at these yummy, colorful fruits! Mama is going to share some juicy, sweet apples and plump, ripe grapes with you.""","""Look at the bright and shiny car, little one! It has wheels to roll and takes us on fun rides. Isn't it exciting? See how it moves so smoothly on the road?""","""Look, sweetie, there's a pretty bird! It has feathers, beak, and it's singing a lovely song. Let's say 'bird' together. Bird-bird!""","""Look at those bright, shiny toys! You can grab them and press them gently. They're your special treasures that make you smile!""","""Look, sweetie, this is a cute little puppy! The puppy is bouncing and wagging its tail.""","""Look at the adorable little dog, sweetie! See how it wags its tail and wants to play with you?""","""Look, sweetie! This big yellow car is zooming down the street, just like a superhero. Can you say 'car'? Let's pretend to drive this car together!""","""Look at the fluffy, cute, cuddly kitty cat with big, round eyes. The cat's fur is soft and pretty, and it's purring softly. Isn't the cat adorable? Let's say 'cat' together, like","""Come here, sweetie! Let's explore our cozy home together. We have a soft, fluffy carpet, a warm and snuggly bed, and yummy food in the kitchen. Isn't this house amazing?""","""Look at this big, beautiful house where we live together, sweetie! It's got a cozy bedroom for sleeping, a yummy kitchen where we make delicious food, a playroom for lots of fun, and a colorful garden outside to play in!""","""Look at the cute, fluffy cat with soft, white fur and pointy ears, sweetie! This friendly kitty loves to play with yarn and pounce on toys.""","""Look at all these happy faces, sweetie! These are your family members, and they love you very much!""","""Look at that beautiful bird with its colorful feathers and wings. Isn't it funny how it flaps its wings and tries to catch the butterflies?""","""Look, little one! This fluffy, cute, and cuddly cat has soft fur and twinkly eyes. Can you say 'cat'? Meow, cat! The cat is playing with a ball of yarn.""","""Look at the fluffy bunny hopping around, little one! See how it jumps so high and binkies like it's having so much fun!""","""Look at the fluffy bunny hopping over the grass, little buddy! Can you say 'bunny'? The bunny is so cute, with big ears and a twitchy nose. Want to pretend to be a bunny and hop around with me","""Look at us, sweetheart! We're a family, and we love and care for each other, just like Mommy and Daddy do.""","""Look, sweetie, these are some juicy, red strawberries. They're as sweet as honey and yummy as chocolate ice cream!""","""Look, sweetie, that's a fluffy, cute little cat. It's a furry friend with big eyes and soft paws!""","""Look at the big, fluffy bunny hopping around! Isn't it hoppity-hop and cute?""","""Look at the fluffy bunny hopping around the garden, little one. It's so soft and cute, isn't it? Bunnies like to eat carrots and hop very fast.""","""Look at the fluffy bunny hopping around, little one! It's so soft and loves to nibble on green grass like we enjoy munching on yummy carrots!""","""Look at the fluffy, cute puppy, sweetie! The little dog wagging its tail is super happy to see you. Oh, how adorable! Let's give the dog a gentle pat on its soft furry body.""","""Look, sweetie, there's a cuddly kitty! Meow, meow! The fluffy feline is purring and playing with a ball of yarn!""","""Look at this yummy, colorful apple! It's juicy and sweet. Do you want to try a bite with me?""","""Come here, sweetie! Look at this fluffy dog wagging its tail and barking happily, just like our furry friend, Max, at home."""
"""Look, sweetie, this is a cute little dog! It's soft and fluffy, wagging its tail, and it loves to play and cuddle with its human friends.""","""Look at the big, shiny car, sweetie! It's so pretty with its red color and it goes vroom-vroom when the person drives it. Isn't that fun? Let's pretend to drive it with our hands and have fun, little one!""","""Look at the yummy carrots, sweetie! They are orange and crunchy, perfect for your little tummy to enjoy!""","""Look at the big red car, sweetie! Wow, see how it goes 'vroom, vroom' when it drives? Let's play peekaboo with the car!""","""Look at the pretty birdie with its colorful feathers! See how it flaps its wings and flies high in the sky? Isn't it amazing?""","""Look at the colorful blocks! You can stack them up to build a big tower, little buddy! Let's play with them together.""","""Look at the fluffy bunny hopping around! It's hopping, hopping, hopping!""","""Look at the cute little dog! The dog is wagging its tail because it's happy. Let's say 'woof woof' together, like the dog is barking. Good job, sweetie!""","""Look, sweetie, that big red car is zooming down the street! Wow, isn't it fast? The car's wheels are round and it has a shiny roof and windows. Can you say 'car'? That's right, 'car'. Isn't it a","""Look at the cute little kitty cat with the soft fur and pointy ears, wagging its tail gently. Oh, the kitty is meowing and seems very friendly. Can you say 'cat' with me, sweetie?""","""Hey, little buddy, let's go explore our cozy house! Can you see the pretty blue kitchen, the big comfy bed, and the yummy breakfast waiting for us?""","""Hey sweetie, look at all the pretty colors on the walls and furniture in our cozy house! Can you say 'house' with me?""","""Look at that fluffy, soft cat, sweetie! The cat is purring and playing with a ball of yarn. Isn't it cute and cuddly?""","""Look at the happy family, sweetie! Mommy and Daddy, your big sister, and the little brother are all part of your loving family. They care for you, laugh with you, and help you grow every day!""","""Look at the beautiful bird, sweetie! It has feathers, a beak, and can sing sweet songs for us to hear.""","""Look at the cute fluffy kitty cat, sweetie! The cat is soft, purring, and has pointy little ears. Can you say 'meow' like the cat?""","""Look at the fluffy bunny hopping around! Isn't it so cute? Let's watch the bunny hop again.""","""Look, sweetie, there's a big, fluffy bear eating honey from a beehive. Can you say 'bear'? Great job!""","""Hey sweetie, look at mommy and daddy, they're your family. They love you very much and are always there for you!""","""Sweetie, let's try this yummy yogurt! It's soft and tasty, just like a little cloud!""","""Come here, sweetie, let's look at this fluffy kitty cat. See how it purrs and cuddles? Isn't it soft and cute?""","""Look at the fluffy bunny hopping through the meadow, sweetie. The bunny's fur is so soft, just like your favorite teddy bear!""","""Look at the fluffy bunny hopping over the grass, little one! It's so soft and loves to hop around.""","""Look at that cute puppy wagging its tail! It's so soft and fluffy. Can you say 'woof woof'?""","""Come here, sweetie! Look at this cute little puppy! It's a soft, furry, and waggy tail dog. Oh, isn't it a cute dog? Let's give it a gentle pat. Woof woof!""","""Look at the fluffy, soft cat with the pointy ears, little one. Its fur is as white as snow and its paws are as soft as a teddy bear's. Isn't the cat adorable? The cat is playing with its toy mouse, chasing it around","""Hey sweetie, look at the juicy, ripe apple! Want to give it a gentle bite and taste the yummy, sweet flavor?""","""Look at the fluffy dog! Its wagging tail says 'hello' and it loves to play with you and fetch the ball. Isn't that adorable?"""
"""Look, sweetie, this is your cozy, lovely house, where we all live together, and it has a big, soft bed for you to sleep in, a yummy kitchen where we cook, and colorful rooms with lots of fun toys to play with.""","""Look, sweetie, there's a pretty bird with beautiful feathers! Can you see it flying so high up in the sky?""","""Yummy, sweet, and yummy! Look at these bright, colorful fruits. They're so juicy and tasty. Here, let's try some together, little one!""","""Look at the house, sweetie! The walls are so tall and the roof is shaped like a triangle. There's a door to open and windows to look out of. It's our special home where we live and play!""","""Look at Mommy and Daddy! We are a big family, love you lots!""","""Look at that cute, fluffy kitty! The cat is purring and playing with a ball of yarn. Isn't that adorable?""","""Yummy apple, sweet and crunchy, eat with your hands and enjoy, hungry little mouth, munch and chew, happy tummy grows, food fun time!""","""Look, sweetie, this is our cozy little house! Can you say 'house'? Let's see if you can say it too! Wow, you did it! The house has a big blue door and a sweet smell of freshly baked cookies inside.""","""Look at that cute dog, sweetie! Wags its tail and runs around, just like how you play with your toys.""","""Look at the fluffy bunny, hopping happily in the grass! Can you say 'bunny' with me?""","""Hey there, sweetie! Look at these colorful blocks! Let's build a tall tower together. Stack one on top of another, and we'll make something amazing. Can you find the red block and put it on the top?""","""Look at the beautiful bird with its colorful feathers and melodic song, sweetie. It's flapping its wings and flying high up in the sky!""","""Look, sweetie, that big, fluffy dog is wagging its tail because it's happy to see you! Dogs love to play fetch with their favorite toy.""","""Look, sweetie, see the fluffy bunny hopping around? It's so soft and cute!""","""Look at these juicy, red strawberries, sweetie! They are so yummy and sweet, just like your favorite superhero's cape!""","""Look at the fluffy bunny hopping in the meadow, sweetie! Can you say 'bunny'?""","""Look at the fluffy, cute dog wagging its tail, sweetie! The dog is barking happily and wants to play with you.""","""Hey there, little buddy! Look at all these fun toys! Let's play with the soft, bouncy ball, or we can stack the colorful blocks to build a tall tower together!""","""Hey sweetie, guess what? Today, your big brother is going to school to learn lots of cool things, and your mommy is cooking your favorite, yummy dinner. Family is like a team, and we all help each other and have fun together!""","""Hey sweetie, look at our big family with Mommy, Daddy, Grandma, Grandpa, and Auntie! We all love spending time together and playing fun games.""","""Look at the yummy apple, sweetie! It's red and round, and it's going to make you strong and happy!""","""Look at the cute little cat, sweetie! The cat has soft fur and gentle purrs, doesn't it make you feel warm and happy?""","""Look at all these fun toys, sweetie! You can play with the soft, fluffy teddy bear, or stack the colorful building blocks up high!""","""Look at all these fun toys, sweetie! Let's pick one to play with, like this fluffy bear. We can pat it gently, can't we?""","""Look at the yummy, colorful, and fun-looking apple, sweetie! Want to take a big, juicy bite?""","""Come here, little one! Let's walk to the house. The house has a red roof, white walls, and a big, green door. We can go inside and play with the toys. Isn't the house nice and cozy?""","""Look, sweetie, there's a big, shiny car! It has four wheels that go round and round, and it can take us on a fun ride!""","""Look, sweetie, this is your family, Mommy and Daddy and your favorite uncle! They love you very much and are always here for you."""
"""Look at the pretty house, sweetie! It has a red roof and a big, green garden. Let's go inside and feel the soft carpet under our feet.""","""Look, sweetie, there's a beautiful bird up in the sky! It's so pretty with its feathers and it's singing a lovely song.""","""Look at these yummy, colorful fruit pieces! They're sweet and juicy. You can eat them right now and feel all happy!""","""Look, sweetie, this is a house! It's a big, cozy place where people live together. Inside, there are rooms, like a bedroom where you sleep and a kitchen where yummy food is made. Isn't it exciting to explore?""","""Look at us, little one! Mommy and Daddy are your family, just like how your favorite teddy bear is your buddy. We love you so much and we're always here for you.""","""Look at the fluffy, cute cat with big, round eyes. The cat's soft fur feels nice, like a cozy blanket. Oh, the cat is purring happily. Do you want to pet the cat and say 'meow'?""","""Look at these delicious, bright red tomatoes, sweetie! They're so juicy and yummy, and they're good for your tummy too. Let's try some, okay?""","""Look at the big, colorful house! The roof is flat and the walls are painted blue. The windows let in the sunshine and the door opens wide for us to go inside. Inside, there are cozy rooms with soft beds and cute toys to play with!""","""Look at the doggy! The doggy has big, floppy ears and a waggy tail. Want to pet the doggy and make him wag his tail more?""","""Look at the bunny hopping around, it's so fluffy and cute, isn't it? Let's say 'bunny' together, bunny, bunny.""","""Look at all the fun toys, sweetie! Your favorite teddy bear is ready for a new adventure, and those colorful blocks are waiting to build a tower as tall as a tree!""","""Look at that beautiful bird! It's like a big fluffy feathered butterfly with colorful wings!""","""Look, sweetie, that cute little dog is wagging its tail because it's happy to see you!""","""Look at the fluffy bunny hopping in the meadow, sweetie! The bunny has soft, white fur and big, curious ears.""","""Look at the yummy apple, sweetie! Crunchy and juicy, just like a little red ball!""","""Look at the cute little puppy! Puppies are so soft and fluffy, just like a big, furry pillow. They love to play and go on adventures with their human friends.""","""Look at that cute, fluffy dog over there! It's wagging its tail and wants to say hello. Can you say 'doggie' with me?""","""Look at those bright, shiny blocks! Let's stack them up high, one by one, and watch them touch the sky!""","""Hey sweetie, look at mommy and daddy! They are your family. They love you so much, just like mommy and daddy love you!""","""Hey there, sweetie! Let's talk about our amazing family, okay? You know, we have mommy and daddy, who love you so much, and then there's your big brother and sister, who play with you every day.""","""Look at the yummy apple, sweetie! Want to try some apple slices with a sprinkle of cinnamon?""","""Look at the cute fluffy cat, sweetie! The cat is soft and loves to purr when it's happy. Can you say 'cat'? Great job! Now let's see if we can find the cat's soft fur to touch gently.""","""Come here, sweetie! Let's pick out some fun toys for you to play with today!""","""Come here, sweetie, let's play with your favorite colorful blocks and your fluffy, soft teddy bear. Shall we build a tall tower and hug our stuffed friends?""","""Hey there, little buddy! Let's have some yummy mashed bananas and sweet carrot sticks. They're so tasty and good for you!""","""Look at this big, beautiful house with a red roof and a green door, sweetie! It has many rooms, each with its own special purpose, like your bedroom where you sleep and play with your toys!""","""Look at the big, red car, sweetie! It has four wheels and can take us on exciting adventures. Let's wave at the car as it zooms by!""","""Look at our happy family, sweetie! We're all here together, just like a big, loving, family superhero team!"""
"""Look at this big, cozy house with a red roof, little one! It has a warm fireplace, soft beds, and lots of windows to look out. Isn't it nice?""","""Look, sweetie, that beautiful bird is flapping its wings up high in the sky, singing a happy song for us to enjoy!""","""Look at the yummy carrots, sweetie! They're orange and crunchy, perfect for your big, strong teeth!""","""Hey there, sweetie! Come here, let's go look at the big, cozy house where mommy and daddy live. Look, the house has a lovely red door and big windows to let in lots of sunshine. Isn't it a beautiful house? Now, let","""Look at your big brother, little one! He's so strong and kind. And here comes your mommy, smiling and hugging you tight. Isn't it wonderful to have family who loves you so much?""","""Look at the cute, fluffy cat! It's purring and meowing, just like a little kitty friend.""","""Look at the yummy carrots, sweetie! They are orange and crunchy. Yum! Would you like to try some?""","""Come here, sweetie, let's go see the big, fluffy house with a blue roof. It's where mommy and daddy live, and they love you very much. Can you say 'house'? Look at the windows, and the doors, they're all different colors","""Look at the fluffy dog wagging its tail! Can we say 'woof woof' when the dog barks? The dog has soft fur, and it's happy to see us. Dogs are our furry friends, aren't they?""","""Look at the puppy, sweetie! The puppy is bouncing and wagging its fluffy tail because it's so happy!""","""Look at all the fun toys, little buddy! The teddy bear is soft, the trucks are loud, and the blocks are perfect for stacking!""","""Look at that beautiful birdie! Its feathers are so colorful and pretty, like a rainbow. It's hopping around the tree, singing a lovely song just for you. Isn't that adorable?""","""Look at that friendly, fluffy dog! He's wagging his tail because he's so happy to see you. Let's say 'woof woof' together and pet him gently.""","""Look at the fluffy bunny hopping through the meadow, little one! See how it's munching on carrots and twitching its nose?""","""Look at the yummy apple! It's so red and round, sweetie. Let's say 'apple' together!""","""Look at the cute puppy, sweetie! It's bouncing around the park, wagging its tail and playing with the butterflies. Can you say 'puppy'? Want to give it a gentle pat?""","""Look at the big, furry dog, sweetie! It's wagging its tail because it's happy to see you. Want to pet it gently, like this?""","""Look at the colorful toys! This shiny ball is for rolling, and that fluffy teddy bear is for cuddling. Can you count how many toys we have? Let's see, one, two, three... Great counting!""","""Look at mommy and daddy! We are a family, just like you and me. We love each other and take care of each other, just like we take care of you.""","""Look, sweetie, that's your big brother, and next to him is your big sister. They are so happy to see you and want to play together. That's your mommy and daddy too. They are your family, and they love you very much!""","""Look at the yummy apple, little one! It's so sweet and crunchy, just like a little red and green superhero. Would you like to give it a try?""","""Look, sweetie, this fluffy cat is purring softly as it kneads its paws together, isn't it cute?""","""Look at all the colorful blocks, sweetie! Let's stack them up high and see how tall we can make our tower together!""","""Come here, little buddy! Let's play with your favorite soft teddy bear and those funny little blocks.""","""Look at the juicy red apple, sweetie! Yum! We're going to take a big crunchy bite together. Can you say 'apple' with me?""","""Look at our cozy house, sweetie! It has big windows, a lovely kitchen, and lots of rooms where we play and sleep.""","""Look at the shiny red car, sweetie! It's ready to take us on a fun adventure to the playground!""","""Hey sweetie, guess what? Today, we're going to learn about our family. So, mommy and daddy are our parents, just like you. We've got your little sister or brother too, and they're super fun! They're our siblings, that's"
"""Hey there, little one! Look at all the cozy rooms in our home, with soft beds and fluffy pillows to snuggle in. Isn't it lovely?""","""Look at the beautiful bird, sweetie! It has feathers and wings, and it's chirping a happy song just for us!""","""Look at the yummy banana! It's soft and sweet, and we're going to eat it together. Yum-yum!""","""Look at the pretty house, sweetie! The roof is like a hat, and the windows are like big, sparkly eyes that watch over us. Let's touch the soft carpet and feel the squishy pillows. House is where we live and feel safe, just like a cozy blank","""Hey there, little buddy! Look at our family, sweetie! We're a team - mommy, daddy, and you! We love each other, just like a big, warm hug. Can we all wave and say 'hi' together?""","""Look, little one! This fluffy, cute, cuddly kitty is purring and playing with a ball of yarn. Isn't it adorable?""","""Look at this yummy apple, sweetie! Can you say 'apple'? It's a crunchy, juicy fruit that's perfect for snack time!""","""Come here, little one! Let's explore our beautiful house together, with its cozy bedroom, yummy kitchen, and fun playroom!""","""Look at the cute dog, sweetie! The dog is wagging its tail and barking happily. Do you see how it's so fluffy and soft? Let's give the dog a gentle pat and say 'hello'.""","""Look at the big, fluffy bunny hopping around, little buddy! The bunny has soft ears and long, white fluffy tails!""","""Look at those bright and bouncy bouncy balls, little one! They're so fun to play with, aren't they? Can you pick your favorite one and show me?""","""Look, little buddy! A beautiful bird is singing a sweet song for us to enjoy.""","""Look at the fluffy dog, sweetie! Can you say 'woof woof'? Dogs love to play and fetch, they're very friendly and good at being pets.""","""Look at the big, friendly cow! She says 'moo' and gives us yummy milk!""","""Look at the yummy-looking vegetables on your plate, sweetie! They're so good for you, and they make you strong and healthy!""","""Look at the bunny hopping so fast! Isn't it fluffy and cute?""","""Look at the friendly dog, sweetie! It's wagging its tail and wants to play with you. Let's give it a gentle pat and say, 'Hello, buddy!'""","""Look at the big, red, bouncy ball! It's so pretty and squishy! Shall we play with it together?""","""Hey sweetie, it's time to say hello to mommy and daddy, and tell them how much you love them. We're your family, and we're all here to take care of you and keep you safe.""","""Look, sweetie, Mommy and Daddy are here! They're your amazing parents who love you very much and are always here for you!""","""Look at these juicy, red apples, sweetie! They're crunchy and yummy, just the perfect snack for you!""","""Look at the fluffy cat, sweetie! It has soft fur, pointy ears, and loves to play with yarn. Isn't that cute?""","""Look at all these wonderful toys, sweetie! The soft teddy bear is your new friend, and the shiny red truck will zoom down the hill for you to chase. Let's play together!""","""Come here, sweetie, let's pick out your favorite toy. Do you want to play with the colorful blocks or the soft teddy bear? Let's see what makes you smile today!""","""Hey, little buddy! Yummy yummy! Let's eat this funny-shaped vegetable that looks like a little star. It's so good for you, just like your favorite cartoon superhero!""","""Hey there, little buddy! Come on over to the house where we live. Look, those are the windows that let in the sunlight, and see those pretty walls? That's where we hang all our favorite pictures! There's also the door where we go in and out, and those","""Look, sweetie, that big red car is zooming down the street, going so fast! Wow, look at the bumper stickers on it, they're all colorful and fun!""","""Look at the smiling family, sweetheart! See how they hug each other, just like we love and hug. Mommy and Daddy are our family, and they love us so much."""
"""Look at the beautiful house with a big, pretty red door. See how it has a green garden outside? It's so nice, isn't it?""","""Look at that cute little birdie, sweetie! It's a tiny, fluffy bird with beautiful feathers and wings, and it's chirping a lovely song. Isn't it just the cutest thing you've ever seen?""","""Sweetie, yummy yummy! Here's some warm apple mash for you to try. Goo goo gaa gaa!""","""Come here, little one, let's look at the pretty house with the big, blue roof and the green grass outside.""","""Look, sweetie, mommy and daddy are your superheroes, and we're all part of your special family team!""","""Look at the cute kitty cat! The fluffy furry cat is purring and meowing. Isn't she a soft, paw-some kitty?""","""Yummy yummy apple, sweet and crunchy, eat it with love, and chew it very slow, okay, little one?""","""Look at this beautiful house, sweetie! The windows are like giant eyes, the door is like a big smile, and the roof is like a friendly hat keeping us dry and safe.""","""Look at the cute little dog, sweetie! The dog is wagging its fluffy tail and has big, brown eyes just like yours. Let's say 'woof woof' together and watch the dog run and play. Isn't he the cutest furry friend?""","""Look at the cute little kitten, sweetie! It's so soft and fluffy, just like a big, furry pillow. Do you want to see if it's hungry? Let's gently offer it a little bit of kitten food.""","""Oh, look at those colorful toys! The teddy bear looks so soft, and the building blocks are just perfect for stacking!""","""Look at the pretty birdie with the big, colorful wings, little buddy! Can you say 'bird'? The birdie is singing a lovely song just for you!""","""Look at that cute, fluffy dog, sweetie! It's wagging its tail and barking happily. Do you see how it's jumping and playing? Dogs are so fun and loving, just like your stuffed puppy!""","""Look at the cute little puppy, sweetie! Its soft fur and wagging tail are so friendly and fun!""","""Look, sweetie, this yummy carrot is orange and crunchy! Would you like to try some?""","""Look at the cute puppy, sweetie! See how it wags its tail and plays with the ball?""","""Look at the cute, fluffy dog! It's wagging its tail because it's so happy to see you!""","""Look at those fun toys! Want to play with the colorful blocks?""","""Hey there, sweetie! Remember mommy and daddy? They're your special family who loves you very much and takes care of you.""","""Look at our family, sweetie! Mommy, Daddy, Grandma, and Grandpa are all special parts of our family puzzle, just like you!""","""Yummy apple, sweet banana, yummy orange, crunchy carrot!""","""Look at the fluffy cat, sweetie! Its fur is soft and white, like snowflakes gently falling on the ground. The cat's paws are small and cute, with soft little pads. See how it's curled up in its cozy bed? It","""Look at all these fun toys, sweetie! You can play with your favorite teddy bear, your colorful blocks, and the super cute little car. They're all here for you to enjoy and have a grand time playing!""","""Look at all these wonderful toys, sweetie! Your dinosaur is so big and strong, and the colorful blocks can stack up to reach the sky!""","""Look at these yummy carrots, little buddy! They're orange and crunchy, and they'll make you super strong!""","""Hey sweetie, let's go look at our cozy, lovely house, with its pretty red roof and big, friendly windows!""","""Look at the shiny, red car, sweetie! It's so pretty with its bright color and it's ready to go on a fun road trip with you and your family.""","""Look at the big, happy family we have at home! Mommy and Daddy love you so much, and we all play and laugh together every day."""
"""Look at the pretty house, sweetie! The roof is red, the walls are yellow, and there are lots of windows. It's a cozy place for our family to live together, isn't it?""","""Look at that beautiful bird, sweetie! Its wings are so soft and pretty, and it's singing a lovely song.""","""Look at the yummy, colorful food! Here's some juicy, ripe apple for you to explore. Mmm, so sweet and crunchy!""","""Come here, sweetie! Let's go see the pretty house, with a red roof and a big, friendly door!""","""Look at the smiling faces, sweetie! These are your mommy and daddy, and they love you very much. Your mommy is in the kitchen, and your daddy is at work. Your baby brother is cuddled up next to you, and your big sister is playing with her","""Look, sweetie, a cute cat! The fluffy, soft fur on its head is like your blanket, and its big, round eyes are looking at you. It's a furry little friend for us to play with!""","""Yummy, yummy, juicy apple! Look at this big, red apple! It's so sweet and crunchy. Let's eat it together, sweetie!""","""Come here, little one! Look at this big, cozy house where we live. See the blue door and the colorful windows? Let's go inside and play with our toys!""","""Look at the fluffy dog, sweetie! It's wagging its tail because it's happy to see you. Let's give it a gentle pat on the head.""","""Look at the bunny hopping around, sweetie! Hoppity, hop, hop!""","""Look at the bright, colorful toys, sweetie! They are so soft and fun to play with. Can you pick up the bunny and give it a gentle hug?""","""Look at the pretty bird with the big red beak, little buddy! It's flying high up in the sky, singing a lovely song just for you.""","""Look at the big, fluffy dog wagging its tail, little buddy! Can you say 'doggie'? Dogs are friendly and love to play with us!""","""Look at the fluffy bunny hopping over the grass, sweetie! Can you see how soft and bouncy it is?""","""Look at the bright red apple, sweetie! It's so juicy and crunchy. Let's give it a little bite and see how yummy it is!""","""Look at the bunny hopping by, it's so fluffy and white!""","""Come here, sweetie! Look at this fluffy, cute dog. Can you say 'woof woof'? Dogs love to play fetch and cuddle. Isn't he a friendly furry friend?""","""Look at those fun toys, little buddy! Those colorful blocks can build tall towers, and the soft teddy bear is ready for a cuddle. Let's play with them together!""","""Sweetie, do you know who your family is? It's mommy, daddy, and your big brother or sister who loves you very much.""","""Look at the family picture, sweetheart! You see the mommy, daddy, and your big brother, James. They're your loving family, and they're always here to take care of you and play with you.""","""Look at the yummy carrots and peas! They're so bright and colorful, just like a rainbow. Let's pretend to be little chefs and mix them together in our big bowl. Yum!""","""Look at the cute kitty cat with soft white fur and pink nose, sweetie, it's a fluffy little ball of cuddles!""","""Hey sweetie, let's go play with your favorite cars and dolls. They're all ready for fun!""","""Look at those colorful, fun toys over there, little buddy! They're just waiting for you to come play with them and make lots of happy noises.""","""Look at the yummy, colorful apple! It's so sweet and juicy, and we're going to cut it up and share it with you for snack time!""","""Come here, sweetie! Let's look at this beautiful house together, with its pretty blue windows, warm cozy rooms, and the big, friendly front door.""","""Come here, sweetie! Look at the big car, it has wheels that roll on the road and makes a funny sound when you honk its horn!""","""Look at the lovely people in our family, little one! We are Mommy, Daddy, big brother, little sister, and Grandma. Everyone loves each other, just like we love you!"""
"""Look at the big, pretty house with lots of windows, sweetie. It's where Mommy and Daddy live and where we have fun together!""","""Look, sweetie, a pretty bird with soft feathers is singing a lovely song for us in the sky.""","""Look at the yummy apple, little one! It's so sweet and crunchy, and it's good for your tummy!""","""Look, sweetie, this is our cozy home, with soft beds, yummy food, and loving family, where we feel safe and happy!""","""Look at mommy and daddy holding baby! They love you very much!""","""Look, sweetie, this fluffy, cute cat is playing with a ball of yarn. Isn't it purr-fect?""","""Look at those yummy carrots, sweetie! They're orange and crunchy, just like a little orange robot. Yummy carrots are good for you and they make your tummy happy!""","""Look at the big, cozy house, sweetie! It's made of brick and has a red roof, just like a bear's home in the storybook!""","""Look at the fluffy, cute dog wagging its tail! Can we say 'woof woof' together and pat it gently on its soft fur?""","""Look at the bunny, little one, the bunny hops around and loves to eat carrots!""","""Look at all these wonderful toys, little one! Your favorite teddy bear is waiting for you, and the shiny blocks are all set up for a fun game. Let's play and have lots of giggles together!""","""Look at that beautiful bird, sweetie! It's singing a lovely song, flapping its wings and flying high up in the sky.""","""Look at the cute little dog, sweetie! Its fur is as soft as a fluffy cloud, and it's wagging its tail because it's super happy to see you. Want to say hello to the puppy and give it a gentle pat?""","""Look at the fluffy bunny hopping around, little buddy! Isn't it so cute?""","""Look at this yummy apple, sweetie! It's so crunchy and juicy, just like your favorite juice. You can take small bites and chew with your big teeth. Isn't it fun to eat?""","""Look, sweetie, there's a fluffy bunny hopping around. Bunny's soft and cute, isn't it?""","""Look at the happy, furry dog wagging its tail and playing with a bright, bouncy ball!""","""Oh, look at those colorful cars, sweetie! They're going to zoom and zoom just like the ones you love playing with. Let's go and play with them together!""","""Look at those smiling faces, sweetheart! That's mommy, daddy, and your lovely little sister. They all are a part of our big, happy family. Isn't it wonderful how we all love and care for each other?""","""Hey there, sweetie! Look at mommy and daddy, they are our family. We all love each other very much and always help each other.""","""Look at the yummy apple, sweetie! It's red and crunchy, perfect for snacking!""","""Look at the fluffy, cute cat, sweetie! The cat is purring softly and has a playful tail wagging.""","""Oh look, sweetie! Those colorful blocks are waiting for you to build your very own fun castle!""","""Look at these bright, shiny, fun toys! Can you grab the ball for me? It's bouncy and perfect for playtime!""","""Look at these bright, yummy carrots! Eat up, little one, and you'll grow strong and healthy!""","""Come here, sweetie! Let's count the pretty windows in our cozy house together, okay?""","""Look at the shiny, red car, sweetie! It has four wheels and makes a fun sound when it goes zooming by. Want to see it go around the big circle track with me?""","""Hey sweetie, let's go talk to your family! Daddy's sitting on the couch, Mommy's reading a book, and little brother's playing with his toy cars."""
"""Look at the big, cozy house with the colorful flowers and the happy people who live inside, my little baby!""","""Look, sweetie, a bird is flying high up in the sky. It's so pretty with its bright feathers. Listen to its happy chirping sounds.""","""Look at the yummy, colorful fruit! It's sweet and healthy for your growing tummy!""","""Look, sweetie! This is a house, where mommy and daddy live, and it's our home sweet home!""","""Hey there, sweetie! Look at those lovely smiles! That's Mommy and Daddy, and right next to them, your Auntie Sophie. They all love you very much, don't they?""","""Look at the fluffy, cute cat! Meow-meow! This little kitty is so soft and wants to play with you.""","""Look at the yummy, colorful fruit! Peel the banana and we'll make a fun fruit salad together!""","""Look at the pretty house, sweetie! It has a blue roof and yellow sun. Inside, there's a big, comfy bed and a soft, fluffy carpet. Let's go explore the living room, where we can find fun toys and games!""","""Look at that adorable little dog! It's a fluffy puppy with soft fur. Can you say 'puppy'? Yes, that's right! The puppy is so cute and playful, isn't it?""","""Look at the fluffy bunny hopping around, little one! See how it bends its ears to hear and hops to eat those green, leafy carrots!""","""Come here, sweetie, it's time for playtime! Let's pick out your favorite toys, and we can have so much fun together!""","""Look at the little birdie! It's flapping its wings and singing sweet songs. Isn't it pretty? Want to count how many feathers it has on its wings?""","""Look, sweetie, there's a fluffy dog over there, wagging its tail and ready for a big, happy, playtime with you!""","""Look at the big, fluffy dog over there, sweetie! He's a superhero with four legs and a waggy tail!""","""Look at the yummy apple, sweetie! It's round and red, and when we bite into it, it's so crunchy and delicious. Let's take a big, healthy bite together!""","""Look at the cute, fluffy bunny hopping around. The bunny has soft fur and tiny paws that hop really fast, just like you when you hop on your little legs!""","""Look, sweetie, this fluffy dog has soft, brown fur, just like you, and it loves to wag its tail when it's happy!""","""Hey there, little buddy! Look at all these fun toys to play with! Would you like to pick one toy to play with now?""","""Look at the happy faces, sweetie! We're a family, and we all love and support each other. Mommy and Daddy are here for you, and we're all together like a big, loving circle.""","""Look at our family, sweetheart! There's mommy and daddy, and your big brother, Tommy. We love you very much and we play together!""","""Yummy yummy, little buddy! Look at these bright and delicious carrots and crunchy apples. Let's eat them together and make our tummies happy!""","""Look at the fluffy, cute cat, little one! See how it purrs when you pet its soft fur? Cats are wonderful pets that like to play and cuddle with us.""","""Look at those bright, bouncy balls! They're so fun to play with, aren't they? Let's pick up our favorite toy and see what exciting adventures we can go on!""","""Look at these soft, cuddly teddy bears! Can you say 'teddy bear'? They're so cozy and fluffy, ready for you to hug and play with!""","""Look, sweetie, the yummy apple pie is on the table, and it's so fresh and juicy. Let's wait for mommy to bring it so we can share it together!""","""Look at this beautiful house, sweetie! It has a lovely roof to keep us dry, walls to keep us safe, and a colorful door to invite us in.""","""Look, sweetie, this is a car! It has four wheels, and it can take you on fun rides. The driver sits in the front and steers with the big round wheel to make the car go forward, backward, or turn. Isn't it exciting?""","""Hey there, sweetie! It's time to see our loving family, mommy and daddy, and all the fun people like grandma, grandpa, and your adorable little cousin, Lily!"""
"""Look at the pretty house, little one! The windows are like shiny eyes, and the door is like a friendly face. Let's go inside and see all the fun things!""","""Look at that beautiful bird, sweetie! It's a chirpy little friend with bright feathers, fluttering its wings and singing a lovely song for us to enjoy.""","""Look at this yummy banana, sweetie! It's ripe and ready for you to try. Mmm, it's so soft and squishy! Want to taste it with me?""","""Come here, little one! Look at this big, beautiful house with a red roof. Do you see the windows and doors? We're going to play hide and seek inside, just like a game of peek-a-boo!""","""Look at mommy and daddy, they are my favorite people! They love me very much and always take care of me.""","""Look at the fluffy cat, sweetie! It's purring and wagging its tail because it's happy to see you.""","""Look at the yummy, bright, red apple! It's so juicy and sweet. Yummy apple, yummy!""","""Come here, sweetie, let's go look at the pretty flowers in our garden outside the house!""","""Look, sweetie, this cute little puppy is a dog! Can you say 'doggie'? D-o-g-g-i-i-i. That's right, they're called 'doggies' and they love to play fetch and wag their tails","""Look at the fluffy bunny hopping around, little one! It's so soft and cute, isn't it? Bunny, bunny, hopping!""","""Look at all those bright, colorful blocks you can stack up to make a tall tower, little buddy!""","""Look at the beautiful bird flying high in the sky, little one! It has bright feathers and chirps so sweetly. Isn't it amazing how it soars with such grace?""","""Look at the cute little dog wagging its tail! See how happy it is to see you. Let's pet it gently and say 'hello' to our furry friend!""","""Look at the fluffy bunny hopping over the grass, sweetie! Do you see the bunny's big, soft ears and the way it hops? Bunnies are so cute and fun!""","""Look at these yummy little carrots, sweetie! They're orange and crunchy, just like the sun. Would you like to try one?""","""Look, sweetie, there's a cute little puppy playing with a ball in the park. Want to say 'woof woof' like the puppy?""","""Look at the cute dog, little one! This dog is barking because it's excited to play with us. Can you say 'woof woof'? The dog says 'woof woof' when it's happy!""","""Look at these bright and colorful toys, sweetie! They're ready for you to play with and have so much fun!""","""Look, sweetie, mommy and daddy are your loving parents who will always be there to hug you and take care of you, just like how your teddy bear mommy gives you a warm hug when you're scared.""","""Look, sweetie, this is Mommy and Daddy, your loving family. We take care of you, love you, and always have fun together!""","""Hey there, sweetie! It's time for some yummy vegetables, like crunchy carrots and squishy peas, to make our tummies happy and strong!""","""Look at that fluffy kitty, little one! The cat is purring and playing with its toy mouse. Isn't it cute? Can you say 'cat'?""","""Look at all these wonderful toys! You can play with the big, soft teddy bear and the colorful, bouncy balls. Let's have fun together!""","""Look at these bright, fun toys! Can you play with the colorful blocks and stack them up? They make a happy tower for us to build together!""","""Look at this yummy apple, sweetie! It's red and juicy, perfect for taking a big, crunchy bite.""","""Look at our beautiful house, sweetie! It's where we live, play, and make lots of happy memories. Isn't it nice and cozy?""","""Look, sweetie, there's a big, shiny car! The car has four wheels and rolls down the road so we can go to fun places. Do you see the car's color? It's as red as the juice you drink!""","""Look at our family, sweetie! We're a team, just like you and me. Mommy and Daddy love you so much, and we're all here to support each other. Can you say 'family'?"""
"""Hey sweetie, look at our cozy, warm home where mommy and daddy love to cuddle you, with soft pillows and fluffy blankets, and here's the big, beautiful window where we can see the bright, shiny sun and pretty flowers.""","""Look, sweetie, there's a bird! It's chirping and flying in the sky, isn't it funny? Let's say 'bird' together, 'bird'!""","""Look, sweetie, yummy apples! Crunchy and juicy, just like a big, smiley face!""","""Come here, sweetie! Look at our cozy house with its warm, loving walls, where we make happy memories every day!""","""Look, sweetie, this is your Mommy and Daddy, and we love you very much. You have big sister Emily who's always here to play with you!""","""Look at the cute little cat, sweetie! See how it purrs and plays with its fluffy tail? Want to pet the soft fur and watch it snuggle?""","""Look at this yummy carrot! Yum! Want to try some?""","""Come here, sweetie! Look at this big, cozy house where Mommy and Daddy live. It's got a red roof and white walls, and there are lots of windows for us to look out of and see all the pretty things outside.""","""Look at the cute fluffy dog, sweetie! The dog is wagging its tail and is happy to see you. Let's say 'dog' together and pat the friendly pup's head.""","""Look at the fluffy bunny hopping around! Isn't it cute? Can you say 'bunny'? The bunny is jumping and playing in the grass. Let's say 'bunny' together, okay?""","""Look at those big, colorful blocks, sweetie! They're fun for us to build and stack together. Want to give them a try?""","""Look at that beautiful bird, sweetie! It's flying high up in the sky with its feathers shining bright like the sun. Isn't it so amazing?""","""Look at the cute fluffy dog, sweetie! Its soft fur is as white as a snowy day, and its tail wags just like a happy flag. Do you want to say 'hello' to the friendly pup?""","""Look at the fluffy bunny hopping around, sweetie! Isn't it adorable when it hops and twitches its nose?""","""Look at the yummy, juicy apple, sweetie! Eat it with your strong, mighty hands, and it'll make your tummy happy!""","""Look at the fluffy bunny hopping over the grass, little one! The bunny's soft fur is so white, isn't it pretty?""","""Look at that cute puppy, sweetie! See how it wags its tail and licks your face? Dogs are so fun to play with, just like how we play together!""","""Look at all the colorful toys! Which one do you want to play with first, the soft teddy bear or the bouncy ball?""","""Look at Mommy and Daddy, they are our special family that loves and cares for us every day!""","""Look at our lovely family, sweetie! Mommy, Daddy, Grandma, Grandpa, and little brother Billy are all here to love you and keep you safe.""","""Look at these juicy, red strawberries! They're sweet and soft, and you can squish them in your tiny hands. Yummy!""","""Look, sweetie, there's a cute little cat! Its fur is soft like a blanket, and it has tiny, pointy ears. It's meowing because it wants to say hello.""","""Hey there, little buddy! Look at all these amazing toys waiting for you. Let's pick out some fun toys to play with together!""","""Look at these bright, colorful blocks, little one! They're so fun to stack and build with. Let's play with them together!""","""Yummy! These are juicy, crunchy carrots, little buddy. They're good for your eyes and help you grow strong!""","""Come here, sweetie! Let's look at our cozy house together. Can you see the pretty flowers on our roof? They're just for us to enjoy and make our home even more beautiful!""","""Look at the bright red car, sweetie! It has shiny wheels that roll on the road, and it takes us for fun rides on sunny days. Isn't it amazing how the car goes vroom-vroom when the driver starts it?""","""Hey sweetie, look at our family picture! That's your mommy, your daddy, your big brother, and me!"""
"""Look at this beautiful house, sweetie! It's so tall with a big, happy roof. The windows let in lots of sunshine and the door is where we go inside and out. Isn't it a cozy place for us?""","""Look at that beautiful bird with its bright feathers, sweetie. Can you hear the lovely chirping sound it's making? It's a little birdie!""","""Look at the yummy carrots, sweetie! They're crunchy and orange. We're going to put them in your tummy for superpowers!""","""Come here, sweetie! Look at the big, cozy house with the shiny red roof and the friendly garden filled with beautiful flowers and butterflies. Isn't it lovely? Let's go inside and explore all the fun things we can do together!""","""Come here, sweetie! Look at the beautiful pictures of mommy, daddy, and your big brother, Timmy. They're all in our family, just like you. Isn't that so special? They love you very much, and so do I!""","""Look at the fluffy cat, sweetie! The cat is purple and cuddly, and it's meowing for you.""","""Look at these yummy, colorful vegetables! Let's eat them together and make our tummies happy!""","""Look at our beautiful house, sweetie! The walls are painted pink, and there are colorful windows. The front door is big and red, and inside, we have a cozy bed, a funny chair, and lots of yummy snacks for us to eat!""","""Look at the happy, fluffy dog wagging its tail and barking softly, isn't it funny how it jumps up and down?""","""Look at the bunny hopping, little one! The bunny is so fluffy and jumps so high!""","""Look at these colorful blocks, sweetie! You can build a tower as tall as your favorite superhero. Let's play and make something amazing together!""","""Look, sweetie, there's a pretty bird flying high up in the sky. Can you say 'bird'? The bird is singing a lovely song for us!""","""Look at the cute puppy dog! Want to pet its soft, fluffy fur and hear it bark? Let's go say 'hello' to our furry friend!""","""Look at the fluffy bunny, sweetie! It's hopping around and has soft ears and long floppy tail!""","""Look, sweetie, here's a yummy carrot! Crunchy and orange, just like the sun. Let's try to munch it together and make our tummies happy!""","""Look at the big, fluffy bunny hopping around. Isn't he so cute and soft? Bunnies like to eat carrots and play in the sun!""","""Look at the adorable puppy! This little furry friend is a dog, and he loves to play fetch with his bouncy red ball. Would you like to give him a gentle pat? He's very gentle and soft to the touch!""","""Look at those funny little cars and dolls! Let's play with them together, sweetie!""","""Hey sweetie, do you see those cuddly faces? Mommy and Daddy, and your big brother and sister. They love you so much and are always there for you, just like how you love them.""","""Hey there, sweetie! Look at our big, lovely family, with mommy, daddy, your adorable little brother, and your smiley-faced cousin. Isn't it wonderful to be surrounded by so many people who love you and care for you?""","""Look at the juicy, red apple, sweetie! It's yummy and good for you, just like when you eat your carrots and peas.""","""Look, sweetie, there's a cute little cat! See how it's purring and playing with its yarn ball? Cats are soft and furry, and they like to purr when they're happy. Can you say 'cat'?""","""Look at all these colorful toys! You can play with the soft teddy bear, the shiny cars, and the bouncy balls. They're all here for you to have fun with, my little explorer!""","""Look at all these fun toys, sweetie! Your favorite teddy bear is waiting for you here, and there's a bright, colorful puzzle that's just perfect for you to play with. Let's grab your teddy bear and start building the puzzle together!""","""Yummy apples, sweet and crunchy, ready to be your crunchy snack adventure!""","""Come here, sweetie! Let's explore our cozy house together. Look, the sun is shining through the windows, and there's a warm fire in the fireplace. Can you feel the soft carpet under your feet? Let's go find Mommy and Daddy, and","""Look at the shiny red car! The car has four round wheels that spin fast. The driver sits inside and drives the car to go places. The car is very big and heavy, but it can move very fast!""","""Look at us, sweetie! We're your family, and we all love you very much. Your mommy and daddy are here, and we're your big, warm, and cozy family."""
"""Look, sweetie, the big house has many rooms, just like a big bed for us to sleep in. Let's go in and see where mommy and daddy live!""","""Look at that beautiful bird, sweetie! It's chirping and fluffy. Let's watch it fly and sing together.""","""Look at this yummy apple, sweetie! It's so juicy and crunchy, just right for your tiny tummy!""","""Look, sweetie, this is your house! It's where mommy and daddy live, and it's a safe and cozy place for you to play. Can you say 'house'?""","""Look, sweetie, this is your mommy and daddy, and they love you so much!""","""Look, sweetie, this is a fluffy kitty cat. The cat is soft and cuddly, and it's purring really loud. Can you say 'cat'? Meow meow!""","""Look at the yummy apple, little one! It's bright red and sweet, and it's perfect for you to learn how to eat by yourself.""","""Look at our beautiful home, sweetie! The walls are painted with pretty colors, and there are soft cushions to sit on. We have a cozy bed for you to sleep in, and yummy food on the table for us to eat together. Can you say 'home'?""","""Look at the cute puppy, sweetie! The puppy has soft fur and loves to play with toys. It's a good boy and we can pet it gently.""","""Look at the bunny hopping, little one! It's so fluffy and soft, isn't it?""","""Come here, sweetie! Look at all the fun shapes and colors of your toys, ready for a playtime adventure!""","""Look at that beautiful bird with its bright feathers, little one! It's singing a lovely song and hopping around on the branches.""","""Look, sweetie, there's a big, fluffy dog wagging his tail happily! See how he's running around with his friends? Isn't he adorable? He's such a friendly and playful pup!""","""Look, sweetie, here comes a bunny hopping by! The bunny has soft, fluffy ears and a little white tail.""","""Look at the bright, yummy carrots! Let's take a big bite and munch on the crunchy, orange veggies!""","""Look at the cute puppy! It's wagging its fluffy tail because it's happy and wants to play with you!""","""Look at that cute, furry friend, little buddy! That's a dog. See how he wags his tail when he's happy? Dogs are wonderful friends, and they like to play and cuddle with us.""","""Look at all the fun toys, little one! Can you grab the red truck and pretend it's driving on the carpet?""","""Hey there, sweetie! Let's talk about our family. Mommy and Daddy love you so much, just like how we love our big, happy family!""","""Look at mommy and daddy, they're our family! They love us so much and we love them too!""","""Look at the yummy carrots, sweetie! Crunch, crunch, crunch, just like a little rabbit.""","""Look at the fluffy, cute kitty cat with pointy ears, little buddy! It's purring softly and loves to chase butterflies and play with yarn.""","""Come here, sweetie! Let's play with the soft, fluffy bear and the shiny, colorful blocks!""","""Hey there, sweetie! Look at those big, fun toys right over there. They're waiting for us to play with them!""","""Look at these yummy carrots! They're orange and crunchy, just like a little crunchy treat from the garden!""","""Hey there, sweetie! Let's play a fun game! Imagine we're inside our cozy house. Can you find the blue cupboard where we keep our yummy snacks? Look, here's the soft, fluffy rug where we can play with our toys.","""Look at the big red car, sweetie! It's shiny and fast. Do you see how it has four round wheels and a shiny roof? The driver sits inside, and it goes 'vroom' when it moves!""","""Look at mommy and daddy! We're a team, just like superheroes. They love you and are here for you, always."""
"""Look at the beautiful house, sweetie! It's where mommy and daddy live. It has a cozy bed, a fun playroom, and a big, soft couch. Let's go explore it together!""","""Look, sweetie, a pretty bird is singing and chirping its beautiful melody. Isn't that funny and cute?""","""Yummy apple, sweetie, try it! Look at the red and green colors, so pretty!""","""Look at our cozy house, sweetie! See the red roof? And that's where mommy and daddy live with you, right next to your colorful toys and your favorite teddy bear.""","""Look, sweetie, that's Mama and Papa holding you, and there's little Auntie Lily with a big smile!""","""Look, little one, there's a cute fluffy cat sitting on the mat. See how it's purring? Purr-purr, like that. The cat's soft fur feels nice, doesn't it? Can you say 'cat'? Yes, that'","""Look, sweetie, we're having yummy carrots that are good for your eyes, just like a superhero!""","""Look, sweetie, that's your cozy bedroom with your little toys, the big kitchen with the smiling fridge, and the beautiful living room with the big, comfy couch where we read stories together!""","""Look at the fluffy, wagging tail of the friendly dog wagging its tail happily to say hello!""","""Look at the cute bunny, little one! It's hopping around the garden, munching on the green grass.""","""Look at all these cuddly toys, sweetie! Your teddy bear is all fluffy and your cars are ready to zoom around!""","""Look at the pretty bird with colorful feathers flying so high up in the sky. Isn't it a little birdie?""","""Look at the cute, fluffy dog, sweetie! He's wagging his tail because he's super happy to see you. Let's say 'woof woof' together, and watch him play with his favorite ball. Isn't he the bestest friend you could","""Look at the bunny, sweetie, it's hopping and hops really fast, so fast!""","""Look at those juicy, red apples, sweetie! They're crunchy and yummy. Do you want to try a bite? They taste just like magic in your tummy!""","""Look at the big, fluffy bunny hopping in the garden! Do you see how it's hopping with its soft, white tail bouncing behind?""","""Look at that fluffy, happy dog! He's wagging his tail and wants to say 'hello' to you, sweetie!""","""Look at these big, colorful blocks! Want to stack them up together, little builder? Let's make a tall tower!""","""Oh, look, sweetie! We have a big, happy family, with mommy and daddy, and your two big sisters, Ava and Lily, who love you so much!""","""Hey sweetie, you know, Mommy and Daddy are our family. Mommy makes us yummy food and Daddy helps us play. We love being together and playing with Grandma and Grandpa too!""","""Look at the yummy carrots, sweetie! They're orange and crunchy, just like a little crunchy snack from a cartoon hero.""","""Look at the fluffy, cute cat with pointy ears and soft fur, little one! The cat is purring and sleeping in its cozy bed.""","""Look at all these fun toys, sweetie! There's a colorful ball, a soft teddy bear, and a shiny, bouncy trampoline for us to play on!""","""Hey there, sweetie! Look at those bright, shiny cars over there. Want to play with them and pretend they're zooming down the road?""","""Look, sweetie, this yummy yogurt is full of healthy goodness that will make you strong and happy!""","""Hey there, sweetie! Let's go peek inside our cozy house, where mommy and daddy make sure you have a big, fluffy bed to sleep in every night!""","""Look at the big, shiny car! It has four wheels and a bright red color. Can you say 'car' with me? That's right, 'car'. Isn't it amazing how fast it can go? Let's pretend to drive it together!""","""Look at our family, sweetie! Mommy, Daddy, and you are all our favorite people. You have your Aunt Sarah, Uncle Jack, and cousin Lily, who love you just like we do."""
"""Look, sweetie, this is our cozy house with a lovely blue door and pretty flowers outside. The sun is shining brightly, and we have a soft carpet inside where we can play with your favorite toys.""","""Look, sweetie, a bird! The bird is chirping and flying in the sky. It has beautiful feathers and wings.""","""Yummy yummy carrots, look at the bright orange! Crunch, crunch, little one, eat your veggies, they're good for your tummy!""","""Hey sweetie, look at this big, beautiful house! It has a shiny roof, colorful windows, and a friendly garden with flowers and butterflies. Isn't it lovely? We live here, and it's our special home!""","""Look at Mommy and Daddy, they are your favorite people in the whole wide world. They love you so much and always want to play and hug you.""","""Look, sweetie, there's a fluffy, cute little cat with soft fur. See how it's purring? Meow, meow, kitty!""","""Yummy apple, crunchy and sweet! Let's take a bite and feel the juicy goodness!""","""Come here, sweetie! Look at our cozy house with the big, fluffy roof and the pretty windows. Let's play hide and seek inside the walls and find all the fun rooms!""","""Look at the fluffy, wiggly puppy! It's so cute and playful. Can you say 'doggie'? The doggie is barking and running around, ready to play fetch with you!""","""Look at the puppy, sweetie! See how it wags its tail? Wags? Yes, that's right, it's wagging its tail to show it's happy!""","""Look at all these fun toys! Let's pick out the softest teddy bear and cuddle it together.""","""Look at the pretty bird, sweetie! It's singing and hopping around, isn't it fun?""","""Come here, sweetie, let's go see our fluffy, cute dog, Max! He's wagging his tail because he loves you so much!""","""Look at the cute little kitten, little one! It's soft and fluffy, with tiny paws to play with, just like your tiny hands!""","""Yummy yummy, sweetie pie! Look at these red and orange slices. They are like rainbows for your tummy. Eat them up, little one. Mmm, that's delicious!""","""Look at the fluffy bunny hopping in the garden, little one. See how it hops? The bunny is a soft and furry animal that loves to play.""","""Look at the fluffy, friendly dog wagging its tail, ready to play with you and give you a big, wet, wet kiss!""","""Look at these fun toys, sweetie! The red ball is bouncy, and the yellow duckie can swim in the puddle.""","""Look at those beautiful family members! Your mommy and daddy are so special and love you so much. Can you say 'family'?""","""Look at Mommy and Daddy, we're a happy family together, just like your teacher Miss Sarah and all the children in your class!""","""Look at the bright red apple, sweetie! It's time to take a big bite and enjoy its yummy juicy taste!""","""Come here, sweetie! Look at this fluffy, cute cat. See how it's purring and cuddles with you? Let's give it a little tickle with our fingers, but gently, okay?""","""Look at all these wonderful toys, sweetie! This one is a soft, cuddly teddy bear, perfect for a hug. See this big, red truck? It's so cool, and it can drive across the sky. And this colorful, bouncy ball is","""Come here, little buddy! Let's pick out some super fun toys to play with together!""","""Look at the yummy red apple, little buddy! Can you take a big bite and chew with your strong teeth, just like a big bear?""","""Hey sweetie, let's go explore the fun house, where we can play hide and seek, and then snuggle up in the cozy bed when it's time for sleep!""","""Look at the big, shiny car, sweetie! It has four wheels to roll smoothly on the road, just like your toy car. The car takes us to different places, like the park or the grocery store. Isn't that amazing?""","""Look at the family picture, sweetheart! See how everyone is smiling and holding hands? That's your family, and you are their very special little one!"""
"""Hey there, little one! Look at this big, cozy house with its colorful walls and soft carpet. It's your safe and happy home, where mommy and daddy love you very much.""","""Look, sweetie, there's a pretty bird flying high up in the sky. Its feathers are so colorful, like a rainbow.""","""Look at the yummy, juicy apple, sweet baby! It's time to munch and chew, so let's try to eat together, okay?""","""Look at the big, beautiful house with the red roof and the big windows, sweetie. Can you say 'house'? This is where Mommy and Daddy live, and where we go to sleep at night.""","""Look, sweetie, this is our big, happy family! We love you very much!""","""Look at that fluffy cat, sweetie! It's purring and playing with a ball of yarn. Isn't it adorable? Cats are soft and cuddly friends!""","""Yummy yummy peas! They're green and crunchy, just like a mini forest!""","""Look, sweetie, this is a house where people live, and it has a roof to keep us dry from the rain, walls to keep us safe, and a door so we can go in and out. Isn't it wonderful?""","""Look at the cute little dog, sweetie! It's a big, furry friend who loves to play fetch and gives big, wet kisses.""","""Look at the fluffy bunny, sweetie! See how it hops and plays with its fluffy tail?""","""Look at all the toys, sweetie! The soft teddy bear is here for you to hug and the colorful blocks are ready for you to stack and build your very own tower.""","""Look, sweetie, there's a beautiful bird up in the tree! Its feathers are so colorful, just like your favorite toy. Want to hear it sing?""","""Look at the fluffy dog, sweetie! It's wagging its tail and wants to play with us, let's give it a gentle pat and show it some love.""","""Look at the cute, fluffy bunny hopping around. Want to see it hop too?""","""Look at the yummy, colorful vegetables on your plate, sweetie! Crunchy carrots, soft peas, and bright spinach. Let's take a big bite and make our tummies happy!""","""Look at the fluffy bunny hopping around! Want to giggle at the silly kitty pouncing on the ball?""","""Look at the fluffy, bouncy dog! He wags his tail and gives big, wet kisses. Want to pet him gently and say 'hello' to our furry friend?""","""Look at all the colorful toys! Can you pick your favorite one, sweetheart? Let's play together!""","""Look at the happy family! There's Mommy and Daddy, and there's little me, and there's my big brother or sister. We love each other very much and play together all day long.""","""Hey there, sweetie! You know, Mommy and Daddy love you so much, and they're here to always take care of you and make you smile.""","""Yummy, sweet apple! Crunchy, crunchy apple. Eat it, little one, to make your tummy happy!""","""Look at the fluffy, soft cat with pointy ears. It's playing with a ball of yarn, isn't it adorable?""","""Look at all these fun toys! The teddy bear is soft and fluffy, and the blocks are perfect for building tall towers!""","""Come here, sweetie! Look at all these wonderful toys! Let's pick one and play together.""","""Look at those bright, yummy veggies! Can you pick the green ones for me, sweetie? They're like tiny trees, and trees give us fresh air to breathe!""","""Hey sweetie, let's go explore the big, colorful house with the pretty flowers in the garden!""","""Look at the big, shiny car! It's ready to go on a fun ride, sweetie!""","""Hey sweetie, you know that lovely family we have? Daddy and Mommy, your big sister, and our sweet dog, Spot. They all love you so much!"""
"""Look, sweetie, there's our cozy house with a red roof, a blue door, and pretty flowers in the garden. It's our special home where we all feel safe and happy.""","""Look, sweetie, that beautiful bird is flying up high in the sky with its colorful feathers shining in the sunlight. Isn't it wonderful to see how it soars through the air?""","""Look at those yummy little carrots! Crunchy and sweet, they're perfect for your big, strong teeth. Crunch crunch!""","""Look at the pretty house, little one! The roof is so red, just like your favorite toy. See how the windows are like big eyes? The door is for us to go in and out, and the yard has lots of green grass for you to crawl on. Isn't it a lov","""Look at us, sweetie! Your family is like a big, happy puzzle, with mommy, daddy, and all the fun people in our lives.""","""Look at the fluffy cat, sweetie! Its fur is soft and white like a snowy cloud. Can you say 'cat'? Meow, meow, cat!""","""Look, sweetie, we're going to have yummy mashed peas for dinner. Yum, yum, peas!""","""Look, sweetie, this is our cozy house where we live. It's warm and safe. Can you say 'house'?""","""Look at the happy, barking dog! He's a big, furry friend who loves to play and run around with you. Isn't he cute and cuddly?""","""Look at the fluffy bunny, little one! See how it hops around and enjoys its yummy carrots?""","""Hey sweetie, look at all these fun toys! We've got some soft, bouncy balls, cuddly teddy bears, and colorful blocks. Which one would you like to play with first?""","""Look, sweetie, there's a bird! It's singing a pretty song and it's so colorful, isn't it? Let's listen and watch it together.""","""Look at the fluffy, cute dog with the wagging tail, little one. Can you say 'woof woof'? The dog says 'woof woof' when he's happy and wants to play with you.""","""Look at the fluffy bunny hopping around, little buddy! Can you say 'bunny'? It's a cute little animal that likes to hop and eat carrots!""","""Hey sweetie, look at those yummy apples on the table. They're juicy and crunchy, perfect for making a tasty snack with your fingers!""","""Look at the little bunny hopping around, hopping and hopping! Isn't it adorable? Bunnies are so fluffy and cute, aren't they?""","""Look, sweetie, there's a cute dog wagging its tail. Dogs are so friendly and love to play with us. Let's say 'hello' to the dog!""","""Look at all these amazing toys, sweetie! The teddy bear is so soft and cuddly, the blocks are perfect for stacking, and the toy trucks can zoom down the road. Let's play with them together!""","""Hey sweetie, your mommy and daddy are your superheroes! They love you very much and always take care of you. They are here to help you learn, grow, and have fun with your family.""","""Look at our family, sweetie! Mama, Daddy, and you, all together in our lovely house. We all love and take care of each other.""","""Look at those yummy strawberries, sweetie! They're so red and juicy, just perfect for snack time. Can you say 'strawberries' with me? Let's all take a big bite together!""","""Look at the cute fluffy cat! Meow! This little kitty is playful and loves to chase its tail. Want to give it a gentle pet?""","""Look at all the colorful toys, sweetie! Your blocks are waiting to be stacked into a tall tower!""","""Come here, sweetie! Let's play with your favorite colorful blocks, we're going to build a big, tall tower!""","""Yummy, yummy, sweet, sweet apple. Crunch, crunch, crunch, apple crunch. Taste, taste, yummy apple. Crunch, crunch, crunch, apple crunch!""","""Come here, sweetie! Let's play house together. We'll use these soft toys as our couch, and these blocks as our dining table. Oh, look at our little bed!""","""Look, sweetie, that big red car is zooming down the street. The car has four wheels and the driver sits inside to go places.""","""Hey there, sweetheart! Let's talk about your family. Your mommy and daddy are super special people who love you a whole bunch. They're always there for you, helping you with your building blocks and reading your favorite stories. Your little brother or sister is just like you, a"
"""Look, sweetie, this is our cozy home, where we feel safe and snug, with walls that are so soft and a roof that keeps us dry from the sky.""","""Look at the little birdie flying up high! It's so pretty with its colorful feathers, isn't it? Want to try saying 'bird' with me, sweetie?""","""Look, sweetie, here comes your yummy apple! It's so crunchy and sweet, just like your smile!""","""Look at the pretty house, sweetie! It's a lovely red brick building, isn't it? Want to say 'house' with me?""","""Look at our lovely family, sweetie! Mommy and Daddy are here, and you're the cutest little person in the whole wide world!""","""Look at the cute little kitty cat, sweetie! She's so fluffy and playful. Let's say 'cat' together, 'ca-ca'.""","""Yummy, sweetie! Look at these juicy, red strawberries! They're as yummy as your favorite storybook character, and they'll make you strong and healthy, just like mommy and daddy!""","""Look at our cozy, colorful house with a big, beautiful garden where mommy and daddy play together with you!""","""Look at the big, fluffy dog! Woof woof! He has soft brown fur and waggy tail. Can you say 'woof' with me? Woof woof!""","""Look, little buddy! Do you see the fluffy bunny hopping in the meadow? The bunny loves to hop and play, just like you love to jump and play!""","""Look at the big, red ball, sweetie! Want to play with the soft, fluffy teddy bear?""","""Look at the little birdie flying in the sky, chirping its happy tune. Isn't it cute? Can you say 'bird' like the little birdie?""","""Look, sweetie, this is a puppy! He's a little furry friend who loves to play with his ball and cuddle with us. Isn't he adorable?""","""Look at the fluffy bunny hopping in the meadow, little buddy! Can you say 'bunny'? B-b-bunny!""","""Sweetie, it's time to eat! Let's have some yummy apples and bananas for a healthy snack.""","""Look at the cute little puppy, sweetie! It's wagging its fluffy tail and barking happily. Isn't it adorable how it jumps and plays with the ball?""","""Look, little buddy, there's a cute dog! Woof woof! The dog is wagging its tail because it's happy to see you. Let's give it a little pat.""","""Come here, sweetie, let's play with your favorite colorful blocks together. We can build a big, tall tower and stack them one by one, just like we do with your building blocks at home!""","""Look at the happy family in the picture! That's mommy, daddy, and little sister Lily. They love each other and play together all the time. Can we hug them and say 'I love you'?""","""Hey sweetie, look at our lovely family, mommy and daddy, your big brother, and your beautiful little sister. We all love and care for each other, just like this big, strong family tree with lots of branches.""","""Look at the juicy red apple, sweetie! It's so crunchy and yummy, just perfect for taking a big, healthy bite!""","""Look at that cute, soft kitty cat! Its fur is as white as snow and its eyes are like big, shiny marbles. The cat is purring like a gentle engine and rubbing its head against your hand. Isn't it fluffy and cuddly?""","""Oh, look at these big, fun toys waiting for you to play with! They're so colorful and fun, and I can't wait to see what you'll create together!""","""Look at all the colorful toys! This fun teddy bear wants to play, and that shiny car is ready for a race! Let's pick our favorite and have a great time!""","""Hey there, sweetie! Look at these yummy carrots! They're orange, crunchy, and full of vitamins to make you strong and healthy!""","""Look, sweetie, there's our cozy home with a lovely big kitchen, snug bedrooms, and a fun playroom where we can all play together!""","""Look, sweetie, that big yellow car is zooming by! It's so shiny and loud, just like our favorite toy car.""","""Look at our family, sweetie! We are a special team, just like superheroes. We love you, Mommy, Daddy, and Grandma, and we always have fun together!"""
"""Look at the beautiful house with its big windows, little door, and colorful flowers outside. Isn't it wonderful, sweetie?""","""Look at that beautiful bird, sweetie! It's chirping and hopping around, isn't it lovely?""","""Look at the yummy carrots! They're orange and crunchy, just like a little crunchy snack for you to try when you're a bit older.""","""Look at this big, beautiful house where we live! It has a cozy, soft bed for you to sleep in and a comfy, fluffy couch where we read stories together. Can you say 'house'? That's right, you're getting better every day!""","""Hey, sweetie, let's look at mommy and daddy, they love you so much, just like when we cuddle together.""","""Look at the cute kitty, sweetie! The kitty is soft and furry, with paws for pouncing and a fluffy tail to twitch. Isn't it just the cutest cat you've ever seen?""","""Look at the yummy apple! Crunchy and sweet. Yummy, honey, let's try a little bite, okay?""","""Hey, sweetie! Look at our big, beautiful house! See those pretty blue windows? They let the sunshine and fresh air in. And look at the soft carpet under our feet. It's just like a fluffy cloud! Let's go inside and play, okay?""","""Look at the doggy, sweetie! It's a furry friend with big, floppy ears and a waggy tail. The doggy is wagging its tail because it's happy to see you!""","""Look at the cute little puppy! He's so soft and fluffy. Want to say 'woof woof' with me?""","""Look at those colorful toys, little buddy! The bouncy ball will bounce high, and the soft teddy bear is ready for a cuddle.""","""Look, sweetie, that's a beautiful bird! It has big, round eyes and feathers that make it colorful. Can you say bird? Bird!""","""Look at the cute dog, sweetie! This furry friend wags its tail when it's happy, and it loves to play fetch with you!""","""Look at the fluffy bunny hopping around, little one! Want to count how many bunnies we see?""","""Yummy yummy apple, sweet and crunchy, good for you and your tummy!""","""Look at the little bunny hopping, it's so fluffy and cute! Can you say 'bunny' with me? Hoppity-hoppity, hoppity-hoppity!""","""Look at the friendly dog, sweetie! His soft fur is brown like chocolate and he has big, floppy ears. Do you see his wagging tail? That means he's happy to see us! Let's give him a gentle pat and say 'hello' to our new fur","""Come here, sweetie, let's play with your soft, squishy teddy bear and your shiny, bouncy ball. You know, it's fun to hold the bear and squeeze, and when you bounce the ball, it goes up and down, just like","""Sweetie, today we're talking about your family, like mommy, daddy, and your siblings. They love you so much, just like how you love your teddy bear, Rufus!""","""Look, sweetie, Mama is hugging you tight, and Daddy is playing with you in the garden, and Grandma is smiling at us from the picture!""","""Hey there, sweetie! Look at this yummy fruit, it's a juicy, bright red apple, just like your favorite cartoon character. Want to give it a gentle bite? Remember, take small bites and chew slowly. Yum!""","""Look, sweetie, this fluffy little kitty is purring and playing with a ball of yarn. Isn't it soft and cute? Would you like to give it a gentle pet?""","""Hey there, sweetie! Look at all the fun toys you have. Let's play with the colorful blocks, and then we can have a fun time with your favorite teddy bear.""","""Look at those fun, colorful blocks, sweetie! You can build a tall tower or make a little house for our stuffed bear. Let's play together!""","""Look at these yummy, bright red tomatoes! They're so juicy and sweet, sweetie. We're going to slice them up and make a tasty salad together!""","""Look at our cozy house, little buddy! It has a bright blue roof, big windows, and a friendly red door. Inside, we have a snug bed, a soft carpet, and yummy food in the fridge. Let's play house together, and I'll show you","""Look at the shiny, bright car, little buddy! It's a red one with four wheels and a loud engine. It will take you on fun adventures and to the park with your mommy and daddy.""","""Hey sweetie, in our family, we have Mommy, Daddy, your big brother, and me. We love spending time together, playing, eating yummy food, and telling fun stories."""
"""Look at the big, beautiful house with the red roof and the pretty windows, little one! Inside, there are cozy beds, yummy food, and loving people who take care of you.""","""Look at that little birdie, sweetie! It's so tiny, with soft feathers, and it's chirping a happy song for us!""","""Sweetie, here comes your yummy carrot! Look at how bright orange it is! Mmm, can you taste it? It's crunchy and full of vitamins!""","""Look, sweetie, this is our cozy house where we live and play together. We sleep here, we eat here, and we have fun here with mommy and daddy. Isn't it nice?""","""Look at the happy family, sweetie! Mommy and Daddy love you so much, just like we love you. You're our precious little one!""","""Look at that cute little kitty, sweetie! It's a fluffy ball of purr-fect softness, just like a big, fuzzy teddy bear!""","""Look at the yummy carrots, sweetie! They're orange and crunchy. Yum, yum, we're going to munch on these tasty little veggies together!""","""Look, sweetie, this is our cozy house! It's where we sleep, play, and have yummy meals together. Let's walk to the door and say hello to our friendly neighbors!""","""Look, sweetie, this cute puppy is playing with its fluffy tail. See how it wags it back and forth when it's happy. Isn't that adorable?""","""Look at the fluffy bunny hopping over the flowers, little one. The bunny is so soft and gentle, isn't it? Animals come in all shapes and sizes, just like you and me!""","""Look at those big, soft teddy bears! Let's pick the one with the roundest ears, and we'll hug it together!""","""Look, sweetie, there's a pretty bird up in the sky! It has soft feathers, a little beak, and it's singing a lovely song just for you.""","""Look at the cute little dog, sweetie! It's wagging its tail because it's so happy to see you. The dog is going to play fetch with us!""","""Look at the cute little puppy! Can you say 'woof woof'? Puppies like to play and cuddle, just like your teddy bear.""","""Look at these bright, round grapes! They are as plump as little balls, and they taste sweet when we take a little bite. Would you like to try one?""","""Look, baby, see that cute puppy over there? It's so soft and fluffy, and it loves to play with its toys. Isn't it the sweetest puppy?""","""Look at the cute dog, sweetie! The dog has soft fur and waggy tail. It's so friendly and loves to play fetch!""","""Look at those big, colorful blocks, sweetie! Let's build a tall tower together with these fun toys!""","""Hey sweetie, you know who we love? We love mommy and daddy! They are the best people in the whole wide world, and they always keep us safe and happy. We also love our big brother and sister, and we do fun things together, like playing, reading, and cud","""Hey there, sweetheart! You know, our family is like a big, warm hug that always has our backs. We're a team, and we love each other so much!""","""Yummy yummy food! Here's some tasty apple slices for you to munch on, little one!""","""Look at the fluffy kitty cat, sweetie! It's purring and playing with its yarn ball, isn't it cute?""","""Look at those soft, squishy balls and the colorful blocks! You can play with them and stack them up, little buddy!""","""Look at all these wonderful toys, sweetie! This is a soft, fluffy teddy bear for cuddling and this big, colorful ball is perfect for rolling around and kicking!""","""Sweetie, it's time to eat your yummy broccoli and carrots! They make you strong and healthy, just like the superheroes you love.""","""Come here, sweetie! Look at this big, beautiful house with a shiny red door and a lovely garden with lots of pretty flowers!""","""Look at the big, shiny car, little buddy! Can you see how it has four wheels that go 'vroom' when we play pretend? The car is for taking us places, just like mommy and daddy do. Isn't it exciting to imagine all the fun advent","""Look at the happy family, sweetie! Mommy, Daddy, and little sister love playing together and sharing yummy snacks."""
"""Look at the big, beautiful house, sweetie! It's where mommy and daddy live, and it's full of love and warmth.""","""Look at the pretty bird with colorful feathers, sweetie! The bird is singing a lovely song, just for you.""","""Look at this yummy carrot, sweetie! It's orange and crunchy, perfect for you to try!""","""Look, sweetie, this big and cozy house is where mommy and daddy live, and it has many rooms with pretty walls, soft beds, and yummy snacks!""","""Look, sweetie, that's your mommy and daddy! They are your family. They love you very much, just like I do!""","""Look, little buddy! See the fluffy, cute cat? Meow! Isn't it soft and pretty? Want to say 'meow' back to the cat?""","""Yummy, sweet apple! Look at you, eating your apple! It's red and yummy. Mommy loves it too!""","""Come here, little buddy! Look at the big, beautiful house with a shiny red door and lots of windows. Can you see the flowers growing on the lawn outside?""","""Look at the cute little dog, sweetie! It's a furry friend that barks and loves to play fetch with you!""","""Look at the puppy, sweetie! Puppies are soft and cuddly. They love to play and run around with you. Can you say 'puppy'?""","""Come here, little one! Let's play with your favorite soft toy and stack these colorful building blocks.""","""Look at the beautiful bird, sweetie! It has feathers all over and can fly high in the sky. Isn't it amazing?""","""Look at the cute, fluffy dog wagging its tail and wanting to play! Let's say 'dog' together, sweetie. Good job!""","""Look at the fluffy bunny hopping by, little one! Isn't it cute when it hops and wiggles its ears?""","""Look at the bright, red tomato! It's a juicy little snack. We're going to make a yummy tomato sandwich together. You'll get to choose the biggest slice, and I'll spread some creamy cheese on top. Yummy!""","""Look, sweetie, see the fluffy bunny hopping around? The bunny is so soft and cute!""","""Look at the cute fluffy dog, sweetie! Can you say 'woof woof' like the dog? Dogs love to play and cuddle with us, just like when we play together and hug our toys.""","""Oh, look at all these fun toys! Want to play with the colorful blocks and gentle teddy bear together?""","""Look, sweetie, that's mommy and daddy at the park, holding hands and playing with you. They love you very much and are always there for you!""","""Hey sweetie, you know who you are? You're a big-time family member! Your mommy and daddy love you so much, just like your big brother and sister do. Together, we make a big, happy family, just like your favorite storybook characters!""","""Look at these bright, juicy red apples, sweetie! They are crunchy and delicious, perfect for snacking and making apple pie with mommy!""","""Look at the fluffy, cute kitty cat! Meow, meow, little one, see how the cat is playing with its ball?""","""Look, sweetie, those are your favorite toys! The soft teddy bear is for hugging, and the big, bouncy ball is for throwing and catching!""","""Look at these wonderful toys! This colorful ball is just perfect for you to bounce and play with. And see the soft teddy bear? It's waiting for you to give it a cuddle. Remember, only our special toys are for you.""","""Look at this yummy, ripe banana! It's as sweet as candy and makes our tummies happy when we eat it!""","""Come here, sweetie! Let's go explore the cozy, colorful house we live in. Look at the big, soft couch, the fluffy carpet, and the pretty curtains hanging by the windows. We have a lovely bedroom with a comfy bed","""Look at that big, shiny car! It's so cool and fast, like a superhero zooming on the road!""","""Hey sweetie, guess what? Today, we're going to talk about our family, which is our group of people who love and care for each other, like mommy, daddy, and little brother/sister, just like you are the most special part of our family!"""
"""Look at mommy and daddy, they're your family. We love you so much!""","""Look at the cute little dog, sweetie! The fluffy one wags its tail and barks like a big, friendly doggie!""","""Look at the cute fluffy cat, kitty! Meow meow, let's play peekaboo with the paw!""","""Look, little buddy! This cute furry friend is a dog. Wag its tail, and let's say 'woof woof' together!""","""Look, sweetie, a pretty birdie! It's singing a lovely song for us. Can you hear the birdie sing?""","""Sweetie, this yummy carrot is orange and crunchy. Let's try to munch it together, okay?""","""Look, sweetie, there's a pretty bird with colorful feathers sitting on that tree branch. It's chirping a lovely song for us to hear!""","""Look at our happy family, little one! Mommy and Daddy are here, and we love you so much. We're all together, like a big, loving team!""","""Look, sweetie, this is a doggy! Woof woof! Isn't he fluffy and cute? Dogs are furry friends who like to play and cuddle.""","""Look at the big, shiny car! It's so bright and fast. Want to pretend we're driving the car together?""","""Oh, look at the bright and colorful blocks! Let's stack them up high so we can knock them down and watch them fall! What a fun way to play!""","""Look at the big, red car! It's so shiny and fast, just like when we race our toy cars together, isn't it exciting?""","""Look, sweetie, this is a big, shiny car! It has four wheels and it goes 'vroom, vroom' when it moves. Let's say 'car' together, one 'c', one 'a', and one 'r'.""","""Look at the cute little kitty, sweetie! This is a cute furry friend who loves to purr and play. The kitty's soft fur is so fluffy, just like a cloud!""","""Look at the beautiful bird outside, sweetie! It's singing a lovely song and its feathers are all bright and colorful.""","""Look at the fluffy bunny hopping over the grass, sweetie, can you spot the bunny?""","""Look at the fluffy bunny hopping by! It's so cute with its soft ears and long floppy tail. Do you see the baby rabbit?""","""Hey there, little buddy! Let's play hide and seek in our house. Can you find all the soft cushions for me, and maybe we can tickle the fluffy cat, or read a fun story in our cozy reading corner!""","""Look at Mommy and Daddy holding hands, they are our lovely family who always helps us and keeps us safe!""","""Look, sweetie! That's a birdie. It's so fluffy and colorful, isn't it? It's chirping its little tune. Can you say 'birdie'? Beautiful, isn't it?""","""Look at these juicy red strawberries! They're so sweet and yummy, sweetie, you can help me pick them for a yummy snack!""","""Look, sweetie, we're going to the house now! It's a big, cozy place where we all live together. See the blue door? That's our home! Let's walk in and make it a wonderful place, okay?""","""Look at that beautiful bird, sweetie! It has bright feathers and a cute beak. Birds like this can sing pretty songs and fly high in the sky, just like you!""","""Look at that beautiful bird with feathers so soft and bright! Can you say 'bird'? Birds like to hop and chirp, and they make the sky so fun and happy!""","""Look at that beautiful bird, sweetie! It's so colorful and fluffy, like a little feathery friend just for you.""","""Hey sweetie, we are a family, just like a group of superheroes, where everyone has special powers and loves each other very much!""","""Look at that beautiful bird, sweetie! It's called a robin and it's singing a lovely song for us to enjoy. Isn't that amazing?""","""Look at these yummy, colorful vegetables! We're going to have a tasty meal together, sweetie!"""
"""Look at me, my sweet baby! This is your mommy and daddy, they love you so much and they are always here to take care of you.""","""Look at the puppy, little one! It's wagging its tail and having so much fun playing. Can you say 'puppy'? That's right, 'puppy'! Dogs are cute, friendly, and love to play with us. Isn't that ador","""Look at the cute little kitty cat with the fluffy tail! Isn't she so soft and cuddly, little one? The cat is purring, that means she's happy and wants to play with you!""","""Look at the cute fluffy dog wagging its tail! Do you see its soft fur? Can you say 'dog' with me, sweetie?""","""Look, sweetie, a bird! It's singing a beautiful song. Can you hear it? The bird is so pretty and colorful, isn't it?""","""Look, sweetie, the juicy apple is red and crunchy. It's yummy and healthy for you!""","""Look at the little birdie, sweetie! It's singing a pretty song for us to hear. Want to wave your hands and see if it comes closer?""","""Look, sweetie, this is your mommy and daddy, your big sister, and your little brother, all snuggled together as a lovely family, just like you.""","""Look, sweetie, this is a big, fluffy dog! Can you say 'dog'? The dog is wagging its tail and wants to play.""","""Look at that big red car, sweetie! The car is going fast on the road, zooming past the trees and houses. It has four wheels and shiny windows. Can you say car?""","""Look at the bright and bouncy ball, sweetie! Want to give it a gentle toss and watch it roll around like a happy little circle?""","""Look at the big red car, sweetie! It's shiny and fast. The wheels go round and round like a circle. Want to go for a pretend drive in our toy car?""","""Look at the big red car, sweetie! It has four wheels, a shiny roof, and can go really fast when the grown-ups press the pedals. Isn't it fun to watch the car zoom by?""","""Look, sweetie, this cute fluffy cat is purring and wants to be petted!""","""Look, sweetie, there's a beautiful bird with feathers that are so colorful, just like a rainbow! The bird is chirping and hopping around in the tree. Let's say 'bird' together, 'b-i-r-d'.""","""Look at the fluffy bunny hopping over the grass, little one! Isn't it soft and cute?""","""Look, sweetie, see that fluffy bunny hopping over there? Let's say 'hopping' together and giggle at how happy the bunny is to hop around the meadow.""","""Come here, sweetie! Let's look at the pretty house with the big windows, the red roof, and the friendly doors. Isn't it exciting? You can play hide and seek in the house, or pretend to be a superhero climbing up the stairs to save the","""Hey sweetie, today we're going to talk about our family. You know how we have mommy and daddy, right? And then we have your big brother, Ethan, and your little sister, Lily. They're our precious family members, and we love spending time","""Look at the beautiful bird, sweetie! It has colorful feathers and can sing songs for us to enjoy.""","""Hey there, sweetie! Look at those yummy, ripe, red strawberries! They're so juicy and sweet. Would you like to try some?""","""Look at the big, cozy house where Mommy and Daddy live with us, sweetie! It's got a shiny red roof, white walls, and lots of windows to let the sunshine in!""","""Look, sweetie, a little birdie is flying up high in the sky. Its wings are flapping so fast, just like when you wave goodbye to mommy and daddy!""","""Look, little one! There's a beautiful bird with colorful feathers and a sweet song. It's chirping and hopping around in the tree. Isn't it a lovely little birdie?""","""Look, sweetie, there's a birdie up in the sky! It's a little blue and it's singing a pretty song just for us!""","""Hey sweetie, we're going to talk about our family today. We have Mommy, Daddy, and your big brother. They love you so much and they always make sure you have everything you need. Our family is our special team, and we all help each other.""","""Look at the beautiful bird, sweetie! Its feathers are so pretty, like a rainbow. Want to see it fly away? Just close your eyes and count to three, and it will be gone!""","""Look at the yummy banana! It's so sweet and soft, just like a little yellow treasure that we can munch on together!"""
"""Look, sweetie, these are your favorite people, your mommy and daddy, always there for you and smiling at you.""","""Look at the doggy, little one! The doggy is bouncing around with so much fun, isn't it? Can you say 'doggy'? Let's say it together, 'doggy.' Good job!""","""Look at the cute little kitty, sweetie! The kitty is soft and fluffy, with big round eyes and a tiny nose. Can you say 'cat' with me? Cat, cat, cat!""","""Look at the big, fluffy dog! He's barking and wagging his tail, and it's so soft and cuddly. Want to pet him?""","""Look, sweetie, that beautiful bird is soaring high in the sky with its wings spread wide, and it's singing a lovely song for us to hear.""","""Sweetie, this yummy-looking carrot is orange and crunchy. We're going to eat it and feel strong and healthy!""","""Look at the pretty bird, sweetie! It's flying up high in the sky with its colorful feathers. Want to watch it together?""","""Hey there, little buddy! Look at your mommy and daddy, they're your family. They love you lots and lots, just like mommy loves your soft, fluffy toy, and daddy loves when you give him a big, huggy bear hug","""Look at the fluffy, cute puppy! It's bouncing around and wagging its tail because it's so happy!""","""Look at the bright red car! It's going fast down the street. The wheels are spinning, and the car's doors open and close. Isn't it a funny little car?""","""Look at all the colorful toys! Let's play together with the bouncy ball and the soft teddy bear.""","""Look at the big, red car! The car's wheels are round, and it has a shiny top that goes up and down, just like when we wave hello to the moon. Isn't it amazing how cars can take us to new places and help us go on fun adventures?""","""Look, sweetie, this big car with four wheels is going to take us on a fun ride! Can you say 'car'?""","""Look, sweetie, there's a fluffy cat! Meow, meow, can you say 'meow'? That's right, meow! The cat is purring and playing with a ball of yarn. Isn't she adorable?""","""Look at the beautiful bird, sweetie! It's singing a lovely song, and it has soft feathers all over its body.""","""Look at the cute puppy! He has soft fur and wags his tail when he's happy!""","""Look at the cute puppy, sweetie! It's a fluffy friend that barks and loves to play fetch!""","""Look at our lovely house, sweetie! It's big and comfy, just like a cozy nest for you to play and sleep in.""","""Hey sweetie, you have a big, loving family with Mommy, Daddy, and your siblings, who are all so special and unique just like you!""","""Look at the beautiful bird with the colorful feathers, sweetie! It's singing a lovely song for us to enjoy.""","""Yummy, sweet, yummy, juicy apple! Crunch crunch, do you hear the sound? It's a fun, tasty fruit for our playtime snack!""","""Look at this big house, sweetie! It has a cozy bed for you to sleep in, a fun kitchen where we make yummy snacks, and lots of windows to see the pretty flowers outside!""","""Look at that beautiful bird, sweetie! It's flapping its wings and singing a lovely song, isn't it? Birds can fly high in the sky, just like superheroes, and they come in all shapes and colors. Isn't that amazing? We're","""Look at the beautiful birdie, sweetie! It has soft, colorful feathers and can sing such lovely songs. Let's say 'birdie' together and watch it fly high up in the sky, don't you think?""","""Look at that beautiful bird, sweetie! It has feathers like your blanket, and it's singing a lovely song for us to hear.""","""Look at mommy, sweetie! She's our special family person who loves you very much.""","""Look at that beautiful bird, sweetie! It's called a robin. Robins have bright red breasts and they love to hop around in the grass. Can you say 'robin'? Let's listen to the chirping sound it makes. Shh, shh, can you","""Yummy, sweet apple, crunchy and yummy!"""
"""Look at me, sweetie! See how we all are together in our family, like a beautiful puzzle where each piece is unique and special. Mommy and Daddy, your siblings, and you make our family so special, just like how each of your little fingers is special to me.""","""Look at the puppy! The puppy is so soft and fluffy. Let's give it a gentle pat. The puppy loves to play with its favorite toy, a squeaky ball. Isn't the puppy's tail wagging happily? Puppy","""Look at the fluffy, cute kitty cat, sweetie! The kitty cat is purring and playing with a ball of yarn. Isn't it so soft and cuddly, my love?""","""Look at the fluffy dog, sweetie! The dog is wagging its tail and it's so happy to see you.""","""Look at the birdie, sweetie! It's a pretty bird with feathers, chirping softly in the sky.""","""Look, sweetie, here comes your favorite yummy banana! Yummy, yummy, banana!""","""Look, sweetie, that's a pretty bird with colorful feathers, and it's singing a lovely song!""","""Look at mommy and daddy, sweetheart! They love you very much and are always here to keep you safe and happy. They are your mommy and daddy, and they're your family.""","""Look, sweetie, there's a big, fluffy dog wagging its tail and barking happily! It's time to say 'hello' to our new furry friend!""","""Look at the big, shiny car! It's going to take us on a fun ride. Wow, see how it honks when we wave? Let's sit down and pretend we're driving it together!""","""Look at all the pretty, soft toys! You can touch the fluffy bear and press the round ball. They are so much fun to play with!""","""Look at the big, red car! It's so shiny and fast, and it goes 'vroom vroom' when we pretend to drive it!""","""Look at the big red car, sweetie! Can you say 'car'? It's a fun ride, just like a big toy car, rolling down the road to take us to places we love!""","""Look, sweetie, this is a cat! It's soft and fluffy, with big eyes and a cute little tail. The cat says 'meow' when it's happy, just like how you say 'mama' and 'dada'!""","""Look, sweetie! There's a pretty bird sitting on the tree. It's chirping its little tune. Isn't that so funny? Let's say 'bird' together. Bird. Can you say 'bird'? Good job! That's right, it'","""Look at the bunny hopping! Hoppity, hop! See how fluffy and soft it is? The bunny's ears are so long, like little carrots!""","""Look at the puppy, sweetie! It's so fluffy and playful, just like when we play with your stuffed teddy bear. Let's say 'woof woof' together, just like the puppy's bark!""","""Look, sweetie, this is our cozy home! It's warm and safe, with a lovely kitchen where we cook yummy food, a soft bedroom for sleeping, and a big playroom full of toys to make us smile!""","""Look, sweetie, mommy and daddy are your family, just like me, and we all love each other very much!""","""Look, sweetie, a beautiful birdie is singing a lovely song for us in the tree!""","""Look at these bright, colorful carrots! They're not just fun to see, they're crunchy and yummy too! Let's try one together, sweetie!""","""Look at our lovely home, sweetie! Can you see how big and cozy it is? This is where we all live and play together, and it's our special house!""","""Look at the pretty bird with its colorful feathers and chirpy song, little buddy! Isn't it fun to watch the bird fly and sing in the sky?""","""Look, sweetie, there's a beautiful bird up high in the sky, with bright feathers and a melodious song that it sings to the sun every morning.""","""Look at that beautiful birdie! It's singing a lovely song with its little beak.""","""Look at mommy and daddy, sweetie! They are your family, and they love you very much. We are all special together.""","""Look, sweetie, there's a beautiful bird with colorful feathers singing a lovely song in the tree. Isn't it amazing how it can fly high up in the sky?""","""Look at these juicy red tomatoes, sweetie! They're so yummy and colorful. Let's put them on your sandwich for a delicious lunch!"""
"""Look at the smiling family, sweetie! Mommy and Daddy are your loving parents, and they will always take care of you, just like a big bear hug.""","""Look at the fluffy dog, sweetie! See how it wags its tail and wiggles its little legs. Isn't it adorable?""","""Look at the cute little cat, she has soft fur and tiny paws to play with!""","""Look at the fluffy dog, sweetie! He's so big and waggy-tailed, just like a big, furry, happy friend for you.""","""Look at that beautiful birdie, sweetie! The birdie has soft feathers and is singing a lovely song for us.""","""Look at these juicy, ripe red tomatoes! They're so plump and yummy. Let's add them to our tasty salad and make it extra delicious!""","""Look at that pretty birdie with its bright feathers, little one! Can you say bird?""","""Hey there, sweetie! You know, our family is like a big, happy puzzle where everyone fits together. We have your mommy and daddy, your sister, and your grandma and grandpa. Each one is super special, just like you, and we love spending time together,","""Look at the fluffy dog, sweetie! The dog is wagging its tail because it's happy to see you!""","""Look at the big, shiny car! Can you say 'car'? It's a fun ride that goes 'vroom-vroom' and takes us on adventures!""","""Look at all these colorful toys, little buddy! Can you find the red truck? It's ready for a big adventure!""","""Look at the shiny, big car, sweetie! It has four round wheels and makes a fun honk sound when it goes by!""","""Look at the shiny red car, sweetie! It's zooming down the street, honking its happy horn and making us giggle. Isn't it exciting? Let's wave at it together!""","""Look, sweetie, this fluffy, cute kitty cat is purring and playing with its toy mouse. Isn't it adorable? Let's say 'meow' together and watch the cat enjoy its playtime.""","""Look at the pretty bird with feathers, little one! It's flapping its wings and singing a sweet song. Isn't it amazing how it can fly so high in the sky?""","""Look at the fluffy bunny hopping around, little one! The bunny's so soft and cute, and it loves to eat carrots just like you might like your favorite snack.""","""Look at the fluffy bunny hopping by, little one! Can you see its cotton-candy tail? Bunnies are cute and soft, and they love to nibble on carrots and lettuce in the garden!""","""Look at the big, cozy house, sweetie! It has a lovely blue door and colorful flowers in the front yard. Isn't it a wonderful place to live?""","""Hey there, sweetie! Remember mommy and daddy? They are your favorite family, and they love you lots and lots. They are always there for you, just like your teddy bear!""","""Look, sweetie! See that beautiful bird in the sky? It's a big, pretty bird with colorful feathers that sing a lovely song.""","""Yummy yummy, sweetie! Here's a big, ripe, juicy red apple for you to enjoy. It's crunchy, sweet, and healthy, perfect for a little helper like you. Mmm, apple, apple, apple, it's so delicious!""","""Look at our beautiful home, sweetie! See the walls, the cozy bed, and the yummy snacks in the kitchen. Isn't it a lovely house?""","""Look at the beautiful bird with its colorful feathers, little buddy! It's chirping and hopping around, having a big, fun adventure in the sky!""","""Look at that beautiful bird, sweetie! See how it's hopping around, flapping its colorful wings, and singing a lovely song?""","""Look, sweetie! That's a big, beautiful bird. See how it's flapping its wings? Birds like to sing pretty songs and hop around in the sky.""","""Look at us, sweetie! We're a family, just like your mommy, daddy, and me. We love you very much and always have a hug for you.""","""Look at the pretty bird with the big red beak and feathers that flutter when it flies. Isn't it fun to watch it soar high in the sky?""","""Hey sweetie, it's time for your yummy snack! Can you say apple? Yum! That's right, it's apple, apple!"""
"""Look, sweetie, these are your loving family members! See, these are your mommy and daddy, and over there are your big brothers and sisters, always there to play and snuggle with you.""","""Look, little one, a big, fluffy dog is running and wagging his tail happily. He's so cute and playful, isn't he?""","""Look at the cute, soft cat. The cat is purring and cuddly, just like a little kitty toy. Oh, see how the cat's fur is all fluffy and fun to touch?""","""Look, little one, there's a cute dog! The dog is wagging its tail because it's happy. Can you say 'dog'? Good job! That's right, it's a dog, and it's so soft and fluffy. Want to pet","""Look at the birdie! The birdie is singing and hopping around in the sky. Isn't it a little feathery friend?""","""Sweetie, look at this yummy banana! Eat it, and you'll grow big and strong, just like mommy!""","""Look at the beautiful birdie with its colorful feathers, sweetie! It's singing a lovely song for us to enjoy.""","""Look, sweetie, this is mommy, and this is daddy, and over here are your big sister and brother. They're your family, and we love you so much!""","""Look, sweetie, this is a doggy! See how it wags its tail when it's happy? Doggy is so cute, isn't it?""","""Look at the big, red car! Wow, see how the wheels spin? Can you say 'car'? It goes 'vroom vroom' when it moves, like when we go on a fun ride!""","""Oh, look at these fun toys! We're going to play with the colorful blocks and the soft teddy bear, okay? Let's build a big tower together!""","""Look at the big, shiny car, sweetie! The car has four wheels, and they go 'vroom, vroom' when it goes fast. It has a bumpy yellow carpet inside, where we sit and drive safely together.""","""Look, sweetie, this big and shiny car is going to take us on an exciting adventure, full of fun and new discoveries, just like when we pretend to drive together and explore the world.""","""Look at the fluffy, cute kitty cat, little buddy! Do you see how it purrs when you pet it? Let's say 'meow' together and watch the cat purr too!""","""Look at that beautiful bird! It has feathers that are so colorful and pretty, just like a rainbow! Want to see if it's singing a lovely song?""","""Look at the cute little puppy, sweetie! Puppies are so soft and love to play fetch with their bouncy little balls.""","""Look at the big, fluffy bunny hopping over the grass, little buddy! The bunny is so happy and playful, isn't it?""","""Look at our cozy, colorful house, little buddy! It's got a big, beautiful roof to keep us safe, and it's painted with bright, cheerful colors. We have a lovely front door that welcomes us every day, and there are lots of windows that let in","""Look at mommy and daddy, sweetie! They love you so much and always take care of you. Isn't it fun when we all play together and cuddle?""","""Look at that beautiful bird, sweetie! It's a lovely blue bird with feathers that help it fly high in the sky. Isn't it amazing?""","""Yummy, yummy, sweet banana! Mommy is slicing it for your fruit snack!""","""Hey there, sweetie! Let's go explore the big house together. Can you say 'house'? Look at the blue walls, see the red door, and the fluffy carpet. We'll have lots of fun in this amazing home!""","""Look, sweetie, that little birdie is chirping. It has soft feathers and it's flapping its wings to fly high up in the sky.""","""Look at that beautiful birdie with its pretty feathers and beak, little one! Can you see how it's hopping around on the branch?""","""Look, sweetie, that bird is sitting on the branch of the tree, and it's singing a pretty song for us to enjoy!""","""Look at the happy family, sweetie! Daddy is working hard, Mommy is cooking yummy food, and you're my little buddy, helping and playing with us!""","""Look, sweetie, there's a pretty bird with feathers that are bright blue and white, just like your favorite toy. It's singing a lovely song for us to enjoy!""","""Look at the yummy, juicy, and bright red apple, little buddy! It's time to take a big, crunchy, and delicious bite!"""
"""Hey there, little one! Look at the smiling faces of your family members. Your mommy and daddy love you so much, just like how the sun loves to shine bright on you every day!""","""Look at the fluffy puppy! It's so soft and cute, let's say 'woof woof' together, sweetie!""","""Look, sweetie, this cute little kitty! The fluffy, white furry cat is purring softly and loves to play with yarn.""","""Look at the cute little dog! He's wagging his tail and barking happily. Want to say 'woof woof' with him?""","""Look at the pretty bird, sweetie! It's hopping around on the tree. Let's clap our hands when it flies!""","""Look, sweetie, these are yummy carrots! They're orange and crunchy, perfect for little fingers to hold and chew!""","""Look at that beautiful bird with colorful feathers, sweetie! It's so pretty, isn't it? The bird is singing a lovely song for us.""","""Hey sweetie, guess what? We're a big, happy family with mommy, daddy, grandma, grandpa, and your favorite little brother or sister!""","""Look at that adorable dog, sweetie! See how it's wagging its fluffy tail? Woof woof! Isn't it the cutest furry friend?""","""Look at that big, shiny car! The car is so colorful with red, blue, and yellow. It goes vroom-vroom when we push it!""","""Look at all these fun toys, little one! These are soft and cuddly, just perfect for you to play with and make lots of happy sounds.""","""Look at the big, shiny car, sweetie! It has four round wheels and it goes 'vroom-vroom' when it drives on the road.""","""Look at the big, red car, sweetie! Can you say 'car'? See how it rolls along the road? Let's talk about all the fun things we can do with cars, like going on adventures or playing 'car race' together!""","""Look at the cute little cat, sweetie! See how it's purring softly, playing with a ball of yarn, and stretching its paws so high up in the sky. Isn't it adorable?""","""Look at that beautiful birdie, sweetie! It's singing a lovely song with its tiny beak. Isn't it so colorful and cute?""","""Look at the cute little kitten, it's soft and fluffy, just like a tiny ball of yarn!""","""Look at that fluffy bunny hopping around, little one! Isn't it hoppity-hop and cute?""","""Hey there, sweetie! Let's play a game and look at all the different rooms in our house! We have a cozy bedroom, a kitchen where yummy food is made, and a living room where we have fun together. Isn't our home just the neatest place in the","""Hey sweetie, guess what? Today we're going to learn about our family! We have Mommy, Daddy, your big brother, and your adorable little sister, each one special and unique. You're my little sunshine, and we love you just the way you","""Look at that beautiful bird, sweetie! It's flapping its wings so fast, just like you do when you play! Isn't it pretty with all its colors?""","""Look, sweetie, here's a yummy apple. It's bright red and crunchy. You can take a big bite and enjoy the sweet taste. Yum!""","""Look, sweetie, there's a big, comfy house where Mommy and Daddy live. It has a shiny red roof, a green door, and lots of windows to see out. Isn't it nice and warm inside? Let's go explore the house together!""","""Look at that beautiful bird, sweetie! It's a colorful parrot with feathers that shimmer like a rainbow. It's hopping around in the tree, singing a lovely song just for us to hear!""","""Look at the big, beautiful bird up in the sky, little buddy! It's flapping its wings and flying with its feathers all fluffy. Isn't it amazing how birds can fly high and find their way around?""","""Look at the pretty birdie, little one! It's singing a sweet song and flying high in the sky!""","""Look at the smiling faces of your family, sweetie! Your mommy and daddy, your little brother or sister, all love you so much.""","""Look at that beautiful bird, sweetie! It's a pretty, colorful bird that chirps and sings to us. The bird has wings, and it can fly high up in the sky. Birds like this one have soft, feathery feathers that keep them warm, and they","""Yummy, sweet, tasty apple! Look, it's red and round, and it's so yummy and crunchy when you bite into it."""
"""Look, sweetie, this is Mommy and Daddy holding your tiny hands. We love you so much, and we're your family.""","""Look at the doggy, sweetie! He's a soft, cuddly furry friend. See how he wags his tail when he's happy? And look at his big, round puppy eyes, aren't they just the cutest? Let's say 'dog","""Look at the cute fluffy cat, little one! The cat is purring softly and has big round eyes. Can you say 'cat'? Good job! Now, let's see the cat chasing a little ball. The cat is so playful and fun!""","""Look at the fluffy, cute dog wagging its tail happily, little one. Dogs are so friendly and love to play with us.""","""Look at that little birdie, sweetie! It's chirping and fluffing its feathers, just like it's getting ready to fly high in the sky!""","""Look at the yummy apple, sweetie! It's ripe and red. Can you say 'apple'? That's right, apple! We're going to slice it up and make a tasty snack together.""","""Look at that beautiful birdie! It's a colorful little bird with wings that flap so fast, just like your wings when you play. Isn't it so fun to watch?""","""Hey sweetie, look at your big brother playing with his toy cars. They zoom and zoom around, just like when mommy and daddy go on their car ride in the car!""","""Look at that cute dog, sweetie! See how it wags its fluffy tail and barks happily? Isn't it a fluffy, friendly pup?""","""Come here, sweetie, let's see the big red car! Look how shiny it is, and hear the engine go 'vroom vroom' when it moves!""","""Look at all the cute little toys! Which one do you want to play with first, the big red truck or the fluffy teddy bear?""","""Look, sweetie, that big red car goes vroom-vroom and takes us on fun rides!""","""Look, sweetie, there's a big, shiny car! It's red, like the apples you love, and it's ready to go on a fun ride with you and Mommy!""","""Look, sweetie, this fluffy, cute little cat is purring softly. Its soft fur is as white as snow and its eyes are as blue as the sky. It's time for the cat to sleep now, so we will say goodnight to our fuzzy friend.""","""Look, sweetie, a beautiful bird is singing its sweetest song from the tree. Its feathers are as colorful as your crayons!""","""Look at the cute little puppy! Puppies are so fluffy and love to play with balls of yarn. Can you say 'puppy'?""","""Look at the cute little puppy! It's a puppy, little buddy. Can you say 'puppy'? That's right! A puppy is a small, furry friend that loves to play and run around. Do you see the puppy's ears? They","""Hey there, sweetie! Look at this beautiful house! It's big and has a lovely roof to keep us safe and dry. Let's go inside and explore!""","""Hey there, sweetie! Look at mommy and daddy, they're our family! They love you so much and always make sure we have yummy food, fun stories, and lots of cuddles.""","""Look, sweetie, there's a beautiful bird up in the sky with bright feathers, chirping its lovely song. Isn't it fun to watch and listen to it?""","""Sweetie, this yummy apple is red and crunchy, and it's perfect for you to munch on, helping your teeth grow strong and healthy!""","""Look at this beautiful house, sweetie! It's like a big, cozy home where mommy and daddy live, where we eat yummy food and play fun games. Isn't it amazing that we get to have our very own house, just for us?""","""Look at that beautiful bird with its colorful feathers, sweetie! It's flying up high, just like how you learned to fly with your cape.""","""Look, sweetie, a beautiful bird with colorful feathers is flying high up in the sky. It's singing a lovely song just for us.""","""Look at the beautiful bird, sweetie! Its feathers are so colorful, and it's chirping a lovely song for us to hear.""","""Hey sweetie, you know how we love our family, right? We have mommy, daddy, and you! We all stick together and help each other, like when mommy cooks your favorite meal or daddy helps you tie your shoes. We're a team, aren'","""Look, sweetie, there's a little birdie up in the sky, chirping and hopping around. It's so pretty and fun to watch, isn't it?""","""Look, sweetie, we have some yummy apple slices here! Let's wash our hands and sit at the table to enjoy this tasty, crunchy treat together."""
"""Look at the family, sweetie! See how mommy and daddy are smiling at you. They love you so much!""","""Look, little one, see the fluffy dog wagging its tail happily, it's so cute and friendly, isn't it?""","""Look at the fluffy kitty cat, little one! The cat is purring and cuddly, just like a big, soft ball of fur. Isn't she cute and cuddly?""","""Look, sweetie, there's a friendly dog wagging its tail, ready to play. Woof woof, isn't it funny?""","""Look at the beautiful bird, sweetie! Its feathers are so pretty and soft. It's chirping a happy song for us to enjoy.""","""Look at the yummy, ripe banana! Want to help me peel it? It's time for a sweet, healthy snack!""","""Look at that beautiful birdie, sweetie! It's chirping and hopping around the tree. Isn't it cute and funny?""","""Look, sweetie, these are your family, your mommy and daddy, and your lovely little brother or sister. We love you very much and we're all here to play and have fun together!""","""Look at the doggie, sweetie! It's wagging its fluffy tail and has big, friendly eyes. The doggie is so cute!""","""Come here, sweetie, let's look at this big, shiny car together! See how it has four wheels and makes a loud 'vroom' sound when we pretend to drive it!""","""Oh, look at these bright and fun toys! Let's play together, little buddy!""","""Look at the big red car! It's shiny and fast. The car has wheels that roll and go 'vroom' when it drives on the road.""","""Look at that big, shiny car, sweetie! It's going to take us on an adventure to the park where we can play and have fun!""","""Look at the fluffy, cute kitty cat with paws like soft slippers. Can you say 'cat'? Cute kitty, say 'cat'!""","""Look at the pretty bird, sweetie! It's flapping its wings and chirping happily in the sky.""","""Look at the fluffy bunny hopping by the garden, little buddy! The bunny's soft fur is like a cloud, isn't it?""","""Look at the fluffy bunny hopping in the meadow, little one! Its soft fur and tiny paws are so cute!""","""Hey sweetie, look at this big, cozy house where mommy and daddy live. It has a big blue door, lots of windows, and a friendly red roof. Inside, there are rooms for sleeping, playing, and cooking yummy food. Want to see the fluff","""Look at mommy and daddy, sweetie! They're your loving family who always take care of you and make you feel safe and happy.""","""Look at the beautiful bird, sweetie! Its feathers are so pretty and colorful, and it's chirping its lovely song for us to hear. Isn't it amazing how nature has so many wonderful creatures like this?""","""Look at the juicy, ripe, red apple, sweet little one! It's time for a crunchy, yummy snack!""","""Hey sweetie, let's go explore the house! Look at the pretty walls, feel the soft carpet, and see the shiny light switches. Remember to always ask mommy and daddy if it's okay to touch something new. Isn't the house a fun place to play","""Look, sweetie, there's a little birdie flying high in the sky, with its soft feathers and tiny wings, singing a lovely song for us!""","""Look at that beautiful bird with colorful feathers, sweetie! Can you say 'bird'? It's a fun word to say, and the bird is singing a lovely song for us to enjoy!""","""Look, sweetie, there's a bird with beautiful feathers, chirping its tiny song to the sky!""","""Hey sweetie, guess what? It's time to say hello to our lovely family, mommy, daddy, big brother, little sister, and grandma and grandpa! They're all here with us, and we're all a big, happy family together!""","""Look, sweetie, there's a beautiful bird up in the sky, with colorful feathers and a funny little beak. Isn't it amazing how it can fly and sing all by itself?""","""Yummy yummy apple! You want to eat more, sweetie?"""
"""Look at us, little one! We're your mommy and daddy, and we love you so much. We're a family, and we're together forever.""","""Look at the doggie, sweetie! That's a big, fluffy, cute doggie. Can you say doggie? Let's wave hello to the doggie, yay!""","""Look, sweetie, that fluffy cat is purring and sleeping. It's so soft and cute, isn't it? The cat's tail is wagging happily.""","""Look at the cute little dog, sweetie! The dog is wagging its fluffy tail and barking happily. Isn't the dog so playful and adorable?""","""Look at that pretty bird with its colorful feathers, little buddy! It's singing a lovely song and dancing in the sky!""","""Look, sweetie, here comes your yummy apple, crunchy and red, ready for you to take a big, safe bite!""","""Look, sweetie, there's a birdie! It has pretty feathers, and it's singing a lovely song. Let's watch the birdie and see where it flies.""","""Look, sweetie, that's mommy and daddy! They are your favorite people. Mommy makes yummy cookies, and daddy takes you for fun walks in the park.""","""Look at the doggy, sweetie! The doggy is so fluffy and cute, and it's wagging its tail because it's happy to see you. Can we say 'woof woof' together?""","""Look at the big, red car, sweetie! Can you say 'car'? It goes 'vroom' when it moves, just like the big truck we saw today. Do you want to pretend to drive it with me? We can sit in the seats and imagine taking a fun ride together","""Hey there, little buddy! Look at all these colorful toys! Do you see the red car? Let's play a little game and roll it over together!""","""Come here, little one! Let's see this big, shiny car. It's so red and fast, but remember, no touching the car, okay? Mommy will help you cross the street when we're playing with cars.""","""Look, sweetie, that big red car zooming by! Want to hear a funny car joke? Why can't cars ever lose? Because they always run out of gas!""","""Look at the fluffy, cute cat, sweetie! The cat is purring and playing with its yarn ball. Can you say 'cat' with me?""","""Look, little buddy, there's a beautiful bird with feathers that are as soft as a fluffy cloud. Can you say 'bird'? Yes, that's right! The bird is flying high in the sky with its wings spread wide. Isn't it amazing how it can","""Look, sweetie, a cute little puppy! The puppy is wagging its tail and playing with a ball. See how it's so happy and full of energy. Let's go say hello to the puppy and maybe it will come and say hi to us too!""","""Look at the fluffy bunny, hopping around in the meadow. Its soft fur and tiny ears make it a happy, friendly rabbit. Can we count the bunny's ears together?""","""Look at our cozy, beautiful house, sweetie! The roof keeps us dry from the rain, and our lovely furniture is all yours to explore and play with!""","""Look at the family picture, sweetheart! Mommy, Daddy, and your sister are all together, just like a big, happy puzzle!""","""Look, sweetie, there's a beautiful bird flying in the sky! Its wings are flapping, and it's singing a lovely song. Isn't it a funny, little bird? Let's watch it together!""","""Look at these yummy, bright red tomatoes. They're juicy and make us happy when we eat them!""","""Come here, sweetie, let's go see the big house we live in. It's so colorful and fun, with lots of rooms to explore and play in!""","""Look, sweetie, that beautiful bird is flapping its wings and flying high in the sky. Isn't it amazing how it soars like a little airplane?""","""Look at the beautiful bird, sweetie! It has soft feathers and a big, round beak. The bird is chirping a happy song just for you!""","""Look at that beautiful bird! It's flapping its wings so fast, it's flying in the sky like a little airplane.""","""Look at the beautiful picture of mommy and daddy holding our little brother and sister. They love you so much, just like mommy and daddy do.""","""Look at the beautiful, fluffy bird flying high up in the sky! Isn't it amazing how it can spread its wings and soar like that? Birds are such wonderful creatures, don't you think?""","""Yummy yummy food! Let's eat our apple, carrot, and banana. They're so good for you!"""
"""Look at mommy, sweetie! Mommy and daddy are your family, and we all love you very much!""","""Look at the cute dog, sweetie! The fluffy puppy is wagging its tail because it's so happy to see you!""","""Look at the fluffy, cute kitty cat, little one! She has soft fur and tiny paws that are perfect for cuddling. Isn't she adorable?""","""Look at the fluffy, furry dog, sweetie! He wags his tail and loves to play with you, doesn't he?""","""Look at the beautiful bird flying high in the sky, it has soft feathers and it chirps a lovely song!""","""Look at the yummy, bright red apple! Want to try a sweet, crunchy bite?""","""Look at the little birdie, it's so tiny and chirpy! Can you say birdie? See how it flaps its wings and flies up high!""","""Hey there, sweetie! Let's talk about our lovely family, where we have Mommy and Daddy, your big sister, and your little brother, and we all love spending time together, just like this!""","""Look at the fluffy dog, sweetie! He's wagging his tail because he's so happy to see you!""","""Look at the shiny, big red car! It has wheels that roll and makes a fun, happy sound when we go for a ride!""","""Look at all these colorful toys, sweetie! You can choose your favorite one, and we'll play together. Let's pick the soft, fluffy teddy bear and cuddle it, okay?""","""Look, sweetie, this big red car! Can you say car? It's go go go! Wheeee!""","""Look at that big, shiny car! It's red like a strawberry. Let's wave hello to it together!""","""Look at the fluffy cat with pointy ears and soft fur! Meow, cat, it's saying hello to you!""","""Look at that beautiful bird, sweetie! It's a pretty blue bird, isn't it? See how it's flapping its wings? Wow, it's flying so high up in the sky!""","""Look at the fluffy bunny hopping in the meadow, little one! It has soft ears and loves to eat carrots just like your favorite cartoon character!""","""Look at the cute little puppy! It's wagging its fluffy tail because it's so happy to see you!""","""Come on, sweetie, let's go look at the house! See how big it is? We can play hide and seek, and maybe even find a secret spot to read our books together!""","""Look at our family, sweetie! We have Mommy, Daddy, and little brother or sister. We love to spend time together, play games, and share stories. We're all part of our happy family!""","""Look, sweetie, there's a bird! It's chirping and flying high in the sky. Isn't it lovely?""","""Yummy, little one! Look at this bright, juicy apple. It's so crunchy and sweet, just perfect for your tiny hands. Would you like to take a small bite?""","""Look, sweetie, we're going to the house now! The big, warm room with the cozy beds and yummy snacks is our house!""","""Look at that pretty bird, sweetie! It's flying up high with its feathers shining in the sun. Birds like that one are so fun to watch and listen to.""","""Look, sweetie, there's a beautiful bird! It has colorful feathers and it's singing a lovely song. Isn't it a little birdie?""","""Look at the beautiful bird! Its feathers are so soft and colorful, like a rainbow. Birds can fly high in the sky, singing sweet songs for us to hear.""","""Hey there, sweetie! Let's talk about your family. Remember your mommy and daddy? They're your big, loving family who always look after you.""","""Look, sweetie, that beautiful bird is singing its heart out in the sky. See how its feathers are shining like a rainbow?""","""Look at the yummy carrots! They're orange and crunchy, just like little baby teeth!"""
"""Hey, sweetie, guess what? Your family is like a big, happy puzzle, with each piece special and important, and together, we all make a beautiful picture!""","""Look sweetie, this fluffy dog is wagging its tail and barking happily, wagging its cute tail, wagging its cute tail!""","""Look at the fluffy, cute cat! The cat is soft and meows like a little kitty purring. Can you say 'cat'?""","""Look at that cute fluffy dog, sweetie! The dog is barking and wagging its tail, just like how you wag your little finger when you're happy!""","""Look, sweetie, a beautiful bird is singing its lovely song, flitting from branch to branch, and showing off its pretty feathers!""","""Look at the yummy apple, sweetie! It's red and round and tastes super yummy!""","""Look at that beautiful bird, sweetie! It's a fluffy, feathered friend with wings to fly and a melodious song for us to hear.""","""Hey there, sweetie! You know, mommy and daddy are your favorite people in the whole wide world. They love you so much, just like I do. They're always there for you, giving you hugs and kisses. Can you give your mommy and daddy a big","""Look at that cute puppy, sweetie! It's a soft and fluffy dog. The puppy is playing with a big, bouncy ball and wagging its fluffy tail.""","""Look, sweetie, this big yellow car! It has wheels and makes a fun sound when you push it. Want to play with it together?""","""Look at the soft, squishy teddy bear, sweetie! Can you give it a gentle hug and play with the colorful blocks?""","""Look at the big, shiny car! It's going to take us on a fun ride, just like our toy car. See how the wheels spin? That's how the car moves forward and backward. Let's sit in our pretend car seats and pretend we're","""Look at that big, shiny car, sweetie! It's so cool and red, like a superhero. Can you say car?""","""Look at the fluffy, cute cat with the pointy ears and soft fur! The cat is purring and kneading its paws, just like a cute little kitten!""","""Look, sweetie, that's a beautiful bird! It has feathers that are so colorful, like a rainbow. Can you say 'bird'? The bird is chirping, singing its sweet little song.""","""Look at the bunny hopping and jumping around, little one! The bunny is so fluffy and cute, isn't it?""","""Look at the cute puppy, sweetie! Puppies are so soft and they love to play with us. They are our furry friends!""","""Look at our beautiful house, sweetie! It's got a big, comfy bed for you to sleep in, a cozy kitchen where yummy food is made, and a bright living room with lots of toys to play with!""","""Hey there, sweetie! Today, we're talking about family. Remember, family means the people who love you and are there for you, like Mommy, Daddy, and even your little brother or sister. Isn't it nice to have people who care for us?""","""Look at the bird, sweetie! It's a pretty blue bird with a big beak. Isn't it lovely?""","""Look at the yummy carrots on your plate, little one! Crunch them up and munch them with your strong teeth, just like a big boy or girl!""","""Look, sweetie, this big and cozy house is where we all live together, with lots of rooms, a kitchen to make yummy snacks, and a garden outside where we can play and enjoy the sunshine!""","""Look at that beautiful bird, sweetie! It's flapping its wings and singing a lovely song for us to hear.""","""Look at that beautiful bird up in the sky, sweetie! It's so colorful and singing a lovely song for us.""","""Look at the little birdie outside, sweetie! It's chirping its tiny, cute tune. See how it's flapping its wings? Birds are so fun and colorful, aren't they?""","""Look, sweetie, that's your mommy and daddy, and those are your big siblings, just like you!""","""Look, sweetie, there's a beautiful bird with colorful feathers soaring through the sky, singing its lovely song for us to enjoy!""","""Look at the juicy red tomato! Want to eat it with me? It's yummy and good for you!"""
"""Look, sweetie, this is mommy and daddy! They're your family, and they love you so much. Mommy is here to take care of you, and daddy is here to play with you. Isn't it nice to have mommy and daddy together?""","""Look at the fluffy, waggy tail of the cute little puppy! Isn't he so soft and cuddly?""","""Look, sweetie, this cute little cat is purring softly, isn't it? She has fluffy fur and big eyes. Oh, the cat is so soft and cuddly, can you say 'cat'?""","""Look at the fluffy dog, little one! The dog is bouncing happily in the yard. See how he's wagging his tail, wagging it like a friendly flag!""","""Look at the beautiful birdie, sweetie! It has feathers like your soft blanket, and it's singing a lovely song for us to enjoy together.""","""Yummy, sweet apple! Crunch, crunch! Eat your apple, my little chef!""","""Look, sweetie, that's a birdie! Birds have wings to fly up high in the sky, and they make a lovely chirp sound. Isn't that so pretty?""","""Look, sweetie, mommy and daddy are your family. They love you very much and always there to play and cuddle with you.""","""Look, sweetie, this fluffy dog is wagging its tail because it's so happy to see you!""","""Look at the big, shiny car! It's so bright and red, like a juicy apple. The car's wheels go 'vroom, vroom' when it drives by, and the driver sits inside, like a superhero on a mission. Can you say 'car","""Look at all the colorful toys, sweetie! Let's play with the big, soft teddy bear together.""","""Look, sweetie, that big red car is driving down the road, and it's zooming by really fast!""","""Look at the big red car, sweetie! It's so shiny and fast. See how it zooms by with the wind blowing in your hair? Cars are cool and fun to watch!""","""Look at the fluffy kitty, little buddy! The cat is purring and playing with its toy mouse.""","""Look at the beautiful bird with its colorful feathers, sweetie! It's flapping its wings and singing a lovely song for us to enjoy.""","""Look at the bunny, sweetie! It's hopping around the garden, nibbling on those soft green leaves. Isn't it fluffy and cute?""","""Look, sweetie, here comes a bunny. Ho-ho-ho! The bunny has soft, fluffy fur and loves to hop around. Isn't it cute?""","""Come here, little one! Let's look at the pretty house with the red roof and big windows. See those lovely flowers in the garden? Oh, and don't forget to say 'hello' to the friendly dog on the porch!""","""Look at your family, sweetie! We're all together, like a big, warm hug, sharing love and fun times!""","""Look at that beautiful birdie! Its feathers are so pretty and colorful, aren't they? Birdies like this one can sing sweet songs and fly high up in the sky. Isn't it wonderful to see nature's little flying friends?""","""Look at these bright, red apples! Yummy apples! Let's take a big, juicy bite together!""","""Hey there, little buddy! Come look at the big, tall house where we live. See how the roof is like a hat, and the windows are like the eyes that see everything around us? Isn't it a wonderful house we call home?""","""Look, little buddy, there's a bird! It's fluffy and has beautiful feathers. The bird is singing a lovely song for us. Isn't that amazing?""","""Look at the pretty birdie in the sky, sweetie! It's flapping its wings so fast and singing a lovely song for us.""","""Look at the beautiful bird, sweetie! It's hopping around and singing a lovely song for us!""","""Hey sweetie, guess what? Mommy and Daddy love you so much, and they're always there to hug you and make you feel safe and happy!""","""Look at that beautiful bird, sweetie! It's a bright and colorful parrot, just like the one in your favorite storybook. Isn't it amazing how it can talk and sing like a little friend?""","""Yummy apple, sweet and crunchy! Yummy!"""
"""Look, sweetie, these are your mommy and daddy, and there's your big brother too, all loving you!""","""Look at the cute little puppy! Woof, woof! The fluffy dog is barking and playing with the ball, isn't it funny?""","""Look, sweetie, this is a cat! A fluffy furry friend with pointy ears, softly purring and playing with a little ball of yarn.""","""Look at the cute little dog wagging its fluffy tail, darling! It's time to say 'woof woof' and give it a gentle pat on the head. Isn't that adorable?""","""Look at the pretty birdie with its colorful feathers. It's flapping its wings so fast, like it's flying in the sky. Isn't it amazing? Let's point at it together and see if we can spot it again.""","""Look, sweetie, this is a yummy apple. Crunch crunch! Yummy, isn't it? Let's eat the apple together!""","""Look at the pretty birdie, sweetie! It's singing a lovely song. Isn't that bird so colorful and happy?""","""Look at mommy and daddy, sweetie! They love you so much and they're always here to play and cuddle with you!""","""Look at the fluffy, friendly dog! Its waggy tail says 'hello' and it wants to play with you.""","""Look at the big, red car! It's going to take us on a fun ride to the park. Can you say 'car'? Let's go, little car! Fast fast!""","""Look at all those bright, fun toys, sweetheart! Let's pick your favorite one and play together!""","""Look at the big red car, sweetie! It has wheels that spin and make it go vroom, vroom, like a fast little race car!""","""Look, sweetie, there's a big, shiny car driving by! It has wheels that go 'vroom-vroom' and it takes people from one place to another, just like a magical ride!""","""Look at that fluffy, cute cat! Meow, meow, that's what cats say when they want to play. Let's go gently touch its soft fur and see if it wants to cuddle.""","""Look at that beautiful bird! It's singing a lovely song with its sweet little voice.""","""Look at the fluffy bunny hopping over the grass, little one. See how it hops and plays, just like when we hop on our toys?""","""Look at the fluffy bunny, little one! It hops around and loves to munch on carrots. Isn't that cute?""","""Hey there, sweetie! Come on, let's look around our cozy house. See those pretty walls, soft carpet, and the big, comfy bed? Let's go check out all the fun places we have at home!""","""Hey sweetie, do you know who your family is? Your mommy and daddy are your big brothers and sisters, and they love you very much. You have a little brother or sister who you can play with, and they also love you just as much. Remember, you're all a","""Look, little one, there's a beautiful bird flying in the sky! Its feathers are so colorful, like a rainbow. Isn't it amazing how it can fly up so high and sing such lovely songs for us to hear?""","""Yummy yummy food! These tasty morsels are soft and squishy, perfect for tiny tummies like yours. Mmm, so good!""","""Look at this big, cozy house, sweetie! It's our special home where mommy and daddy love and take care of you.""","""Look at that beautiful bird with its colorful feathers, little one. It's chirping and singing a lovely song just for you!""","""Look, sweetie, there's a beautiful bird! It's singing a lovely song with its little chirpy voice.""","""Look at that beautiful bird, sweetie! It's a robin. The robin is red with a round beak and it's singing a lovely song for us to hear.""","""Look at the lovely family picture with Mommy, Daddy, and our big brother! They love you very much, just like we do!""","""Look at that beautiful bird, sweetie! It's flapping its wings and singing a lovely song. Isn't it amazing how it can fly so high up in the sky?""","""Yummy, sweet little peas! Eat your peas, my little chef. They're so tasty and good for you!"""
"""Look, sweetie, that's mommy, and this is your daddy, and this is Auntie Mary, and this is your big brother, Max!""","""Look at the fluffy dog wagging its tail, sweetie. The dog is so cute and soft. Let's say 'dog' together. Dog-dog.""","""Look at the cute fluffy kitty cat! Its paws are soft and it loves to play with yummy cat food.""","""Look at the cute little dog, sweetie! He's wagging his tail and barking happily. Isn't he so soft and fluffy?""","""Look, sweetie, there's a beautiful bird up in the sky, chirping and singing a lovely song for us to hear!""","""Yummy, sweet apple! You're gonna love the crunchy, juicy taste!""","""Look at the pretty birdie with its colorful feathers! See how it's hopping and chirping? Isn't it fun to watch? Birds are so special and they live in the sky. Maybe when you grow up, you can watch more birds like this one together!""","""Look at the big, smiling family here, sweetie! Mommy and Daddy, your loving parents, are right here with you. See how they're all holding hands? They're your family, and they always love you very much!""","""Look at the fluffy, cute dog! He's barking and wagging his tail. He's so playful and fun. Do you see his floppy ears and his shiny eyes? Let's go say hello to our new furry friend!""","""Look, sweetie, that big red car is zooming down the street, going vroom, vroom! See those bouncy wheels? They're helping the car move fast and safely!""","""Look at all the soft, fluffy toys! This bear is big and strong, and this ball can bounce high. Oh, and see the colorful blocks? They're ready for you to stack them up and make a tower!""","""Look at the big red car! Want to go for a fun ride, sweetie?""","""Come here, sweetie! Look at this big, shiny car with lots of wheels. It can go very fast on the road. Isn't it exciting? Let's pretend we're driving it together!""","""Look at the fluffy cat, sweetie! Its soft fur is as white as snow and it's purring with happiness. Isn't it cute?""","""Look, little buddy! See the beautiful bird with its colorful feathers and lovely song? Isn't it amazing how it can fly so high in the sky?""","""Look at the big, fluffy bunny hopping over the grass, little one. The bunny's ears are so long, they tickle when they wave hello to us!""","""Look at the bunny hopping around, sweetie! The bunny is so fluffy and loves to eat carrots!""","""Look at the big, cozy house we live in, sweetie! It has a lovely roof, sturdy walls, and a beautiful garden where we play and have fun together. Isn't it wonderful to have a safe and happy place to call home?""","""Hey sweetie, you know who's super important in our family? That's right, it's you and Mommy and Daddy. We all love each other very much and we're a team!""","""Look at that beautiful bird, sweetie! It's a pretty blue bird that's singing a lovely song.""","""Hey there, little buddy! Let's enjoy this yummy carrot that looks just like a little orange star, perfect for your super healthy eyes and strong muscles. Yum!""","""Look, sweetie, it's a big, beautiful house with a red door and a green roof. The windows are like little eyes, and they let the sunshine in to make it warm and cozy. Inside, there are rooms filled with fun stuff, like your bed, your toys,","""Look at that beautiful bird, sweetie! Its feathers are so colorful and fluffy, just like your soft and cuddly blanket. Isn't it awe-inspiring to see such a little bird chirping and flying around?""","""Look at the pretty birdie with its blue and yellow feathers! It's singing a lovely song for us!""","""Look at the beautiful birdie, sweetie! It's hopping around the tree, singing a lovely song for us to hear.""","""Look at mommy and daddy holding hands, sweetie! They are your family and they love you very much.""","""Look at that beautiful bird with its bright feathers, little one! Isn't it amazing how it can fly high up in the sky?""","""Yummy, sweetie! Today we have delicious, juicy red strawberries to eat. They are red like a bright sunset, sweet like your favorite ice cream, and they make us feel happy and strong. Let's wash them gently and enjoy the taste together!"""
"""Look, sweetie, this is Mama. Mama's soft and warm, like a cozy blanket. She loves you very much, just like Daddy and Nana do. We're all your family, here to keep you safe and happy.""","""Look at the fluffy, cute dog wagging its tail, little one. See how it barks and licks your face when you pet it?""","""Look at the fluffy kitty, sweetie! See how she's purring and playing with her yarn ball? Isn't she just the cutest?""","""Look at the fluffy dog, sweetie! It's so soft and cute. Let's pet the dog gently, okay?""","""Look at that beautiful bird, sweetie! It has soft, colorful feathers and it's singing a pretty song for us to listen to!""","""Look at these juicy, red tomatoes! They are so yummy and fresh. Let's take a big, happy bite!""","""Look, sweetie, there's a beautiful bird with colorful feathers and a little beak. The bird is chirping a lovely song for us to enjoy. Isn't it so cute and fun to watch the bird fly around?""","""Look at our family, sweetie! You have your mommy and daddy, and we love you so much!""","""Look at the doggy, sweetie! The doggy is wagging his tail and has soft fur. The doggy is so cute, isn't he? Can you say 'doggy'?""","""Look, sweetie, this big and strong car is ready to drive you on a fun ride to the park! Isn't it a beautiful red color?""","""Look at all these amazing toys, sweetie! You can play with your big brother's truck or choose the colorful blocks to build a tall tower. Let's have so much fun together!""","""Come here, sweetie! Look at the big, shiny car! It's red like your favorite juice box and it can take us on fun rides to the park!""","""Look at the big, shiny car, sweetie! It has four wheels and it goes vroom-vroom when you press the pedals. The driver sits inside and takes you places. Isn't that exciting?""","""Look at that fluffy cat, sweetie! It's purring and playing with a ball of yarn.""","""Look, sweetie, there's a pretty bird flying high in the sky, with its feathers so colorful. Birds like to sing sweet songs, don't they?""","""Look at the fluffy bunny hopping and eating carrots in the garden, sweetie! Isn't it funny how it hops around with its little ears up?""","""Look at that cute little puppy, sweetie! It's wagging its tail because it's so happy to see you!""","""Look at the big house with a blue roof, sweetie! It's where mommy and daddy live and take care of us, just like your cozy home where you love to play with your toys.""","""Look at our family, sweetie! There's Mommy, Daddy, and your big sister. We love you so much and we're all here to play and have fun together!""","""Look at that beautiful bird, sweetie! It's singing a lovely song just for us. Want to watch it fly and sing some more?""","""Yummy, sweet apple! Eat it and it will make your tummy happy and full of energy!""","""Come here, sweetie, and let's take a little walk around our lovely house, where we have a cozy bedroom, a big kitchen, and a pretty living room with lots of colorful toys!""","""Look at the beautiful birdie with its colorful feathers, sweetie! Can you hear the happy chirping sounds as it sings its lovely song for us?""","""Look, sweetie, that beautiful bird is singing a lovely song for us. Its feathers are so colorful, like a rainbow!""","""Look at that pretty birdie up high! It's flapping its wings and singing a sweet song, just like Mommy does when she hums a lovely tune. Isn't it fascinating how it can fly and soar through the sky, just like when we pretend to","""Hey sweetie, remember mommy and daddy are your family? They're here to love and take care of you, always!""","""Look at that beautiful birdie, sweetie! It's a robin, and it has soft feathers and a sweet song to sing for us.""","""Yummy yummy food! We are having some apple slices with a little bit of peanut butter. It's crunchy and sweet, and it's good for our tummy. Let's eat together and enjoy our healthy snack!"""
"""Look at the smiling faces of mommy, daddy, and our sweet little baby here. We love you so much and are so happy to be your family!""","""Look at the puppy, sweetie! It's so cute and fluffy. The puppy wags its tail and licks its paws.""","""Look at the fluffy kitty cat, sweetie! Her paws are soft, and she's playing with her yarn ball. Isn't she cute?""","""Look at the cute fluffy dog! Woof woof! He's so big and soft, isn't he? The dog is wagging his tail and wants to play with you. Say 'hello' to the dog!""","""Look, sweetie, that bird is chirping and singing in the tree. Its wings are spread wide, soaring high up in the sky. Isn't it beautiful?""","""Yummy! Look at the bright, red tomato. It's so juicy and tasty. You can eat it now, sweetie!""","""Look at that beautiful bird up high, sweetie! Can you see its bright feathers and hear its lovely chirping song?""","""Look, sweetie, those are your mommy and daddy holding you in their arms, and they love you so much!""","""Look at the big, fluffy dog wagging its tail happily, little buddy! It's a lovely golden retriever with soft, brown fur that smells like a sunny day in the park.""","""Look at that big, red car, sweetie! It's shiny and fast, just like a rocket ship that zooms down the street to take us places!""","""Look at all these fun toys! This colorful ball can bounce high, and you can kick it or roll it. And these soft teddy bears are great for cuddling. Let's play with them together!""","""Look at the bright red car, sweetie! Can you say 'car'? It goes 'vroom vroom' when it moves, and it takes us to fun places!""","""Look, sweetie, here's a big, red car! It's so shiny and fast, and it goes 'vroom-vroom' when it moves. Let's say 'car' together, car!""","""Look at that cute, fluffy cat, sweetie! See how it's purring and kneading its paws? Cats are such wonderful friends, aren't they? They're called cats, and they like to play with yarn and chase little red balls.""","""Look at the pretty bird with feathers like a rainbow! It's hopping around, singing sweet songs for us to hear. Let's watch it and enjoy its bright colors and cheerful sounds together!""","""Look, sweetie, this fluffy bunny hops around, and it's so soft. Bunnies are hopping friends who love to munch on carrots and play in the meadow.""","""Look at the cute little puppy! It's wagging its fluffy tail because it's happy to see you. The puppy loves to play with its favorite toy, a squeaky ball. Isn't it fun to watch the puppy run and jump around","""Come here, sweetie, let's look at the pretty house with a red roof and a white door. See the windows with curtains? And look, the friendly little birds are sitting on the windowsill.""","""Hey sweetie, you know mommy and daddy are your superhero family, always here to hug and love you. We're like a big, happy puzzle where each piece is special and needed, just like you!""","""Look at the bird, sweetie! It has soft feathers and loves to sing pretty songs. Isn't it wonderful to see birds flying in the sky and chirping?""","""Look at the juicy red tomato, sweetie! It's ripe and ready to be a yummy part of our tasty meal today!""","""Hey there, sweetie! Come over here and see our big, cozy house. It has a lovely blue door, a big front porch with a swing, and lots of windows with pretty flowers outside. Let's go inside and find our favorite spots. I'll show you the","""Look at that beautiful birdie! It's a pretty little bird with feathers and wings, singing sweet songs in the sky!""","""Look, little one, a beautiful bird! It's chirping and flapping its wings so fast. Can you say 'bird'? Just like this, 'bird'.""","""Look, sweetie! There's a beautiful bird with feathers like a rainbow, and it's singing a pretty song for us to hear. Let's say hello to our feathery friend!""","""Look at us, sweetheart! We're all a big, happy family, just like in your favorite picture book. Mommy and Daddy love you so much, just like your lovely big brother does!""","""Look, sweetie, there's a pretty bird up in the tree, with feathers as soft as cotton candy!""","""Look at the yummy carrots, sweetie! They're orange and crunchy, just like a little treat for your tummy."""
"""Look at our happy family, sweetie! Mommy and Daddy love you so much, just like we love you. We're all together in this big, beautiful world!""","""Look at the cute puppy, little one! See how it wags its fluffy tail and licks your hand with its wet nose. Isn't it a very friendly furry friend?""","""Look at the fluffy, cute cat. It's purring and snuggling on the couch. Isn't it cuddly and soft? Let's say 'cat' together. Kitty, kitty, kitty!""","""Look at the cute little puppy, sweetie! He's a fluffy dog with soft fur. Can you say 'doggie'? Dogs are so fun, they love to play and wag their tails.""","""Look, sweetie, that bird is flapping its wings and flying in the sky, just like a little airplane!""","""Look at these yummy, ripe, juicy apples, sweetie. They're so red and crunchy, and they're going to make your tummy happy!""","""Look, little one, a beautiful bird is singing its sweet song up in the sky!""","""Hey sweetie, look at mommy and daddy holding you! They're your family, and they love you very much!""","""Look at the cute dog, sweetie! The fluffy doggy is wagging its tail because it's so happy to see you!""","""Look at the bright red car! See how it goes vroom-vroom when we push it, sweetie? The car is shiny and fun to play with.""","""Look at those colorful blocks, sweetie! Let's stack them up together to build a towering castle for your teddy bear.""","""Look at the bright and shiny car, sweetie! See how the wheels roll? They go 'vroom, vroom!' when the car drives fast. Isn't that fun?""","""Look at the shiny car, sweetie! See how it goes vroom-vroom when it drives? It has wheels that roll on the road, and a big, friendly driver inside. Let's count the wheels together, okay?""","""Look at the fluffy cat, sweetie! The cat is meowing and purring, just like a little ball of soft, furry yarn.""","""Look at that beautiful bird, sweetie! It's hopping and singing with its pretty, colorful feathers. The bird is having a lovely time enjoying the sunshine and eating yummy bugs.""","""Look, little buddy! See the fluffy bunny hopping around? It's so cute and soft. Want to say 'bunny' with me?""","""Look at the fluffy bunny hopping over the grass, little one! Bunnies are soft and cute, and they like to eat carrots. Can you say 'bunny'? Great job!""","""Look at the big, colorful house with a green door and a red roof, sweetie. The house is where mommy and daddy live, and they take care of us, just like our cozy little home.""","""Look at us, sweetie! We're your family, and we love you lots. We're your mommy and daddy, and your big brother/sister, and we're here to take care of you and be your best friends!""","""Look, sweetie, there's a pretty bird with feathers. It's singing a lovely song for us.""","""Look, sweetie, here's a juicy, ripe, and delicious apple! It's round, red, and crunchy, perfect for a little bite. Yummy, isn't it?""","""Hey sweetie, let's look at our beautiful house. See those big windows? They let sunshine in and make our rooms feel cozy. And look at those colorful walls. They're like a big rainbow wrapped around our home!""","""Look at that beautiful bird! It's singing a sweet melody, isn't it? Do you see its colorful feathers? Let's watch it fly and see how high it can go.""","""Look, sweetie! This is a birdie. It's a feathery friend that sings pretty songs and flaps its wings to fly high in the sky. Isn't it funny how it makes a tweeting sound?""","""Look, little buddy, there's a pretty bird up in the sky, with feathers as soft as cotton candy and a cheerful chirp that sounds like a song!""","""Hey there, sweetie! You know what's amazing? We're a big family! We have your mommy, daddy, your big brother, and even our furry puppy. We love spending time together, playing, laughing, and sharing stories. Isn't it","""Look at that pretty bird, sweetie! It's a robin, and it's singing a lovely song just for us. Isn't it amazing how it can sing and fly all by itself?""","""Look at this yummy apple, sweetie! It's so crunchy and juicy, and it makes you feel happy when you eat it."""
"""Look, sweetie, these are your mommy and daddy, holding your tiny hand, just like a gentle butterfly kisses a blooming flower.""","""Look sweetie, that's a cute little dog. Woof woof, it's wagging its tail and wants to play!""","""Look at the fluffy, cute, and cuddly kitty, little one. The kitty is purring softly and has a long, twitchy tail.""","""Look at the cute puppy, sweetie! Want to say 'dog'? Let's say 'dog' together. D-O-G, dog. The puppy is so soft and fluffy, isn't it?""","""Look, sweetie, there's a pretty bird flying in the sky. Its feathers are so colorful, like a rainbow!""","""Look, sweetie, these yummy little strawberries are so red and juicy! Would you like to try some?""","""Look at that beautiful bird, sweetie! It has soft feathers and a lovely chirp. Can you say bird?""","""Look, sweetie, there's mommy and daddy, and we love you very much. And see, there's grandma and grandpa too, they're your family.""","""Look at the happy, waggy tail of the doggy, sweetie! The doggy's bark is so playful and fun, just like when we play with our favorite toy.""","""Look at the big, red car, sweetie! It's going to take you on a fun ride through the park today.""","""Look at all those fun toys! This one is a soft teddy bear you can hug, and that one is a shiny car you can push around.""","""Look, sweetie, this big yellow car is zooming by, and it has four wheels to roll smoothly on the road, just like your bouncy ball.""","""Come here, sweetie! Look at this big red car. It has shiny wheels that will go 'vroom' when we push it. Let's sit inside and pretend to drive it, can you see the steering wheel?""","""Look, sweetie, this is a fluffy, cute little cat with soft fur and tiny paws. See how it's purring? Can you say 'cat'? Yes, that's right, it's a 'cat'. Let's watch it play and enjoy its","""Look at the pretty bird, sweetie! It's singing a lovely song with its sweet little voice, isn't it?""","""Look at the cute little puppy! Puppies are so soft and cuddly, aren't they? Can you say 'puppy'? Great job!""","""Look at the fluffy bunny, little one! It's hopping around and looking for yummy carrots.""","""Come here, sweetie, let's go look at our cozy home! Look at the big, fluffy carpet and the colorful walls. See the pretty curtains? We have a big, comfy bed with fluffy pillows and soft blankets. We have a","""Hey there, sweetie! You know what? Your family is like a big, warm hug. Mommy and Daddy love you so much, and they're always there to help you and make you smile!""","""Look at the big, beautiful bird flying in the sky! Isn't it funny how it's flapping its wings to go up and up, just like you're waving goodbye to your toys!""","""Look at the yummy broccoli! It's like little trees for you to eat. You're going to be a little green superhero!""","""Look, sweetie, this is our cozy house with a blue roof and pretty flowers around it!""","""Look, sweetie, that beautiful bird with feathers so colorful, singing a lovely song in the sky, just for you to enjoy!""","""Look at the pretty bird flying high in the sky! Its feathers are so colorful and its wings are so big. Can you say 'bird' with me, sweetie?""","""Look at that beautiful bird, sweetie! It's so colorful with its big, round beak. Can you say 'bird'?""","""Sweetie, it's time for a family story! Let's talk about your mommy and daddy, and how they love you so much, just like our parents love us.""","""Look, sweetie, a pretty bird is flying in the sky with its colorful feathers. The bird's chirping sounds happy and it's so fun to watch it fly around.""","""Look, sweetie, here comes a juicy, red apple! Yummy! Let's eat this tasty fruit together!"""
"""Oh, look at our sweet family! We have mommy and daddy, and they love you very much. You're our precious little baby, and we're all here to take care of you and make you happy!""","""Look at the doggy, little one! The doggy is running and playing, wagging its tail happily. See how it barks and looks at us? The doggy is so friendly!""","""Look at the cute little kitty cat with soft, fluffy fur and pointy ears. Meow, meow! Can you say 'cat' with me, sweetie?""","""Look at the fluffy dog wagging its tail and barking, little one! Isn't it the cutest and friendliest furry friend you've ever seen? Let's say 'woof woof' together!""","""Look, sweetie, there's a beautiful bird singing its lovely song for us. Can you hear it chirping? Let's watch it fly and soar high up in the sky, like a colorful kite!""","""Look at the juicy, red apple, sweetie! It's so yummy, and it makes you strong and healthy!""","""Look, sweetie, that beautiful bird is soaring high in the sky. Isn't it a lovely sight?""","""Look at mommy and daddy, sweetie. We are your family, and we love you very much. We play together, eat together, and always keep you safe.""","""Look at the fluffy, cute dog! Can you say 'woof woof' like a big boy now?""","""Look at the big, shiny car! It has four wheels that go 'vroom' and a red roof that looks like a hat. Can you say 'car' with me? Let's wave at the car as it drives by!""","""Look at all these fun toys, little buddy! Want to play with the colorful blocks and stack them high?""","""Look at the big, shiny car, sweetie! Can you say 'car'? The car is so fast and it helps us go places like the playground and the grocery store.""","""Look at the big, red car! It has four wheels, just like your favorite toy, and it goes vroom-vroom when you press the gas pedal.""","""Look at the fluffy kitty cat, little one! Can you say 'cat'? The kitty is purring softly and it's so soft and cuddly!""","""Look, sweetie, there's a beautiful bird up high in the sky! See how it's flapping its wings and soaring through the air? Isn't it amazing? It's like a little superhero!""","""Look at the cute little puppy, sweetie! It's a furry, friendly dog. The puppy wags its tail and wants to play with you!""","""Look at that cute little puppy, sweetie! It's wagging its tail because it's happy to see you. Want to pat it gently, honey?""","""Look at our cozy, colorful house, sweetie! It's where we live, eat, and play every day, and we have a big, safe kitchen with yummy food, a big, comfy bed for sleeping, and lots of toys to play with.""","""Look at our family, sweetie! We're a team, like superheroes. Mommy and Daddy love you so much, just like how you love your teddy bear, and your big brother, little sister, and grandma are here to play and have fun with you every day","""Look at that beautiful bird! It has colorful feathers and can sing sweet songs. Let's say 'bird' together, and then listen to its lovely melody!""","""Yummy yummy, sweetie! Look at these bright and colorful fruits. Want to pick one to eat?""","""Come here, sweetie! Let's see those big, blue eyes as we walk around our cozy, lovely house, where we have lots of fun together!""","""Look at the bird, sweetie! It's chirping and singing in the tree. See how it's hopping and fluttering its wings? Isn't it a beautiful bird?""","""Look at the beautiful bird, sweetie! See how it's hopping around, flapping its pretty wings? Isn't it a wonderful, feathery friend?""","""Look, sweetie, there's a beautiful bird! It's singing a lovely song and flapping its wings really fast. Can you say 'bird' with me?""","""Look at our family, sweetie! We're your mommy and daddy, and we love you so much!""","""Look, sweetie, that beautiful bird is singing a sweet melody from the tree. It has feathers as soft as a fluffy blanket and wings that are like a colorful kite in the sky. Listen to its lovely song, it's like a musical note coming from the","""Look at the yummy carrots on your plate, sweetie! They are orange and crunchy. Let's eat them together and make your tummy happy!"""
