3 Months,6 Months,9 Months,12 Months,15 Months,18 Months,21 Months,24 Months,27 Months,30 Months,33 Months,36 Months,39 Months,42 Months,45 Months,48 Months,51 Months,54 Months,57 Months,60 Months,63 Months,66 Months,69 Months,72 Months,75 Months,78 Months,81 Months,84 Months
"""Oh sweetie, look at this big, beautiful house! It's where we live, sweetheart, with mommy, daddy, and me, and we're all safe and snuggled up inside.""","""Look, sweetie, see that beautiful bird up there? It's a lovely bird with colorful feathers and a sweet little song. The bird is so pretty, isn't it?""","""Look at the yummy, ripe, red apple, sweet little one! Can you see it shining bright like a little star? Let's gently take a bite, and watch it go, whoosh!""","""Look at the fluffy cat, little one! See how she purrs and loves to cuddle? Isn't she the cutest?""","""Look at the fluffy bunny, little one! It's hopping around the garden, eating all the green grass. Can you say 'bunny'? Great job! Bunnies are cute, aren't they?""","""Look, sweetie, these are yummy carrots! They are orange and crunchy. Eat them with your little hands and chew them slowly, okay?""","""Look at mommy and daddy, sweetie! We're your family. We love you so much!""","""Look at the fluffy teddy bear! It's soft and cuddly. Would you like to give it a gentle hug? And here's the colorful train set with many colorful cars that go 'choo-choo'!""","""Look, sweetie! That big red car is zooming down the street. It's going so fast, but it's just like the toy car we play with together. Can you say 'car'? Great job! That's how we say it. Cars are so much fun,","""Look at all those colorful blocks! Want to stack them up high and see them topple over? Let's have fun building a tower together!""","""Look at the beautiful house, sweetie! It has a big, blue door, a cozy living room with a fluffy couch, and a kitchen with yummy smells. Let's go inside and see what we can find!""","""Look, sweetie, this is a cuddly kitty cat with soft fur and tiny paws. It's purring, which means it's very happy and wants a hug from you!""","""Look at the yummy apple, sweetie! This bright red fruit is so tasty and good for you. We can eat it together, and it will make our tummies happy.""","""Look at the yummy, ripe banana! Can you grab it with your big, strong hands and take a bite? Yummy!""","""Come here, sweetie! Look at this cute dog with soft fur and waggy tail. Can you say 'dog'? That's right, dog!""","""Look at all these wonderful toys! Can you pick out your favorite one? Let's play with it together!""","""Look at mommy and daddy, they are your parents! They love you very much and take care of you. They give you hugs and kisses, and read you fun stories every night before bedtime.""","""Come here, sweetie, let's look at this shiny car. It has big wheels that help it go fast and make a 'vroom' sound when it moves. Isn't it exciting?""","""Look at that beautiful bird, sweetie! It's a big, fluffy, and colorful parrot that likes to squawk and talk.""","""Look, little buddy, there's a friendly, wiggly dog over there with soft fur and big, floppy ears! The dog's name is Sparky and he loves to play fetch with you!""","""Sweetie, it's time for a yummy snack! Let's get some tasty apple slices and put them on your plate, okay?""","""Look at the cute dog, sweetie! The dog is big and furry, with a wagging tail, and it likes to play fetch with us!""","""Hey sweetie, mommy and daddy are your special family, and we love you so much! We're your big brother and sister too, always here to play and share fun times together!""","""Look at the cute dog, sweetie! This is a big, friendly puppy that likes to wag its tail and play fetch with us.""","""Look at the cute little kitty cat! See how it purrs and plays with yarn? Kitty is so soft and cuddly, just like when we snuggle together on the couch.""","""Look at our family, sweetie! Mommy and Daddy are your superheroes who always love you, and your big brother is a brave knight who protects you.""","""Look at our cozy home, sweetie! The walls are painted in your favorite colors, and there are soft beds where you can snuggle and dream sweet dreams. There's a lovely kitchen where we cook yummy food together, and a beautiful garden outside where you can play with your","""Look at the cute little dog, sweetie! This furry friend loves to play fetch with its tail wagging happily."""
"""Look, sweetie, this is our cozy house, with a warm roof and pretty windows. Can you see the colorful flowers outside the front door?""","""Look at that little birdie! See how it's wiggling its wings and chirping sweetly? Isn't it lovely?""","""Yummy, sweet banana! Look at the yellow, curved shape! Do you want to try some, little one?""","""Look, sweetie, this fluffy, cute cat is sitting here, purring softly. Its fur feels warm and soft to touch. See how it's stretching its little paws? Cats like to sleep and play in the sun. Isn't this cat adorable","""Look at the fluffy bunny hopping around, little one! Isn't it the softest and most playful animal you've ever seen?""","""Look at these yummy, ripe, red strawberries! They're so sweet and squishy, and they taste like little bits of sunshine!""","""Hey there, sweetie! Look at your big brother and me. We love you very much, just like mommy and daddy. They're always there for you, just like how you're always there for me. Family is a group of people who love and care for each other, just","""Look at the bright, colorful blocks, little one! They're just waiting for you to build your own amazing tower!""","""Look at the big, shiny car! See how the wheels turn and make it go vroom? Wheeee, let's say 'car' together. Car-car!""","""Look at the fluffy bunny hopping over the rainbow! Want to pick it up and gently squeeze the soft fur?""","""Look at our cozy, lovely house, sweetie! It has a big, soft bed, yummy snacks, and fun toys to play with. Isn't it wonderful to have our own special home?""","""Look at the fluffy, playful cat! The cat is soft like a pillow and has cute little whiskers.""","""Hey there, sweetie! Look at those yummy apples! They're so crunchy and delicious, aren't they? Let's wash them and peel them together before we slice them up for a fun snack. You're such a smart cookie!""","""Look at those yummy carrots! Crunch, crunch, crunch, they are so good for you, little buddy!""","""Look, sweetie, there's a friendly dog wagging his tail, with soft fur and a happy face! He's a cute, cuddly pup who loves to play and go on adventures with us!""","""Oh, look at those big, fun cars! Do you want to help me push them across the floor, sweetie? They can zoom so fast when you give them a little shove!""","""Hey sweetie, look at all these smiling faces! These are your big family members, mommy, daddy, and your little cousin. They all love you so much and always keep you safe and sound.""","""Look, sweetie, this big and shiny car with four wheels is ready to go on a fun ride!""","""Look, sweetie, there's a beautiful bird with colorful feathers sitting on that tree. Its wings are spread out, and it's singing a lovely song just for us!""","""Look at the fluffy, cute puppy, sweetie! The dog is wagging its tail because it's happy and wants to play with you!""","""Look at the yummy apple pie, sweetie! It's so crispy and delicious. Can you say 'apple pie'? Yummy apple pie, yes!""","""Look at the cute little dog, sweetie! This fluffy furry friend is a playful pup, wagging its tail and ready to run around and fetch your favorite toys.""","""Look at our family, sweetie! We have mommy, daddy, big brother, little sister, and Grandma and Grandpa, all together like a big, happy, family tree!""","""Look, little buddy, here's a furry, bouncy dog wagging its tail happily. The dog's wagging its tail because it's excited to play with you.""","""Come here, sweetie, look at this fluffy, soft cat with whiskers and a purr, and see how it loves to play with yarn and chase its tail!""","""Hey sweetie, you know how we're a team, just like a family, always there for each other, helping and laughing together, just like you and your brother play and giggle with your toys.""","""Hey sweetie, let's go look at our cozy, comfy, and super-duper house! Do you see our colorful, happy, and sparkly walls? Oh, and those big, soft, and fluffy beds? Yummy, yummy, let'","""Look, sweetie, here comes a cute and fluffy dog! Wag its tail and say 'woof-woof' when you see one. Isn't it so fun to meet a new furry friend?"""
"""Look, little one, this is our cozy, warm house where we all live together, filled with lots of love and happiness!""","""Look at the beautiful bird with its colorful feathers and long beak. Can you hear the soft chirping sound? Let's gently wave our hands to make it fly away.""","""Look at the yummy apple, sweetie! It's so juicy and tasty, we're going to slice it up and share it together!""","""Look at the cute little kitty, baby! The furry fluffy cat is purring and playing with a ball of yarn.""","""Look at the bunny hopping by, little one! Its soft ears hear everything, and it loves to eat carrots!""","""Yummy apple! Do you want to take a big bite and enjoy the crunchy, sweet, and juicy taste? Let's try it together!""","""Look at your family, sweetheart! You have Mommy, Daddy, and your favorite little brother or sister who loves you very much.""","""Look at those bright, colorful blocks, sweetie! Want to build a big, tall tower with me?""","""Look at the big red car, sweetie! It has shiny wheels and can take us on fun rides. Want to pretend we're driving it together?""","""Look at the bright, colorful toys, sweetie! They're waiting for you to play and have fun!""","""Hey there, little buddy! Come see our cozy, lovely house where we live and play together! Look at our big, comfy couch where we sit and snuggle, and our shiny, bright lights that keep us safe and happy. Let's explore the warm,","""Look at the cute, fluffy cat, sweetie! It's soft and purring, and it likes to play with yarn. See how it's pawing at its toy? Isn't it a little ball of fur?""","""Look at the yummy, colorful fruit salad, sweetie! The juicy apples, sweet grapes, and ripe strawberries are so tasty and good for your growing tummy!""","""Hey there, sweetie! You know what's yummy? Yummy, just like yummy, yummy, yummy! We're going to eat some tasty veggies and fruits that are good for you. Yummy, yummy, yummy!""","""Look at the fluffy dog, little one! Its tail wags and it's so friendly, just like when we give it a treat.""","""Oh, look at the colorful blocks! They're just waiting for you to build your very own tower, little one!""","""Look at those smiling faces, little buddy! That's your mommy and daddy, and there's your sister or brother, all playing together like a big, happy family!""","""Look at the big, red car! It's so shiny and pretty. Do you see the wheels spinning? They make the car go, vroom, vroom!""","""Look, sweetie, see that beautiful bird with colorful feathers? It's singing a lovely song, isn't it? Listen closely, birdie!""","""Look at the happy dog, sweetie! Want to pet the fluffy furry friend?""","""Wow, look at that yummy apple! Shiny and red, it's ready to be crunchy and sweet when you eat it!""","""Look at that cute little dog, sweetie! See how it's wagging its tail and barking happily? Let's go say hello to the puppy, okay?""","""Hey there, sweetie! You know, our family is like a big, warm hug. Mommy and Daddy are your superheroes, always there to protect you. And you, my little star, are the best superhero of all because you always spread love and joy around","""Look at the cute, fluffy dog wagging its tail! See how it's playing with the ball? Let's go say 'good dog' and give it a gentle pat on the head!""","""Look at the fluffy cat, sweetie! The cat is purring and cuddling its kittens. It's soft and cute, isn't it?""","""Look, sweetie, these are our lovely family members! We have mommy, daddy, and your big sister, Lily. They all love you very much and we spend lots of fun time together!""","""Come here, sweetie! Look at our big, cozy house with a blue roof and pretty flowers outside. Inside, we have a fun, soft carpet and lots of colorful toys for you to play with.""","""Look at the fluffy, happy dog wagging his tail, little buddy! He's going to play fetch with us, and we'll throw his favorite ball so he can catch it and bring it back to us!"""
"""Hello sweetie, look at our cozy home! This is where we live and sleep, it's safe and lovely for you. See the soft crib? We call it a bed where you can rest and dream sweet dreams. And this is the kitchen where mommy and daddy cook y","""Look, sweetie, there's a beautiful bird with feathers like a rainbow, chirping its sweet song in the tree!""","""Sweetie, look at the yummy carrots! They're orange and crunchy. Would you like to try some?""","""Look at the fluffy, cute kitty cat with the soft, orange fur. See how it purrs and plays with its yarn ball, just like a little friend.""","""Look at the fluffy bunny hopping around in the meadow, little one. The bunny is so cute and soft, isn't it?""","""Look at these juicy, red strawberries, sweetie! They're so soft and yummy, like tiny, tasty little beats of summer!""","""Look at your mommy and daddy, sweetie. They love you so much and are always there for you. Your mommy works at the library, and your daddy is a firefighter who helps keep us safe.""","""Look at those colorful blocks! Want to stack them up with me? Let's build a tall tower together!""","""Look, sweetie, there's a big, shiny car! It's red like your crayons. The car goes vroom-vroom when the grown-ups press the button on the steering wheel. Can you say car?""","""Look at the shiny, colorful toys, sweetie! They're all ready for you to play with and explore!""","""Hey there, sweetie! Come over here and let's explore the beautiful house we live in together! See those colorful walls? And look at the soft carpet under our feet! Isn't it cozy?""","""Look at the fluffy cat, sweetie! It's a soft, cuddly little feline friend with pointy ears and a long, silky tail that twitches when it's happy. The cat's purring softly as it basks in the warm","""Look at the yummy, ripe, red apple! It's so sweet and crunchy. You can bite into it, and it'll make your mouth water! Yummy, yummy, yummy!""","""Hey sweetie, let's eat some yummy carrots and delicious apples, just like the funny, cute little rabbits we saw hopping around the garden!""","""Look at the fluffy dog, sweetie! See how it's wagging its tail and loves to play with you.""","""Look at all these wonderful toys! The teddy bear is so soft, and the colorful blocks are perfect for stacking. Let's play together and have so much fun!""","""Come here, little one, mommy and daddy are your family. We love you so much and we always will!""","""Look, sweetie, that big yellow car is zooming down the street, going vroom-vroom! Want to imagine we're driving it together, fast and safe?""","""Look, sweetie, there's a beautiful bird with bright feathers up in the sky. Its wings are spread wide, flapping gently so it can fly high and see all the pretty things around it. Isn't it amazing how it can soar through the air?""","""Look at the big, fluffy dog! He's wagging his tail because he's so happy to see you. Can we say 'woof woof' together? Dogs are wonderful friends who love to play and cuddle.""","""Hey there, little buddy! Let's sit down and have some yummy, juicy apple slices to munch on. They're crunchy and sweet, just like candy!""","""Look at the fluffy, playful dog! Its soft fur makes it feel like a big, warm hug, don't you think, sweetie?""","""Hey there, sweetie! You know, in our family, we love to hug, cuddle, and tell stories together. We're like a big, happy, cozy blanket of love for each other!""","""Look at that fluffy dog wagging its tail happily! Do you see how it's saying 'hello' with its big, friendly eyes and wet, adorable nose?""","""Look, sweetie, this fluffy, purring, playful little kitty is a cat! It's soft and cuddly, and it says 'meow.' Isn't it cute?""","""Look at the family picture, sweetie! See the mommy, daddy, and you with your big smile. They love you so much and you're a part of their wonderful family.""","""Come here, sweetie! Let's look at this big, beautiful house with a red door and a blue roof. It's our home, where we sleep, play, and have fun!""","""Look, sweetie, that's a big, fluffy dog wagging its tail, just like when you're happy and waggle your own tail!"""
"""Look, sweetie, this is a house where Mommy and Daddy live. See the roof? It keeps us dry and cozy inside. And these windows let the sunshine and fresh air come in, making our home feel happy and bright!""","""Look at that beautiful bird, little one! Its wings are so soft and pretty, and it's singing a lovely song just for you.""","""Look at this yummy yum! It's soft and squishy, perfect for your tiny hands to play with.""","""Look, sweetie, there's a cute little kitty cat, with soft fur and big round eyes. Its paws are fluffy, and it's meowing gently. Isn't it adorable?""","""Look at the cute little puppy! The puppy is wagging its fluffy tail because it's happy!""","""Look at these yummy, ripe, red apples, sweetie! They're crunchy and juicy, just like the ones we pick from the garden. Want to try one and see how it tastes?""","""Look at us, sweetie! We are a family. Mommy loves you, and Daddy loves you too. That's why we play together and share our toys. Isn't it wonderful to have each other?""","""Look at the fun shapes! This ball is round like a cookie, and this teddy bear has soft fur like a snuggle blanket!""","""Look at the big, red car, sweetie! It's ready to drive us on fun rides, just like superheroes. Isn't it amazing?""","""Look at the shiny, bouncy ball! It's so fun to play with, isn't it? Want to toss it up and catch it?""","""Look at our cozy, little house, sweetie! The house is where we live, eat our yummy meals, and play with our toys. Isn't it lovely?""","""Look at the fluffy cat, sweetie! See how it's purring and cuddling with its kittens? Isn't that so soft and cute?""","""Look at the yummy apple, sweetie! It's red and crunchy, perfect for a little bite!""","""Look at this yummy, ripe banana! It's as soft as a fluffy cloud, and we're going to peel it together and eat it for a sweet, healthy treat.""","""Look at the big, fluffy dog, sweetie! It's wagging its tail because it's so happy to see you. Isn't that cute?""","""Look at the colorful toys, sweetie! They're waiting for us to play and have so much fun. Let's choose our favorite one and start a new adventure together!""","""Hey sweetie, can you say family? Family are the people we love, like mommy, daddy, grandma, grandpa, and all our cousins, aunts, and uncles. They're always there to hug you, play with you, and make you feel","""Hey sweetie, look at the big, shiny car parked over there! See how it has four wheels, just like your toy car? Let's walk over and say 'hello' to it together!""","""Look, sweetie, there's a beautiful bird with feathers that are all blue and yellow, just like a big, fluffy teddy bear in the sky!""","""Look at the happy, waggy dog's tail, little buddy! Isn't he so fluffy and cute with his big, floppy ears and bright, sparkly eyes? Want to say hello to our furry friend?""","""Sweetie, let's eat your yummy fruit! It's as soft as a pillow and as juicy as a waterfall!""","""Look at that cute little dog, sweetie! It's a fluffy, furry friend wagging its tail, ready for a big, fun, and friendly playtime. Let's say 'hello' to the dog and give it a gentle pet.""","""Look at your big brother, Max, with his funny smile and bright eyes! Max loves playing with you and telling you the best stories about our family adventures together.""","""Look at the cute little dog wagging its tail, isn't he adorable? He's so happy to see you and loves to play fetch with his favorite ball!""","""Look, sweetie, that's a cuddly kitty with soft fur and pink whiskers. The kitty is saying 'meow' and loves to play with yarn and chase little balls. Isn't the kitty so fluffy and c","""Hey there, sweetie! It's time to say goodbye to mommy and daddy. They're off to work, but they're always there for you, just like your favorite teddy bear, Mr. Snuggles.""","""Look at our lovely, big house with a bright, sunny roof, sweet home sweet home!""","""Look, sweetie, there's a cute little dog over there! See how it's wagging its fluffy tail and barking happily? Dogs are our furry friends who love to play and keep us company!"""
"""Look at the pretty house, sweetie! The red roof, the blue windows, and the green door are so colorful. Let's go play with the little puppy inside!""","""Look at the beautiful bird, sweetie! It's singing a pretty song and has feathers like a rainbow. Isn't that lovely?""","""Look at the yummy carrots, sweetie! They're orange and crunchy, perfect for tiny hands to grab!""","""Look at the fluffy kitty cat, little one! It's soft and cuddly, just like your favorite stuffed animal. See how it purrs when you stroke its fur? Isn't it cute?""","""Look at the fluffy bunny, little one! See how it hops and plays? Bunnies love carrots, don't they? Shh, it's sleeping, let's gently pat its soft fur and say, 'Goodnight, fluffy b","""Look at these bright, juicy red strawberries! Yum, they look so yummy and sweet, little one. Mommy will give you a tiny bite to taste. Isn't it a delicious fruit?""","""Look, sweetie, that's mommy and daddy holding you and little sister!""","""Look at those bright, soft, fun toys! Want to play with the cuddly teddy bear? Let's cuddle and talk to it!""","""Look at the shiny red car! Wow, it's so pretty, isn't it? Let's say 'car' together, car.""","""Look at all those toys! Can you spot the red car? It's so shiny and fast, just like the cars in the race we pretend to drive!""","""Look at the big, yellow house with the shiny red roof! Isn't it so pretty? Let's go inside and play with the soft carpets and the cozy furniture. The house is like a magical playground just for us!""","""Look at the fluffy, cute cat! It's a meow-ing, purr-ing friend who loves to play with yarn and chase little mice.""","""Yummy apple, sweet banana, crunchy carrot, funny face food!""","""Yummy apple, sweet and crunchy! Can you say 'apple'? Let's eat this yummy apple together!""","""Look, sweetie, this cute little dog is wagging its tail because it's so happy to see you! Isn't it funny how it moves its tail back and forth like a waggy waggy tail? Can you say 'dog'? Good job! Now let'","""Hey there, sweetie! Come on, let's pick out some fun toys to play with, like your favorite teddy bear or the colorful blocks!""","""Look at our lovely family, sweetie! Mommy, Daddy, and your big brother are all here together, sharing our happy time.""","""Look, sweetie, that's a big, shiny car! It has four wheels and rolls on the road to take us places. Do you see the bumper and the headlights? The bumper is there to protect us, and the headlights help us see when","""Look at that beautiful bird, sweetie! It's a robin, and it's so pretty with its red breast and chirpy song. Isn't it lovely to watch it flutter its wings and hop around in the yard?""","""Look at the big, fluffy dog! He has soft, brown fur and waggy tail that makes him smile!""","""Yummy, sweetie! Look at these bright, juicy red apples. They are so crunchy and yummy to eat!""","""Look at that cute puppy, sweetie! The little dog has soft fur and wagging tail. Let's say hello to the friendly dog, puppy-puppy!""","""Look at those smiling faces, sweetie! That's your family, Mommy and Daddy, your sister, and me!""","""Look at the fluffy dog wagging its tail! It's so soft and cuddly, just like a big, friendly teddy bear!""","""Look at the cute, cuddly cat! Its fur is soft and fluffy, and it's purring softly, don't you think? The cat's eyes are big and round, and it's really happy when you pet its fur.""","""Look at our big, happy family, sweetie! We have mommy, daddy, your little brother, and me! We all love to play and eat yummy food together!""","""Look at our cozy, comfy house, sweetie! It's got a warm, soft bed for sleeping, a yummy kitchen for cooking, and a colorful living room for playing and laughing!""","""Look at the cute little dog, sweetie! It's a friendly puppy that likes to play and wag its tail when it's happy. Let's say 'woof woof' together to make it bark, just like this!"""
"""Look at the pretty house, sweetie! The house has a yellow roof and it's very big, isn't it? The walls are strong, and they keep us safe inside. Let's go see it, we can wave goodbye to our toys, and then come back for more fun","""Look at the birdie, it's hopping and chirping, isn't it pretty? The birdie is singing a lovely song!""","""Look at this yummy, ripe banana! Can you munch on it? It's so soft and sweet!""","""Look at the cute, soft kitty cat with the pointy ears and the fluffy tail. Can you say 'cat'? Kitty, kitty, kitty!""","""Look at the bunny, little one! It's hopping around, and it's so fluffy and soft. Want to see if we can pet it gently?""","""Yummy yummy, sweetie pie! Look at those colorful apples! Crunch crunch!""","""Look at the happy family, sweetie! There's Mommy and Daddy, your big sister, and me, all together. We love each other very much and play fun games with you.""","""Come here, sweetie, let's pick up your colorful blocks. Look at all the pretty colors!""","""Look at the big, red car, sweetie! It has shiny wheels and can go vroom vroom when we push it gently.""","""Look at the bright red ball, little one! Want to roll it with me? Rolling balls are so much fun!""","""Come here, sweetie! Let's go to our cozy house, where we have a big, fluffy bed, a soft carpet, and lots of yummy food. Isn't our house just the most wonderful place in the world?""","""Look at that cute little cat, sweetie! The fluffy, soft fur on its head and the tiny paws on its feet are so soft and cuddly. It's purring and looks very happy, just like when you pet your favorite toy.""","""Yummy yummy food! Look at the juicy, red apple. Can you say 'apple'? Yum, apple tastes so sweet and crunchy!""","""Look at these yummy carrots, sweetie! They are orange and crunchy, and they make you grow strong and healthy!""","""Look at the fluffy dog wagging his tail and saying 'woof woof,' isn't he cute? Let's say hello to him together!""","""Look at those colorful blocks, sweetie! Let's stack them together, and see how high we can build our tower!""","""Look at our family, sweetie! We have Mommy, Daddy, and your little brother. Everyone loves you so much and we're all here for you.""","""Look at the bright red car, sweetie! It's going so fast, zoom zoom! Can you say 'car'? Great job! The car takes us on fun adventures, like going to the park or the zoo!""","""Look at the pretty birdie with its colorful feathers and chirpy song, little one! Isn't it lovely?""","""Look at the adorable dog, sweetie! The dog is wagging its fluffy tail, just like when you wave hello to your friends.""","""Sweetie, it's time to eat your yummy carrots and spinach; they'll make you strong and help you grow big and tall!""","""Look at the cute little dog wagging its tail! It's so soft and furry. Let's say 'dog' together, and watch it run and play with its friends.""","""Hey there, sweetie! You know, our family is like a big, happy puzzle. Each piece is special, like mommy, daddy, me, and your brothers and sisters. Together, we make the best puzzle ever, just like how we make the best memories!""","""Look at the cute dog, sweetie! The dog is wagging its fluffy tail, and it's ready to play with you!""","""Look at the fluffy cat, sweetie! See how it's purring and cuddling? Let's say 'meow' with me and give the cat a gentle pat.""","""Look at mommy and daddy holding hands, they are our family. They love us and take care of us. Can you give your mommy and daddy a big hug for me?""","""Hey there, sweetie! Let's go explore our house together. We have a cozy living room, a lovely kitchen with yummy food, and a bedroom where we sleep snuggly. What's your favorite place in our house?""","""Look, sweetie, this fluffy, friendly dog is wagging its tail because it loves you so much. The dog has soft, brown fur and big, floppy ears. It's so happy to see you, and it's wagging its tail just to say 'hello"
"""Look at our cozy, warm house, little one! Can you see the soft, fluffy pillows and the shiny, colorful toys? Our house is a safe and happy place for us all.""","""Look at that beautiful bird with its bright feathers and melodic song, sweetie! Birds are amazing creatures that can fly high up in the sky and sing sweet songs just for us.""","""Look, sweetie, these yummy carrots are orange and crunchy, perfect for your big, strong teeth!""","""Look, little one, see the fluffy cat sitting on the sofa? Meow, meow, that's how cats say hello!""","""Look at the puppy, sweetie! Puppies are so soft and fluffy, just like a big, cuddly teddy bear!""","""Look at this yummy apple, sweetie! It's red and crunchy. Let's try it together!""","""Come here, sweetie, let's talk about our family. We have Mommy and Daddy, and we have you. We love you so much!""","""Look at all these wonderful toys, little buddy! Can you grab the soft, bouncy ball for us?""","""Look, sweetie, this big and shiny car is going to take us on a fun ride. Let's say 'car' together, 'car', and watch it zoom by!""","""Look at the bright, colorful blocks! Can you stack them one on top of the other like we're building a tall tower?""","""Look, sweetie, this is a house where we live, it has a blue roof and a red door, and we can play inside and look out of the windows.""","""Look at the fluffy, cute cat with the soft paws, little buddy. Its whiskers tickle, and it's purring like a gentle, happy lion!""","""Hey there, sweetie! Look at all these yummy fruits and veggies. Let's help mommy and daddy make a delicious fruit salad together!""","""Look, sweetie, here's your yummy apple! It's round, red, and super crunchy. Eat it up and feel it melt in your mouth! Yummy, yummy, apple!""","""Look at the puppy, sweetie! It's a cute little dog, just like a fluffy, waggy tail of happiness. The puppy's fur is soft, and it loves to play and snuggle with you.""","""Oh look, little one, you have a big, colorful train set! Let's pick a color and build a super tall tower together, okay?""","""Look at our lovely family, sweetie! Mommy, Daddy, and you are all my favorite people. We love each other very much!""","""Look at the shiny red car, sweetie! The car has big wheels that go 'vroom-vroom' and it can take us to places fun and exciting!""","""Look, little buddy, there's a beautiful bird up in the sky! Its feathers are so pretty, just like a bright rainbow. Want to hear it sing?""","""Look at the cute puppy, sweetie! It's a doggy, and doggies like to wag their tails and bark when they're happy. Would you like to give it a gentle pat on its soft fur?""","""Look, sweetie, here comes the yummy apple pie! It's so juicy and sweet, just like the juice from our strawberries. Want to try a tiny bite? Yummy!""","""Look at the fluffy dog, sweetie! It's wagging its tail and has soft, brown fur. The dog is happy to see you, and it's time for us to play together, isn't that wonderful?""","""Hey there, sweetie! Let's talk about your family, okay? You know, Mommy and Daddy are your very special family, just like how you are a special part of our family. They love you so much, just like we do. They're here to take care of","""Look at the big, fluffy dog! He's wagging his tail because he's happy and wants to play with you, sweetie.""","""Look at that cute, fluffy cat! It's meowing, wagging its tail, and playing with a ball of yarn. Isn't it so funny and cuddly, sweetie?""","""Hey sweetie, guess what? Mama and Papa are back from work, and we're all ready for our fun family time together!""","""Come here, little buddy! Let's explore our cozy house together, where we have a big, soft bed, yummy snacks, and a fun toy box!""","""Look at the cute, furry dog! It's wagging its tail because it's so happy to see you. Let's go say hello to the dog, okay?"""
"""Look at the pretty house, sweetie! It has a red roof, a big door, and lots of windows to look out of. Isn't it nice?""","""Look at the bird, sweetie! It's fluttering its wings and singing a beautiful song!""","""Look at the yummy apple! It's red and juicy. Mama's going to cut it into small pieces so you can try it!""","""Look, sweetie, here's a cute kitty! Meow, meow! Can you say 'cat'? The kitty is soft and fluffy, just like your teddy bear.""","""Look at the cute little puppy, little one! It's a fluffy, friendly dog with soft fur that wags its tail when it's happy.""","""Look at the yummy carrots, sweetie! Crunchy and healthy for your tummy!""","""Look, sweetie, these are your big brother and sister! They love you so much and always want to play with you.""","""Look at those soft, fluffy teddy bears! Let's pick one and give it a gentle hug!""","""Look at that big, shiny car! It has four wheels and it goes vroom, vroom when it moves. Isn't it fun to watch it go by?""","""Look at these bright and colorful toys, little one! Can you grab the ball and bounce it up and down? Let's play together!""","""Come here, sweetie, let's look at our cozy house together. See the big blue sky outside our window? And look at our fluffy carpet in the living room, it's so soft! Can you feel the warm sunshine on our wooden table? Yum, let","""Look at the fluffy, cute kitty cat with the sparkly eyes, little buddy! The kitty is purring and meowing, and it loves to play with its toys and chase little bugs outside.""","""Look, sweetie, here comes the yummy apple pie! Would you like a big slice? It's so crunchy and sweet, just like the juicy apples from our garden!""","""Look, little buddy! Yummy apple slices, juicy and sweet! Want to try one with your cute hands?""","""Look at the fluffy dog! He's wagging his tail and has soft fur, isn't he? The dog is wagging his tail because he's happy to see you!""","""Oh, look at these cute little toys, sweetie! They're ready for our playtime fun. Let's find the softest teddy bear and make it snuggle next to us!""","""Hey there, sweetie! You know, in our family, we have mommy, daddy, and your little brother or sister. We all love and take care of each other, just like we do for you!""","""Look at the big, red car, sweetie! Can you say 'car'? It goes 'vroom vroom' when it moves. Let's play 'I spy a car' together!""","""Look, sweetie, a pretty bird with colorful feathers is flying in the sky, chirping its lovely song!""","""Look at the fluffy dog, sweetie! It's wagging its tail because it's so happy to see you. Let's say 'woof woof' together and give the dog a gentle pat on its soft fur!""","""Yummy, sweet banana! Let's share it, my little helper. Can you say 'banana'? Yay, good job!""","""Look at the fluffy dog, sweetie! See how it's wagging its tail and wants to play fetch with you!""","""Listen, sweetie, it's time to say hello to grandma and grandpa. They're our special family who loves us so much, like a big, warm hug!""","""Look at the big, fluffy dog! It's barking because it's happy. Can you say 'dog'? Woof woof! This dog is a very friendly friend. Would you like to pet it when we go to the park?""","""Come here, sweetie! Look at this cute fluffy cat. The cat is purring, which means it's very happy. See how it's wagging its tail? Cats like to play with yarn. Would you like to pet the kitty gently?""","""Hey sweetie, mommy and daddy are your family, and they love you very much. They're always there for you, just like how I'm here for you!""","""Hey sweetie, let's go explore the house! We can check out the cozy bedroom, where your teddy bear sleeps, and then we can have fun in the big kitchen where we bake yummy cookies together!""","""Look at the fluffy dog, sweetie! The dog has soft fur and a wagging tail. The dog is bouncy and loves to play fetch with its favorite toy!"""
"""Look at this big, cozy house! This is where mommy and daddy live, and it's made of many pretty bricks. We have a lovely garden outside with lots of flowers and a swing for you to play on when you grow up big and strong!""","""Look at that beautiful bird, sweetie! Its feathers are so colorful and soft. Want to hear it chirp and sing for us?""","""Look at the yummy spaghetti, sweetie! It's cooked to be warm and soft, just perfect for you to start eating with your little hands!""","""Look at the cute, cuddly kitty cat, wow, it's so soft and fluffy!""","""Look at the cute little puppy, sweetie! It's wagging its fluffy tail because it's happy to see you!""","""Look, sweetie, we're going to have some yummy apple slices with your peanut butter, little one. It's so tasty and good for you!""","""Hey sweetie, look at our family! We have mommy, daddy, grandma, grandpa, and your big sister, Mia. Isn't it wonderful to have everyone love and care for you?""","""Look at those big, colorful blocks! They can stack high and make a tower!""","""Look, sweetie, there's a shiny, red car! The car goes 'vroom, vroom' when we press its big buttons. Can you say 'vroom'?""","""Look, sweetie, we have fun toys to play with! This big, red ball is for rolling and bouncing, and this soft, fluffy teddy bear is for cuddling and pretend play!""","""Look, sweetie, this is our cozy house, with a big, soft bed for you to snuggle into every night, and lots of colorful toys waiting for you to play with in the morning!""","""Look at the fluffy, cute kitty cat! She's playful and loves to chase her little ball.""","""Sweetie, it's time to eat your yummy apple and carrot. They will make you strong and healthy, just like a superhero!""","""Sweetie, it's time to eat your yummy carrots and broccoli, they're so good for your eyes and help you grow strong and tall!""","""Look at the cute, fluffy dog! The dog is wagging its tail because it's so happy. See how it licks your hand? That's how dogs show they love us.""","""Look at all the fun toys we have, little one! Let's pick your favorite, the soft, fluffy teddy bear, and play together.""","""Hey there sweetie, look at the lovely family photo we have here! See mommy and daddy with you, and don't forget your adorable big brother, buddy!""","""Look at the big, shiny car! It's so red and fast, just like your toy race car. Can you say 'car'? Wow, you're doing great! Let's imagine we're driving a car to the park.""","""Look, sweetie, see the big, beautiful bird up in the sky? It's soaring and singing with the wind!""","""Look at that cute dog, sweetie! The dog is wagging its tail and it's so friendly. Let's say 'hello' to the dog together!""","""Yummy, sweet apples! These are the best snacks to eat, my love!""","""Look at the cute little puppy, sweetie! See how it wags its fluffy tail when it's happy? Puppies like to play with their favorite toys and are so friendly, just like you!""","""Look at mommy and daddy, sweetie! They are your family, and they love you very much. They'll always be here to play with you and keep you safe.""","""Look at the fluffy dog, sweetie! The dog's tail is wagging and it's so happy to see you. Can you say 'woof woof' when the dog barks?""","""Look at the cute little kitty cat, wagging her tail and purring softly, ready for a gentle pet from you.""","""Look at our lovely family, sweetie! We have mommy, daddy, and you. Each one is special and unique, just like you!""","""Come here, sweetie! Let's go look at all the pretty colors in our lovely house. We'll see the blue walls, the yellow flowers in the garden, and the cozy red couch where we can snuggle up together!""","""Look at the fluffy dog, little one! It's wagging its tail and wants to say 'hello' to you. Isn't it cute?"""
"""Come here, sweetie! Look at this big, beautiful house where we all live, with a red roof, blue door, and a green lawn. Can you hear the birds chirping? It's so cozy and warm, isn't it?""","""Look at the birdie, sweetie! The little birdie is chirping and hopping around in the big, green tree. Isn't that funny and cute?""","""Look at the yummy, ripe banana! Eat up, little one! It's sweet and soft, perfect for your tummy!""","""Look at the cute fluffy cat, little one! The cat has soft fur and loves to purr and play. Can you say 'cat'? Meow, meow, cat!""","""Look at the puppy! The puppy is so soft and fluffy, let's give him a gentle pat, little buddy!""","""Look at the juicy, bright red apple, sweetie! It's crunchy and tastes so yummy, just like the fruity flavors we love.""","""Look at the happy family! There's Mommy, Daddy, and little sister, sweetie. They love you so much and want to play with you too!""","""Look at these colorful blocks, sweetie! They're so fun to stack and build all by yourself!""","""Come here, little buddy! Look at this big, shiny car! It has wheels to roll it on the ground. The car's color is bright and fun, like your favorite toy. See how it goes vroom vroom? That's the car's engine making it move","""Look at those colorful cars! They can go zoom, zoom, zoom! Want to play with them and pretend to drive?""","""Hey, sweetie, look at our cozy house! It has a lovely red door, a big blue window, and a soft green carpet inside. Can you say 'house'?""","""Look at that cute, fluffy kitty cat, little buddy! Its whiskers are like tiny caterpillar antennas, and it loves to purr when it's happy. Isn't it pawsome?""","""Yummy, sweet and crunchy carrot, yummy! Now, let's say 'carrot' together, carro-carrot!""","""Look at the yummy-looking apple, sweetie! It's a bright red, and when you bite into it, you'll taste a sweet and crunchy treat!""","""Look at the cute little puppy, sweetie! Its soft fur is as fluffy as your blanket, and it's wagging its tail because it's so happy to see you!""","""Look at those shiny blocks, sweetie! Want to help me stack them up and make a tall tower? Let's make it as tall as the sun in the sky!""","""Oh, look, sweetie, we're here with your family, Mommy, Daddy, and your big brother and sister. They love you so much and are here to play with you today!""","""Look at the big, red car! Want to see the bumper stickers? Let's say the car's name together, it's 'car', like this, 'car'!""","""Look at that beautiful birdie, sweetie! It has pretty feathers and can sing really sweet songs for us to listen to.""","""Look at the fluffy, cute dog wagging its tail and barking with so much joy, it's like he's saying, 'I love you, my little friend!'""","""Look at those yummy carrots, sweetie! They're orange and crunchy, and they're going to make you strong and healthy!""","""Look at the doggie, sweetie! It's fluffy and wagging its tail, just like a big, friendly smile. Can you say 'doggie'? Doggie is so happy to see us, and it loves to play and cuddle. Isn't","""Oh sweetie, look at mommy and daddy holding hands, they're our loving family, just like we are a family with you!""","""Look at the cute dog, sweetie! This furry friend loves to play fetch with you and gives big, wet kisses. Isn't he the best?""","""Look at that fluffy cat, sweetie! The cat is purring and has soft fur, just like the blankets we snuggle with at night.""","""Hey there, sweetie! Look at mommy and daddy holding hands like they're playing a special game called 'Family Dance.' They're your superhero team, always there to hug and protect you!""","""Look at our big, cozy house, sweetie! It has a blue door, green windows, and a red roof that we love to play under. Can you find the sunflower on the front porch? It's just like the yellow flower you drew yesterday!""","""Look at the fluffy, friendly dog wagging its tail and saying 'woof-woof!' Isn't it adorable? The dog is so happy to play and give us a big, wet kiss."""
"""Look at the beautiful house, sweetie! It's so big and has lots of rooms with cozy beds, a yummy kitchen, and a lovely garden with pretty flowers.""","""Look, sweetie, there's a pretty bird outside, with soft feathers and a lovely song. Want to hear it sing? Listen, baby!""","""Yummy, sweet apple, juicy and crunchy, ready to make your tummy happy!""","""Look at that cute little kitty, sweetie! The fluffy furry cat is so soft and cuddly, isn't it lovely?""","""Look at the big fluffy bunny hopping around! It's hoppity-hopping! Let's say 'bunny' together!""","""Look at these juicy, ripe, red strawberries, sweetie! They're soft and yummy, perfect for little bites. Try one and tell me what you think!""","""Look at mommy and daddy, they are our family and we love them so much! Let's hug them and say 'I love you'!""","""Look at all those bright, fun toys! You can play with the soft, plush bear or stack the colorful blocks together!""","""Look, sweetie, there's a shiny, red car! It's so big and pretty! Let's wave to the car as we drive by. See how the car moves on the road? Cars go on roads to take us places like the park, the store, and back home","""Look at all these fun toys, little buddy! Your favorite truck is ready for another ride around the playroom, and there's a soft teddy bear waiting for you to snuggle up. Let's play together!""","""Come here, sweetie, let's go visit our cozy, colorful house, where we have a lovely bed, soft carpet, and lots of yummy snacks for you!""","""Look, sweetie, there's a fluffy, soft cat with pointy ears. The cat is purring and looks very friendly. Do you want to say hello to the cat?""","""Look, sweetie, these little carrots are orange and crunchy. They're good for your eyes and your body!""","""Yummy apple, sweet and crunchy! Let's take a big bite and enjoy the yummy taste together!""","""Look at that fluffy dog, little buddy! Its fur is so soft and it's wagging its tail happily because it's so excited to see you. Can we say 'woof woof' together?""","""Look at all these fun toys, sweetie! Let's pick one to play with, maybe a ball or some blocks, and we can stack them up and knock them down together!""","""Look at our family, sweetie! We have mommy, daddy, and your little sister. We love each other and play together every day!""","""Look, sweetie, this big yellow car with shiny wheels is going to take us on a fun ride! Let's buckle up and enjoy the bumpy, but safe, journey together!""","""Look, sweetie, a beautiful bird! Its feathers are all different colors, and it's singing a pretty song for us.""","""Look at the fluffy, cute dog, little one! He's wagging his tail because he's so happy to see you. Isn't he a good boy? Let's give him a gentle pat on the head, sweetie.""","""Look at these delicious, ripe strawberries! They're so red and sweet, little one. Yummy!""","""Look, sweetie, there's a playful puppy wagging its fluffy tail and barking happily. Want to say 'hello' to the puppy too?""","""Look at all the people we love, sweetie! That's your big brother, daddy, mommy, and even grandma and grandpa!""","""Look at that big, fluffy dog wagging its tail, sweetie! Dogs are so cute and love to play fetch with their favorite toy.""","""Look at the fluffy, cute cat, little buddy! The cat's fur is soft and silky, just like the clouds in the sky. Can you say 'cat'? Let's say 'cat' together. See how the cat's paws are paw-p","""Oh look, little buddy, it's your mommy and daddy! They are your superhero family, always there for you with love and hugs!""","""Hey there, little buddy! Come on, let's go explore our lovely house, where we live and play together!""","""Look at the fluffy, cute dog! The dog is wagging its tail and wants to play. Let's say 'woof woof' together and watch it jump around and chase the ball. Isn't the dog so happy to see us?"""
"""Come here, sweetie! Let's go see the big, comfy house we live in, with the warm, colorful walls and the pretty, soft bed where we sleep.""","""Look at that pretty bird, sweetie! The bird is flying high in the sky. Can you see the bird with its bright feathers?""","""Yummy yummy, sweetie! Look at the juicy red tomato, it's ripe and ready for you to munch on. It's so soft and tasty!""","""Look at the cute little kitty, sweetie! The fluffy cat is purring softly, wagging its little tail, and snuggling up with a cozy blanket. Isn't it cute?""","""Look at the puppy! Puppies are so soft and cute. They love to play with their toys and wag their tails when they're happy.""","""Look, sweetie, the yummy red apple is juicy and crunchy! Let's take a big bite and enjoy its sweetness together!""","""Hey there, sweetie! You know, Mommy and Daddy are your family, and they always love you so much. They're your favorite people in the whole wide world!""","""Look at the bright, colorful toys! They're so much fun to play with and bring lots of smiles.""","""Come here, sweetie! Look at this big, shiny car. It has four wheels and can go very, very fast, but remember, we only ride in the car seat, okay?""","""Look at those bright, colorful toys! Would you like to play with the soft, fluffy teddy bear or the fun, bouncy ball?""","""Look at the big house with lots of windows, sweetie! That's where mommy and daddy live. See the green grass outside? Let's go play in the garden!""","""Look at the fluffy, cute cat! It's soft and purrs when you pet it, just like when we cuddle with your teddy bear.""","""Yummy yummy! Look at these bright red strawberries, sweetie. They're not only delicious but also packed with vitamins to help you grow big and strong!""","""Sweetie, it's time to eat! Mommy has made a yummy apple for you. Take a big bite, chew, and swallow, and we'll talk about what makes your tummy happy afterward!""","""Look at that fluffy, cute dog wagging its tail! Let's say 'woof woof' together, little buddy!""","""Look at all these beautiful toys, sweetie! The teddy bear is soft and cuddly, and the blocks are just right for building your amazing towers!""","""Look at the smiling family! The mommy and daddy love you so much, and they're going to read you a story with your big sister and brother.""","""Look at the big, shiny car, little buddy! It has four wheels and can take us to fun places, just like a superhero in a magical chariot!""","""Look at that pretty birdie, little buddy! It's a beautiful bluebird with a big, friendly beak. Let's say 'birdie' together, okay? Can you make the sound? 'B-b-b-birdie'.""","""Look at the doggy! The doggy is so cute and soft. Let's say 'doggy' together, sweetie!""","""Sweetie, look at the yummy, colorful fruit bowl! We have juicy red apples, ripe yellow bananas, and plump, purple grapes to make our tummies happy and strong!""","""Come here, little buddy! Look at the big, fluffy dog with the wagging tail. He's super friendly and loves to play fetch with you. Isn't he just the cutest pupper?""","""Look at Mommy and Daddy, they love you so much and want to spend time with you playing and laughing together!""","""Look at that fluffy, big, friendly dog! His fur is brown and white, and he wags his tail when he sees you. Want to go pet him and give him a gentle pat?""","""Look at the cute little kitty cat, it's fluffy and cuddly, and it purrs when you pet it softly, isn't that fun?""","""Look, sweetie, these are your family, Mommy, Daddy, Grandma, and Grandpa. They love you very much and always want to see you happy!""","""Hey there, sweetie! Let's take a little walk around our cozy home. Look at the big, fluffy bed where we rest our heads. See the bright, shiny windows that let the sunshine in? And look at all our favorite toys in the playroom!","""Look at the happy, furry dog, sweetie! It's wagging its tail because it's so excited to see you. The dog is barking because it's saying 'hello' in dog language. Can we give the dog a pat on the head to say 'hi'"
"""Look at the pretty house, sweetie! The blue roof is like a hat for the yellow walls, and the door is for us to go inside and play with your toys.""","""Look at the birdie, sweetie! It's a pretty little bird with feathers and wings. The birdie is singing a lovely song for us to listen to.""","""Look at the yummy, colorful food! Mama is making a delicious meal for us. You're going to love it!""","""Look at the fluffy cat, little one! It's purring and meowing, so cute!""","""Look at the fluffy bunny hopping in the meadow, little buddy! It's a soft and fuzzy friend!""","""Look at these yummy carrots, sweetie! They're orange and crunchy, just like your favorite snack.""","""Look at your family, sweetie! Mommy, Daddy, and you are all together like a big, happy, and cuddly team!""","""Look at the colorful blocks, sweetie! Want to stack them up with me? Let's make a tall tower together!""","""Look at the shiny, red car! Can you say 'car'? It goes 'vroom, vroom' when we pretend to drive it together!""","""Look at all the colorful cars and fluffy teddy bears! Let's play and imagine a big adventure with our toys!""","""Come here, sweetie! Let's go peek at the pretty flowers in the garden and see the big, fluffy clouds in the sky. Look at our lovely home, with its blue sky and yellow sun! Oh, and don't forget to say 'hello' to the friendly cat","""Look at that fluffy, cute cat! Want to see its soft fur and hear its gentle purring sound?""","""Look at the yummy, bright red apple, sweetie pie! It's so juicy and crunchy. Want to take a big bite?""","""Sweetie, it's time to eat your yummy peas and carrots. They're not only delicious but also give you energy to play and grow strong!""","""Look at the cute, fluffy dog wagging its tail, little buddy! Can you say 'woof woof' like the dog? The dog's name is Spot, and he loves to play fetch with you.""","""Look at those fun toys, sweetie! The red truck goes vroom, and the yellow duck can float in the water. Do you want to play with them together?""","""Look, sweetie, that's your big brother and sister playing together, just like how mommy and daddy love and play with you.""","""Look at the big, shiny car, sweetie! It has four wheels and can take us on fun rides to the park and back home.""","""Look at that pretty bird, sweetie! It's singing a lovely song with its tiny chirpy voice.""","""Look at the cute little dog, sweetie! The dog has soft, brown fur and waggy, happy tail. The dog loves to play fetch with us and gives us big, wet puppy kisses.""","""Sweetie, it's time to eat, let's have some yummy apple slices and cheesy grilled cheese sandwich for a super-duper strong bone!""","""Look, sweetie, this is a dog. A dog is a furry friend who likes to play and cuddle. They have four legs and a wagging tail that says 'hello' when they're happy. Let's say 'dog' together, 'dog, dog,","""Hey sweetie, guess what? Today, your mommy and daddy met with your big brother and sister. They are all together, just like a big family!""","""Look at the fluffy dog, sweetie! The dog is wagging its tail because it's happy to see you. The dog's name is Buddy, and it's time for Buddy to go to bed so he can grow big and strong like you!""","""Look at the fluffy, cute cat! See how it's purring and playing with its yarn ball. Isn't it a soft and gentle furry friend?""","""Look at our happy family, sweetie! Mommy and Daddy are here with you, and your loving little brother or sister is right beside you. Isn't that right, family? Yes, we're all together!""","""Hey there, sweetie! Let's go look at all the pretty houses in our neighborhood. Can you see the big red house with the little garden full of flowers? It's our neighbor's house where they live and play. Isn't it lovely?""","""Look at the fluffy, cute, and friendly dog with the wagging tail! Want to pet its soft fur and hear it bark? Let's go say 'hello' to our new furry friend!"""
"""Look, sweetie, this is our cozy house where we live and feel safe, with a big beautiful door to go outside and come back in. Isn't it a lovely place?""","""Look, sweetie, there's a beautiful bird outside! It's chirping and flying so high in the sky. Isn't that lovely?""","""Yummy, sweetie, it's time to try your mama's delicious apple puree. It's yummy and healthy, just for you!""","""Look at that cute little kitty cat, waving its paw to say hello!""","""Look at the fluffy bunny hopping around, little one! Want to say 'bunny' with me?""","""Look at the yummy apple, sweetie! It's red and crunchy, perfect for your tummy to be happy!""","""Look, sweetie, these are your big brothers and sisters, and they love you very much. They're your family, just like mommy and daddy.""","""Look at all the pretty, colorful toys! Which one do you want to play with first, little buddy?""","""Come here, sweetie! Look at this big, shiny car. It has four wheels and makes a funny noise when it goes vroom vroom!""","""Look at all these colorful toys! Can you find the soft, squishy ball? It's going to make a big bouncy sound when you squeeze it!""","""Look at the big, beautiful house with the red roof and the friendly windows that wink at you!""","""Look at the fluffy, cute cat, sweetie! It's a little furry friend with soft paws and a big, round belly.""","""Look at these yummy carrots, sweetie! They're bright orange and crunchy. Crunchy sounds fun, right? Let's take a tiny bite together!""","""Yummy, yummy, eat your yummy apple, sweetie! This apple is so crunchy and sweet, it's like a little piece of sunshine in your tummy. Enjoy!""","""Look, sweetie, there's a cute little puppy! Puppies are so playful and love to cuddle, just like you do with your teddy bear!""","""Look at the soft teddy bear, sweetie! It's time to cuddle and play with your favorite toys.""","""Hey sweetie, let's talk about our family! We have mommy, daddy, big brother, little sister, and you. They all love you very much, just like your teddy bear, and they always take care of you when you're playing outside. Isn't it wonderful","""Look at the big, shiny car, sweetie! It's blue and has four wheels that go 'vroom, vroom' when it moves. See the driver behind the wheel? He's driving us to the park!""","""Look at that beautiful bird, sweetie! It's a big, fluffy, and colorful bird with a funny little song. Can you say bird? Bird!""","""Look at the adorable little puppy, sweetie! He's a fluffy, cute, and playful dog with big, round, and soft eyes. He's so excited to see you and wants to give you a big, wet, and wiggly doggy kiss!""","""Hey there, sweetie! Look at these yummy little carrots. They're orange and crunchy, and they're super good for your eyes! Want to help me wash them before we make a delicious carrot soup together?""","""Look at the cute, fluffy dog, little buddy! The dog has soft fur and waggy tail, and it's so happy to see you. Let's go say hello to the friendly dog together!""","""Listen up, sweetie! Time to tell you about our family, the most amazing group of people who love you with all their hearts. We are mommy, daddy, your sister, and your best friend, and together we always have lots of fun and make you smile!""","""Look, sweetie, that's a big, fluffy dog! It's wagging its tail because it's happy to see us.""","""Look, sweetie, that fluffy little kitty is purring and cuddling. Isn't she the most adorable cat you've ever seen?""","""Come here, sweetie, let's talk about our family. We're a special team, just like superheroes, because we love and help each other every day!""","""Come here, sweetie! Let's see the beautiful blue house we live in, with big windows and a lovely garden where we can play!""","""Look at that cute, fluffy dog! It's wagging its tail so happy because it loves to play with you. Do you want to pet the soft, furry dog?"""
"""Look at the big, beautiful house, sweetie! It has a cozy little bed for you to sleep in and a comfy chair where mommy and daddy sit to play with you.""","""Look at that little birdie, sweetie! It's so fluffy and chirpy, isn't it? Want to see it fly?""","""Look at the yummy carrots! They are orange and crunchy. Let's try some, sweetie.""","""Look at the fluffy, cute cat! The cat has soft fur and big eyes. Can you say 'cat'? Let's say it together! Cat, cat, cat.""","""Look, sweetie, see the fluffy bunny hopping over? Let's say 'hop' together, like the bunny does!""","""Look at these bright, colorful fruits, sweetie! These are apples, bananas, and strawberries. They're yummy and good for you!""","""Look, sweetie, those are your big brother and big sister playing together. They love you very much and are your family.""","""Look at the funny little car! It goes 'vroom vroom' when you push it. Want to play with it together?""","""Look at the bright red car, sweetie! It's going to zoom by, making a 'vroom vroom' sound. Isn't it exciting? Let's wave to it together, little buddy!""","""Look, sweetie, here are your favorite toys, ready for playtime! Let's build a tower with blocks, and we can also color with your crayons!""","""Hey there, little buddy! Let's play a fun game with our house! We're going to pretend it's a big, cozy castle for us. See the windows? They're like big friendly eyes watching over us. And look at the door! It's like","""Look at the fluffy, cute cat, little one! Its fur is soft like a cloud and it purrs just for you.""","""Hey there, sweetie! Let's go find some yummy fruits and vegetables to help you grow strong and healthy!""","""Look, sweetie, here's a juicy red apple for you! It's crunchy and sweet, perfect for biting and chewing. Eat it slowly, savor every bite, and remember to wash your hands before and after. Isn't it a yummy treat","""Look at the fluffy dog, sweetie! See how it's wagging its tail and smiling at us. The dog is very happy to see you.""","""Look at all the colorful toys, sweetie! You can pick your favorite teddy bear or the cool race car and play with it.""","""Hey there, sweetie! You know, our family is like a big, happy puzzle. Mommy and Daddy are like the edges, always holding us together. And we all fit in perfectly, just like the pieces of your favorite puzzle.""","""Look at the big, shiny car! See how it has four wheels and a roof to keep us dry when it rains. Isn't it fun to pretend to drive it around with your toy car?""","""Look at that beautiful bird, sweetie! It's flapping its wings and singing a lovely song, just like a little musician.""","""Look at the fluffy, cute dog, sweetie! It has soft fur and loves to play with you. Isn't it so adorable?""","""Hey sweetie, let's eat some yummy carrots and crunchy apples to make our tummies happy and strong!""","""Look at the cute little dog! It has soft, fluffy fur and wags its tail when it's happy. Let's say 'woof woof' for the dog, sweetie!""","""Look at our family, sweetie! We are a group of people who love and care for each other. Mommy, Daddy, and you are all special members of our family, just like the stars in the sky.""","""Look at the happy dog, sweetie! It's a furry, cute little puppy with big, friendly eyes and a wagging tail. It's so happy to play with you and keep us company.""","""Look at that cute fluffy cat, sweetie! The cat is purring and playing with its toy. Isn't it so soft and cuddly?""","""Look at our family, sweetie! We have mommy, daddy, and your big brother, Tommy, who loves to play superheroes with you.""","""Hey there, sweetie! Look at our lovely house, with its colorful walls and cozy rooms, where we all live and play together. Isn't it wonderful?""","""Look, sweetie! This is a fluffy, friendly dog. It's wagging its tail because it's happy to see you!"""
"""Look at the pretty house, sweetie! The little blue door opens to a cozy room with soft pillows and a big fluffy carpet. Isn't it a lovely place to dream and play?""","""Look at the beautiful bird, sweetie! It's a lovely blue color and has soft feathers, like a fluffy pillow.""","""Look at the yummy yellow banana! It's soft and sweet, like honey! Let's try to eat it together!""","""Look, sweetie, that's a fluffy kitty! See how it purrs and snuggles? Let's say 'cat' together. Kitty, kitty, kitty!""","""Look at the cute little kitten playing with its yarn toy. Isn't it adorable?""","""Look at the juicy, red apple, little one! It's sweet and crunchy, and it's time to take a tiny bite!""","""Look at mommy and daddy! They're our family, and we all love each other so much, just like when we hug our teddy bears.""","""Look at all these bright, shiny toys! Let's pick one to play with, maybe a big, soft teddy bear or a fun, colorful ball to roll across the floor!""","""Look at the big, red car, sweetie! Can you say 'car'? It's rolling down the road, and it's so fun to watch!""","""Come here, sweetie! Look at all these wonderful toys. Can you see the red ball? Let's play with it together.""","""Come here, sweetie, let's go look at the pretty house with the red roof and the big windows. Look at the flowers in the garden and the birds flying in the sky!""","""Look at the fluffy, cute cat, sweetie. The cat has soft fur and a purring sound when it's happy. Can you say 'cat'? Great job! The cat is so friendly and likes to play with you.""","""Hey there, sweetie! It's time to eat your yummy carrot sticks. They're crunchy and orange, and they're really good for your teeth. Let's have some fun munching on them!""","""Look, sweetie, these bright red tomatoes are like little balls of juicy goodness. They're part of a yummy salad we can munch on together!""","""Look at the cute, fluffy dog! Want to pet it gently? Its fur is so soft and it's wagging its tail because it's happy!""","""Look at these big, colorful blocks, little one! You can stack them up and knock them down. Playtime is so much fun with these fun toys!""","""Sweetie, mommy and daddy are your family, they love you very much. Your big brother will be a big helper too, just like me!""","""Look at the shiny red car, sweetie! It's big and fast, like a superhero zooming on the road to pick up your toys and take you to the park!""","""Look, sweetie, a beautiful bird! It's a little yellow birdie with a long beak, waving hello to us from the tree. Isn't it so lovely?""","""Look at the fluffy, furry dog wagging its tail happily! The dog is barking and jumping around, wagging its tail to say hello. Isn't that a funny and cute dog?""","""Look at the yummy apple, sweetie! It's so bright and red, and it makes you strong and healthy.""","""Look at the fluffy dog, sweetie! It's wagging its tail and wants to play with you!""","""Hey there, little buddy! You know what? Your family is the happiest bunch of people in the world, always sharing smiles and cuddles with you!""","""Look at the fluffy, happy dog! Its wagging tail and friendly eyes show it wants to play with you!""","""Look at the fluffy cat, sweetie! The cat is so soft and cuddly, just like your teddy bear. It has paws and whiskers, and it loves to play with yarn and chase butterflies. The cat's fur is brown like","""Look at the big, happy family we have! There's Mommy, Daddy, and our little brother, Sam. Together, we share love and make our home a warm, cozy place.""","""Come here, sweetie! Look at this big, cozy house with a bright blue door and a shiny red roof. The windows let in sunshine and the flowers in the garden are so pretty!""","""Look at the big, fluffy dog wagging its tail, darling! The dog's wagging tail means it's very happy to see you!"""
"""Look at the pretty house, sweetie! The little windows let the sunshine in, and the roof keeps us dry when it rains. Let's tickle the door and hear it giggle, just like mommy and daddy do!""","""Look at the pretty birdie with its colorful feathers and chirpy songs. Isn't it lovely?""","""Look at the yummy carrots, little one! They're so bright orange and crunchy, perfect for you to try and chew.""","""Look at the cute, fluffy cat! It's purring and playing with its toys. The cat is soft and cuddly, isn't it?""","""Look at the cute little puppy wagging its tail, let's say 'woof woof' together and watch it play!""","""Look at this yummy apple, sweetie! Want to try some crunchy apple slices?""","""Hey sweetie, look at Mommy and Daddy holding hands, they're like two superheroes sticking together for you, my little one!""","""Look at these fun toys, sweetie! The teddy bear is soft and cuddly, and the truck can zoom and zoom across the floor!""","""Look, sweetie, this big red car can go fast and take us on fun trips to the park, zoo, or the beach!""","""Look at all these fun toys, little one! We're going to play with your soft teddy bear and then press the bright buttons on the toy car.""","""Come here, sweetie! Let's go see the pretty house with the big red roof and the friendly cat!""","""Look at the cute little kitty, little one! The kitty has soft, fluffy fur, and it purrs when it's happy. Can you say 'cat'? Let's point to the kitty together.""","""Yummy, sweetie! Look at the juicy red apple, it's so crunchy and tasty. You can bite into it and feel the crispness. Don't forget to chew it up nicely so your teeth stay strong and healthy!""","""Look at these yummy, colorful fruits and veggies, sweetie! They're so good for you, they'll make you strong and healthy.""","""Look at the happy dog, little buddy! The dog has soft fur and big, friendly eyes. He's a good boy who loves to play fetch and gives big, wet kisses.""","""Come here, sweetie, it's time to play with your favorite toy cars! Let's roll them together on the floor.""","""Hey sweetie, guess what? Today we're going to learn about our family, the amazing people we love who help us feel safe and happy!""","""Look at the shiny red car, sweetie! The car has four wheels that go 'vroom vroom' when we push it, and it takes us on fun adventures to the park or the grocery store.""","""Look at that beautiful bird, sweetie! It's singing a lovely song and has pretty feathers.""","""Look at the fluffy, cute puppy with big, floppy ears and a wagging tail. Want to give him a gentle pat?""","""Yummy, look at this apple! It's red and crunchy, and we can eat it together!""","""Look at that fluffy, friendly dog wagging its tail, sweetie! It's a big, cuddly pup, just like our own furry friend, Rover. Can you say 'dog'? D-O-G, just like this!""","""Look at the family picture, sweetie! We have mommy, daddy, your brother/sister, and you, our little one. They all love you so much and want to spend lots of fun time together.""","""Look, sweetie, that fluffy dog is wagging its tail because it's happy to see you! Isn't it cute when it licks your hand and gives you a big, wet kiss? Dogs are the best friends we can have, and we love them so much!""","""Look at that cute, fluffy kitty cat! It's purring and playing with yarn. Isn't it so soft and cuddly? Want to say hello to the kitty cat?""","""Hey sweetie, look at our family! Mommy and Daddy love you so much. You have your big brother Tom and your little sister Lily. Together, we make a big, happy family!""","""Hey sweetie, come here, let's go explore the big, beautiful house we live in. Look at all the cozy rooms, the funny-shaped kitchen, and the friendly, fluffy carpet under our feet!""","""Look at the big, fluffy dog! It's barking and wagging its tail because it's so happy to see you."""
"""Look at the pretty house, sweetie! It's big and has a blue door. See the flowers on the roof? They're yellow and smell so nice!""","""Look, little one! A pretty bird is flying in the sky, with beautiful feathers and a funny chirping sound. Isn't it amazing how it can fly so high?""","""Look at the juicy, ripe, red strawberries, sweet little one! They're yummy and make us happy when we eat them.""","""Look, sweetie, that's a kitty. The kitty is fluffy, and it has soft fur. The kitty is purring. Can you say 'kitty' with me?""","""Look, sweetie, there's a fluffy kitten playing with a ball of yarn, isn't it adorable?""","""Look, sweetie, these are apples! They're red and shiny. Yummy, juicy apples, perfect for your tiny hands. Try to touch them gently, they're soft and sweet, just like your favorite cuddles!""","""Look, sweetie, this is mommy and daddy, and we love you so much! We're your family, and we're always here for you.""","""Look at those bright, shiny, colorful toys! Let's go play with them, little buddy!""","""Look at the big, red car! It has four wheels and will take you on a fun ride. Let's say 'car' together, and watch it go vroom-vroom!""","""Look at the bright red truck! Want to play with the soft teddy bear? Let's pick up the colorful blocks and stack them together, sweetie!""","""Look at the big, colorful house we live in, sweetie! It has a red roof, blue windows, and a green door. It's our special place where we play, eat, and sleep every day. Isn't it beautiful?""","""Look at the cute fluffy cat! It's purring and playing with a little ball of yarn. Isn't it adorable? The cat is so soft and cuddly, just like a big, furry teddy bear.""","""Hey sweetie, do you want some yummy carrot sticks to munch on? They're crunchy and orange, just like a tiny, tasty sun!""","""Yummy apple! Look, it's round and red, just like your favorite toy car!""","""Look at the fluffy dog, sweetie! It's a cute puppy, wagging its tail and ready for a big, happy hug!""","""Look at all the fun toys! The soft teddy bear is super cozy, and the shiny blocks can stack high. Let's play with them together!""","""Hey sweetie, today we're going to talk about your family. You know, mommy and daddy? And remember, Aunt Lily and Grandpa Joe are so lovely too. They're part of our big, happy family.""","""Look at the big red car, sweetie! The car has four wheels, and it goes vroom-vroom when the driver pushes the pedal. The driver sits inside the car, and we have to buckle our seatbelts for safety.""","""Look, sweetie, there's a beautiful bird with colorful feathers soaring through the sky. Can you hear its lovely chirping? Isn't it amazing how it flies so high and sings so cheerfully?""","""Look, sweetie, there's a fluffy dog wagging its tail and ready for a big, happy playtime!""","""Look at this yummy, colorful apple, sweetie! It's ripe and ready to be sliced into tiny pieces for your fun and healthy snack.""","""Look at the fluffy dog, sweetie! Its waggy tail says, 'Hello, I'm happy to see you!'""","""Hey sweetie, it's time to say hi to our family. Mommy and Daddy are here, and so are your big brother and sister, Sammy and Lucy. Remember, we all love each other and play together, just like we're a big, happy family!""","""Look at the fluffy, cute dog with wagging tail and big, brown eyes! Oh, can you say 'dog'? Dog!""","""Look at the fluffy, cute kitty cat, sweetie! This little furry friend is a soft, purring, and cuddly animal, and it's called a cat!""","""Look at our big, loving family, sweetheart! We're a group of special people who care for each other and always share our smiles and hugs. Isn't it wonderful to have mommy, daddy, grandma, grandpa, and your little siblings all here with us","""Hey there, little buddy! Let's go on an adventure to the house where we live. Look at the big windows that let the sunshine in. See those colorful rooms where we sleep, eat, and play? That's our home, sweetie, and it's","""Look at the big, fluffy dog with the wagging tail, let's say hello to its friendly face and touch its soft fur gently, little buddy!"""
"""Look, little one, it's a cozy house with a beautiful red door, sweet windows, and a big blue sky outside. Isn't it lovely?""","""Look, sweetie, there's a beautiful bird flying in the sky. Its feathers are so pretty, like a rainbow. Can you say 'bird'?""","""Look at these yummy, colorful veggies! They're so soft and tasty, and they make you grow strong and healthy!""","""Look at the fluffy cat, sweetie! The cat's soft fur feels nice to touch, and it's purring softly.""","""Look at the big, fluffy bunny hopping around, little buddy! Isn't it cute?""","""Look, sweetie, these are apples. They're red and round, and they're yummy and crunchy! You can try some if you want.""","""Come here, sweetie! This is your lovely mommy and daddy. We're your family, and we love you so much!""","""Look at all these beautiful, shiny toys, sweetie! Let's pick one and play together!""","""Look at the big, red car! See how it has four wheels? It's going to take you on a fun ride around the block. Want to go for a ride in the car?""","""Look at the soft, fuzzy bear! The bear can hug you tightly. Can you squeeze the bear like a little bear?""","""Come here, little buddy! Let's go see our house with the blue door, and inside, we'll find cozy rooms and a big, soft bed to snuggle in. There's even a special place to keep all our toys and books!""","""Look at the fluffy cat, sweetie! The cat is purring softly and has pointy ears. It's a furry friend that likes to chase yummy mice.""","""Yummy! Look at those bright red apples, sweetie! They're crunchy and juicy, perfect for a healthy snack!""","""Look at the yummy apple, sweetie! Can you say 'apple'? It's so crunchy and sweet, just like a little piece of sunshine for your tummy!""","""Look, sweetie, there's a cute dog! Woof woof! His fur is soft and brown, like chocolate ice cream. Can you say dog? Good job! Dogs are so friendly, and they love to play fetch. Do you want to play fetch with the dog","""Hey there, little buddy! Look at all these wonderful toys! Can we play with the big, soft teddy bear? He's super fluffy and ready for a big hug! Let's make a tower with the colorful blocks, one by one, just like we did","""Hey there, sweetheart! Let's talk about our lovely family. We have Mommy and Daddy, Aunt Lucy, and your big brother, Alex. They all love you very much, just like a big, warm hug from the sun!""","""Look at the big, shiny car! Can you say 'car'? The car goes 'vroom vroom' when we press the pedal. Let's wave to the car as it drives by, little buddy!""","""Look, sweetie, there's a beautiful bird with feathers as soft as cotton candy! It's chirping a happy song just for us.""","""Look at the fluffy dog, sweetie! Want to pet its soft fur? Dogs are fun and friendly animals!""","""Yummy yummy, sweetie pie! We're eating delicious carrots today. They're orange and crunchy, just like your favorite toys!""","""Look at the fluffy, happy dog wagging its tail, it's time to say 'woof woof' and pet it gently.""","""Hey there, sweetie! You know, you have a big family with mommy, daddy, your brother and your grandma and grandpa. They all love you very much and want to spend lots of time with you.""","""Look at the fluffy dog, sweetie! See how it wags its tail when it's happy and barks to say hello!""","""Look, sweetie, here comes a fluffy cat! The cat is very soft and loves to purr when you pet its furry coat. The cat has big, round eyes and loves to chase little toys around.""","""Hey there, sweetie! Let's talk about your family. You have your mommy and daddy, right? And they love you so much. They also have a big brother or sister who plays with you. They're your favorite people in the whole wide world!""","""Look at our lovely home, sweetie! It's big and warm, just like a big hug. Come here, little one, and let's explore every nook and cranny together.""","""Look at the adorable fluffy dog, sweetie! See how it wags its tail and loves to play with you?"""
"""Look at the shiny car, sweetie! It has four wheels and goes vroom-vroom, just like in the books we read together!""","""Look at the fluffy doggy, sweetie! He's so soft and cuddly. The doggy is wagging its tail because it's happy to see you!""","""Look at the cute puppy, sweetie! See how it's wagging its fluffy tail? The puppy is so friendly and loves to play with you. Isn't it wonderful to see such a happy and cute dog?""","""Look at the cute little dog wagging its tail and barking happily, sweetie! It's so fun to see dogs play and run around, isn't it?""","""Look at these fun, soft, and colorful toys. Want to play with them with me?""","""Yummy, sweetie! Here's some apple, crunchy and red, just for you to enjoy!""","""Look at the bird, sweetie! It's flying high in the sky, with wings like a beautiful, feathery kite.""","""Look at that pretty bird, little buddy! It's flapping its wings and singing a sweet song. Want to say 'bird' with me?""","""Look at the pretty bird, sweetie! It's flapping its wings and singing a lovely song. Let's go closer and watch it fly high in the sky, okay?""","""Look, sweetie, there's a dog! A cute, fluffy puppy is running and playing with its wagging tail.""","""Look at the big, red car, sweetie! The car's wheels are round and they help it move fast, just like when we roll our ball across the floor!""","""Look at the yummy apple, sweetie! Can you grab it for me with your big, strong hands? Yum!""","""Look at the fluffy, cute, and soft cat with pointy ears and a cute little tail that likes to purr and play with yarn!""","""Hey there, sweetie! Look at all these yummy veggies! Let's get you some carrots, broccoli, and sweet peas to make you strong and happy.""","""Look at all those fun toys, little buddy! The cars are zooming, the dolls are smiling, and the blocks are stacking. Let's play together!""","""Look at the cute fluffy dog! He's wagging his tail and barking happily. Let's say 'dog' together and watch him play with his toys.""","""Come here, sweetie! Look at this beautiful house, where we have our cozy bed, fun toys, and yummy food to eat. Let's go inside and play, and mommy and daddy are waiting for you!""","""Come here, sweetie! Let's go see the big, big house with the blue door. We can play with the colorful toys inside. Don't forget to say 'hello' to the friendly cat!""","""Look, sweetie, there's a fluffy bunny hopping by, and oh, can you see the colorful birds flying up high in the sky?""","""Look at the fluffy bunny, hopping around so fast! It's so soft, let's gently touch the top of its head.""","""Look, sweetie, that bird is singing a lovely song. It's hopping on a branch and eating some yummy bugs. Isn't it sooo funny and colorful?""","""Look, sweetie, it's time to play! Do you see the red ball? Wanna roll it with me and giggle while we play together?""","""Look at that beautiful bird with its colorful feathers, sweetie! Can you say 'bird'? They fly high in the sky, chirping all day and night.""","""Look at the big, shiny car, sweetie! It's so cool! Can you say 'car'? Let's all say 'car' together! The car goes 'vroom vroom' when it starts, and it can take us on fun trips to places like the zoo or","""Look at the fluffy bunny hopping through the grass, little buddy! It's so soft and cute, isn't it?""","""Look at the beautiful bird! It's so colorful and chirpy, isn't it? Want to see if it's going to fly away?""","""Come here, little buddy! Look at our cozy home, where we have a big soft bed, a yummy kitchen, and lots of colorful toys to play with!""","""Hey there, sweetie! Look at this big, red car. Can you say 'car'? Yes, you can! This car has four wheels and it goes 'vroom-vroom' when it drives down the street. Isn't it fun to say 'car' and see it"
"""Look at the shiny, bright car go-go-vroom! It's zooming down the road, and the wheels are rolling all smooth and fast. Can you see how the car makes a loud noise when it moves? Let's say 'car' together, 'car, car'","""Look sweetie, that fluffy dog is wagging its tail because it's happy to see you!""","""Look at that fluffy, cute dog! See how it wags its tail and barks? Dogs are so friendly and fun to play with, don't you think?""","""Look, sweetie, there's a fluffy, cute little dog! This is a puppy, and he's super friendly. Can you say 'puppy'?""","""Look at the bright, colorful toys, little one! See how the blocks stack up high, and listen to the fun sounds they make when you play?""","""Sweetie, this yummy apple is so crunchy and juicy. Let's say 'apple' together, one 'a' sound, pause, and then 'pple'.""","""Look, sweetie, a beautiful bird is singing on the tree. It's chirping so lovely, isn't it?""","""Look at that beautiful bird, sweetie! It's so pretty with its colorful feathers and melodic songs. Birds like this can fly high in the sky and sing songs for us to enjoy.""","""Look at the beautiful bird, sweetie! It's flapping its wings and singing a lovely song for us to hear.""","""Look at the cute little puppy! Its soft fur feels nice, and it wags its tail when it's happy. Puppies love to play and cuddle with us.""","""Look at the big, red car! Wow, it's shiny and fast, isn't it? Can you say 'car'? Let's count the wheels together, one, two, three, four!""","""Look at the juicy, ripe, and yummy apple! Let's eat the crunchy, sweet, and red apple together!""","""Look at the fluffy, cute kitty, little buddy! See how it's purring and playing with its yarn toy? Isn't it so soft and friendly, just like our teddy bear?""","""Yummy apples, sweet peas, crunchy carrots, and yummy yogurt, let's eat healthy and strong, kiddo!""","""Hey there, little buddy! Look at all these wonderful toys! Let's play with the soft teddy bear together. It's so fluffy and cuddly, and we can pretend it's a big, cozy blanket.""","""Look at the cute puppy, sweetie! It's a dog. The dog wags its tail when it's happy and loves to play with us.""","""Come here, sweetie! Let's go see the big house we live in. It's got a big roof, a lovely garden, and colorful windows. Isn't it amazing? Let's go inside and look at the pretty furniture!""","""Look at the big, beautiful house, sweetie! It has a blue door, a yellow roof, and a red roof. There are many rooms inside where we can play, sleep, and eat yummy food!""","""Look at the cute little puppy, sweetie! It's wagging its tail and wants to play with us.""","""Look, little one, that cute little puppy is wagging its tail because it's happy to see you!""","""Look at that beautiful bird, sweetie! It's flapping its wings and flying in the sky. Birds are such amazing creatures, aren't they? They have feathers, wings, and can sing so sweetly.""","""Oh, look at all these colorful toys! This big red truck can roll, and this fluffy teddy bear is soft to cuddle with. Want to play with them together?""","""Look, sweetie, that beautiful bird with its bright feathers is called a robin. It's chirping and hopping around, looking for food for its little baby birds in the nest.""","""Look at the big, red car, sweetie! The car goes vroom-vroom and takes us places, like the park or the store, where we can see lots of smiling faces.""","""Look at the cute bunny hopping in the meadow, little buddy! It's fluffy and it loves to eat carrots and hop around like a little bouncing ball.""","""Look, sweetie, there's a beautiful bird with bright feathers and a melodious song. Its wings are so colorful, like a rainbow in the sky!""","""Hey there little buddy! Let's go on a little adventure in our house. We'll walk through the living room where we play with toys, into the kitchen where yummy food is made, and into the bedroom where we have our cozy beds to sleep in. Isn","""Look at the big, shiny car, sweetie! It's going to take us on a fun ride to the park. Want to count how many wheels we see?"""
"""Look, sweetie, see the big, shiny car? It has four wheels and goes 'vroom' when it moves. Let's point to the car together!""","""Look, sweetie, this is a dog. Woof woof! A big, soft and friendly dog. He has soft fur and a tail that wags. Can you say 'dog'? Good job! Now, let's play together with our stuffed dog. Woof woof!""","""Look, sweetie, this cute fluffy dog is wagging its tail and wants to play. Let's say 'woof woof' together and pet its soft fur gently.""","""Look at the fluffy, cute puppy! Its tail is wagging and it's so happy to see you, my little friend. Want to say 'woof woof' with me?""","""Look at those colorful blocks! Can you pick up the red one and put it next to the yellow square?""","""Look at the yummy, bright red apple! It's so crunchy and sweet. Let's give it a gentle bite, and you'll see how delicious it is!""","""Look at the little birdie! It has soft feathers and a chirpy song. Can you say 'birdie' like that?""","""Look, sweetie, see that little bird over there with the pretty feathers? It's singing a lovely song for us!""","""Look, sweetie, a beautiful birdie is sitting on that tree. Its feathers are all soft and pretty, like a fluffy ball. It's chirping a happy song just for you!""","""Look at the adorable puppy, sweetie! It's a fluffy dog with soft fur. Can you say 'dog'? Dog. This puppy loves to play fetch and wag its tail when it's happy.""","""Look at the big, shiny car! It has four wheels, and we can sit inside and go on fun rides. Let's say 'car' together, 'c-a-r', like the sound a car makes.""","""Look at those yummy carrots, sweetie! They're orange and crunchy, just like a little crunchy cookie! Want to try some and make your smile grow big like a sun?""","""Look at the fluffy, playful cat! Its soft fur feels nice to pet, and it's purring so loudly, isn't it happy and cuddly?""","""Sweetie, we're having a yummy yogurt and banana breakfast today. Can you say 'yummy yogurt and banana' with me?""","""Look at all these fun toys, little buddy! There's a soft teddy bear for hugging, a shiny ball for rolling, and a colorful puzzle for finding pieces. Let's play together!""","""Look at the cute little puppy, sweetie! The dog is wagging its tail and barking happily. It's so soft and fluffy, and it loves to play fetch with its favorite toy!""","""Look at our big, beautiful house, sweetie! It's where mommy and daddy live, and where we have fun together. Isn't it wonderful? We love our cozy home with its colorful walls and soft carpets.""","""Look at the big, yellow sun shining through the window, little buddy! Let's go explore the house together, shall we? We can visit the cozy bedroom, where your teddy bear is waiting, and then we can have a fun time in the kitchen, making yummy snacks","""Look at that fluffy bunny hopping around! It's so cute and soft, isn't it?""","""Look at the fluffy bunny, little one! It's hopping around the meadow, nibbling on some yummy green grass.""","""Look at that beautiful bird, sweetie! It's a fluffy, colorful, and chirpy little birdie that loves to hop, skip, and fly high in the sky!""","""Come here, sweetie! Let's play with your favorite toy car and build a super cool race track together!""","""Look at that beautiful bird, sweetie! It has feathers and wings, just like a superhero flying in the sky!""","""Look at the shiny, big car with the smiley face on it, sweetie! The car is very fast and can take us on a fun ride to the park or the grocery store!""","""Look at the fluffy bunny hopping through the meadow, little one. It's time for bed, sleep tight!""","""Look, sweetie, there's a pretty bird flying up high. Its wings are so colorful, like a rainbow. It's singing a lovely song for us to hear.""","""Come here, sweetie! Let's go explore the house together. Look at these pretty flowers on the table and these funny shapes on the wall!""","""Look at the shiny, red car zooming by, little buddy! Isn't it fun to watch? Let's imagine we're riding in a cozy car seat on a fun road trip together!"""
"""Look at the big red car, sweetie! It's so shiny and fast, like a rocket zooming down the street. Can you say 'car' with me, little buddy?""","""Look at the happy dog, sweetie! The dog is wagging its tail and has soft, fluffy fur. The dog is barking, isn't it funny? Can we say 'woof woof' together, my little one?""","""Look at the happy, wagging tail of our cute puppy dog, little one! He's so soft and fluffy, and he loves to play with his favorite toy bone. Isn't he adorable?""","""Look at the cute little dog, sweetie! The fluffy furry one is wagging its tail and wants to play with you.""","""Look at all these soft and colorful toys, sweetie! Let's play with them together, okay?""","""Look at the juicy red apple, little one! It's so sweet and crunchy, just like a tiny, yummy fruit to munch on!""","""Look, sweetie, there's a little birdie! See how it flaps its wings and hops around? Birdies have feathers and make tiny tweets when they're happy!""","""Look at the beautiful bird with colorful feathers! It's flying high in the sky and singing a lovely song. Isn't it amazing how birds can fly and sing at the same time?""","""Look, sweetie! See the beautiful bird with colorful feathers soaring high in the sky, singing a lovely song for us to enjoy.""","""Look at the fluffy dog, sweetie! He's wagging his tail, and he wants to play with you!""","""Look at the big red car, sweetie! It has shiny wheels and a roof to keep us safe. Want to pretend we're driving it together?""","""Look at the yummy, bright red apple! It's so sweet and juicy. Can you take a big bite and eat it with me?""","""Look, sweetie, there's a fluffy, cute cat! Its fur is soft and warm, and it's purring happily.""","""Hey there, sweetie! You know what? Yummy yogurt! Want to try some creamy, tasty yogurt with those tiny, colorful fruit pieces inside? It's so fun to eat, and it's good for you too!""","""Hey there, little buddy! Look at all the fun toys! Can you spot the soft teddy bear? Let's give him a big hug and make a funny face together!""","""Look at the big, fluffy dog! It has a bark like 'woof woof' and loves to play fetch with its favorite ball. Isn't that adorable?""","""Look at our cozy house, sweetie! It's a lovely blue, with a big, welcoming door. Can you say 'house'? Let's go inside and have some yummy snacks together!""","""Come here, little buddy! Look at this big, comfy house with a blue door. It's got a lovely kitchen, a cozy bedroom, and even a playful garden outside. Want to take a peek inside?""","""Look at the fluffy bunny hopping around in the meadow, little one! Isn't it so soft and happy?""","""Look, sweetie, a fluffy bunny! The bunny hops around and eats carrots. Isn't it cute?""","""Look, sweetie! That beautiful bird is singing a lovely song. See how its feathers are so colorful? It's a parrot!""","""Look at all those bright, bouncy balls! Want to play together, little buddy?""","""Look at the pretty birdie! It's singing a sweet song and has colorful feathers, just like a rainbow!""","""Look, sweetie, a big, red car! Can you say 'car'? It goes 'vroom vroom' when it's driving on the road. Isn't it fun? Let's play 'car' together!""","""Look, sweetie, a big, fluffy bunny! The bunny hops and jumps, just like when you jump on the bed!""","""Look at that beautiful bird with colorful feathers, sweetie! Can you say 'bird'? Birds are wonderful creatures that fly high in the sky and sing pretty songs.""","""Come here, sweetie! Let's go look at the pretty house with the blue roof and big windows, and the lovely garden with flowers and butterflies!""","""Look, sweetie, a big, shiny car! It's so colorful, like a rainbow. The car is going to drive down the street, moving slowly, and beep beep-beep to say hello!"""
"""Look at the big, shiny car! See how the wheels spin? The car is so cool, sweetie! Let's go for a ride in the car!""","""Look at the cute, soft dog. The dog is barking and wagging its tail. The dog's fur is brown and white. Oh, the dog is so friendly and loves to play!""","""Look at that cute puppy, little one! Puppy is a funny word, it's a small dog that barks and wags its tail. Puppy's fur is soft and fluffy, just like your blanket. Let's say 'puppy' together, pu","""Look at the cute puppy, sweetie! This is a dog. Dogs are friendly and love to play. Can we say 'woof woof' together? Good job, little one!""","""Look at those bright, fluffy teddy bears! Wanna play with them?""","""Yummy apple, sweetie! Crunch crunch when you take a big bite!""","""Look at that beautiful bird with its bright feathers and chirpy song. Isn't it lovely, little one?""","""Look at the beautiful bird flying in the sky, sweetie! It has soft feathers and a melodic song. Isn't it amazing how it can fly so high up there?""","""Look, sweetie, there's a beautiful bird! It's a colorful little creature with wings and feathers, singing a lovely tune for us to hear.""","""Look at the cute puppy! Puppies are so fluffy and playful, they wag their tails when they're happy, and they like to nuzzle your cheek, just like a little kiss. Oh, the puppy's name is Max, and he lov","""Look at the big, shiny car, sweetie! See how it has four wheels that roll on the road so we can zoom to the park. Isn't it fun to see the colorful flowers on the way? Cars are very important, and we have to wait for our turn to drive","""Look at the yummy, colorful vegetables on your plate! Can you help me pick them up and eat them too? They're so good for you and make you strong!""","""Look at that cute fluffy cat, sweetie! The little kitty is meowing because it wants to play. Can you say 'meow' like the cat?""","""Look at these bright red apples, sweetie! They are yummy and good for you. Want to try some slices with your fingers?""","""Look at all the colorful toys! Let's pick a soft teddy bear for your little arms to cuddle, or a funny puppet to make you laugh. Which one would you like to play with first?""","""Look, sweetie, this fluffy little puppy is bouncing around and wagging his tail like a wiggly worm. Isn't he so fun to watch? Let's say 'woof woof' together when he barks!""","""Hey there, little buddy! Let's go look at the big, beautiful house we live in. It has a cozy bedroom, a fun kitchen where we make yummy snacks, and a big, comfy living room with lots of toys to play with.""","""Come here, sweetie, let's go explore our lovely home together! Look at the pretty walls, soft carpet, and cozy bed. Let's find your favorite toy and make our home even happier!""","""Look at the cute little puppy with the soft fur and the big, friendly eyes. Isn't he just the cutest little furry friend? Puppies like to wag their tails and give big, warm hugs when they see you. Can you say 'puppy'?""","""Look at the fluffy bunny hopping over the green grass! Want to say 'bunny' with me?""","""Look at that beautiful bird up high, sweetie! It's flapping its wings and singing a pretty song just for you!""","""Look at the soft, colorful toys! These are for you to play with and have so much fun!""","""Look at the beautiful bird with feathers so pretty, its wings are like soft and fluffy, just like your favorite soft blanket. Isn't it amazing how it flies so high, like you're playing with your kite on a windy day?""","""Look at the big, shiny car! It has four wheels that go 'vroom-vroom' and it takes us places far away!""","""Look at the fluffy bunny hopping by, little one! Isn't it so soft and cute?""","""Look at that beautiful bird, sweetie! It has feathers, wings, and a cute beak. Birds are so special; they can fly high up in the sky and sing pretty songs. Isn't it amazing how they can make such beautiful sounds?""","""Look, sweetie, this big, comfy house is our special home where we play, sleep, and have lots of yummy snacks together!""","""Look, sweetie, this big, shiny car has four wheels, like your toy car. It goes vroom-vroom when someone drives it!"""
"""Look at the big, red car goooooo! It's zooming by, making a 'vroom' sound!""","""Look at that fluffy, friendly dog wagging its tail and wiggling its little paws. Oh, it's so cute and cuddly!""","""Look at the cute little puppy, sweetie! Can you say 'woof woof'? That's what the puppy says when it barks. Isn't it a soft and fluffy furry friend?""","""Look at the fluffy dog, sweetie! Woof woof! Can you say 'dog'? D-O-G! Good job!""","""Look at those bright, colorful blocks! Can you find the one that's red, and then the blue one next to it? We can stack them up together!""","""Look at the yummy, colorful fruits and veggies, sweetie! They're good for you and make you grow big and strong, like a superhero!""","""Look at the beautiful bird with its feathers, sweetie! See how it's hopping on the branch and singing its sweet song for us to hear.""","""Look at that little birdie up in the sky! It's fluffy and yellow, with wings like big hands waving hello. Can you say 'birdie'? Birdie is a cute word for our feathery friend. Let's wave back at it!""","""Look at that beautiful birdie with its colorful feathers! Isn't it pretty? Let's watch it fly and sing its sweet little song!""","""Look, sweetie, this is a dog! It's called a pup. The pup is so cute and it has soft fur and waggy tail!""","""Come here, sweetie! Look at the shiny, big car! The car has four wheels and it goes 'vroom' when you press the pedal. Isn't it exciting? Do you want to pretend to drive the car with me?""","""Look, sweetie, it's a big, juicy red apple! Yummy and crunchy!""","""Look at the cute little cat, sweetie! It's fluffy, soft, and purrs when it's happy. Let's say 'cat' together and listen to its gentle meow.""","""Look at the juicy, red apple! It's so sweet and yummy. Let's take a big bite and enjoy its crunchy, crisp taste!""","""Come here, sweetie! Look at all these fun toys waiting for you to play with. There are your favorite teddy bear, your soft and cuddly friend, and the colorful building blocks to stack up like a tower!""","""Look at the cute, fluffy dog wagging its tail happily, little buddy! It's time to say 'hello' to our furry friend and maybe even give it a gentle pet.""","""Hey there, little buddy! Look at this cozy house, with its big windows and pretty flowers. Let's go inside and explore together!""","""Hey sweetie, let's go on a little adventure inside our cozy house, where we can explore and play with all the colorful toys and comfy cushions. Isn't it amazing to have our very own home, filled with love and warmth?""","""Look at the cute little puppy, sweetie! It's barking and wagging its tail because it's happy to see you.""","""Look at the fluffy bunny hopping over the grass! It's so soft and bouncy!""","""Look at that beautiful birdie, sweetie! It's flapping its wings and singing a pretty song, just like we sing together!""","""Hey there, sweetie! Look at those colorful building blocks. You can stack them up and make a tower as tall as you can reach. Isn't it fun to play with them and see what you can build?""","""Look at that beautiful bird with feathers like a rainbow. Can you say 'bird'? The bird is soaring high in the sky, just like you're flying in your imagination. Isn't it fun to watch it glide on the breeze?""","""Look at the big, shiny car! Can you say 'car'? See how it has wheels to roll and windows to see out?""","""Look at the fluffy bunny hopping over the grass, little one. Isn't it so soft and cute?""","""Look at that beautiful bird with its colorful feathers and wings! It's flying high in the sky. Want to see if we can spot it again?""","""Come here, little one! Let's go inside this big, beautiful house where we can play and have fun together!""","""Look at the big, red car zooming by, little buddy! Isn't it amazing how it moves so fast, just like a superhero? Let's watch it together, and maybe one day you can drive your own car, just like this one!"""
"""Look, sweetie, there's a big, shiny car! It's red and has wheels that roll on the road. The car's windows let us see inside where people sit. Isn't it wonderful? Can you see the car too?""","""Look at the cute dog, sweetie! The fluffy furry dog is wagging its tail and wants to play with you!""","""Look at the fluffy, happy dog wagging its tail, little buddy! The dog is barking and running around, and it's so playful and cute, isn't it?""","""Look at the fluffy, cute dog with big, floppy ears. The dog is barking and wagging its tail. Isn't the dog's nose so sniffy? Let's say 'woof woof' together and pretend to pet the dog gently","""Look at these bright, soft toys, little one! The teddy bear has a fluffy tail, and the rattle makes a pretty jingle sound. Shall we pick your favorite toy to play with now?""","""Look at the yummy apple, sweetie! Eat it slowly and enjoy the juicy taste!""","""Look, sweetie, there's a beautiful bird with bright feathers and a long, curved beak. It's flying high in the sky, singing a lovely song just for you.""","""Look, sweetie, a beautiful bird is flying above our heads, its feathers are so colorful, and it's singing a lovely song!""","""Look at that beautiful birdie with its big, bright feathers. It's flapping its wings and chirping a happy song. Isn't it cute and funny?""","""Look at the cute fluffy dog, little buddy! The dog is bouncing around and wagging its tail, just like when you wiggle your fingers.""","""Look, sweetie, that big red car! It's going to drive us to the park. See how fast it's zooming by? Isn't it exciting? Cars are so much fun!""","""Look at the yummy banana! It's soft and sweet, just like a little sunshine. Let's eat it together!""","""Oh, look at that cute kitty! It's a fluffy, purring friend with soft fur, little whiskers, and sharp claws, just like a tiny, furry teddy bear, waiting to give you lots of cuddles and playtime fun.""","""Look at those yummy, red tomatoes on the plate, sweetie! They're ripe and ready to be eaten. Mommy will help you take a little bite to see how they taste.""","""Look at the colorful blocks, little one! Let's stack them up and make a tall tower, and then we can knock it down and laugh together.""","""Look at the fluffy, friendly dog wagging its tail! The dog is big and brown, and it loves to play with you. Do you see the soft fur? We can pet the dog gently, and it will be our special friend.""","""Hey there, sweetie! Let's go visit our cozy house with its colorful rooms and yummy kitchen, where we love to play and cuddle together.""","""Look at our cozy house, sweetie! It has a big, fluffy carpet we can play on, and all the rooms are filled with lovely things we can explore together. We've got a snuggly bed to sleep in, a warm kitchen where yummy food is made,","""Look at the fluffy bunny hopping by, little one! Bunny's name is Bouncy, and he likes to hop and eat carrots.""","""Look at the bunny hopping around, little one! See how it hops? Hopping means it's jumping high in the air with its strong legs. Want to say 'hopping' with me?""","""Look at that beautiful bird with colorful feathers and its chirpy voice, little one! It's like a tiny, flying musician singing sweet songs to us!""","""Hey there, little buddy! Look at all these fun toys! Want to play with the colorful blocks and stack them high, or maybe cuddle with the fluffy teddy bear for a snuggle?""","""Look at that beautiful bird with its bright blue feathers, little one! It's so pretty, isn't it? Can you say 'bird'? Birds fly high in the sky and sing sweet songs!""","""Look at the shiny, bright red car, sweetie! Can you see how the wind makes it go vroom-vroom when we pretend to drive it?""","""Look at the big, fluffy bunny hopping in the garden, little buddy! Bunnies are so soft and cute, just like when you cuddle with your stuffed toys. Isn't it exciting to see new furry friends?""","""Look, sweetie, there's a bird! It's beautiful, isn't it? With its feathers like a rainbow and its song so cheerful!""","""Hey there, little buddy! Let's explore the big, cozy house we live in, with its beautiful rooms, colorful walls, and lots of toys to play with. Don't forget to look up at the pretty ceiling and down at the soft carpet!""","""Look at the big red car, sweetie! It's rolling down the street. Wow, it's so shiny and pretty. Do you see the round wheels on the car? They go 'vroom vroom' when it moves fast, like when you zoom around in your toy"
"""Look at the pretty red car, sweetie! The car goes vroom, vroom!""","""Look at the puppy, sweetie! He's a cute little dog with soft fur and floppy ears. Do you see his wagging tail? Puppies love to play and cuddle.""","""Look at the big, fluffy dog wagging its tail and playing with its favorite toy, puppy! Isn't it adorable?""","""Look at the doggy, sweetie! He's a fluffy, cute puppy with big, round eyes and waggy tail. He's bouncy and loves to play fetch with his bouncy ball.""","""Look at all these bright, fun toys, sweetie! Which one would you like to play with today?""","""Look at those yummy carrots, little buddy! They are orange and crunchy. Let's give them a try, okay?""","""Look at that beautiful bird, sweetie! It has feathers and wings that help it fly high up in the sky.""","""Look at that pretty bird, sweetie! It's singing a lovely song with its beautiful feathers.""","""Look, sweetie, there's a pretty bird with colorful feathers, chirping and flying in the sky. Can you say 'bird' with me?""","""Look at the fluffy, cute dog wagging its tail, little buddy! Let's say 'woof woof' and watch it run and play in the park.""","""Look, sweetie! This big, shiny car is so pretty, it's like a big, colorful toy car that goes 'vroom-vroom' when we push it. Isn't it exciting to see cars zooming by on the road?""","""Look at this yummy apple, sweetie! It's red and crunchy. You can take a little bite, and it will make your tummy happy!""","""Look at the cute little cat, sweetie! It's purring and playing with its toys. Isn't it fluffy and soft?""","""Yummy apple, sweet and crunchy, look at the juicy red! Do you want to try some?""","""Look at all these bright, colorful toys! Want to pick your favorite one to play with, sweetie?""","""Look, sweetie, there's a cute little dog! Want to say hello to his soft furry coat and play with his wagging tail?""","""Come here, sweetie, let's look at our lovely, cozy house. Look at the big, blue sky and the green grass outside, just like the beautiful pictures in your book. The house is made of strong bricks, just like the ones we play with. It's where we","""Look at the big, beautiful house with a shiny red door! Inside, there are cozy rooms with soft beds and windows that let the sunshine come in. And guess what? There's a lovely garden outside with pretty flowers and a swing set where you can play and have fun!""","""Look, sweetie, see the fluffy bunny hopping around, and look at those big, gentle elephants with their long trunks!""","""Look, baby, see the fluffy bunny hopping? Bunny likes to eat carrots. Can you say 'bunny'?""","""Look at that beautiful bird with its big, colorful feathers. It's hopping around, singing a sweet little song just for you. Isn't it amazing how it can fly high up in the sky?""","""Look at those bright, colorful toys! Which one would you like to play with now, sweetie?""","""Look at that beautiful bird! It has soft, fluffy feathers and it's singing a lovely song. Birds like this one love to hop and peck around in the garden.""","""Look at the big, shiny car, sweetie! It has four wheels and a red roof. The car is going to take us to the park so we can play and have fun together!""","""Look at the fluffy bunny hopping around, little one! It's hopping so fast, waving hello!""","""Look, sweetie, that little birdie is chirping, and it's singing a lovely song just for us!""","""Come here, sweetie, let's explore our cozy house together! Look at the pretty walls, the soft carpet, and the lovely furniture. Isn't it wonderful to be safe and happy in our warm home?""","""Look at the big red car, sweetie! The wheels spin and roll, and it can take us on exciting adventures!"""
"""Look at the big, bright car! It's red and has wheels to roll on the road, taking us on fun adventures!""","""Look at the cute little puppy, sweetie! See how it wags its tail and licks your hand? The puppy is so friendly and loves to play. Isn't that adorable?""","""Look at the fluffy dog, sweetie! He's wagging his tail and has the softest fur. Can you say 'doggie'? Dogs are so playful and fun!""","""Look at the cute little dog wagging its tail. Isn't it adorable, little one?""","""Look at the pretty toys! You can play with the soft, bouncy ball, or stack the colorful blocks. What do you want to play with now, sweetie?""","""Look at the yummy apple! It's red and juicy, and it's going to make you smile and grow strong!""","""Look, sweetie, that's a pretty bird with colorful feathers. It's chirping a lovely song for us to hear.""","""Look at the pretty bird flying in the sky, little buddy! See how it spreads its wings and goes so high up, like it's playing tag with the clouds!""","""Look at that pretty birdie! It's flapping its colorful wings and singing a sweet song!""","""Look at the cute dog, little one! The dog is wagging its tail and barking happily. It's a big, fluffy, furry friend!""","""Look, sweetie, there's a big red car! It has four wheels and makes a beep-beep sound when you press its horn!""","""Look at the juicy, red apple, sweetie! Crunch it into tiny, yummy pieces. Yum!""","""Look at the fluffy, cute kitty cat! See how it's purring and meowing, it's so playful and cuddly, isn't it darling?""","""Hey there, little buddy! It's time for your yummy lunch, where you get to try some tasty veggies and fun fruits!""","""Look at the fluffy, soft teddy bear! It's so cuddly and ready for a hug. Shall we play with it together?""","""Look at the fluffy dog, sweetie! It's wagging its tail and barking happily. Want to give it a gentle pat?""","""Hey sweetie, let's go and explore the cozy house we live in. Look, there's a lovely bed for sleeping, a big table for eating, and lots of toys for playing.""","""Hey sweetie, let's go on a fun adventure in our house! Look at the big blue chair, wiggly little sofa, and sparkly shiny lights!""","""Look at that fluffy bunny hopping around! Can you say 'bunny' with me?""","""Look at the fluffy bunny hopping around in the garden, sweetie! See how its ears flop back and forth when it's happy?""","""Look, sweetie, that's a beautiful bird with colorful feathers, singing a lovely song for us to enjoy!""","""Hey there, little buddy! Look at all these super cool toys! Let's play with them together. I see a big, red ball that can roll and bounce, and a tiny, soft teddy bear that can cuddle with you. Which one do you want to play","""Look at the beautiful bird, sweetie! Its wings are so big, and it can fly high up in the sky. Isn't that amazing?""","""Look, sweetie, that bright red car is zooming down the road! It has big round wheels and a shiny roof. Isn't it fast and fun to watch?""","""Look at the fluffy bunny hopping around, little one! It has soft white fur and long ears!""","""Look, sweetie, a beautiful bird with soft feathers, like a fluffy ball, is sitting on that tree, chirping a happy song for us to hear!""","""Hey there, sweetie! Look at our lovely home, where we all snuggle and play! See how the sun shines through the windows, and smell that fresh, warm air? It's just like a big, cozy blanket hugging us all.""","""Look at the big, red car! It's shiny and fast, just like the superhero cars we see in movies. Let's say 'vroom' together when we see it zoom by!"""
"""Look at the big, shiny car, sweetie! The car goes vroom-vroom and has four wheels to roll on the road.""","""Look at the cute, fluffy dog wagging its tail and sniffing around, sweetie!""","""Look, sweetie, a big, friendly dog! Woof woof! The dog has soft fur, and it's wagging its tail because it's happy to see you. The dog is pawing at the ground and barking, just like when you want our mommy'","""Look at the cute puppy! This little dog is so soft and fluffy, and he wags his tail when he's happy. See how he barks? Woof woof!""","""Come here, little one! Look at all these fun toys. Let's play together with the colorful blocks and the soft teddy bear.""","""Look at these yummy, bright red strawberries! They're sweet and make a yummy, juicy snack for you.""","""Look at the beautiful bird with its colorful feathers, chirping and flying in the sky, sweetie! Isn't it just the cutest and prettiest bird you've ever seen?""","""Look, little one, see that beautiful bird flying in the sky? Its feathers are so colorful and it's singing a lovely song for us to enjoy.""","""Look at the bird, sweetie! It's flying high in the sky, just like a little airplane with feathers.""","""Look at the fluffy, friendly dog wagging its tail. Isn't it cute? Can you say 'woof' like the dog? Let's give it a gentle pat, but don't touch it, okay?""","""Look, sweetie, there's a big, red car! It has wheels that go round and round, and it goes 'vroom vroom' when it moves. Isn't it exciting?""","""Look at the yummy yummy carrots! They are orange and crunchy. Let's eat some carrots for snack time, little buddy!""","""Look at that fluffy, cute cat, sweetie! She has soft fur and big, round eyes. The cat is purring happily because she's feeling really loved.""","""Look at this yummy, ripe banana! It's just perfect for making your tummy happy and full!""","""Oh look, little buddy! You've got a whole world of fun to explore with all those colorful toys! Let's play together, shall we?""","""Look at the cute little puppy, sweetie! It's a dog and wags its tail when it's happy. Let's say 'woof woof' together!""","""Hey sweetie, let's go look at our cozy house, with its pretty walls and soft beds, where we have fun, play, and sleep!""","""Come here, sweetie! Look at our cozy, little house with a big, pretty roof and lots of windows to let the sunshine in. Let's go inside and play with the colorful toys!""","""Look at the cute puppy! Puppies are like big, soft teddy bears that bark instead of make noise. Let's pet the puppy gently, okay?""","""Look, little one, see the cute, fluffy bunny hop over there! Want to say 'bunny' with me?""","""Look at that beautiful birdie, sweetie! It's flapping its wings and singing a lovely song for us to hear.""","""Look at the big, colorful toy truck! Can you say 'truck'? The toy truck is ready for you to push and play with. Let's take the toy truck and push it together. Wheeee!""","""Look at that beautiful bird, sweetie! Its feathers are so soft and colorful, like a rainbow in the sky. Want to see if we can find some seeds to feed it?""","""Look, sweetie! That big yellow car is zooming by. Can you hear the engine rumble as it goes by? It's called a car, and it takes people on fun adventures!""","""Look at the bunny hopping over the grass, hopping, hopping, isn't he so fast and fluffy?""","""Look, sweetie, that beautiful bird is soaring high up in the sky, with its colorful feathers, chirping and singing a lovely song just for us to enjoy!""","""Come here, sweetie! Let's go explore the big, colorful house with many rooms, where mommy and daddy live with you, and where we find the cozy bed, the yummy kitchen, and the toys to play with.""","""Look, sweetie, that big red car is ready to take us on a fun ride! See how the wheels are turning and the doors open wide? We're going to have so much fun!"""
"""Look at the big, red car, my sweetie pie! Wheels go round and round, making fun sounds as it zooms by!""","""Look at the fluffy dog wagging its tail, little one! The dog is so happy to see you and wants to play.""","""Look at the doggy, little one! The doggy is wagging its fluffy tail and barking happily.""","""Look, sweetie, this is a cute dog. It's big and furry, with waggy tail and barks like 'woof woof'. Let's say 'dog' together. Dog. Can you say 'dog'?""","""Look at all the colorful toys, little one! The soft teddy bear is for hugging, and the big ball is for rolling!""","""Yummy, sweetie, these are tasty apples. Do you want to try some? They're juicy and yummy!""","""Look at that beautiful bird, sweetie! It's flying so high in the sky, with its pretty feathers and colorful wings. The birdie is singing a lovely song just for you!""","""Look, sweetie, there's a beautiful bird! Can you say 'bird'? The bird has feathers and it's singing a lovely song!""","""Look, sweetie, there's a bird! It has wings and can fly high in the sky. Isn't that amazing?""","""Look at the fluffy, cute puppy! This little dog is wagging its tail and looking so happy to play with you!""","""Look at the big, red car, sweetie! It's moving fast down the street. Can you say 'car'? Great job! Now let's go see the car parked over there.""","""Look at the yummy apple, sweetie! It's round and red, and when you eat it, it makes your tummy happy.""","""Look, sweetie, there's a cute little cat with soft fur and a twitchy tail, just waiting for us to give it some gentle love and a yummy treat!""","""Look at these delicious, ripe, juicy apples! They're so sweet and crunchy, just like your favorite red ones at snack time!""","""Come here, little buddy! Let's play with your colorful cars and soft teddy bear!""","""Look, sweetie, there's a cute little puppy! Puppies are so soft and fluffy, and they like to play and cuddle. Would you like to pet the puppy and say 'woof' like it does?""","""Come here, sweetie, let's go explore our cozy and lovely house, where we have fun toys and yummy snacks, and mommy and daddy love you very much!""","""Come here, sweetie! Let's explore the big, beautiful house with the cozy bedrooms, colorful kitchen, and fun playroom!""","""Look at that cute little bunny hopping over the grass! Bunny means rabbit, you know, the one with the soft fur and long ears!""","""Look at the fluffy bunny hopping around, little buddy! Want to say 'bunny' with me?""","""Look at that beautiful bird, sweetie! Its feathers are so colorful, like a rainbow in the sky. Can you say bird?""","""Look at all these amazing toys, little buddy! The big red truck loves to zoom across the carpet, and the soft, fluffy teddy bear is just waiting for you to give it a big, gentle hug!""","""Look, sweetie, there's a beautiful bird with feathers as colorful as a rainbow! It's singing a lovely song just for us to hear. Isn't it amazing how birds can fly high up in the sky like little airplanes?""","""Look at the big, shiny car! It's so bright and pretty, isn't it? The car is parked right here. It's a nice, blue car. See how the car's wheels roll on the road? The car can take us to fun places, like the","""Look, little buddy, see the cute puppy over there? It's a dog! Dogs are so fluffy and love to play fetch!""","""Look, little one! A beautiful bird with colorful feathers is flying up high in the sky. Isn't it so lovely? Let's try to say 'bird' together!""","""Come here, sweetie, and look at our cozy, lovely house with its pretty, red roof, and soft, blue walls where we sleep, play, and eat yummy snacks!""","""Look, sweetie, that's a big, red car! It has four wheels to roll on the road and a shiny roof. The driver sits inside, and the passengers sit in the back. The car's engine makes a loud 'vroom' sound when it starts moving, but"
"""Look, sweetie, this is a big, red car. It goes vroom vroom. Want to play peek-a-boo with the car?""","""Look, sweetie, here's a fluffy dog wagging its tail and smiling at us. Isn't it cute? The dog is happy and loves to play fetch with us. Would you like to pet the dog and say hello?""","""Look at that cute dog, sweetie! He's wagging his tail and barking happily. Can you say 'woof woof' with me? Let's make some happy barking noises for our furry friend!""","""Look at the cute little puppy, sweetie! It's a dog, and it's so soft and fluffy. Can you say 'dog' with me? Let's say 'dog, dog' together!""","""Look at all the colorful toys, little one! The soft teddy bear is ready for a cuddle, and the brightly-colored blocks are waiting for you to stack and play with. Can you pick up the red truck? It's so shiny and ready for a","""Look at the yummy carrots, sweetie! These are orange and crunchy, just like little sticks. Let's put them on your tummy and make it happy and healthy!""","""Look, sweetie, that beautiful bird with its bright feathers is soaring high in the sky, singing a lovely song for us to enjoy.""","""Look at the pretty bird! The bird is chirping and flying in the sky. Can you say 'bird'?""","""Look, sweetie, that beautiful bird is chirping and singing, isn't it? Its feathers are so pretty and colorful!""","""Look at that big, fluffy dog, sweetie! The dog is barking happily and wagging its tail. Let's go say hello to the dog, okay?""","""Look, sweetie! That big, red car is zooming down the street. Can you hear the hum of its engine? Let's wave to the car and say 'Hello, nice car!'""","""Look at the juicy, ripe apple, sweetie! Crunchy apples are so good for you, they make your teeth strong and give you energy to play!""","""Look, sweetie, this is a cute little cat! See how it's purring and playing with its toys? Cats are so fluffy and friendly, aren't they?""","""Look at the yummy carrots, sweetie! They're orange and crunchy. You can try some with your fingers, and I'll eat them with my spoon too!""","""Hey there, little buddy! Let's pick out your favorite toy to play with now. What's your favorite toy? Maybe the one that makes funny noises or the colorful one that you love to stack!""","""Look at the cute dog, little buddy! This furry friend is a dog, and it wags its tail when it's happy to see you!""","""Look at this beautiful house, sweetie! It's a cozy little place where we all live, filled with soft beds, fun toys, and yummy food!""","""Come here, little buddy! Let's look at the big house where mommy and daddy live. See all the windows? They let sunshine in. And look at the door, it opens so we can go in and out. The house has a roof on top to keep us dry when","""Look at the puppy, sweetie! It's a little furry friend that loves to play and cuddle. Can you say 'puppy'? Great job!""","""Look, baby, that cute little kitten is playing with a ball of yarn, just like you play with your toys. Isn't it adorable?""","""Look, sweetie! That's a big, beautiful bird with wings! Its feathers are so colorful and it can fly high up in the sky like a superhero. Isn't it amazing?""","""Look at the colorful toys, sweetie! Let's play with your favorite teddy bear and cuddle him together!""","""Look at the pretty little bird with feathers like a rainbow! It's chirping and singing, just like your favorite song. Can you say bird? Bird!""","""Come here, sweetie! Look at the big, shiny car. The car has four round wheels that roll on the road. It goes vroom-vroom when the driver pushes the pedal.""","""Look at the fluffy bunny hopping around, little buddy! Can you say 'bunny'? Hopping bunnies love to munch on yummy carrots.""","""Look, sweetie, there's a pretty bird flying in the sky, with its colorful feathers and chirpy song, singing to us!""","""Look at our big, beautiful house, sweetie! It's where we live, play, and sleep. See all the windows? They let in the sunshine and let us see the pretty flowers in our garden. And the doors? They let us come and go. We have a lovely kitchen","""Look at the big red car, sweetie! The wheels spin, and it goes fast like a rocket, but don't worry, we'll stay safe in our car seat!"""
"""Look, sweetie, there's a big, shiny car! It has wheels that roll on the road and a colorful roof. Isn't it fun to watch it go by? I hope you like the sound of its engine too!""","""Look, sweetie, this is a dog. It's a furry friend, wagging its tail and wagging its tail and barking happily. Woof woof, it's so happy to see you!""","""Look at the cute little puppy, sweetie! It's so soft and fluffy. The puppy is wagging its tail and barking happily, isn't it just the cutest thing ever?""","""Look at the fluffy, friendly dog wagging its tail! Woof woof! Isn't he a pawsome puppy?""","""Look at those funny toys, little buddy! The bouncy ball wants to roll all over, and the teddy bear is ready for a big hug. Let's play together!""","""Look at this yummy apple! Want to try some, sweetie? It's crunchy and juicy, just like a little red candy!""","""Look at that beautiful bird, sweetie! It's fluffy and chirpy, and it's hopping around on the branch. Isn't it amazing how it's so colorful and light?""","""Look at the pretty birdie! It's singing a sweet song for us. See how it has wings and a beak? Can you say 'bird'? Let's all say 'bird' together!""","""Look at the beautiful bird with its colorful feathers and chirpy song, little one! The bird is soaring high in the sky, singing sweet melodies just for us to hear.""","""Look, sweetie, this is a cute little dog! It's wagging its fluffy tail and it's barking softly. Can you say 'woof woof' like the dog?""","""Look, sweetie, there's a big, shiny car! The car goes vroom vroom, and we can play a game to pretend we're driving it together!""","""Yummy, sweet apple! This crunchy apple tastes so good. Let's take a bite and enjoy the juicy taste!""","""Look at that cute little cat, sweetie! Its fur is soft and fluffy, and it's purring because it's so happy and content.""","""Yummy, sweet banana, crunchy carrot, and colorful apple, ready for you to eat, little one!""","""Look, sweetie, we have lots of fun toys for you! You can play with this soft teddy bear and this colorful stacking cups. They're all here for you to enjoy!""","""Look at the cute, fluffy dog! It's so playful and loves to wag its tail when you pet it. Isn't it the sweetest pup?""","""Hey there, sweetie! Let's go explore our cozy, happy house, where we have lots of colorful rooms, yummy snacks, and soft, fluffy beds to snuggle in at night.""","""Look at our cozy, lovely home! See the soft, fluffy carpet? That's where we dance and play. Look at the big, comfy bed where we snuggle up with books. And see those pretty walls? They're painted in your favorite colors! Our","""Look at the big, fluffy bunny hopping around in the garden! He's so cute and wants to play with us.""","""Look, sweetie, this fluffy bunny hops around so fast, it's like it's dancing with the wind!""","""Look, sweetie, that's a bird with pretty feathers. It's called a robin. Robins like to hop and sing beautiful songs for us to enjoy.""","""Look at all the fun toys, sweetie! Your colorful blocks are just waiting for you to stack them up high!""","""Look, sweetie, there's a beautiful bird up in the tree! It's singing a lovely song for us to enjoy.""","""Look, sweetie, that big car is coming down the road. The driver is holding a steering wheel to make it go straight. It's so shiny and red, just like your favorite toy car. Be careful when crossing the street, and always hold my hand. Let's sit in","""Look at the fluffy kitten, little one! It's soft and purrs when you pet it gently.""","""Look, little buddy, there's a bird up in the sky! It's so fluffy and colorful, with wings spread wide. Can you say 'bird'? That's right, bird! The bird is singing a lovely song for us to hear. Isn't that","""Come here, little buddy! Let's explore our lovely home, where we have cozy beds to sleep, yummy food to eat, and so many fun toys to play with!""","""Look at the shiny red car, sweetie! It's going to take us on a big, fun adventure!"""
"""Look, sweetie, a shiny car! A big, red car goes zoom-zoom. Can you say 'car' with me?""","""Look at the fluffy dog, sweetie! See how he wags his tail when he's happy. Isn't he a cute, furry friend?""","""Look, little one, there's a cute dog over there with soft fur and wagging tail! Let's say 'doggy' together, okay? Can you say 'doggy'?""","""Look at the fluffy doggy! He wags his tail when he's happy. Do you see how he barks and wags his tail, just like a friendly hello?""","""Look at those bright, colorful blocks! They're fun to stack up and knock down, sweetie!""","""Look at these yummy carrots! Crunchy and orange, they're just perfect for you to try. Let's take a little bite, sweetie, and enjoy how they taste!""","""Look, sweetie, there's a bird up in the sky! It's chirping and fluttering its wings. Isn't it beautiful?""","""Look at the pretty birdie! It's flying high in the sky with its feathery wings, singing a sweet song for us to hear. Isn't it a lovely little birdie?""","""Look at that pretty bird with all the colorful feathers, little buddy! It's singing a sweet song just for you to hear!""","""Look at the cute dog wagging its fluffy tail, little buddy! Dogs are so friendly and love to play fetch with you.""","""Look at the shiny, red car! It's going to zoom by really fast, like when you zoom around the park with your super fast toy car!""","""Look at those yummy carrots! They're orange and crunchy, and they taste super sweet when we eat them together!""","""Look at the fluffy, cute cat playing with a ball of yarn! Isn't it purr-fectly happy?""","""Look at the yummy, juicy apple, sweetie! Crunch, crunch, it's so good for your teeth and makes you strong!""","""Look at all the fun toys! Can you pick up the colorful blocks and stack them up?""","""Look at that cute little puppy, sweetie! Its fur is as soft as your blankie. Let's go say 'woof woof' to the puppy, okay?""","""Come here, sweetie! Look at our cozy house with a big, bright roof and colorful windows. We have a lovely little garden outside where we can play and run around!""","""Come here, little one! Let's play in our house, where we have a cozy bed, yummy food, and a fun playroom for us to explore and enjoy together.""","""Look at that big, fluffy puppy! Can you say 'puppy'? He's so soft and he's going to be your new best friend!""","""Look at the bouncy bunnies hopping in the meadow! They're so fluffy and soft, and they have tiny little ears. Do you see the bunnies? They love to hop around and munch on the green grass.""","""Look, little one, a beautiful bird with bright feathers is singing a sweet song for us to enjoy!""","""Oh, look at all those colorful blocks and fun toys! Let's pick our favorite and play together!""","""Look at that beautiful bird, sweetie! It's singing a lovely song, isn't it? Birds can fly high in the sky and sing sweet songs for us to enjoy.""","""Look at the shiny, red car! Wow, it's big and fast, and the wheels spin around, zooming like a superhero!""","""Look at the fluffy bunny hopping around! Want to see if it wants to play with us?""","""Look at the pretty bird, sweetie! It's flying high up in the sky, with its bright feathers and chirping song!""","""Come here, sweetie, let's go see the big, fluffy house we live in. Look at the pretty blue door, and can you say 'house' with me?""","""Look at the big, shiny car, sweetie! See how it's moving? It's going to take us to fun places!"""
"""Look, sweetie, this big, shiny car goes 'vroom vroom' when it moves, and it's so pretty with its red and yellow colors, isn't it fun?""","""Look at the cute little puppy! Woof woof! See how he's wagging his tail? He's so fluffy and soft, just like a big, friendly teddy bear!""","""Look at the adorable puppy, sweetie! It's a cute, fluffy dog with big, bright eyes. The puppy loves to wag its tail and play with its favorite toys. Isn't it just the cutest little furry friend you've ever","""Look at the cute, fluffy dog, sweetie! The dog wags its tail when it's happy. Can you say 'dog'? That's right, sweetie! The dog is so playful and friendly!""","""Look at the soft, cuddly teddy bear, little buddy! Would you like to hug and tickle it gently with your fingers?""","""Look at these yummy, bright, colorful fruits, little one! They're soft, sweet, and perfect for your tiny hands to explore and eat.""","""Look at that beautiful bird! Its feathers are so colorful and it's singing a lovely song.""","""Look at the beautiful bird, sweetie! It's singing a lovely song for us. Can you say 'bird'? Bird, bird, bird. Good job!""","""Look, sweetie, there's a bird! It's fluffy and colorful, and it's singing a lovely song. Let's say 'bird' together and listen to its beautiful melody.""","""Look at that cute dog, sweetie! This fluffy furry friend is a big, friendly pup who loves to play and cuddle. Isn't it so soft and adorable?""","""Look at the big, red car! It's shiny and has four wheels. See how it moves? The car goes vroom vroom!""","""Look at the yummy, juicy apple on your plate, sweetie. It's so red and crunchy, and eating it helps you grow big and strong!""","""Look at that cute little cat, sweetie! It's fluffy and soft, with pointy ears and soft fur. The cat is purring and seems to be enjoying a sunny nap in the warm sunlight.""","""Look, sweetie, we have yummy carrots for you to eat. They are orange and crunchy, like a little crunchy treat for your tummy!""","""Oh, look at those colorful toys! The soft teddy bear is waiting for you to give it a big hug, and the shiny blocks are ready to be stacked high. Let's play together!""","""Look at that cute puppy! Want to say 'woof woof' like it does? Good job! Can you show me a big smile when we pet it?""","""Look at the pretty house with a red roof, sweetie! The walls are white, and there are colorful flowers in the garden!""","""Come here, sweetie! Let's walk through this big, cozy house with its lovely rooms, soft beds, and yummy snacks. Isn't it wonderful?""","""Look, little one, this is a puppy! See how it wags its tail and licks its paws? Puppies are very cute and love to play!""","""Look at the fluffy bunny hopping around! It's hopping, hopping, and hops so fast, just like you when you're running around the playground!""","""Look at the pretty bird, sweetie! It has feathers like a rainbow and a beak for eating yummy seeds.""","""Look at these big, colorful blocks! Want to stack them up high and see them fall down? Let's play together, sweetie!""","""Look, sweetie, that's a pretty birdie with its colorful feathers. It's chirping a lovely song, just like your favorite lullaby.""","""Look at the big, shiny car, sweetie! It has wheels that go 'vroom-vroom' when the grown-up drives it, just like your toy car. Isn't that fun?""","""Look at the cute puppy! The puppy is a furry friend who loves to play and cuddle with you.""","""Look, little one, there's a beautiful bird with feathers as soft as a fluffy teddy bear. Can you say 'bird'? That's right, bird! It's flying high in the sky, just like you do when you jump and flap your arms.""","""Come here, little one, let's explore our house together! See the big bed where we sleep? And look at the kitchen, where we make yummy snacks. Isn't it fun to play in the living room with your toys and books?""","""Look at the shiny red car, sweetie! It's zooming by super-duper fast, but don't worry, the driver is a very safe and nice person."""
"""Look at the big, shiny car, sweetie! The car goes vroom-vroom when the grown-ups press the pedals, and it has four wheels that turn and turn!""","""Look at the cute puppy! It's a soft, furry, playful dog. See how it wags its tail and licks your face! Isn't that fun?""","""Look at the cute fluffy dog, little one! He's wagging his tail and sniffing around, isn't he adorable?""","""Look, sweetie, there's a cute little dog. The dog is wagging its tail because it's happy to see you!""","""Look at this bright, shiny toy car! Want to play with it and make it go zoom and zoom?""","""Look at these yummy, juicy, red strawberries, sweetie! They're so tasty and healthy for you to eat!""","""Look, sweetie, there's a pretty bird outside! It's flapping its wings and chirping, isn't it lovely?""","""Look, sweetie, there's a beautiful bird in the sky, with bright feathers and a funny chirp. Isn't it lovely?""","""Look at the beautiful bird, sweetie! Its colorful feathers are so pretty and it's singing a lovely song for us.""","""Look at the cute, soft dog! It's wagging its fluffy tail because it's happy and wants to play with you!""","""Look at the shiny, bright car with the red roof and the bumpy ride. Let's play pretend and say 'vroom vroom' as we make the car go!""","""Look at the yummy, bright red apple! It's crunchy and sweet, just perfect for you to eat and make your tummy happy!""","""Look at the fluffy cat, sweetie! Its fur is soft and white, like snowflakes, and it's meowing, just like you do when you want me to play with you.""","""Yummy apple, crunchy carrot, tasty tomato, and juicy orange, sweetie!""","""Look at all the fun toys we have today! This big, soft teddy bear is soft and cuddly, and this colorful, bouncy ball will make a big splash when we play together!""","""Look at the fluffy dog wagging its tail, little buddy! The dog is so happy and loves to play. Let's go say hello to our furry friend!""","""Come here, little buddy! Let's walk to the big house where Mommy and Daddy live. See those pretty windows? We can look inside and see the cozy living room and the yummy kitchen. Oh, and look at the front door! That's how we go inside the","""Hey there, little buddy! Let's go on a fun adventure in our house. See those pretty flowers on the table? And look at those fluffy pillows on the couch! We're going to clean our room together and make it nice and tidy. Oh, and","""Look, sweetie, there's a fluffy bunny hopping around. Bunny's ears are so cute!""","""Look at the cute little kitty cat, little one! She's soft and fluffy, with big, twinkling eyes and a purr that sounds just like a gentle rumble. She's a feline friend, ready to play and cuddle with us. Isn","""Look at that beautiful bird, sweetie! It's so pretty with its bright feathers and colorful wings. Birds love to sing and hop around in the trees, just like how we play and dance together.""","""Oh look, sweetie, your favorite teddy bear is waiting for you to give him a big hug, and the colorful blocks are just ready for us to build a fun tower together!""","""Look, sweetie, there's a bird! It's a pretty bird with feathers and it's singing a lovely song.""","""Look, sweetie, here's a big red car! It has four wheels and goes vroom vroom when you push it!""","""Look at the fluffy bunny hopping by the big, bright sun!""","""Look at that beautiful bird! Its feathers are so colorful and fluffy, like a rainbow on wings. Can you say 'bird'? Birds like to sing and hop around, making us smile!""","""Look at this big, beautiful house, sweetie! It has a lovely, soft carpet where we can play and a cozy bed where we can sleep. Inside, there are lots of colorful toys to make us smile and fun things to explore!""","""Look, sweetie, there's a big, red car outside. It has shiny wheels that roll on the road, and it can take us on fun adventures."""
"""Look, sweetie, this is a car! It goes 'vroom-vroom' and takes us on fun adventures. Want to see it go faster?""","""Look at the happy dog, sweetie! Woof woof! He's playing with his favorite ball. Isn't he cute and fun?""","""Look at the fluffy, wiggly dog, sweetie! The dog is running and wagging its happy tail!""","""Look at the cute puppy, little one! The fluffy dog is wagging its tail and barking. Isn't it a happy little friend?""","""Look at all the soft, cuddly toys! Let's play with the soft teddy bear, and then we can stack the colorful blocks together, okay?""","""Look, sweetie, these are tiny little red tomatoes. They're super yummy and soft. Want to try some with your spoon?""","""Look at the pretty bird with the bright feathers, sweetie! It's singing a lovely song for us to enjoy.""","""Look at the beautiful, big bird with feathers in the sky, sweetie. The bird is flying and singing a lovely song.""","""Look, sweetie, a beautiful bird with colorful feathers is flying in the sky. It's singing a lovely song, isn't it?""","""Look at the cute little puppy, sweetie! He's so soft and fluffy, like a big, furry teddy bear. Can you say 'woof woof'? That's what puppies say when they're happy and playful. Let's go","""Look, sweetie, this is a car! It has four wheels and a big shiny roof. See how it drives on the road? Let's pretend to drive this car together!""","""Look at the juicy, red apple, sweetie! It's so yummy and healthy. You can eat it with your hands, but remember to take small bites and chew carefully!""","""Look at the fluffy cat, sweetie! It's playing with its ball of yarn and meowing softly. Isn't it adorable?""","""Hey sweetie, look at this yummy apple, it's red and crunchy. Want to try some juicy apple slices with your peanut butter sandwich?""","""Look, sweetie, those colorful blocks are calling to you! They're just waiting for your lovely hands to build something amazing.""","""Look at the big, fluffy dog! Its fur is brown and soft. The dog is wagging its tail because it's happy and wants to play. Want to say 'dog'? Woof woof!""","""Look at the pretty house, little buddy! It has a big blue door, a cozy little roof, and windows that let sunshine in. Isn't it the loveliest house you've ever seen?""","""Look at our cozy, warm house, sweetie! It has a big, blue door and pretty, colorful windows. Let's go inside and find your favorite spot to snuggle up and play with your toys!""","""Look at the bunny hopping around, sweetie! It's so fluffy and cute, isn't it?""","""Look at the fluffy bunny hopping in the meadow, little one! Can you see how it's wiggling its fluffy ears and nibbling on the green grass?""","""Look at that beautiful bird up in the sky, sweetie! It's singing a lovely song and flying so high. Want to wave to it together?""","""Look at those bright and bouncy bouncy balls! Want to pick one up and play with it together?""","""Look at that beautiful bird, sweetie! It's a robin, and it's red and brown, just like a fire truck! The robin is hopping on the grass, looking for tasty worms to eat. Isn't it wonderful to see birds like the ro","""Look, sweetie! That's a car. It's big, and it goes 'vroom vroom' when we push it. The car has four wheels and helps us go places. Let's say 'car' together, okay?""","""Look, sweetie, a fluffy bunny hopping around, and over there, a big, gentle bear sleeping!""","""Look at the bird, sweetie! It's a beautiful bird with colorful feathers, singing a lovely song. Isn't it wonderful to see how it flutters its wings and flies so high in the sky?""","""Look at this big, cozy house, sweetie! It has many rooms, and we can play hide-and-seek or read books in the library. Isn't it lovely?""","""Look at the big, shiny car, sweetie! It's red like a fire truck and it has four wheels to help it go fast on the road."""
"""Look at the big, shiny car! It's going to zoom by! Let's wave as it drives by, sweetie!""","""Look sweetie, this fluffy puppy wags its tail and barks when it's happy. Let's say 'woof woof' together, okay?""","""Look at the cute little puppy, sweetie! See how it wags its tail and barks happily? That's a dog, and it's so soft and fluffy!""","""Look at the cute little puppy! It's wagging its fluffy tail, just like when you wag your arms to show you're happy!""","""Look at the big, red truck, little buddy! Can you say 'truck'? Whee-ho! Let's play with it together!""","""Yummy yummy, sweetie! These apples are so crunchy and juicy, just like a tiny, tasty water balloon. Can you take a bite and try to make a funny face?""","""Look at that beautiful bird, sweetie! It's a colorful little creature with wings, chirping and flying high in the sky.""","""Look, sweetie, there's a bird! It's flying high in the sky, flapping its wings and singing a beautiful song just for you!""","""Look at the pretty birdie with its feathers all bright and colorful, and it's chirping a lovely song for us!""","""Look at the doggie, sweetie! The fluffy one with the waggy tail! Woof woof! Can you say 'doggie'?""","""Look at the big, shiny car, sweetie! It's parked right there. The car has four wheels, and when someone drives it, they can take us to fun places like the park or the zoo.""","""Yummy, look at that yummy apple, sweetie! Let's take a big bite, one, two, three!""","""Look at the cute little cat, sweetie! It has soft fur, and its eyes are so big and beautiful. The cat is playing with a yarn ball and meowing happily.""","""Yummy apple! Look at that juicy red color, sweetie! Let's take a big bite together, and I bet it will taste so good!""","""Look at all the colorful toys, sweetie! We can play with the soft teddy bear and the funny, bouncy ball together.""","""Look, little buddy, there's a fluffy, friendly dog wagging its tail, ready to play with you!""","""Look at the big house, sweetie! It's where we live, with lots of rooms and a big, comfy bed. Can you say 'house'? Let's count the windows together, one, two, three, four! The house is our special place where we have fun and","""Look, sweetie, this is your home, where you live and feel safe. See the couch, the chairs, and the big comfy bed, where you snuggle up at night. Let's go and play in the kitchen, where we make yummy food!""","""Look at that cute little bunny hopping over the grass, it's so fluffy and it likes to eat carrots.""","""Look at the fluffy bunny hopping around, little one! It's a cute little rabbit, just like your favorite stuffed bunny!""","""Look at that beautiful birdie, little one! It's a colorful parrot, just like the one you saw at the zoo, isn't it? Can you say 'parrot'? Great job! That bird has such a pretty feather and it can talk just like we do!""","""Come here, little buddy! Let's play with your favorite colorful building blocks, so you can build a big, tall tower that reaches the sky!""","""Look at that beautiful birdie up in the sky! Its feathers are so pretty, and it's singing a lovely song for us to hear.""","""Look at the shiny car! It has four wheels to roll smoothly and can take us on fun adventures to the park, the zoo, or the grocery store. Would you like to pretend to drive it too?""","""Look, little one, there's a cute bunny hopping around, and it's fluffy and soft to touch!""","""Look at the beautiful bird, sweetie! It has a pretty blue and yellow feather on its head and it's singing a lovely song for us to hear.""","""Hey there, sweetie! Come on over here, let's explore our lovely house together! See these colorful walls? They're like a big rainbow! And guess what? These comfy chairs are waiting for you to snuggle up in. Oh, and don'","""Come here, sweetie, look at this big, shiny car! It's so fast, zoom zoom! Can you say 'car' with me? Car! Isn't it fun to pretend we're driving around, just like mommy and daddy?"""
"""Look, sweetie, here's a big, shiny car! It goes 'vroom vroom' when the driver pushes the pedal. Let's see if we can make the car go 'vroom vroom' too.""","""Look at the fluffy dog, sweetie! See how it wags its tail when it's happy? Want to say 'woof woof' with me?""","""Look at that adorable puppy, sweetie! See how its tail wags and ears perk up when you smile? Let's say 'puppy' together. 'Puppy, puppy, good dog!'""","""Look, sweetie, this furry little pup is called a dog! He has soft fur, floppy ears, and a waggy tail. Can you say 'dog' with me? Dog!""","""Look at the bright, colorful toys, sweetie! The bunny is hopping, and the truck is zooming. Can you see the red ball bouncing?""","""Look at the bright, red apple, sweetie! Yummy, juicy, and so crunchy, isn't it? Let's eat it together, little one!""","""Look at that beautiful bird, sweetie! It's flying high in the sky, just like the big airplane, but much smaller. Isn't it a pretty bird?""","""Look at that beautiful bird, sweetie! It's chirping and singing its happy tune. Isn't it lovely? The bird is flying high in the sky with its bright feathers.""","""Look at that beautiful bird, sweetie! It's flying high in the sky, singing a lovely song for us to enjoy.""","""Look, sweetie, this is a cute little puppy. It has soft fur, wagging tail, and it likes to play with its toys. Can you say 'puppy'? Good job! This puppy is very friendly and loves to be petted.""","""Look, sweetie, that big car with the shiny red paint is zooming by! See the wheels spinning and the bumpy tires gripping the road. It's taking people on an exciting adventure, just like we go on adventures together!""","""Hey sweetie, it's time to eat some yummy apple slices. They're crunchy and juicy, and will make you strong and healthy. Let's go get your plate and enjoy this delicious treat together!""","""Look at the fluffy, soft cat, sweetie! It's purring and cuddly, just like a warm, cozy blanket for a nap!""","""Look, sweetie, the juicy red apple is so yummy! Want to take a little bite?""","""Look at the colorful blocks, little one! You can stack them up and knock them down with your soft little hands. Have fun playing with your toys!""","""Look at the fluffy, brown dog wagging its tail, little one! The dog has soft, warm fur and big, friendly eyes that are so happy to see us.""","""Hey there, sweetie! Look at our lovely house, it's big and has a blue roof just like a little home in the sky. The windows are like our big, friendly eyes, and the door is always ready to say hello to you!""","""Look at the beautiful house, sweetie! See how the sun is shining on the roof and making it so bright? The windows are all smiling too. Can you say 'house'?""","""Look at the fluffy bunny hopping around! It's hopping high and low, just like you're hopping on your feet!""","""Look at the fluffy bunny hopping through the grass, little one! Isn't it just the cutest thing?""","""Look at the beautiful bird with its bright blue feathers, little one! Can you see how it flaps its wings to fly high up in the sky, just like we wiggle our arms when we're excited?""","""Look at those bright and fun toys! Want to play together?""","""Look at that pretty bird with its bright feathers flying high in the sky. Want to see if we can spot any more?""","""Look at the big, red car! See how the wheels spin when it moves? Want to help me push it gently?""","""Look at the cute little kitty cat, little buddy! Do you see how it purrs and cuddles?""","""Look, sweetie, there's a beautiful bird! It has bright feathers and it's singing a lovely song just for us!""","""Look at our beautiful house, sweetie! It has a lovely roof to keep us dry, colorful walls to make us happy, and a cozy floor where we can play every day!""","""Look at the big, shiny car! It's so colorful with red, blue, and yellow stripes. The car has four wheels and a bumpy seat to sit on. When we get into the car, the driver will turn the key and make the car go vroom-v"
"""Look, sweetie, there's a big, shiny car with red and white stripes. It has a loud honk sound when it beeps. Isn't it exciting?""","""Look at that cute puppy, sweetie! It's a little dog, just like ours, and it's playing with a big, soft ball. Let's say 'woof woof' together, just like the puppy is doing!""","""Look at the cute little puppy, sweetie! The fluffy dog is wagging its tail and wants to play with you!""","""Look at the cute, fluffy puppy, sweetie! The puppy is a furry, bouncy ball of fun that likes to play and wag its tail when it's happy!""","""Oh, look at those colorful toys, sweetie! The teddy bear is all soft and fluffy, and the toy cars go zoom zoom! Let's pick your favorite one to play with together!""","""Look at those yummy carrots! They're orange and crunchy. Let's put them on your plate so you can eat them and grow strong!""","""Look at the beautiful bird! Its feathers are so soft and colorful. Isn't it amazing how it can fly high up in the sky?""","""Look at that beautiful bird, sweetie! It's fluffy and has pretty feathers. Can you say 'bird'? Birds fly high up in the sky, just like when we fly with our toy airplane. Isn't it amazing how they can be so light and float","""Look at the pretty birdie with colorful feathers and beady eyes, little one! Birdies like to sing and hop around, just like how you love to jump and play!""","""Look at the fluffy dog, sweetie! The dog has soft fur and loves to play with your toys.""","""Look at the shiny red car! It has four wheels and looks fast. The driver is wearing a hat. Let's pretend we're in the car, and I'll drive it with you!""","""Yummy yummy, sweetie, these juicy red tomatoes are like little suns, full of water and good for our health. Let's eat them together, and they'll make our tummies happy!""","""Look, little one, there's a fluffy, cute cat! It's meowing, waving its paws, and saying 'hello' with a soft 'meow-meow.' Isn't it adorable?""","""Look, sweetie, we're having delicious veggies and yummy fruit on our plate today. Let's eat our veggies first, because they make us strong and healthy!""","""Come here, little buddy! Let's play with your favorite colorful building blocks. We'll stack them up together, and you can choose which one to put on top next!""","""Look at the adorable puppy! It's wagging its fluffy tail and barking happily. Want to say 'hello' to the cute little dog?""","""Hey, sweetie! Look at the big, beautiful house with the red roof. It's our home, where we have lots of fun and love!""","""Look at this beautiful house, sweetie! See those big windows? They let lots of sunshine in, just like when you wear your sunglasses. And see that big door? It's how mommy and daddy come home from work. Can you say 'house'?""","""Look at the cute little kitten, sweetie! The kitten is purring and playing with a ball of yarn. Isn't it the most adorable little animal you've ever seen?""","""Look at the cute bunny, little one! Bunny hops and eats carrots. Let's count the bunny's cute ears together!""","""Look, sweetie! That's a big bird, like a fluffy, chirpy friend who can fly high up in the sky.""","""Look at all the fun toys, sweetie! You can play with the soft teddy bear, the colorful blocks, and the shiny rattle. They're all waiting for you to make happy sounds and have fun!""","""Look, sweetie! That beautiful bird is singing a lovely song right above us, its feathers are so colorful, just like your crayons!""","""Look at the shiny red car, sweetie! It has big, round tires and it goes 'vroom vroom' when you push it on the playground!""","""Look at the fluffy bunny hopping around; it's so soft and cute!""","""Look at the pretty birdie with its bright feathers! It's chirping and singing like a little songbird.""","""Look, sweetie! This big, cozy house is where Mommy and Daddy live, and it's filled with lots of lovely rooms for us to play and sleep in, like your favorite bedroom, and where your yummy meals are cooked, like in the kitchen with the","""Look at the big, shiny car! It has wheels that roll on the road, and people sit inside to drive it. The car takes you places, like to the park or the grocery store, and it's very important to always wear your seatbelt and sit safely in the car"
"""Look at the bird, sweetie! It's fluffy and it's hopping around, singing a pretty song.""","""Look at our beautiful family, sweetie! See how Mommy and Daddy love and care for you, just like the sun and the moon love and take care of us.""","""Look, sweetie, here comes your yummy apple! It's red and juicy, just like a little sun! Yum yum, ready to try some?""","""Look at the fluffy, cute cat! She's a big, furry kitty and purrs when you pet her soft fur.""","""Come here, little one! Look at our cozy house, where we have a lovely little bed for you to sleep in and a big, soft couch for snuggling up on!""","""Look, little one, at the big, comfy house where we sleep and play. See the windows that let sunshine in, and the door that keeps us safe. Isn't it lovely to be here with mommy and daddy, surrounded by our cozy home?""","""Look at the fluffy bunny hopping and jumping, little one! See how it hops around with its soft ears and cute paws.""","""Look at all these fun toys! The red car zooms fast, the yellow duck floats on the water, and the blue ball bounces up high. Want to play together?""","""Look at all these wonderful toys! Let's play with the colorful blocks and the fluffy teddy bear together!""","""Look at the cute little puppy! It's wagging its fluffy tail, and it wants to say hello. Can you say 'woof woof' with me?""","""Look at that beautiful birdie, sweetie! See how it's hopping and singing in the trees? Birdies are so fun to watch, aren't they?""","""Look at that cute little puppy, sweetie! He's a dog and he's very friendly. Let's go say hello to him and give him a gentle pat. Dogs are wonderful friends who love to play with us.""","""Look at this beautiful house with its blue roof and red door! Let's walk up the big, green stairs and play in the cozy living room where we can cuddle with mommy and daddy on the soft, fluffy carpet.""","""Look at the fluffy bunny hopping around, little one! Isn't it adorable how it hops so high?""","""Look at this big, beautiful house, sweetie! It has a red roof, blue windows, and a lovely green lawn. We live inside where we play, eat, and sleep. Isn't it a cozy, happy place?""","""Look at the big, colorful house! It has a red roof, a blue door, and windows with pretty curtains. Let's go inside and play!""","""Yummy apple, sweet and crunchy! Here, little one, take a bite and savor the juicy goodness!""","""Hey there, little buddy! It's time to eat some yummy carrots. They're orange and crunchy, just like a little sun in your plate!""","""Come here, sweetie! Let's look at our house. See those big windows? They let lots of sunshine in. And those walls? They keep us safe. And don't forget the door! It's our magic way to go outside and come back inside. Isn't our","""Look at the big red car! It's so shiny and fast. Want to count the wheels with me?""","""Look at that cute little cat, sweetie! It's soft and fluffy, with big, round eyes and a playful tail.""","""Look at the shiny red car, sweetie! It's big and fast, and it can take us on a fun ride to the park or the store. Let's watch it go and see how it moves!""","""Look at the pretty teddy bear, little buddy! Want to play with it and cuddle?""","""Look at the cute fluffy dog wagging its tail! Do you see how it's wagging its tail because it's happy to see you? Dogs are so friendly and love to play with their furry friends.""","""Look at the big red car, sweetie! See how shiny and new it is? It's going to take us on a fun ride to the park!""","""Look, sweetie, this is a doggy! It has soft, fluffy fur and a happy wagging tail. The doggy is so friendly, it loves to play and cuddle!""","""Look, sweetie, there's a fluffy bunny hopping over there! Can you see how its long ears help it listen for any sneaky foxes trying to sneak up?""","""Look at the cute, soft, and fluffy kitty cat, sweetie! The cute kitty loves to play with its yarn toys and purr when it's happy and feels safe."""
"""Look, sweetie, there's a bird outside, it's small and soft, with feathers like little fluffy clouds. Can you hear its gentle tweet? Birds are beautiful creatures that fly high up in the sky.""","""Look at mommy and daddy, they love you so much, sweetie! We're your family and together, we're a big, happy group!""","""Look at the yummy spaghetti! Can you eat it with me?""","""Look at the cute, fluffy kitty cat with pointy ears, my little one! Do you see how the cat purrs when you pet it? It's so soft and gentle, just like a big, furry teddy bear!""","""Look at the big, comfy house with the green grass and pretty flowers outside, sweetie! It's where mommy and daddy sleep and play.""","""Look, little buddy, there's a big, cozy house for us to play in. It has a shiny roof, a friendly door, and a pretty garden with lots of flowers and trees. Let's go inside and have fun!""","""Look, baby, do you see the fluffy bunny hopping around? The bunny's soft and hops really fast, just like you hop on your little legs!""","""Look at those bright, fun toys! Let's go play with them, little buddy!""","""Come here, sweetie, let's play with your toy cars. Look at this big red firetruck, and then this little blue car. Press the car's pedal and zoom it across the floor!""","""Look, sweetie, see the fluffy bunny hopping over the grass? Bunnies are so cute and soft!""","""Look, sweetie, a pretty bird with feathers like a rainbow, flying up high in the sky! It's singing a lovely song, isn't it?""","""Look at the cute little puppy! It's a big, soft, and furry dog. The dog wags its tail and loves to play fetch with you. Isn't it fun to see the dog run around and jump for a ball?""","""Look at our lovely house, sweetie! The walls are made of pretty bricks, the windows let in the sunshine, and the door keeps us safe inside. Isn't it fun to play with our little toys and dance around the cozy living room?""","""Look at the fluffy bunny hopping and jumping over the green grass; isn't it just the cutest little animal? They're so gentle and soft to touch!""","""Look, sweetie, this is our cozy, comfy house where we have fun, play, and feel safe together!""","""Look at the big, beautiful house where we live, sweetie. It's where mommy and daddy work and where we get to play and have fun together.""","""Look at the yummy, colorful fruits and veggies! Let's eat them all to be super strong!""","""Look at these yummy, colorful veggies! They're like rainbow treats that make your tummy happy and healthy!""","""Look at the pretty blue house, sweetie! It has a red roof, a big window, and a friendly garden with flowers and butterflies!""","""Look at the big, red car, sweetie! Can you say 'car'? This car is for driving and going on adventures. Isn't it fun to see the car zoom by on the road?""","""Look, sweetie, there's a cute little kitty cat playing with her fluffy tail. She's so soft and cuddly, just like our soft blanket.""","""Look at the big, shiny car with the bumpy wheels, little buddy! Isn't it pretty? The car goes 'vroom-vroom' when its engine turns on. Can you say 'car'? Let's say it together: 'car'. That's right","""Look at all these wonderful toys! The soft teddy bear is cuddly and the colorful blocks can stack up to a tall tower. Let's play together and have lots of fun!""","""Look at the fluffy dog, sweetie! The dog is wagging its tail because it's super happy to see you!""","""Look, sweetie! This is a car, just like the one you see on TV. It has big wheels that roll on the road to take us places. Isn't it fun? Let's say it together, 'Car goes vroom vroom!'""","""Look at that fluffy, playful pup! See how it wags its tail and loves to jump around? Aww, it's so cute!""","""Look at the fluffy bunny hopping over the grass, sweetie! Isn't it the softest thing you've ever seen? Animals like bunnies are so cute and gentle, just like you.""","""Look at the fluffy, soft kitty, little buddy! See how it's purring and wagging its cute little tail. Isn't the cat so cuddly and friendly?"""
"""Look at the little birdie flying in the sky, chirping and hopping from one branch to another. Isn't it fun to watch it soar and sing?""","""Look, sweetie, that's Mommy and Daddy! They love you so much and are always here for you. They're your family, and we're all here to make you happy!""","""Look at these yummy, ripe, sweet bananas! Mama's going to cut them up and put them in your bowl. You're gonna love eating them!""","""Look at the cute, soft kitty cat. Her fur is so fluffy, and she purrs when you pet her. Isn't she cuddly and adorable, sweetie?""","""Look, sweetie, these are our cozy home's walls, made of pretty pink bricks. The ceiling is like a big fluffy cloud above us, and the floor feels soft like fluffy cotton under our feet. We're in our lovely house, where M","""Look at the big, beautiful house we live in, sweetie! Can you see the windows, doors, and roof? It's like a cozy, colorful castle for us to play in!""","""Look at the little puppy, it's wagging its tail and running around so fast, isn't it cute?""","""Look at the soft, colorful teddy bear! Can you say 'teddy bear'? Let's gently pat its fluffy fur together!""","""Look at these colorful blocks, sweetie! Want to help me build a big, tall tower?""","""Look, little buddy! See the fluffy bunny hopping around? Let's say 'hop hop' with the bunny, okay?""","""Look, sweetie, there's a birdie! It has feathers and a beak, and it's flapping its wings and flying up in the sky!""","""Look at that cute little puppy, sweetie! It's a dog, and it's wagging its tail because it's happy to see you. Dogs are our furry friends, and they love to play and cuddle.""","""Come here, sweetie! Let's explore the big, beautiful house together. Look at the cozy bed, the fluffy carpet, and the shiny doorknobs. Isn't it exciting to discover all the amazing things we can find inside our lovely home?""","""Look at the cute puppy, sweetie! It's running around the yard, wagging its fluffy tail. Isn't that funny?""","""Come here, sweetie! Look at our beautiful home, with big, cozy bed, soft carpet, and lovely paintings on the walls. Isn't it wonderful to live here with mommy and daddy?""","""Hey there, little buddy! Come over here and look at our lovely home. See all these pretty colors on the walls? That's where we hang up our favorite pictures. This is our comfy bed where we sleep and dream sweet dreams. Oh, and look at those big,","""Yummy, sweet and juicy, the apple is a yummy snack that makes you feel happy and full!""","""Look at these yummy, ripe, juicy, red strawberries! They're so sweet, crunchy, and full of vitamins to make you strong, healthy, and happy!""","""Come here, sweetie! Let's look at the big, cozy house with the colorful flowers around it, and inside, there are lots of rooms with comfy beds and fun toys!""","""Look at the big, red car, sweetie! It's zooming down the road so fast, like a rocket ship!""","""Look at the fluffy, cute cat, little one! Its paws are soft and it's purring, and it loves to play with yarn. Isn't it a soft and cuddly little kitty?""","""Look at the big, red car, sweetie! It has four round wheels and a shiny roof. See how the wind makes it go zoom, like a bouncy ball!""","""Look at these beautiful, colorful toys! The soft, fluffy teddy bear is waiting for you to give it a big hug, and the shiny, bouncy ball is ready to roll across the floor when you play with it. Let's have fun with them together!""","""Look at the doggy, sweetie! It's a cute fluffy friend that wags its tail and loves to play with you!""","""Come here, sweetie! Look at the big, shiny car! See the bumpy tires and the bright color? Let's pretend to drive it together!""","""Look at the big, fluffy dog! It's wagging its tail because it's happy to see you. The dog's name is Buster, and he's a good boy.""","""Look at the fluffy bunny hopping in the meadow, little buddy. See how it's so soft and small, just like a little cloud. Isn't it cute hopping around, with its fluffy ears and tiny nose?""","""Look at that cute kitty cat! It's soft and fluffy, and it likes to play with its toys. The cat's paws are pink, and it has a cute little tail. The kitty cat is meowing because it's happy"
"""Look at the pretty bird, sweetie! It has feathers and it's chirping and singing.""","""Look at our lovely family, sweetie! Mommy and Daddy are here to take care of you, and we all love you very much!""","""Look, sweetie, here's a little red apple. Yummy and yummy!""","""Look at the cute, furry kitty cat! She has soft, fluffy fur and big, round eyes. She's going to play with her yarn ball, and I'm so happy to see her!""","""Look at the big house, little buddy! See the red roof, tall doors, and the friendly window smiles? It's our lovely home, where we all feel cozy and safe!""","""Come here, sweetie! Look at this pretty house with a red roof and blue windows. Let's go inside and play with the colorful toys!""","""Look at the fluffy bunny, little one, hopping around the meadow. See how it hops and plays with its soft, white tail?""","""Look at these bright and fun toys, sweetie! You can reach and play with them anytime you want!""","""Look at these bright and fun toys! Want to play with the ball? Let's roll it together!""","""Look at the fluffy bunny hopping around, little one! The bunny hops and eats carrots, just like the ones we eat.""","""Look, sweetie, there's a beautiful bird sitting on that branch over there. See how it's waving its wings? It's a colorful parakeet!""","""Look, sweetie, there's a furry dog wagging his tail and he's very friendly, just like our dog at home, wagging his tail to say hello!""","""Hey there little buddy, come on over here! Let's explore our cozy, colorful home together. Look at all these pretty pictures on the walls and the soft, fluffy rugs on the floor. Can you find the blue chair in the living room? And let's go","""Look, sweetie, there's a fluffy bunny hopping around the garden, and it's so cute with its little ears!""","""Look at our big, cozy house with a red door and blue windows. Let's go inside and play with your favorite toys!""","""Look at the big, beautiful house, sweetie! It has a cozy little bed for you, a fun kitchen where we cook yummy food, and a colorful living room for playing with your toys!""","""Look at those yummy carrots, sweetie! Crunch them up with your strong teeth, and they'll be like little orange treats for you to enjoy.""","""Look at these yummy carrots! They're orange and crunchy. Let's eat them and make our tummies happy.""","""Look at our beautiful house, sweetie! It's warm and cozy, just like your favorite teddy bear. Can you say 'house'? Let's go inside and explore our lovely home together!""","""Hey there, little buddy! Look at that big, shiny car! Can you say 'car'? That's right, it's 'car'! See how it rolls down the road? Wow, so cool!""","""Look at the fluffy, soft kitty, little one! The cat is so cute and playful. Can you say 'cat'? Yes, that's right! C-A-T, cat. The cat is purring and sleeping in a cozy bed. Let","""Look at the big, red car, sweetie! It's shiny and fast, zooming down the street. Want to count the wheels with me? Let's see, one, two, three, four! Wheels help the car go smoothly, just like your wheels on","""Come on, sweetie, let's play with your soft, fuzzy teddy bear and the bright, colorful blocks, it's so much fun to stack and build with them!""","""Look at the happy dog wagging its tail, it's so friendly and loves to play fetch with us, sweetie!""","""Look, sweetie, this big car! It's like a colorful toy car, but it has wheels to drive on the road. People sit inside and make it go vroom-vroom!""","""Look, sweetie, this is a dog! It's a soft and fluffy furry friend that wags its tail when it's happy. Isn't it cute? Can you say 'dog'?""","""Look at the fluffy bunny hopping around, little buddy! Want to see it hop right over here with me?""","""Look at the cute little cat, sweetie! She's fluffy and white, with soft paws and a cute little tail that wags when she's happy!"""
"""Look at the pretty birdie! Birdie has feathers and beak, and it's flapping its wings. Birdie can sing and fly high in the sky.""","""Look at mommy and daddy, sweetie! They are your family. They love you so much and will always take care of you!""","""Look, sweetie, the banana is yellow and it's soft and squishy. Yum, yum, let's take a little bite together!""","""Look at the fluffy, cute cat with soft, purring fur. See how it's playing with a ball of yarn? Isn't that adorable?""","""Come here, sweetie! Look at this big house with a red roof. See the windows? They let in the sunshine and fresh air. Look at the door! Let's go inside and explore the cozy rooms with fluffy pillows and toys!""","""Look, little buddy, this is our cozy home! See the soft carpet under your feet? And these are our big, fluffy couches where we sit together. Look at the pretty pictures on the wall and the colorful toys on the shelves. Let's go","""Look at the cute little puppy! The puppy's name is Spot, and Spot likes to play with his fluffy tail and chase the butterflies in the garden.""","""Look at these amazing toys, sweetie! These are soft, colorful blocks that you can build with, and this soft teddy bear can cuddle you. Which one would you like to play with first?""","""Hey there, sweetie! Look at all the fun toys you're about to play with. You've got big blocks to build tall towers, and cute teddy bears to hug and snuggle with. What do you think you'll make today?""","""Look, sweetie, there's a fluffy bunny hopping over the grass; let's say 'bunny' together. Bunny, bunny, hopping! Can you try saying 'bunny' like the fluffy little bunny?""","""Look, sweetie! See the pretty bird with colorful feathers? It's singing a lovely song for us. Can you say bird?""","""Look, sweetie, this is a happy dog! The dog is running and barking in the park. Can you say 'dog'? Great job! Dogs are so fun to play with, they wag their tails and love to be petted.""","""Hey there, little buddy! Come on, let's walk around our lovely house. Look at the big, comfy couch, see those fluffy pillows? And over there, our friendly dog is wagging his tail! Oh, and can you feel that warm sun","""Look, sweetie, those fluffy bunnies are hopping around. They're so soft and cute, just like our pet bunny, Fluffy.""","""Come here, sweetie! Let's go explore our lovely house together! Look at these pretty flowers in the garden, and feel the soft carpet under our feet. We have so much fun in our cozy home!""","""Hey there, sweetie! Let's go explore our beautiful house. Look at the colorful walls, soft carpets, and cozy furniture. The kitchen is where we make yummy snacks, and the living room is where we play and laugh together!""","""Yummy, yummy food! Look at the bright, red tomatoes and the big, green lettuce. We're going to make a super tasty salad together!""","""Look, sweetie, we're going to have a yummy, crunchy carrot, and then we'll eat a juicy, ripe apple!""","""Hey there, sweetie! Let's go explore the house together. Look at the big, cozy bed where mommy and daddy sleep. See the soft carpet under our feet? It's where we play and have fun! Let's find your favorite toy in the toy","""Look at the big, red car! It's shiny and fast, just like the superheroes we love. Isn't it amazing how it can zoom down the road with its wheels spinning?""","""Look at the cute, fluffy kitty with pointy ears and soft whiskers. She's purring because she's happy and wants to play with you!""","""Hey there, sweetheart! Look at that big, shiny car! It's red like a superhero's cape, and it's going to take us on a fun ride around the park, zooming past the trees and the playground, so we can play and laugh together","""Look at those big, fun toys over there! Those bright, colorful blocks can stack up to make a tall tower, and the soft, bouncy ball is perfect for gentle rolling and giggles. Oh, and don't forget about the soft, fluffy teddy bear, ready","""Look at the fluffy dog, sweetie! Its tail wags when it's happy, and its floppy ears hear everything!""","""Look at the shiny red car, sweetie! It goes vroom-vroom, and the driver sits inside, ready for a fun ride!""","""Look at the big, fluffy dog wagging its tail, little buddy! It's time to say hello and give it a gentle pat.""","""Look at the fluffy bunny hopping around, little buddy! It's called a bunny, and it loves to eat carrots and play hide-and-seek!""","""Look, sweetie, there's a fluffy cat, and it has soft fur and a cute little tail. Want to say 'cat' with me?"""
"""Look, sweetie, there's a beautiful bird up high, chirping and singing with its tiny wings, just like the stories we read together!""","""Look at us, little one! We're all together, just like a big, happy family. Mommy, Daddy, Grandma, and Grandpa are here for you, always loving and caring.""","""Look at the yummy yellow banana! It's soft and sweet, just like your cuddly teddy bear. Eat it slowly, and enjoy its yummy taste!""","""Look at the cute fluffy kitty cat, baby! This little feline is so soft and playful, isn't it? Can you say 'cat'? Let's try to say it together, 'ca-ca'. Good job! Now, let's give the k","""Look, sweetie, this big, beautiful house where we live, it has a blue door, a yellow window, and lots of cozy rooms to play in!""","""Come here, sweetie! Let's look at the big, beautiful house. See the roof? It's like a hat that keeps us dry. Do you like the windows? They let the sunshine in and show us the pretty flowers outside.""","""Look, sweetie, a fluffy bunny hops by! Hoppity hop, hoppity hop!""","""Look at these bright, colorful toys, little buddy! You'll love to play with them, picking them up and stacking them one by one!""","""Come here, sweetie! Look at your lovely teddy bear! Do you want to play with his soft fur?""","""Look, sweetie, this cute little kitten is purring softly, and it's so fluffy, isn't it? It's playtime for the kitty!""","""Look at the beautiful bird, sweetie! It's flapping its wings so fast and singing a lovely song. Isn't it fun to watch and listen to the bird?""","""Look at the cute fluffy dog, sweetie! The dog is wagging its tail and wants to play with you!""","""Look, sweetie, here's our cozy house with a lovely roof, colorful flowers, and a big, comfy porch where we can play and have fun!""","""Look at the fluffy bunny, little buddy! It's hopping around and eating carrots. Isn't it adorable?""","""Look, sweetie, this is your cozy house where we live together. Can you see the big windows that let the sunlight in? And see those colorful walls that make your room so pretty? We have a lovely garden outside too, where you can play and have fun with your toys.","""Come here, sweetie! Let's explore our cozy, warm house together. Look at these pretty, colorful walls and soft, fluffy carpets. Oh, and see those cute, little toys over there. Let's play and have fun in our lovely, safe","""Yummy! Here's a tasty apple, little one. You can take a big bite, chew it nice and slow, and say 'mmm' to show it's good!""","""Sweetie, it's time to eat your yummy vegetables, carrots, and broccoli. They help you grow strong and healthy like a superhero!""","""Hey there, sweetie! Let's look at our lovely home, where mommy and daddy live, and we have a cozy bed, a yummy kitchen, and a big, beautiful living room!""","""Look, sweetie! This big red car can go fast and make a loud engine sound. It's like a roaring lion!""","""Look at that fluffy kitty cat, little buddy! Its whiskers tickle, and its paws are soft and cute. Do you want to pet it gently like we would a friendly teddy bear?""","""Come here, sweetie! Let's say hello to our shiny red car, the one with the bumpy tires and the soft, gentle hum it makes as it moves.""","""Look at the shiny, colorful toys, sweetie! You'll love playing with your soft, plush teddy bear and the fun, bouncy ball!""","""Look, little buddy! This is a dog. The dog is wagging its tail because it's so happy to see you!""","""Look at the big, shiny car, sweetie! It has wheels that roll on the road to take us places we want to go, like the park or the grocery store. Isn't it fun to watch the cars go by?""","""Look, sweetie, there's a fluffy dog! He's wagging his tail and jumping around, isn't he a happy little pup?""","""Look at the fluffy bunny hopping over the grass, sweetie! Can you see how soft and cuddly it is?""","""Look at that cute little kitty, sweetie! The fluffy furry cat is purring and playing with its yarn ball. Isn't it just the cutest thing ever? Cats are such friendly pets, and they love to cuddle and cater to"
"""Look, sweetie, there's a pretty bird up in the sky, flapping its wings and chirping a lovely song for us to enjoy.""","""Look at the smiling family, my sweet little one. They are here to take care of you, just like mommy and daddy.""","""Look at this yummy, juicy, red apple! Can you say 'apple'? Let's take a big bite and enjoy the sweet, crunchy taste!""","""Look at the cute fluffy kitty cat! Meow, meow. See how it purrs? The kitty is playing with a ball of yarn, isn't it fun? Can you say 'cat'? Great job!""","""Look at the pretty house with the blue roof and the big, friendly windows! The little doors are inviting us in for a cozy playtime!""","""Come here, sweetie, let's go look at our beautiful home! Do you see the cozy couch? And look at those pretty flowers on the table!""","""Look at the cute little bunny hopping around, little one! See how soft and fluffy its fur is? Animals have so many fun things to see and do!""","""Look at all these amazing toys, sweetie! The teddy bear has soft fur, and the blocks are perfect for building tall towers!""","""Look at those colorful toys, sweetie! The teddy bear is soft and cuddly, and the toy car zooms super fast!""","""Look at the fluffy bunny hopping around, little one! Can you see the bunny's soft fur?""","""Look at the beautiful birdie with its bright blue feathers! See how it's chirping and flying high up in the sky, just like you do when you go up and down on the swings!""","""Look at the cute little dog, sweetie! See how it wags its tail and licks your hand, isn't it fun?""","""Hey sweetie, look at our cozy house with its blue roof and green grass outside. Let's go inside where it's warm and we can snuggle up with your favorite teddy bear.""","""Look at the cute little kittens playing with a ball of yarn, aren't they just paws-itively adorable?""","""Hey sweetie, come here! Look at these big, pretty, colorful houses. They have windows to let the sunshine in and doors to go in and out. Let's pretend we're going to our very own house, with a cozy bed and a fun, big play","""Come here, little buddy! Look at our cozy home, with its soft beds, colorful walls, and big windows that let the sunshine in!""","""Yummy yummy, look at the apple! It's so red and sweet, we're going to eat it together!""","""Look at the yummy apple, sweetie! It's red and crunchy. Let's take a big bite and taste how juicy and sweet it is!""","""Look, sweetie, this is our cozy home! Can you see the bright sun shining through the window? And do you like the soft, fluffy carpet under your feet? Isn't it lovely to be inside our warm, safe house?""","""Come here, little buddy! Look at this big red car, it's shiny and fast, zooming down the road, just like your favorite toy car!""","""Look at the cute little kitty cat, with soft fur and tiny paws, just like little cuddly balls. See how it's purring and playing with a yarn ball? Isn't it so fun to watch?""","""Look at the big, red car, sweetie! It's going to take us on a fun ride to the park. Isn't it so cool and shiny?""","""Look at all these wonderful toys, sweetie! They're so fun to play with. Let's pick one and have a great time together!""","""Look, sweetie, this fluffy furry friend is a super-duper dog! He's wagging his tail to say 'hello' and he's going to play fetch with you!""","""Look at the big, red car, sweetie! It has shiny wheels that roll on the road, and it takes us on fun trips. Isn't it exciting? Can you say car?""","""Look at the cute little puppy, sweetie! Its soft fur feels like a fluffy blanket, and it's wagging its tail to say 'hello'!""","""Look at the fluffy bunny hopping through the meadow! Want to see if it's hopping or skipping?""","""Look at the cute kitty, little one! It's a fluffy cat with soft fur, purring sounds, and sharp claws. It likes to chase little mice and climb trees. Isn't it amazing how cats can jump so high?"""
"""Look, little one! A beautiful bird is singing and flying high up in the sky. It has soft feathers and a chirpy voice, just like a little birdie!""","""Look, sweetie, this is mommy and daddy, your special family, holding hands and smiling at you, just for you!""","""Look at the yummy-looking carrot! It's orange and crunchy. Let's try some!""","""Look at the cute kitty cat, little one! The soft fur is as fluffy as your blankie, and it's purring just for you. Can you say 'cat'? That's right, cat! Kitty, so soft and cuddly.""","""Look at our cozy, colorful house! It has a big, soft bed for you to sleep in, a yummy kitchen where mommy and daddy make breakfast, and a fun bathroom to splash in water!""","""Look at our lovely house, sweetie! It's big and has a blue door. Let's wave to the flowers in our pretty garden!""","""Look, little one! See the bunny hopping so fast? It's hoppity-hopping over the grass. Can you say bunny?""","""Look at those bright, bouncy balls! Want to see them roll and bounce together?""","""Look at all the fun toys, sweetie! Let's play with your soft teddy bear and the bouncy ball!""","""Look at the fluffy bunny hopping in the meadow. It's so soft and cute!""","""Look at that beautiful bird, sweetie! It's a pretty, pretty bird with bright, colorful feathers. Can you say 'bird'? That's right, bird! Birds can fly high up in the sky, just like we fly on our magic carpet. Isn't that","""Look, little one, a fluffy, cute dog! It has a wagging tail and loves to play fetch with you!""","""Come here, sweetie! Look at this big, cozy house where we live. It has a lovely blue door, a beautiful red roof, and lots of windows to see the pretty flowers outside. Let's go inside and explore the rooms, where we can find your favorite toys and snacks","""Look at the fluffy bunny hopping over the green grass, hopping like you want to!""","""Look at our lovely home, sweetie! It's big and bright with lots of room to play and sleep. We have a cozy bed, a warm kitchen, and a beautiful bathroom. Let's go explore the fun things in our house together!""","""Look at our cozy house, sweetie! It's big and has a beautiful roof. The walls are made of strong bricks, and the windows let in lots of sunshine. Inside, we have a lovely kitchen where mommy cooks yummy food, a big bedroom for you","""Yummy, sweet apple! Crunchy and juicy, just like a little red fruit ball for your tummy!""","""Look at these yummy, colorful fruits! Mmm, the sweet strawberries, the juicy grapes, and the crunchy apples. Let's eat some together!""","""Hey there, sweetie! Let's play a fun game together. Can you show me where your house is? Look around you, maybe you can find your home! It's where we all feel safe and snug, with your mommy, daddy, and all your friends!""","""Look, sweetie, that's a car! It has four wheels and it goes 'vroom vroom' when you press its pedals. The driver sits inside and uses the steering wheel to go to the park or the grocery store.""","""Look at the fluffy kitty cat, little one! It's purring and wants to play with you. The cat has soft fur and loves to cuddle and chase little yarn balls.""","""Look, sweetie, this big red car has wheels that go 'vroom, vroom' when we drive it on the road. Isn't that exciting? Let's wave to it together!""","""Look, little one, these are your new toys! Want to play with the soft teddy bear? The yellow truck can go zoom-zoom, and the colorful blocks can build a big castle for us to pretend!""","""Look at the fluffy dog, sweetie! It's a cute, cuddly, bouncy little ball of fur, isn't it? Can you say 'woof woof' like the dog says when it's happy?""","""Look at that big, shiny car! It's red and fast, like a rocket! Want to pretend you're driving it with me, sweetie?""","""Look at the fluffy, playful dog wagging its tail and ready to fetch your favorite toy!""","""Look at the fluffy bunny hopping and the chirpy birds singing in the sky, sweetie!""","""Look, sweetie, here's a fluffy cat, sitting quietly on the mat, purring softly as it stretches its big, soft paws, and lets out a gentle meow to say hello."""
"""Look at that beautiful bird, sweetie! The bird is singing and flying in the sky.""","""Look at mommy and daddy, sweetie. They are your family, and they love you very much.""","""Look at these yummy carrots, sweetie! They're orange and crunchy, perfect for you to try and munch on.""","""Look at the fluffy cat, sweetie! See how it's purring and playing with its toy mouse. Isn't it the cutest furry friend ever?""","""Come here, sweetie, let's go visit our cozy home, where mommy and daddy love you very much, and we have soft pillows to rest on!""","""Come here, sweetie! Look at these pretty blue walls, soft yellow carpet, and fluffy pillows. Want to play hide-and-seek in this lovely house?""","""Look at the fluffy bunny hopping around, little buddy! Want to giggle like it does?""","""Look at all the lovely little cars! Let's play with them together, shall we? I'll help you make the biggest tower of blocks we can!""","""Look at these colorful blocks, sweetie! Let's build a tall tower together with your favorite red block and the blue one!""","""Look at the cute little kitten, sweetie! It's purring softly as it snuggles up to its fluffy ball of yarn.""","""Look, sweetie! A beautiful bird is flying in the sky. It's so pretty with its colorful feathers and lovely song. Would you like to point at it and make a big happy sound?""","""Look at the fluffy, brown dog, sweetie! He's so cute and friendly, just like your teddy bear. The dog is wagging his tail because he loves you so much. Isn't he adorable?""","""Look at the big, beautiful house with a red roof and a friendly door. Inside, there are rooms with cozy beds, shiny toys, and yummy snacks. Let's go explore the fun house together, little one!""","""Look at the cute little puppy, sweetie! It's wagging its tail because it's happy to see you!""","""Hey there, little buddy! Come here and see this big, beautiful house. It has a lovely red door, a shiny roof, and tall windows that let the sunshine in. Let's count the pretty little flowers in the garden and see the friendly neighbors waving from their","""Hey there, little buddy! Let's play a fun game. Can you point to the big house we live in? It's where Mommy and Daddy sleep, eat, and play with you!""","""Look, sweetie, those juicy, red tomatoes are ready to eat, and they're so good for your body. Let's pick them up and say 'yum' together!""","""Hey there, little buddy! Look at all the yummy vegetables and juicy fruits on your plate. Let's take a little bite, and you'll feel super strong and healthy!""","""Come here, sweetie! Look at this big, cozy house with a shiny red door. Inside, we have a comfy bed, yummy food, and lots of love to share!""","""Look at the big, shiny car with four wheels and a red roof! Want to see the car drive away, little buddy?""","""Look at the fluffy, soft kitty cat, sweetie! Its fur is as white as snow and its eyes are bright like stars. Isn't it a purr-fect little friend?""","""Hey there, sweetie! Look at that big red car zooming by, honk honk! Isn't it fun to see cars drive by on the street?""","""Look at those fluffy teddy bears, sweetie! They're waiting for you to give them a big hug. Let's go play and make some fun memories with them!""","""Look at the fluffy, cute dog wagging its tail, darling. The dog is barking happily, just like when we play together. Isn't the dog's nose nose-y and its ears droopy-droopy?""","""Look, sweetie, there's a big, red car! It's so shiny, isn't it? It has four wheels and a roof to keep us safe inside. We can pretend to drive it with mommy or daddy, and it will take us on fun adventures","""Look at that cute dog, sweetie! He's a big, fluffy puppy with soft brown fur and floppy ears. Can you say 'woof woof' like the dog? The dog is wagging his tail because he's happy to see you!""","""Look, sweetie, there's a big, fluffy dog with waggy tail and pointy ears. He's very friendly and loves to play with you!""","""Look at the fluffy, cute, and soft cat, sweetie! The cat is meowing and playing with its yarn ball."""
"""Look at the beautiful bird, sweetie! It has feathers and wings, and it's singing a lovely song for us to hear. Isn't it so cute and fluffy?""","""Look at the smiling faces of mommy and daddy! They love you so much, just like the sun and the moon always shining for us!""","""Look at the yummy apple, little one! It's so sweet and crunchy, just like a little piece of sunshine for your tummy!""","""Look at the cute little cat, kitty! See how soft its fur is? Cats are so fluffy and cuddly, isn't it sweet?""","""Look at the big, cozy house we live in, sweetie! It's where Mommy and Daddy love to play and read stories to us.""","""Hey there, sweetie! Look at our cozy, warm house, with colorful walls and a big, comfy bed for you to sleep in every night. Isn't it lovely?""","""Look at the cute little bunny hopping around! See how soft its fur is?""","""Look at all the colorful toys! Want to play with the soft, bouncy ball?""","""Look at those colorful blocks, sweetie! Want to stack them with me and make a tall tower?""","""Look at the fluffy bunny hopping around, little buddy! Bunnies like to eat carrots and hop in the garden, just like our friend, Mr. Hopper the rabbit.""","""Look, sweetie! That's a birdie! It has wings and feathers, and it's flying high in the sky. Isn't it beautiful? Birdies sing songs and sometimes they even bring us little seeds as gifts!""","""Look at the adorable puppy, sweetie! It's so fluffy and playful, wagging its tail and barking like a happy little friend!""","""Look, sweetie, this is our cozy home, with soft beds, yummy snacks, and lots of love for you to play and grow.""","""Look at the fluffy bunny hopping through the meadow, little one. The bunny has soft fur and long ears that listen to the sounds around it!""","""Come here, sweetie! Look at this big, warm house we live in. It has a cozy bed for you and a yummy breakfast in the kitchen every morning. Let's go inside and explore together!""","""Look, sweetie, this is our cozy house with a blue door and a big, friendly window. Let's go inside and make a yummy snack!""","""Look at the juicy, red tomato! It's yummy and healthy, and we can eat it in our salad or with our sandwiches.""","""Look at the juicy, red tomatoes, sweetie pie! They're yummy and good for you, just like the yummy, crunchy carrots!""","""Come here, sweetie, let's go see the beautiful house with a big, fluffy roof and pretty windows, just like the cozy home in our storybook!""","""Look at the big, red car, sweetie! It has four round wheels and it goes 'vroom, vroom' when you push it. Isn't it so fun?""","""Look, sweetie, this is a cuddly cat! It's soft and fluffy, with pointy ears and whiskers. Cats purr when they're happy, and they love to chase little toys around. Isn't it cute when it's","""Look at the shiny, red car, sweetie! It's ready to zoom down the street and play with the other cars. Want to hop in and pretend to drive with me?""","""Look at all the colorful toys, sweetie! Your favorite dinosaur is ready to roar, and the soft teddy bear is waiting for you to give it a big hug!""","""Look, sweetie, there's a big, fluffy dog wagging its tail and saying hello! Isn't he so cute and cuddly, just like your teddy bear? Let's say 'hello' back to the dog and give him a gentle pat on his","""Come here, sweetie! Look at this shiny, big car! It has wheels, and mommy and daddy drive it to take us on fun adventures!""","""Look at the fluffy dog, sweetie! The dog's soft fur is so soft, just like a cozy blanket. Its tail wags happily when it sees you, and it loves to play fetch with its favorite ball. The dog's bark is a friendly sound that","""Look at the fluffy bunny hopping over the grass, little one. Isn't it so fun to see animals play outside?""","""Look, sweetie, there's a fluffy kitty cat! Meow, meow, kitty! It's so cute, isn't it? The cat is playing with a ball of yarn. Want to say hello to the friendly kitty cat?"""
"""Look, little one! A beautiful bird with soft feathers is singing sweet melodies from the tree.""","""Look at the happy family! Daddy's smiling, Mommy's smiling, and here's your big brother, Sammy, he's smiling too. Can you say 'family'?""","""Look at the yummy apple pie! It's so sweet and crunchy, isn't it, sweetie? We're going to take a tiny bite, and I'll help you enjoy every delicious crumb!""","""Look at that cute little cat! The cat is soft and fluffy, with pointy ears and a long tail. Can you say 'cat'? The cat says 'meow'!""","""Hey, sweetie, let's go look at the big, big house with the blue roof and the red door. Can you say 'house' with me? Good job!""","""Look, sweetie, this is our cozy house with a big red door and a lovely garden full of flowers for you to play with!""","""Look at the fluffy bunny hopping around, little one! It's a soft, white bunny with long ears!""","""Look at these soft, bouncy balls, little one! Can you touch the fluffy teddy bear? It's time for some fun with your favorite toys!""","""Look at the bright, fluffy teddy bear, little buddy! Can you say teddy? Let's hug it together and tell it a story!""","""Look, sweetie, there's a fluffy bunny hopping by. It's so cute, let's say 'bunny' together and watch it hop around!""","""Look, sweetie, see that little birdie over there with its pretty feathers? It's flying up high in the sky, and it's singing a lovely song just for you!""","""Look at the fluffy, furry dog, sweetie! The dog is wagging its tail, and it's so happy to see you. The dog is playing with its favorite toy, a big, soft bone. Isn't the dog's bone so cudd","""Come here, sweetie! Let's look at the pretty blue house with a red door and a green garden. Want to count the windows? One, two, three, four!""","""Look at the fluffy bunny hopping around, little one! Can you say 'bunny'? The bunny is so soft and cuddly!""","""Look at our cozy, lovely house, sweetie! It's got a big, comfy bed for sleeping, a yummy kitchen for making tasty food, and lots of colorful rooms to play in. Let's go explore our house together, okay?""","""Look at our cozy house with a big, beautiful roof, little buddy! We have a soft bed, a yummy kitchen, and lots of fun colors outside for us to play!""","""Look at this yummy apple! It's crunchy and sweet, and when we eat it, it's good for your tummy. Let's take a big bite and enjoy it together!""","""Look, sweetie, these are some crunchy carrots! They're orange and yummy, and they'll help you see better.""","""Look at our cozy, warm house, sweetie! It's filled with your favorite toys and mommy's soft, pretty flowers.""","""Look at the big, red car, sweetie! It has four wheels and it goes vroom-vroom when it's moving. Isn't that fun?""","""Look at the fluffy cat, sweetie! It's purring softly, and it's so soft and cuddly.""","""Look, sweetie, that big yellow bus is ready to take us on an exciting ride to school, where we'll learn new things and play with our friends!""","""Look at all these colorful toys, sweetheart! The soft teddy bear is ready for a hug, the shiny blocks are waiting to build a tall tower, and the bouncy ball is ready to make a fun bouncing game. Which one do you want to play with first?""","""Look at the fluffy dog, sweetie! Its tail is wagging, and it's so excited to see you. The dog is bouncing around, playing with its favorite ball. Isn't it cute?""","""Look at the big, shiny car, sweetie! It has wheels to roll smoothly and helps people go from one place to another.""","""Look at the fluffy dog, sweetie! Its tail is wagging so happy!""","""Look at the fluffy bunny hopping through the meadow, little buddy! See how it hops and plays with its friends, the cute and cuddly rabbits. Isn't it adorable how they love to nibble on fresh, green grass? Can","""Look, sweetie, there's a cuddly kitty with soft fur and big, round eyes. Can you say 'cat'? Meow, meow, that's right! The kitty is purring because it loves you so much!"""
"""Look, sweetie, there's a pretty bird with colorful feathers singing a lovely song for us!""","""Look at the big, smiling family picture, sweetie! Mommy and Daddy, your big brother or sister, they're all here to love you and keep you safe.""","""Look at the yummy apple! Can you say 'apple'? Yummy, apple!""","""Look at the cute little kitty, sweetie! The fluffy furry cat is purring and cuddling up for a nap. Isn't it adorable? We'll love to play with our furry friend later!""","""Come here, little buddy! Let's see the pretty house with big windows and a red door. Can you say 'house' with me?""","""Look at our cozy, warm house, sweetie! Can you see the pretty walls and the big, fluffy carpet? We love spending time together here, playing and snuggling up in our comfy beds.""","""Look at the fluffy bunny hopping around, little one. See how it hops and hops, just like we do when we hop on the trampoline?""","""Look at all the fun toys, sweetie! The soft teddy bear is for hugging, the squeaky ball is for bouncing, and the colorful blocks are for stacking. Let's play together!""","""Look at all these fun toys, sweetie! There's a big, fluffy teddy bear, a shiny red car, and a colorful ball. Which one do you want to play with first?""","""Look at the fluffy bunny hopping around, little buddy! Do you see how it jumps so high? Bunnies have soft fur and love to hop and nibble on carrots!""","""Look at the beautiful bird with its feathery wings and colorful beak, sweetie! The bird is singing a lovely song for us to enjoy.""","""Look at the cute dog, sweetie! The dog's wagging its fluffy tail and it's barking happily. Let's go give it a gentle pat and maybe a treat!""","""Look at our beautiful home, sweetie! The big house with a red roof and a yellow door is our special place where we live and have fun!""","""Look at the fluffy bunny hopping in the meadow, little buddy. Its soft ears wiggle when it sees us, and it's always happy to hop close and nibble on the grass with us.""","""Look, sweetie, we're in our lovely home, where we have a cozy bed for sleeping, a fun kitchen for yummy food, and a big living room for playing with toys!""","""Come here, sweetie, let's look at this pretty house with a big, blue door and a little garden with lots of colorful flowers and butterflies fluttering around.""","""Sweetie, it's time to eat your yummy veggies and fruits, because they make you strong and healthy like a superhero!""","""Yummy, sweet apple! Crunchy, juicy! Eat it, my little chef, and make your tummy happy!""","""Look at our cozy house, sweetie! It has a big, comfy bed for sleeping, a yummy kitchen for cooking, and lots of pretty colors on the walls.""","""Come here, sweetie! Let's look at the big red car. Wow, it's shiny and fast. Do you see the wheels? They go round and round to make it move. Isn't it fun to watch cars go by?""","""Look at the cute fluffy cat! It has soft fur and a long tail. The cat's paws are soft and cute, just like kitty paws. Isn't it fun to pet the cat and see its playful purr?""","""Look, sweetie, that's a big, shiny car! It has four wheels and makes a funny noise when it goes by. Let's pretend we're driving it too, fast as we can!""","""Hey, sweetie, look at all those fun toys you can play with. Let's choose your favorite one to have a blast!""","""Look at that fluffy dog, sweetie! The dog is wagging its tail because it's so happy to see you!""","""Look at the shiny, red car, sweetie! It's so big and it can go really, really fast on the road. See how it moves? That's called driving, just like when mommy and daddy drive you to school.""","""Look, sweetie, there's a cute little dog! His name is Spot, and he's a very friendly puppy. Spot has soft fur and a waggy tail. Do you see how he wags his tail when he's happy? Let's go say hello","""Look at the cute puppy, sweetie! It's a little furry friend who loves to play and cuddle.""","""Look, sweetie, there's a fluffy kitty cat playing with a ball of yarn. Isn't it so cute?"""
"""Look at the beautiful bird, sweetie! It's chirping and hopping around in the tree. Isn't it so cute?""","""Look at you, my little sunshine! You have a big, loving family who always takes care of you and makes you happy.""","""Yummy! Look at this juicy, ripe apple. It's so sweet and crunchy. Would you like to take a big bite?""","""Look at the fluffy, cute kitty cat! See how it purrs and cuddles? Cats are so soft and cuddly!""","""Look at the big, cozy house with a red roof and a green door. The house has a lovely garden with colorful flowers and a swing for us to play on!""","""Come here, sweetie, let's go look at our beautiful, cozy house with its bright red door and lovely windows!""","""Look at the bunny hopping, little one! Bunny is a soft, cuddly animal with long ears that like to eat carrots.""","""Look at those bright, colorful toys! Want to play with the funny shaped blocks? Let's stack them up high, and you can put the red truck on top!""","""Come on, sweetie, let's play with your favorite red trucks! Look, this one has a big smile and these tiny wheels are for driving around the play mat!""","""Look at the cute, fluffy bunny! See how it hops and plays? Bunnies are hoppy, and they like to eat carrots. Can you say 'bunny' with me?""","""Look, sweetie, there's a pretty bird with bright feathers! It's chirping and hopping around on the branch, singing a lovely song just for us!""","""Look at the cute, fluffy dog! Can you say 'dog'? He's so friendly and loves to play fetch with his ball.""","""Hey there, little buddy! Come here and let's explore the cozy house we live in, where mommy and daddy keep our favorite toys and yummy snacks, and where we make lots of happy memories together!""","""Look, sweetie, there's a fluffy bunny hopping by the fence. See how it jumps? Bunny bunny hop, hop!""","""Come here, sweetie! Let's walk through our cozy house, where the walls are soft and the rooms are bright with sunshine. Can you find the warm, fluffy pillows on the big, comfy couch? And don't forget to wave to Mommy","""Hey there, sweetie! Come on, let's explore our cozy little house. Look, we have a soft bed for you to sleep on, a warm kitchen where yummy food is cooked, and a lovely living room where we play and read books together!""","""Yummy yummy, sweetie! Look at the juicy, red apple. It's so crunchy and tasty!""","""Look at these yummy apples, sweetie! They're so crunchy and juicy. Would you like to try a bite? It's the best!""","""Look at our cozy, colorful house, sweetie! It's made of pretty bricks and has a lovely blue door, just like ours. Inside, we have our soft, fluffy carpet that feels nice under our little feet. Our house is safe and warm, where we","""Look at the big, shiny car, sweetie! It has four wheels and rolls on the road so we can go on fun adventures together.""","""Look, sweetie, there's a fluffy cat, and its name is Whiskers! Whiskers has soft fur, paws, and a long tail. Isn't it cute?""","""Look at the big red car, sweetie! It's ready to go on a fun road trip, zooming past the green trees and smiling sun!""","""Look at all the bright, colorful toys! Let's pick out the ones we want to play with together!""","""Look at the cute dog, sweetie! This furry friend is wagging its tail because it's happy and wants to play with you!""","""Look at the bright red car, sweetie! It has big wheels that go round and round, and it can take us on fun rides to the park or the store. Isn't that exciting?""","""Look at the fluffy, cute, little dog with its soft fur and waggy tail. It's time for our dog to go outside and play in the park with its friends!""","""Look at the big, fluffy bunny hopping around, little buddy! Can you say 'bunny'? They love munching on carrots and being so gentle. Isn't it fun to see bunnies play?""","""Look at the cute, fluffy kitty cat! She's purring and playing with her yarn ball. Isn't she a little paw-some kitty? Do you want to say 'hello' to her? She'll like that!"""
"""Look at that beautiful bird, sweetie! See how it's fluttering its wings? Wings wiggle, bird flies!""","""Look at those smiling faces, sweetie! Those are your mommy and daddy, holding your little brother and sister. They love you very much, just like I do.""","""Look, sweetie, we have yummy mangoes here, all ripe and soft. They're not for eating just yet, but one day soon, when you're older, we'll taste them together. They're so sweet and juicy!""","""Look at that cute little cat, sweetie! The cat is soft and fluffy, with big round eyes and a little tail. It's playing with a ball of yarn. Isn't that adorable?""","""Look at the pretty house, sweetie! The little red roof makes it feel cozy, just like your favorite blanket. Can you see the colorful windows? Let's count them together!""","""Look at the big, cozy house with the red roof, sweetie! See the yellow sun smiling down on it, and look at all the pretty flowers around the doorstep. This is our special house where we live, and it's safe and lovely for us.""","""Look at the fluffy bunny hopping around, little one! Can you see how soft its fur is?""","""Oh look, sweetie, your favorite toy truck is ready for a new adventure! Let's push it and watch it go zoom around the play mat!""","""Hey sweetie, come look at these fun toys! They're super colorful and you can play with them too!""","""Look at the fluffy bunny hopping over the green grass, hopping, hopping, let's say 'b-b-bunny' together, sweetie!""","""Look at that pretty birdie, sweetie! See how it's hopping around with its feathery wings spread wide? The birdie is having so much fun chirping and singing to the sunshine!""","""Look, sweetie, there's a friendly dog wagging its tail and it's so happy to see you!""","""Hey there, sweetie! Let's go on an adventure in our beautiful house. Look at the big, fluffy couch where we can snuggle and read our favorite stories. See the colorful flowers by the window? They need some water to stay happy and grow. And there","""Look at the fluffy bunny hopping over the grass, little one! The bunny's ears are so soft and floppy, aren't they?""","""Come here, sweetie! Let's go see our cozy house, with its pretty windows and a big, lovely door. Do you see the little flowers outside? They're like tiny, smiling suns in our big, happy home!""","""Hey sweetie, let's explore our cozy house together. Look, we have a warm living room, a funny kitchen, and a lovely bedroom for sleeping. Isn't it a nice place to live?""","""Look, sweetie, we have yummy carrots and broccoli for our snack today. Let's wash our hands and eat them together!""","""Hey there, little buddy! Time to eat some yummy fruits and veggies that make your tummy happy and strong!""","""Come on, little buddy! Let's go look at our cozy house, where we sleep, eat, and play every day.""","""Look at the big, shiny car! It has four wheels and makes a fun sound when we press the button. Can you say car? Car! This car takes us to school and helps us get to our favorite places.""","""Look at the fluffy, cute, and cuddly cat, little one! The cat is purring and has soft fur, just like a gentle kitty friend!""","""Look at the big, shiny red car! It's ready to go on a fun ride with you and your mommy and daddy. Can you say 'car' with me?""","""Look at all those wonderful toys, sweetheart! Each one is unique and ready for you to play with. Let's choose one together and have lots of fun!""","""Look, sweetie, that cute little dog is bouncing around, wagging its fluffy tail and playing with its funny bones!""","""Look at the big, shiny car, sweetie! It's red and fast. The car goes vroom-vroom when it moves, and the driver sits inside to drive it safely to different places.""","""Look, sweetie, this is a dog! It's called a puppy, and it's so soft and cuddly. The dog wags its tail when it's happy, just like when we giggle together. Isn't it adorable?""","""Look at the fluffy bunny hopping around, sweetie! It's so soft and gentle, like a cloud in the sky.""","""Look at that cute cat, sweetie! See how it's purring and playing with its toy? Let's watch it together!"""
"""Look, sweetie, there's a pretty bird flying in the sky with its wings flapping, all colorful and singing a lovely song!""","""Sweetie, look at your mommy and daddy, they love you so much and they're your family!""","""Sweetie, look at the yummy banana! It's a yellow fruit that's soft and sweet, just like a little sunshine for our tummy!""","""Look at the cute little kitty, sweetie! The cat is soft and fluffy. See how it purrs when you pet it gently, just like this.""","""Look, sweetie, we're in our cozy home, where we have a lovely bed, yummy food, and lots of toys to play with, right here, all in our warm, safe house!""","""Come here, sweetie, let's look at the pretty pictures on the wall, it's our house, where mommy and daddy love to play and read to you!""","""Look at the cute puppy wagging its fluffy tail, little one! Can you see how happy it is?""","""Come here, sweetie! Let's play with your colorful toys together, okay?""","""Look at all these wonderful toys! This cuddly bear wants to play with you, and these funny ducks are ready to quack when you give them a little hug!""","""Look, sweetie, there's a big, friendly elephant with a long trunk. He's eating his favorite food, which is a tall, green tree! Isn't it wonderful how he uses his trunk to help him eat?""","""Look, sweetie, there's a beautiful bird up in the sky, with feathers as soft as your favorite blanket and wings as big as your teddy bear!""","""Look at the cute little puppy! He's a playful dog, isn't he? Let's go say 'woof woof' to make him wag his tail and play with us!""","""Hey there, little buddy! Look at all these fun and cozy things in our house! There's a soft, fluffy carpet under our feet, a big, comfy couch where we can snuggle up, and pretty walls covered with colorful pictures. Let'","""Look at that fluffy bunny, little one! It's hopping around so fast, wagging its long white tail and eating green grass. Isn't it the cutest little animal you've ever seen?""","""Hey there, little buddy! Come on, let's explore our cozy house together. Look at the big blue sky outside our window, and let's go check on mommy's favorite flower in the garden. Do you see the fluffy carpet we walk on in the living","""Look, sweetie, here's our cozy little house with its beautiful blue door and pretty windows, where we live together and make lots of happy memories!""","""Hey there, little buddy! Look at all the yummy food on your plate. Let's see... do you want to eat some crunchy carrots? They're orange and sweet. Or maybe some cheesy noodles that are soft and stretchy? Yummy,","""Look at the yummy apple! It's red like your crayons. Let's take a big bite and enjoy the sweet taste together, sweetie!""","""Look at the big, cozy house, little one! It's made of wooden bricks and has a red roof, just like your toy house. Inside, there are lots of rooms, like the kitchen, where we cook yummy food, and the bedroom, where we sleep and dream sweet","""Look, sweetie, that's a big, bright car! It has four wheels and takes us places when we're inside. Would you like to see the car go around the circle on the ground?""","""Look at the fluffy, cute cat, little one! Its soft fur is like a cloud, and its big eyes are shining like stars. Let's say 'meow' together and watch how it purrs when it's happy.""","""Look at the big, shiny car, sweetie! It has four wheels that help it go fast and slow. It's like a magical horse that can take us on exciting adventures!""","""Look at these bright, soft teddy bears! Wanna play with the bouncy ball?""","""Look at the fluffy, friendly dog wagging its tail and licking your face! Isn't that adorable? The dog is barking to say hello!""","""Look at the big, shiny car, sweetie! It's red and has four wheels that go 'vroom' when we drive it on the road.""","""Look at that cute puppy, sweetie! It's a little dog, just like our friend, wagging its fluffy tail and barking happily!""","""Look at the fluffy bunny, little one! It's hopping around the garden, isn't it just the sweetest hopper we've ever seen?""","""Look at that fluffy cat, sweetie! See how it's purring and snuggling on the soft couch? It's so cuddly and cute!"""
"""Look, sweetie, a beautiful bird with colorful feathers is chirping and flying in the sky. Isn't it magical?""","""Look at mommy and daddy, sweetie! They are your loving family who will always take care of you.""","""Look at this yummy, soft peas! They're so tiny and squishy. Let's try one, sweetie! You're going to love it!""","""Look at the fluffy, cute cat, sweetie. The cat's soft fur is so pretty. Can you say 'cat' with me?""","""Come here, little one! Let's go to our cozy home, where the walls are made of love, and mommy and daddy are there to hug you tight!""","""Look at our cozy little home, sweetie! This is where we live, with soft beds and warm blankets for us to snuggle up in every night.""","""Look at the cute little puppy! It's so soft and fluffy, isn't it? The puppy is running and playing with the other animals. See how it wags its tail and barks? Puppies love to play, and they're very friendly animals.""","""Look at all the colorful blocks! Let's build a big, tall tower together. Can you help me find the blue one?""","""Look at all these wonderful toys, sweetie! They're so colorful and fun. Let's play with the soft teddy bear together, okay?""","""Look, sweetie, those fluffy kittens are playing with the ball of yarn. The kittens are cute and soft!""","""Look at that beautiful birdie! It's hopping and singing its lovely song. Can you say 'bird'?""","""Look at the fluffy, cute dog wagging its tail happily, little one! The dog's fur is so soft and its eyes are sparkling, like the stars in the night sky. Isn't it fun to pet the friendly dog?""","""Hey sweetie, let's go explore the big, cozy house we live in together! Look at the bright yellow sunlight peeking through the windows, and see the soft, fluffy pillows waiting for us on the bed!""","""Look at that cute little puppy! It's a dog. Dogs are our furry friends who love to play fetch and cuddle.""","""Come here, sweetie! Let's go see the pretty house with the blue door and the red roof. Look at the big windows and the friendly garden!""","""Look, little one, this is a house! It's a big, cozy place where people live and eat yummy snacks. The roof keeps the rain out, and the walls keep us safe inside.""","""Look at those yummy apples! Let's count them together - one apple, two apples, three apples. They're so crunchy and sweet!""","""Yummy yummy food! Look at these big, juicy apples. They're so sweet and crunchy, let's take a bite together!""","""Look at our lovely home, sweetie! It's a big, cozy place where we live, eat, play, and sleep. Isn't it beautiful? Let's go inside and explore more!""","""Look at the big, shiny car! It has four wheels and goes 'vroom vroom' when we press the pedals, sweetie.""","""Look at the fluffy, cute kitty cat, little one. See how it's purring and licking its paw? Isn't it the softest and coziest furry friend you've ever seen?""","""Look, sweetie, this big, shiny car! See how it goes 'vroom, vroom'? Can you say 'car' with me?""","""Look at all the fun toys, sweetie! The teddy bear is soft and fluffy, and the toy cars zoom around like race cars!""","""Look at the fluffy, friendly dog wagging its tail and barking with joy, little buddy! Want to give it a gentle pat?""","""Look, sweetie, this big, shiny car goes vroom-vroom when its wheels turn and takes us places to go, just like when mommy or daddy drives you around in our cozy car!""","""Look at the adorable fluffy dog! Its fur is so soft and it wags its tail when it's happy. Let's say 'woof woof' for the dog, okay?""","""Look at the bunny hopping, little buddy! It's so fluffy and cute!""","""Look, sweetie, there's a fluffy cat! See how it's purring and playing with a ball of yarn? It's so soft and cute, isn't it?"""
"""Look at that beautiful bird with its feathers, little one. Can you see how it's fluttering its wings and flying high in the sky?""","""Look at your mommy and daddy, sweetie! They love you very much and they're your family.""","""Look at the yummy carrots, sweetie! They're orange and crunchy. Let's try one together, shall we?""","""Look at that fluffy, cute cat! Meow, meow, kitty, kitty! Want to pet the soft, fuzzy fur of our furry friend?""","""Look, sweetie, we're going to the house. It's our special place where we sleep, eat, and play. See those big walls? They keep us safe and cozy. And those pretty flowers outside? They're like our colorful decorations. Isn't the house amaz","""Look, sweetie, there's our cozy little house where we all sleep, play, and share love and laughter together!""","""Look at the bunny hopping over the grass, sweetie. See how soft its fur is? Let's say 'bunny' together. Bunny!""","""Look at these bright, fun toys! Want to play with the ball?""","""Look at the bright, colorful cars! Can you say 'racecar'? They go zoom-zoom on the floor!""","""Look at the fluffy bunny hopping by! Want to hop like a bunny and hop high with me?""","""Look at that beautiful birdie! It has feathers and wings. The birdie is chirping and flying in the sky, isn't it pretty?""","""Look at the fluffy, cute, and friendly dog, sweetie! See how he wags his tail and wants to give you a big, wet, wet, wet, wet, wet, wet, wet, wet, wet, wet, wet, wet, wet, wet, wet, wet","""Look, sweetie, there's our cozy house, with a shiny red roof and a friendly garden with pretty flowers and a little wooden swing.""","""Look, sweetie, there's a cute little bunny hopping over the grass. It's so fluffy and cuddly, just like a soft blanket. Bunny!""","""Look at this beautiful house, sweetie! See how the big windows let in sunshine, and the roof keeps us dry when it rains. Isn't it wonderful?""","""Look at the big, beautiful house with a red roof! Let's go inside and play with our toys and cuddly stuffed animals.""","""Look at the yummy apple, sweetie! It's so crunchy and tasty, and it makes you strong like a superhero!""","""Look at the yummy, red tomato! It's so juicy and sweet. Let's eat it with our lovely, crunchy, green lettuce. Yummy!""","""Look, sweetie, we're at our cozy house where mommy and daddy live. See the big windows that let in sunshine and see the little door that we open every day to go outside and play. This is our special home where we feel safe and happy.""","""Hey there, little buddy! Look at the shiny red car zooming by, going so fast like a speedy rocket. Isn't it amazing how cars can take us to so many fun places?""","""Look at that fluffy, cuddly cat with soft, gentle fur. See how it purrs when you pet it gently, little one? Isn't it a lovely little ball of softness?""","""Look at the big, shiny car! It's red and fast, and it has wheels to roll on the ground. Let's wave hello to the car when we see it next time!""","""Look at all these amazing toys, sweetie! The blocks can stack up high, the teddy bear is ready for a hug, and the colorful puzzle pieces are waiting for us to put them together!""","""Come here, little buddy! Look at this cute, furry dog. He's wagging his tail because he's happy to see you. Let's go give him a gentle pat on his soft, fluffy fur. Isn't he the best friend?""","""Look at the big, red car, sweetie! It's ready to drive us on a fun ride, just like mommy and daddy!""","""Look at the fluffy, cute dog wagging its tail and wanting to play with you!""","""Look, sweetie, see that fluffy bunny hopping over the grass? It's so soft and cute, just like a cotton ball!""","""Look at the fluffy, cute cat with soft fur! It's purring because it's happy and wants a gentle pet from you."""
"""Look at the pretty bird, sweetie! The bird is singing a lovely song and flapping its wings up high. Isn't that amazing?""","""Look at mommy and daddy, sweetie. We love you so much and we're your family!""","""Look at the bright, yummy, ripe banana! It's soft and sweet, perfect for your tiny tummy.""","""Look at the fluffy, cute kitty cat, little one! The cat is soft, purring, and very cuddly. See how the cat's whiskers tickle when it sniffs the air? Let's say 'meow' together with the cat","""Look at our lovely home, sweetie! The cozy room is where we sleep, the big kitchen is where we cook, and the pretty garden is where we play. Isn't it wonderful to have our own special house?""","""Look, sweetie, this is our cozy house! The roof is like a big hat that keeps us dry from the rain, and the walls are like our strong arms holding us safe inside.""","""Look at the cute little bunny hopping around, it's so fluffy and soft!""","""Look at all the fun toys! Can you pick your favorite one and let's play together?""","""Look at these bright, colorful toys! Let's play with the soft, fluffy teddy bear, and the shiny, funny truck!""","""Look at the cute little kitten, little one. It's so soft and fluffy. Kittens like to play with balls of yarn, don't they?""","""Look at that beautiful bird with its bright feathers, little one! See how it flutters its wings and flies up high. Isn't it amazing how it can soar through the sky like a little superhero?""","""Look at the cute puppy, sweetie! This fluffy furry friend is a dog, and he's wagging his tail because he's so happy to see you!""","""Look, sweetie, we're in our cozy house! This is where mommy and daddy live, and we have a big, beautiful bed, a lovely kitchen, and lots of fun toys to play with!""","""Look at the bunny, little one! It's hopping around and it has long ears to hear us better. Let's say 'bunny' together, b-b-bunny!""","""Come here, sweetie! Let's go inside our cozy house where we have a big, beautiful bed to sleep in, a yummy kitchen with mommy and daddy cooking our favorite food, and lots of toys to play with in the living room. Isn't our house the happ","""Look at the beautiful house, sweetie! It's big and has lots of rooms. Let's go explore the living room and play with the toys!""","""Look, sweetie, these bright and crunchy carrots are yummy and good for your eyes, just like a superhero's vision!""","""Look, sweetie, here's some yummy carrots. They're orange and crunchy. Mommy's making a delicious carrot soup for us!""","""Hey there, sweetie! Let's go explore the beautiful house we live in together! Look at the cozy bed, colorful toys, and the big, fluffy carpet. Isn't it amazing? The house is like a big, happy home for us.""","""Look, sweetie, that big red car is zooming down the street, going super fast like a rocket, but remember, cars are for grown-ups to drive, not for us to play with, okay?""","""Look at the fluffy, cute cat with the soft fur! The cat is playing with a ball of yarn and it's purring so quietly, isn't it adorable?""","""Come here, sweetie! Look at this shiny car. Can you say 'car'? It's a big red car. See how it moves? Let's go for a ride in the car.""","""Look at all these amazing toys, sweetie! The soft, fuzzy teddy bear can cuddle with you when you're sleepy, and the shiny, colorful blocks can help you build tall towers that reach the sky!""","""Look at the fluffy dog, sweetie! See how it wags its tail and barks happily? Let's say 'woof woof' together and give it a gentle pat, just like we do for our furry friends!""","""Look at the big, shiny car with four wheels, little buddy! It's ready to take us on a fun ride!""","""Look at that fluffy, friendly dog! It's wagging its tail because it's excited to see you. Dogs are wonderful pets, and they love to play fetch with their favorite toy. Let's go pet the dog together, but remember, always ask an adult to","""Look at the cute little puppy, sweetie! It's wagging its tail because it's so happy to see you!""","""Look at the fluffy, cute cat, sweetie! It's purring and loves to play with its toys. Isn't it the cutest kitty?"""
"""Look at the bird, sweetie, it's a little fluffy friend with wings and a beak! Can you say 'bird'? Isn't it beautiful?""","""Look at mommy and daddy, sweetie! We're a big, happy family that loves you so much!""","""Look at the yummy, colorful, ripe, delicious, and fresh apple! Shh, it's ready for you to take a big, safe bite!""","""Look at the fluffy cat, sweetie! Its fur is so soft and pink like a pumpkin!""","""Look at this big, beautiful house with a red roof! Let's go inside and play with the fluffy carpet!""","""Look at the big, pretty house with a red roof and a white door. The windows let the sunshine in and the garden outside has lots of pretty flowers and butterflies.""","""Look at the cute little puppy! It's wagging its fluffy tail because it's happy to see you.""","""Look at these bright, colorful toys! Want to play with the soft teddy bear and the bouncy ball? Let's have fun together!""","""Look at those soft, fluffy teddy bears! They're so cuddly, aren't they? Let's pick one to snuggle up with now!""","""Look at the fluffy bunny hopping over the grass, it's hopping all around like a little bouncy ball!""","""Look at the pretty bird! It's singing its sweet song, just for you!""","""Look at the fluffy dog, sweetie! Its tail is wagging, it's happy and wants to play with you. The dog is a cute furry friend that barks and loves to run around in the yard.""","""Look, sweetie! This is our lovely home, where we have a cozy bed, funny-shaped pillows, and a warm, soft blanket to snuggle up with at night.""","""Look at the puppy, sweetie! The little puppy is wagging its tail because it's so happy to see you!""","""Hey there, sweetie! Let's go look at our house! See the pretty blue sky? And look at those green trees outside. They make our house feel so cozy, don't they? And inside, we have our soft, fluffy pillows, and those colorful to","""Look at the big, beautiful house, sweetie! It's where we live, and it's filled with lots of love and toys for you to play with.""","""Yummy apple, sweet and crunchy, we eat together, love and smile!""","""Yummy yummy apple, sweet and crunchy, let's eat it together, okay?""","""Look at our beautiful house, sweetie! It has a big, cozy bed for you to sleep in, colorful toys to play with, and yummy snacks to eat. We all love living here with you!""","""Look, sweetie, here's a big, shiny red car! It's a toy car, so we can play with it, but mommy and daddy drive the real car to take us places.""","""Look at the fluffy, cute cat playing with a ball of yarn, little buddy! Isn't it adorable how it's purring and wagging its tail happily?""","""Look at the big, shiny car! It's going to take us on a fun ride today, sweetie!""","""Look at all the fun toys you have! The shiny trucks are ready for a race, and the fluffy teddy bears are waiting to have a cuddle!""","""Look at the cute dog! The furry doggie is barking and wagging its tail. Can you say 'woof woof' like the dog? Good job! The doggie is playing with its favorite toy.""","""Look, sweetie, this is a big, shiny car! It's red like your favorite crayon. The car goes vroom-vroom when you push it!""","""Look, little buddy, there's a fluffy dog! The dog's wagging its tail and it's super happy to see you. Isn't that cute?""","""Look at the cute little puppy! It's wagging its fluffy tail because it's so happy to see you!""","""Look at the fluffy cat, sweetie! The cat is purring softly, and it's so soft and cuddly. The cat has soft, warm fur, and its eyes are big and round. See how the cat is sitting quietly and enjoying the sun?"""
"""Look at that beautiful birdie, sweetie! It has feathers and wings that let it fly high up in the sky. Isn't that so amazing?""","""Look at our family, sweetie! We have Mommy, Daddy, and you. We love each other so much and always stick together.""","""Look at the yummy apple, sweetie! It's so juicy and crunchy, perfect for your little tummy!""","""Look, sweetie, this is a cuddly kitty! It's soft and cute, and it purrs when you give it some gentle pets. Kitty is playing with its yummy fish toy.""","""Come here, sweetie, let's explore the big, beautiful house with its colorful rooms and yummy snacks in the kitchen!""","""Look at the big, beautiful house with a red roof, little one! The windows are like little eyes that see everything, and the door says 'hello' when we walk in!""","""Look at the cute puppy! It's so soft and fluffy. The puppy's wagging its tail because it's happy and wants to play with you.""","""Look at the pretty, bouncy ball! You can roll it around the floor and watch it bounce back up! Isn't it fun to play with?""","""Look at all these colorful toys, sweetie! Let's pick your favorite one to play with. How about this soft, bouncy ball?""","""Look at the fluffy bunny hopping by! Can you say 'bunny'? Bunnies eat carrots and they like to hop around in the grass.""","""Look, sweetie! That's a beautiful bird with feathers like a rainbow, and it's singing a pretty song for us to hear!""","""Look at the fluffy dog, sweetie! The dog is wagging its tail because it's happy to see you. Isn't it cute? Let's say 'woof woof' together.""","""Look at the big, beautiful house, sweetie! It's where Mommy and Daddy live, and it has a cozy bed for you to sleep in, a yummy kitchen where we make delicious food, and lots of toys to play with when you're finished.""","""Look at the fluffy bunny hopping around, little buddy! Can you say 'bunny'? They love to nibble on carrots and hop around the garden.""","""Come here, sweetie! Look at this big, comfy house with a bright red door. See the shiny windows? They let the sunshine in. And look at the pretty flowers in the garden. Let's go inside and explore!""","""Come here, little one! Let's go explore our lovely house together. See the big red couch? And look at those bright windows where sunlight dances! Let's play hide and seek in the colorful rooms, and find the sweetest teddy bear waiting for us!""","""Look at the juicy, red apple, sweetie pie! Crunch, crunch, it's yummy and healthy for you!""","""Look, sweetie, here comes the yummy apple! Crunch, crunch, crunch! Eat it up and tell me what you think!""","""Come here, sweetie! Let's explore our cozy, warm house with its lovely, soft carpets, big, comfy beds, and bright, happy windows!""","""Look, sweetie, a big shiny car! It has four wheels, just like your toy car, and it goes vroom vroom when you press the pedal.""","""Look at that cute little cat, sweetie! It's fluffy and playful, just like a big, cuddly teddy bear. Let's go say hello to the friendly feline.""","""Look, sweetie, there's a big, shiny car! It has four wheels, just like your toy car, and it's red like your favorite crayon. Isn't it fun to see cars zooming on the road?""","""Look at these bright, shiny toys, little buddy! Want to play with the big red truck or the fluffy teddy bear?""","""Look, sweetie, there's a cute dog! Dogs are furry friends that wag their tails and love to play fetch with you.""","""Look, sweetie, there's a shiny car! It has four wheels and moves fast, but it's safe for us to say hello to.""","""Look at the fluffy dog, sweetie! It's wagging its tail and wants to play with you.""","""Look, little buddy! See those fluffy bunnies hopping around? They're called rabbits. Bunnies have soft fur and they love to eat carrots!""","""Look at the fluffy, cute cat! It's purring and playing with a ball of yarn. Isn't it the cutest?"""
"""Look, sweetie, there's a pretty little bird with feathers and wings, chirping a happy song.""","""Look, little one, there's a pretty bird with bright feathers flying in the sky!""","""Look, sweetie, a beautiful bird is flying in the sky! Can you hear the little chirping sound? Birds have feathers and they can sing pretty songs!""","""Look at the bright, colorful toys! Can you grab the soft, fluffy teddy bear and cuddle it? So cute!""","""Look at the fluffy, cute, cute cat with the pointy ears and soft furry coat!""","""Look at the bunny hopping around! See how fluffy and soft its fur is? Bunny, bunny, see you go!""","""Look, sweetie, there's a fluffy, friendly dog wagging its tail and barking because it's excited to see you!""","""Look, sweetie, a fluffy bunny is hopping happily in the meadow, don't you want to count how many bunnies we can find together?""","""Look at those colorful blocks, sweetie! They're so pretty, and you can stack them up and knock them down. Playing with them is like building your own castle!""","""Look, sweetie, this cute little puppy is playing with a big, fluffy ball of yarn, and it's bouncing around like it's having a great time!""","""Look, sweetie, this is a fluffy cat. Its soft fur feels so nice to touch, and it loves to purr when it's happy. Isn't it a purr-fect friend for you?""","""Look, sweetie, see the fluffy bunny hopping over there? It's hopping so fast! Want to see it hop right for us?""","""Look at the cute little puppy wagging its tail! It's so soft and fluffy, and it loves to play with you.""","""Look at the yummy, bright red apple, little one! It's so crunchy and sweet, just like your favorite juice. Shall we take a big bite together?""","""Look at the fluffy, cute cat! Its soft fur feels like a cozy blanket, and it's purring happily. Isn't it adorable?""","""Look at all those bright, shiny toys! Let's pick one to play with, sweetie. Maybe we can take turns with the ball or the colorful blocks!""","""Hey there, sweetie! Look at all these toys! You can play with the soft teddy bear, stack the colorful blocks, and watch the funny bunny hop!""","""Come here, little one! Look at our big, beautiful house with a red door and a lovely garden where we can play and grow!""","""Look at our family, sweetie! We're a big, happy group with Mommy, Daddy, and your little brother, Joey. We love playing together, reading stories, and having big, warm hugs. Isn't it wonderful how we stick together like glue?""","""Look at all the colorful toys, sweetie! You can play with your blocks and gentle teddy bear. They're so much fun to use your hands!""","""Hey sweetie, it's time for your delicious veggie and fruit snack. Mmm, these are yummy and good for you!""","""Look at that fluffy dog, little buddy! See how he wags his tail when he's happy and sniffs around to find friends?""","""Look at that beautiful bird, sweetie! It has feathers that are so colorful, just like a rainbow. Want to see it fly and sing a happy song for us?""","""Look at the fluffy bunny toy, sweetie! Can you reach out your tiny hands and give it a big, happy hug?""","""Look at the bunny hopping over the hills, it's so soft and fluffy, isn't it sweetie?""","""Look at the big, shiny red car, sweetie! It has four wheels to roll smoothly and helps people get from one place to another, just like a super-fast race car!""","""Look, sweetie, that's a big red car! It has four wheels that spin and make it go really fast. The car has a roof to protect us from the sun and doors so we can hop in and out. The car's name is Bluey, and it likes to zoom","""Yummy, sweetie, we're having delicious carrots and crunchy broccoli today. They are very good for your eyes and make you strong!"""
"""Look at the little birdie, sweetie! It's flapping its wings and chirping. Isn't it a cute little feathered friend?""","""Look at the pretty bird, sweetie! That's a little birdie with soft feathers and a chirpy song.""","""Look at the pretty birdie with its colorful feathers, little one! It's chirping and singing a lovely song just for you.""","""Look at these colorful toys! Want to play with the soft teddy bear or the funny, wiggly rattle?""","""Look at the cute, fluffy cat, sweetie! The cat is purring and chasing a ball of yarn. Can you say 'cat'? Great job! The cat is so soft and loves to play with us.""","""Look at the fluffy kitten, sweetie! Kitty is so soft and playful, isn't she?""","""Look, sweetie, there's a cute little dog! He's wagging his fluffy tail and wants to play with you. Can you say 'dog'? Woof woof!""","""Look at the fluffy bunny hopping around! Want to say 'bunny' with me?""","""Look at the bright red fire truck, little buddy! Want to help it put out the big blue water truck's fire? Let's play!""","""Look at the fluffy bunny hopping around, little one! Want to count how many bunnies we see?""","""Look at the fluffy, cute cat! Its soft fur is as white as the clouds in the sky, and it's purring like a little engine. Isn't it adorable, sweetie? The cat's eyes are bright, and its tail is wagging like","""Look at the fluffy bunny hopping by, sweetie! Want to see it hop again?""","""Look at the fluffy bunny hopping through the grass, little one! Bunnies love to hop and eat carrots.""","""Look at these bright, juicy red tomatoes, sweetie. They're so yummy, and they're called tomatoes. Let's take a little bite, but remember, we only eat them when mommy or daddy says it's okay.""","""Look at the fluffy, cute kitty cat with soft whiskers and purring. Do you see how it's chasing a little red ball of yarn, and it's wagging its tail when you come close? Isn't it a furry, p","""Hey sweetie, look at all these fun toys! We have a shiny red truck, a soft, fuzzy teddy bear, and a colorful set of building blocks. Let's play together!""","""Look, sweetie, these colorful toys are waiting for you to play. Pick one and press this button to make it sing and dance!""","""Come here, sweetie! Let's look at the beautiful house with a big red door, green grass, and pretty flowers!""","""Hey sweetie, do you see mommy and daddy? They're your superheroes who love you so much and always keep you safe and sound!""","""Look at those colorful toys, sweetie! Let's pick out your favorite one to play with, okay?""","""Look, sweetie, here comes your yummy apple! Eat it all up, and you'll be strong and healthy!""","""Look at that big, fluffy dog! Want to go pet the dog gently? See how it wags its tail when it's happy!""","""Look at that beautiful bird, sweetie! Its feathers are so pretty and it's singing a lovely song for us to hear.""","""Look at these colorful toys! Which one do you want to play with, little buddy?""","""Look, sweetie, there's a fluffy bunny hopping around. Can you say 'bunny'? It's so soft and cute, isn't it?""","""Look at the big, shiny car, sweetie! It has four wheels to roll on the road, just like your toy car.""","""Look at the shiny red car, sweetie! It's going so fast, zooming down the road. See how the wheels are turning? Let's say 'car' together, just like this, 'car'. Want to go for a pretend drive and see where we can go","""Yummy, sweet and yummy, these juicy, ripe red tomatoes are a tasty treat for us to enjoy together!"""
"""Look, sweetie, there's a pretty bird with feathers and wings! It's chirping a lovely tune, isn't it? Want to watch it together?""","""Look at the beautiful birdie flying high in the sky, sweetie! Its feathers are so colorful and pretty, like a rainbow!""","""Look at the beautiful bird, sweetie! It's flying high in the sky, singing a lovely song. Isn't it so pretty and fun to watch?""","""Look at the pretty toy! It's your new teddy bear. Teddy, can you give me a hug? You're so soft and cuddly!""","""Look at the cute kitty cat, it's purring and playing with yarn! Can you say 'meow'? The kitty says 'meow'!""","""Look at the cute little bunny hopping around, little one! See how it hops with its soft, floppy ears?""","""Look at the cute, fluffy dog! He's wagging his tail because he's happy and wants to play. Can we give him a gentle pat, sweetie?""","""Look at the cute puppy, sweetie! Puppies are fluffy and love to play with their tail. Can you say 'puppy'?""","""Look at those colorful toys, sweetie! See the bouncy ball? Let's play together and have so much fun!""","""Look, sweetie, do you see the bunny hopping around? Bunnies are fluffy little animals that love to eat carrots and hop really fast!""","""Look at the cute little cat, sweetie! The cat is sleeping and has soft, fluffy fur. Can you say 'cat'? Let's clap our hands like paws when the cat wakes up!""","""Look, sweetie, that little bunny is hopping around, and it's so fluffy and cute. Can you say 'bunny'?""","""Look at the fluffy bunny hopping by the garden, sweetie. It's a cute little bunny, isn't it?""","""Yummy apple, sweet and crunchy, crunch crunch! Try it, little one, mmm mmm!""","""Look at the cute, fluffy kitty cat, little one! Can you say 'meow' like a cat? The cat is purring and cuddling.""","""Look at these colorful blocks, sweetie! They are so much fun to build tall towers and create beautiful castles with them. You can stack them up, down, and all around!""","""Look at the colorful toys, sweetie! Want to pick your favorite one and play together?""","""Look at our big, cozy house, sweetie! It's got so many lovely rooms where we can play, sleep, and eat yummy food together. Isn't it wonderful?""","""Look at our family, sweetheart! We have mommy, daddy, and you, our precious little one. Mommy and daddy love you very much, and we're all here to play and have fun together.""","""Look, sweetie, these are your favorite toys! The red ball bounces so high, the teddy bear is soft and cuddly, and the blocks stack up like a tall tower!""","""Look at those yummy, ripe, red apples, little buddy! They're sweet and crunchy, and they'll make your tummy happy!""","""Look at the cute dog! He has soft fur and wags his tail when he's happy. Can you say 'woof woof' like the dog?""","""Look, sweetie, a beautiful bird with colorful feathers is singing a lovely song for us. Can you see it? Want to count how many times it chirps?""","""Come here, sweetie! Let's play with your favorite toy cars. Can you show me your red race car?""","""Look, sweetie, those fluffy bunnies are hopping around, and they love to munch on the green grass. Can you say 'bunny'? They're so cute and soft, just like your teddy bear.""","""Hey sweetie, look at that big, shiny car outside! It has four round wheels and a red roof. See how it moves? It's going to take you on a fun ride when you're a little bigger!""","""Look at the big, shiny car! It's going to take us on a fun ride to the park. Isn't it exciting?""","""Look at the yummy yummy carrots! Crunchy crunchy, sweet and good for you!"""
"""Look, sweetie, there's a pretty bird outside, with feathers that are as soft as a bunny's fur and a little song in its tune. Isn't it lovely?""","""Look at the little birdie! It has wings and can fly. Isn't it cute and pretty?""","""Look at that pretty birdie! It's flapping its wings and singing a sweet song. Want to wave your little hands like it does?""","""Look at those bright, bouncy balls, sweetie! They're soft and squishy, perfect for rolling and giggling with your tiny hands!""","""Look at the fluffy, cute cat! Meow, little kitty. Can you say 'cat'? The cat is purring and playing with the ball.""","""Look at the fluffy bunny hopping in the garden, little one! See how it jumps and hops with its soft ears? Want to try hopping like the bunny with me?""","""Look at that cute little puppy! It's a fluffy, furry friend who loves to play and wag its tail. Let's say 'woof woof' together and watch it bark. Isn't it adorable?""","""Look at the fluffy bunny hopping in the meadow, little one! Can you say 'bunny'?""","""Hey there, sweetie! Look at those cute, colorful blocks! Want to help me build a big, beautiful tower together? We can stack them one by one, and I'll show you how!""","""Look at the fluffy bunny hopping around, it's so cute and soft, isn't it, sweetie?""","""Look at the cute, soft kitty, sweetie! See how it's purring and playing with its toys. Isn't it fluffy and cuddly like a little ball of cotton?""","""Look at the big, fluffy bunny hopping around! Isn't it so soft and cute? Bunny goes 'Baa, baa, black sheep, have you any wool?'""","""Look at that cute little puppy! It has soft fur and barks when it wants to play. Puppies are very friendly animals, and we can pet them gently. Isn't it wonderful how animals have their own special ways to talk to us?""","""Yummy! Look at these bright red tomatoes. They're squishy and juicy, perfect for a tasty salad!""","""Look at the fluffy cat, sweetie! See how it's purring and cuddling with the ball of yarn?""","""Come here, sweetie! Look at all the colorful toys waiting for you to play with! Let's find your favorite stuffed bear and go on a fun adventure together!""","""Look at these beautiful toys! Want to play with the fluffy teddy bear? Let's cuddle it together!""","""Hey there, little buddy! Come over here and look at this beautiful house with its colorful walls and big windows. Isn't it amazing? Let's go inside and explore together, okay?""","""Hey sweetie, your family is a lovely bunch, made up of mommy and daddy, your big brother, and us, your Auntie and Uncle!""","""Look at those big, colorful blocks, sweetie! Let's stack them up high and watch them stand up together. You're going to be a great tower builder!""","""Look at the yummy carrots, little one! They're orange and crunchy, and they're good for your eyes so you can see all the pretty colors.""","""Look, little buddy! This is a big, friendly dog. See how it's wagging its tail? It's so excited to play with you!""","""Look, sweetie, that beautiful bird is chirping happily in the tree. Its wings are flapping, soaring up high, and its feathers are shiny like a rainbow!""","""Oh, look at those bright, happy little toys! They're ready for you to play with. You can pick up the soft teddy bear and give it a hug. Now, let's take care of your toy train. You can help it chug along the tracks.""","""Look at the cute little puppy, sweetie! Can you say 'woof' like a doggy?""","""Look at the big red car, sweetie! See how it zooms and zooms with its shiny wheels? The car is going on a fun ride!""","""Look at the big, shiny car, little buddy! It's going to zoom down the road, and soon you'll be a fantastic driver, just like Mommy and Daddy!""","""Come here, sweetie, let's eat some yummy, tasty food! Mmm, this apple is crunchy and juicy, and it's so good for you! Yummy!"""
"""Look at the beautiful bird, sweetie! It's singing and flying so high in the sky. Isn't it amazing?""","""Look at the pretty bird, little one! It's a colorful bird with soft feathers, singing a sweet song.""","""Look, sweetie, there's a beautiful bird flying up high, with soft feathers and a friendly beak. Isn't it lovely?""","""Look at these fun toys! See the big teddy bear? Can you pick it up and give it a hug?""","""Look at the cute little cat, kitty! The cat is purring and playing with its toy mouse.""","""Look at the cute little bunny hopping by, little one! Want to see where it's going?""","""Look at that cute little dog, sweetie! This dog is a pup, which means it's very young and full of energy. Can you say 'dog'? That's right! Let's wave to the dog together, okay?""","""Look at the cute little kitten! It has soft fur and tiny paws. Kittens like to play and purr when they're happy.""","""Look at all these wonderful toys, sweetie! The ball is round and bouncy, perfect for rolling around. Can you find the soft, fluffy teddy bear for us to cuddle?""","""Look at the cute little puppy, sweetie! Can you say 'puppy'? They're so fluffy and love to play with their toys!""","""Look at the cute little cat, sweetie! See how it's playing with its toy mouse? The cat is so soft and fluffy, just like when mommy hugs you!""","""Look at the fluffy bunny hopping and playing in the meadow, little one. Isn't it the cutest thing you've ever seen?""","""Look at the fluffy bunny hopping through the meadow, little buddy! Bunnies love to eat carrots, just like the ones we have in our garden.""","""Yummy apple, crunchy carrot, tasty turkey, all good for strong bones and fun-filled playtime!""","""Look at that fluffy kitty, little buddy! This cute cat has soft, furry paws, whiskers, and a cute little tail that twitches when it's happy. Isn't that adorable?""","""Look at the bright, fun toys! Let's pick our favorite one and play together!""","""Come here, sweetie! Look at all these fun toys! You can play with the soft teddy bear, the sparkly blocks, and the bouncy ball!""","""Look at our lovely home, sweetie! It's a cozy place with lots of fluffy pillows, a big comfy bed, and colorful walls. We have a special kitchen where mommy and daddy cook yummy food for us. And guess what? We have a","""Look at mommy and daddy, sweetie! They are your family, and they love you very much, just like your favorite teddy bear!""","""Look at those cute little teddy bears, sweetie! They have soft fur and big, friendly smiles. Let's pick one and give it a gentle hug!""","""Look, sweetie, here comes a yummy apple! Can you say 'apple'? It's crunchy and juicy, perfect for snack time!""","""Look at the fluffy dog, sweetie! He's a big, cuddly, friendly pup who loves to play with his favorite ball.""","""Look at the beautiful birdie with its bright feathers and beak! It's flying high up in the sky, chirping its sweet songs for us to hear.""","""Come here, sweetie! Let's play with your favorite truck and colorful blocks. Isn't it fun to stack them up and watch them topple?""","""Look at the cute puppy with floppy ears and wag its tail when it's happy. Do you want to pet it gently?""","""Look at the big, red car, sweetie! It has wheels that roll smoothly on the road, making a funny sound when it goes vroom-vroom!""","""Look, sweetie, there's a shiny red car! It goes 'vroom vroom' when the driver presses the pedals. Isn't that fun? We'll pretend we're riding in the car next time!""","""Look, sweetie, this is a yummy apple! We're going to take a big bite and chew it slowly. It's crunchy and tasty, just right for your little mouth."""
"""Look, sweetie, there's a little birdie flying up in the sky, with its tiny wings flapping softly, like a little fluffy ball.""","""Look at the pretty birdie! It has soft feathers and chirps so sweetly.""","""Look at the beautiful bird, sweetie! It has feathers that are so pretty and soft. Isn't it wonderful how it can fly and sing its lovely song for us to hear?""","""Look at those bright, colorful blocks, sweetie! Can you find the ones that are big and small, and then we'll stack them up together!""","""Look, sweetie, that fluffy kitty is meowing and playing with its yarn ball, isn't it adorable?""","""Look, sweetie, see the bunny hopping? Bunnies are soft and fluffy animals that hop around. They have long ears and like to eat carrots.""","""Look, sweetie, there's a fluffy dog! The dog is wagging its tail and barking happily, just like a big, friendly friend who wants to play with you!""","""Look at the fluffy bunny hopping around in the meadow! Isn't it hoppity-hop-happy?""","""Hey there, sweetie! Look at those colorful blocks! Want to build a big, tall tower together?""","""Look at the cute little puppy, sweetie! It's wagging its fluffy tail because it's so happy to see you!""","""Look at that cute, fluffy cat! Its whiskers are so soft, and it purrs when you pet it. Cats are very special pets that like to play and cuddle with us.""","""Look at the fluffy bunny hopping in the garden, little one! Can you say 'bunny'? That's right, 'bunny'! They have soft ears and like to eat carrots.""","""Look at the fluffy bunny hopping over the grass, little one! It's so cute and soft!""","""Look at the bright red tomato on your plate, sweetie! It's so juicy and yummy, let's give it a big bite!""","""Look at the fluffy kitty cat, sweetie! See how it purrs and plays with its yarn ball?""","""Look at those bright, colorful blocks, little buddy! You can stack them up high and make a tall tower. Then knock it down and we'll build it again. Isn't that fun?""","""Look at all the fun toys, sweetie! We're going to play with them together. See the soft teddy bear? He's here for you. And these pretty blocks can make a big castle!""","""Hey there, sweetie! Let's go explore the big, cozy house we live in together. Look at those pretty windows and the lovely carpet on the floor. We can find all our favorite toys and snacks in here too!""","""Look at mommy and daddy, they love you so much and you're part of our family!""","""Look at all these soft, fluffy teddy bears, little one! Let's pick out a pink one, and you can hug it tightly; it's time for playtime!""","""Look at the yummy, bright red tomato on your plate, sweetie! It's a juicy, ripe tomato that's perfect for our little tasty adventure today!""","""Look at the cute, fluffy dog, sweetie! The dog has soft, brown fur and a wagging tail. Isn't it adorable? Would you like to pet the gentle dog and say hello to its friendly face?""","""Look at that beautiful bird! It's so pretty with its bright feathers. Want to see if we can spot more birds in the sky?""","""Come here, sweetie! Let's play with your favorite teddy bear and those colorful blocks!""","""Look at the bouncy bunny hopping over the grass, little buddy! He's so fluffy and white, isn't he?""","""Look, sweetie, there's a big, shiny car! It has four wheels and is as yellow as the sunshine. Let's say 'car' together, and then we'll pretend to drive it around the playground!""","""Look at the big, red car! It's so shiny and fast, and it goes 'vroom-vroom' when you press the pedals. Let's pretend to drive the car together and have a fun ride!""","""Yummy, look at this juicy, ripe red apple! It's so crunchy and sweet. Would you like to take a big bite, sweetie?"""
"""Look at the beautiful bird, sweetie! It's flying high in the sky with its colorful feathers and chirpy song!""","""Look at the beautiful bird, little one! It has soft feathers and chirps sweet songs for us to hear. Isn't it lovely?""","""Look at the pretty bird with its big, colorful feathers! It's flapping its wings and flying up high. Can you say 'bird'? Yes, bird!""","""Look at those pretty, soft toys! The teddy bear is brown and the blocks are different colors!""","""Look at the cute, soft kitty cat, my little one! The cute cat with the fluffy tail is purring and playing with its toy mouse.""","""Look, sweetie, there's a cute little bunny hopping around! The bunny has soft fur and big, round ears. Bunny likes to hop and eat carrots.""","""Look at the cute fluffy dog, little one! The dog is wagging its tail and wants to play with us. Can you say 'dog'?""","""Look at the fluffy bunny hopping around, little one! See how it hops and eats carrots?""","""Look at all the pretty, soft, bouncy toys, sweetie! They're ready for us to play together, and I can't wait to see what fun games we'll make up!""","""Look, sweetie, there's a fluffy bunny hopping in the garden. It has long ears and likes to eat carrots. Can you say 'bunny' with me?""","""Look at the fluffy cat, sweetie! Its soft fur feels like a warm, cozy blanket, and it says 'meow' when it wants to play with you. Isn't it adorable?""","""Look at the little puppy, sweetie! He's so fluffy and cute, just like a soft, brown teddy bear. Want to say 'puppy' with me?""","""Look at the cute puppy playing in the yard! Want to go pet him gently and say 'good dog'?""","""Look at the yummy, colorful fruits and vegetables, sweetie! They're so good for you and make you strong and healthy!""","""Look at the cute little kitty, sweetie! It has soft fur and loves to play with yarn.""","""Look at all these beautiful toys, sweetie! We've got your favorite teddy bear, the big red truck, and those pretty dolls you love to play with. Let's pick one and have a fun playtime together!""","""Hey sweetie, let's pick your favorite toy to play with, like the soft, bouncy ball that you can gently toss and catch!""","""Look at the big, beautiful house, sweetie! See how it has a blue door, windows, and a red roof? This is where Mommy and Daddy live, and it's our cozy home where we all feel safe and happy!""","""Hey there, sweetie! Look at our family, we're so lucky! Mommy and Daddy love you so much, just like how you love your teddy bear, Mr. Snuggles!""","""Look at all these fun toys, sweetie! You can play with your favorite teddy bear or build a tower with the colorful blocks!""","""Look at the yummy, crunchy carrots! They're orange and squishy. Crunchy, squishy, carrots! Can you munch on these delicious veggies with me?""","""Look at that cute, fluffy dog, sweetie! See how he's wagging his tail because he's so happy to see you. Let's give him a big, friendly pat!""","""Look at the beautiful bird with its colorful feathers and tiny beak, sweetie! It's singing a lovely song for us to enjoy.""","""Look at all these bright, colorful toys! The fluffy teddy bear is soft and cuddly, the sparkly ball bounces high, and the dancing doll can move its arms and legs. Which one would you like to play with first, little buddy?""","""Look, sweetie, there's a fluffy bunny hopping by, with soft ears and long white tails. Bunny says 'hop hop' when it's hopping around. Isn't it adorable?""","""Look at the big red car, sweetie! It's zooming down the street with the wind in its wheels. Isn't it fast? It has shiny windows and a happy bumper. Can you say car?""","""Look at the big, bright red car! It's so shiny and loud, but don't worry, it's just driving by to take us somewhere fun!""","""Yummy apple! Look at that red, yummy apple! It's so sweet and crunchy! Want some juicy apple bite?"""
"""Look at that beautiful bird, sweetie! It has soft feathers and it's singing a pretty song. Isn't that bird so cute?""","""Look at that beautiful bird, sweetie! It's so pretty and fluffy with its big, colorful feathers. It's singing a lovely song, isn't it?""","""Look, sweetie, a pretty little bird is singing in the tree. Its feathers are so soft and its chirping sounds happy. Isn't it wonderful?""","""Look at the colorful toys, little one! The soft teddy bear is for cuddling, and the shiny rattle makes a lovely sound when you shake it.""","""Look, sweetie, here comes a fluffy cat! Isn't it soft and cute? Let's say 'meow' together with the cat!""","""Look at the fluffy bunny hopping around, little buddy! Can you say 'bunny'? Bunnies love to hop and eat carrots!""","""Look at the cute, fluffy dog wagging its tail, let's say 'woof woof' together, little one!""","""Look at the cute little puppy, sweetie! It's wagging its tail because it's so happy to see you!""","""Look at all these wonderful toys! The colorful blocks are so fun to stack, and the soft teddy bear is perfect for hugging. Let's play together!""","""Look at the bunny hopping around, it's so fluffy and cute! The bunny is hopping like a tiny bouncy ball, isn't it?""","""Look at the fluffy, cute cat. The cat is purring and playing with a ball of yarn. Can you say 'cat'? Great job! The cat likes to cuddle and sleep in the sunny spot.""","""Look at the little puppy, sweetie! See how it wags its tail and loves to play with the kittens. Isn't that adorable?""","""Look at the fluffy bunny hopping around, little buddy! It has soft white fur and big floppy ears. Can you say 'bunny'?""","""Look at these yummy carrots, sweetie! They're orange and crunchy. Would you like to try some?""","""Look at the fluffy kitty, sweetie! She has soft, white fur and gentle paws. Let's watch her play and purr. Isn't she adorable?""","""Oh look, sweetie, it's a big, soft teddy bear! Let's give him a gentle hug and a big, happy smile!""","""Oh, look at all those bright, shiny toys! The ball is round and bouncy, and you can roll it with your hands. The teddy bear is soft and cuddly, just perfect for a snuggle. And those colorful blocks are just waiting for you to build","""Look, sweetie, here we have a beautiful house with a red roof, blue windows, and a lovely door. Can you say 'house' with me?""","""Come here, sweetie! Look at our family, Mommy, Daddy, and your big brother. We love you so much!""","""Look at all these amazing toys! We're going to play with the soft, cuddly teddy bear and the fun, bouncy ball. Let's have a big, fun playtime!""","""Look at these yummy apples, sweetie! They're so crunchy and juicy, just like little water balloons. Let's eat some together!""","""Look at the cute puppy dog, little one! It's a big, soft, furry ball of wiggles who loves to play with you!""","""Look at that beautiful bird, sweetie! It has feathers that are so soft and pretty, just like the color of a fluffy cloud.""","""Oh look, sweetie, the teddy bear is big and soft, just like when you hug your mommy. And look at those colorful blocks, they're perfect for building tall towers together.""","""Look at the little bunny, it's hopping around. The bunny has soft fur and it's jumping so high!""","""Hey there, sweetie! Look at the big, red car zooming by, it's going super-duper fast on the road, driving so smoothly like a bouncy ball!""","""Look at that big, shiny car with the bumpy seat and windows, sweetie! That car is so colorful, just like your favorite toy car. Would you like to see it go zoom by?""","""Look at this yummy apple! It's so sweet and crunchy, just like the juicy fruits we have at the park. Would you like to try a little bite and taste the deliciousness for yourself?"""
"""Look at the beautiful bird, sweetie! It's fluttering its wings and singing a lovely song. Isn't it so pretty?""","""Look at the pretty birdie, sweetie! It's flapping its wings and chirping like a little songbird!""","""Look at the beautiful bird with the big wings and colorful feathers, sweetie. It's singing a lovely song for us to hear.""","""Look at these bright, colorful toys, sweetie! They're your new favorite playthings!""","""Look at the fluffy, cute, and cuddly cat, little one. The cat has soft, white fur, big round eyes, and tiny paws. The cat says 'meow' and loves to play with toys.""","""Look at the fluffy kitten playing with a ball of yarn, sweetie! Isn't it cute when it pounces and jumps around?""","""Look at that cute dog, sweetie! Its soft fur is brown and it's wagging its tail because it's happy to see you!""","""Look at the bunny hopping and jumping, little one! Can you say 'bunny'? They're so fluffy and cute!""","""Look at the pretty toys, sweetie! Your soft teddy bear is waiting for you, and the funny little car can zoom around the room. Let's play together!""","""Look at the little ducklings, darling! They're so tiny, but they're swimming like little boats in the pond. Isn't that cute?""","""Look at the fluffy kitty cat, little buddy! See how she purrs and loves to cuddle?""","""Look at the cute puppy, little one! See how it wags its tail and barks happily? Puppies love to play and cuddle!""","""Look, sweetie, those fluffy bunnies are hopping around the garden, and the big, blue bird is singing a lovely song.""","""Hey sweetie, it's time to eat your yummy apple slices. Let's crunch on them together and enjoy!""","""Look at the fluffy cat, sweetie! It's soft and purring and loves to play with yarn. Isn't it cute and cuddly?""","""Look at all the colorful toys! Let's play with the soft teddy bear, stack the blocks, and pretend the cars go on a big race track!""","""Look at all these beautiful, colorful toys! Let's pick one, and then we can play together. How about this adorable teddy bear? Can you say 'teddy bear' with me?""","""Come here, sweetie! Let's explore our cozy house together. See how pretty the blue walls are? And look at the soft carpet under our feet. I'll show you the kitchen where we cook yummy snacks, and the bedroom where we sleep in our fluffy bed","""Look at mommy and daddy, sweetie! They love you so much, and you're their precious little one!""","""Look at all the fun toys! This colorful ball is for you to roll and bounce, and those soft blocks are perfect for stacking and building your very own tower!""","""Look at those yummy, juicy apples! They're so sweet and crunchy, and they're perfect for your tiny hands to munch on.""","""Look at that fluffy dog, sweetie! The dog has soft fur, waggy tail, and barks happily when it sees you!""","""Look at the beautiful bird with colorful feathers, sweetie! It's flapping its wings and chirping a lovely song for us to enjoy.""","""Look at all these fun toys, sweetie! Which color would you like to play with first? The red car or the blue blocks?""","""Look at the fluffy bunny, little one, hopping around in the grass. The bunny has soft ears and a pink nose!""","""Look at the big, red car! It's so shiny and pretty. Can you say 'car'?""","""Look at the big, shiny car, sweetie! It's going to take us on a fun ride to the park!""","""Look at the juicy red tomato on your plate, sweetie! Can you help me by picking it up and giving it a gentle bite? It's so tasty and good for your tummy!"""
"""Look at the pretty birdie with its colorful feathers and chirpy song, little one. Isn't it a lovely little friend?""","""Look at the pretty birdie with its colorful feathers, chirping and singing songs in the sky, isn't it a lovely little birdie?""","""Look at the beautiful birdie with its pretty feathers and soft, gentle chirp. Isn't it lovely?""","""Look at the bright, shiny ball! Want to play with it and roll it back and forth?""","""Look at the fluffy, cute cat! Can you say 'meow meow' like the cat says? The cat is purring and sleeping in its cozy bed.""","""Look at the cute little kitty cat, sweetie! It has soft fur and loves to play with its yummy cat food. Can we say 'meow' together?""","""Look at the happy puppy, sweetie! The fluffy dog is wagging its tail and barking like a big, playful buddy. Isn't he cute?""","""Look, baby, a fluffy bunny hopping in the meadow! Hoppity hop, hoppity hop!""","""Look at all these wonderful toys, sweetie! You can play with the soft, plush bear, the colorful blocks, or the fun, bouncy ball. They're all waiting for you to have lots of fun!""","""Look at the fluffy bunny hopping over the grass! See how it's moving its ears? Bunny ears!""","""Look at the fluffy kitty cat, little one! She's soft and cuddly, and she loves to purr and play with her yarn ball. Isn't she the cutest?""","""Look at the cute puppy with its soft fur, little one! It's wagging its fluffy tail and ready to play fetch with you!""","""Look at the fluffy bunny hopping around! The bunny is so soft and cute, isn't it? Can you say 'bunny'? That's right, 'bunny'!""","""Yummy yummy apple, crunch crunch, sweet and healthy, good job eating!""","""Look at the fluffy, cute cat with soft fur and cute whiskers! The cat is purring and stretching in the sunny spot.""","""Look at the big, colorful blocks, little buddy! You can stack them up high and knock them down, and they'll make a fun sound. Let's play with them together!""","""Look at those colorful blocks, sweetie! They're so pretty, let's build a big tower together!""","""Come here, little one! Let's go see the big, colorful house with a red roof and a friendly cat. Can you see the windows and doors? They help the house stay safe and cozy, just like your toy house!""","""Come here, sweetie, let's talk about your family. You have mommy and daddy, and maybe some brothers or sisters who love you just like mommy and daddy do!""","""Look at the colorful blocks! Let's build a big tower together with your favorite red truck on top!""","""Yummy, sweet little cookie! Crunch and munch, enjoy the yummy taste!""","""Come here, sweetie! Look at the friendly doggie wagging its tail. Can you say 'woof woof' like the doggie? Let's pet the soft fur gently and watch the doggie play with its toys.""","""Look, sweetie, that little birdie is chirping and hopping around. Its wings are spread wide like your arms when you wave! Isn't that adorable?""","""Look at all the soft, fluffy teddy bears! Which one do you want to hug first?""","""Look at the bunny hopping and nibbling on the carrots, little buddy! The bunny is so cute and fluffy, isn't it?""","""Hey there, sweetie! Look at that big, shiny car! It's so cool! See how it's moving? Let's wave at it, wiggly wiggly! Cars are so fun to look at and drive!""","""Come here, sweetie, let's go look at this big, shiny car! See how it has wheels? Wheels help the car move, like when we push our toy car. This one has a blue roof and red doors, just like ours at home. Want to pret","""Hey there, sweetie! It's time for a yummy snack! We're going to eat some crunchy carrots and sweet apple slices. Mmm, these foods will help us grow big and strong, just like our favorite superhero!"""
"""Look at that little birdie, sweetie! It's fluffy and chirpy, and it's hopping around with its tiny wings. Isn't it cute?""","""Look at the pretty birdie! It's singing a sweet song. Can you see the little birdie with the blue feathers?""","""Look, sweetie, there's a beautiful bird with feathers that are so pretty and colorful! Can you hear it chirping happily in the sky?""","""Look at these big, colorful blocks! Can you help me stack them up?""","""Look at the cute, fluffy kitty, little one! The cat is purring softly and has pointy ears and a long tail.""","""Look, little buddy, see the fluffy bunny hopping around? He's so soft and cute!""","""Look at that cute little dog, sweetie! Can you say 'woof woof'? Dogs are so friendly and love to play!""","""Look, sweetie, that cute little puppy is playing fetch with his furry tail. Want to play fetch with us later?""","""Look at those bright, fun toys, sweetie! Want to play with the soft, cuddly bear?""","""Look at the cute little bunny hopping around! Hoppity hop, bunny!""","""Look at the cute, fluffy cat! The cat is purring softly, and it has a long, soft tail. Can you say 'cat'? Yes, that's right! The cat is so gentle and friendly.""","""Look at the fluffy bunny hopping over the grass! Can you say 'bunny'?""","""Look at the fluffy bunny hopping around, little one. Can you see how it hops and hops, just like you hop on your little toes?""","""Look at those yummy carrots, sweetie! Crunchy and orange, perfect for your tiny teeth. Let's eat some together, okay?""","""Look at the cute little cat, sweetie! It's soft and fluffy, like a pile of cotton candy. Can you say 'cat'? Meow, meow!""","""Come here, sweetie, let's pick out your favorite toy to play with together! How about the soft teddy bear or the colorful blocks? They're so much fun to stack and stack!""","""Oh look, little buddy, here's your favorite teddy bear, ready to hug you tight! And over there, let's go play with the colorful blocks, stacking them high, so high!""","""Come here, sweetie! Let's look at this big, cozy house where we live and play. See all these beautiful windows? They let in the sunshine and let us see the pretty birds outside. Isn't this house just lovely?""","""Hey there, sweetheart! Today, we're going to talk about our family. You know, Mommy and Daddy are the best, and they love you so much. We have a big, happy family with Aunt Lucy and Uncle Joe, and lots of cousins. It'","""Oh look, sweetie! You have so many fun toys to play with today. Let's start with your cuddly teddy bear. See how he's all fluffy? Now, can you pick up the colorful blocks and stack them up? Look, we made a tall","""Wow, look at those colorful vegetables on your plate, sweetie! The carrots are orange, the green beans are as tall as a giraffe, and the peas are like little green peas. Yummy food that's good for you!""","""Look at the cute puppy, little one! It's so fluffy and playful, just like a soft teddy bear. Do you see how it wags its tail when it's happy? Let's give it a gentle pat, but remember to always ask for a hug","""Look at that beautiful bird, sweetie! It has soft feathers and can sing a lovely song for us to enjoy. Isn't it a wonderful creature to watch and listen to?""","""Look at all these cuddly toys, sweetheart! This fluffy teddy bear can hug you tight, and this shiny truck can zoom all around the playroom!""","""Look at the fluffy bunny hopping around, sweetie! The bunny has soft fur and tiny ears that stand up when it's happy. Isn't it cute?""","""Come here, sweetie, let's look at this big red car together. See how shiny and smooth it is? It's like a little toy, isn't it? Can you say 'car'? Great job! This car will take us on fun adventures, just like we","""Look, sweetie, that big, shiny car has wheels to roll on the road and it takes us to exciting places!""","""Look at the yummy, colorful vegetables, sweetie! They make our tummies happy and give us energy to play all day!"""
"""Look, sweetie, there's a pretty bird with colorful feathers flying up high, chirping a lovely song for us to enjoy.""","""Look at that beautiful bird, sweetie! It's flapping its wings and singing a lovely song!""","""Look at that little birdie! It has feathers, wings, and a pretty beak. See how it's chirping and hopping around. Isn't it cute?""","""Look at those bright, colorful toys! They are so fun to play with, aren't they, little one?""","""Look at the cute little cat, sweetie! See how it's purring and playing with its favorite toy, a fluffy ball. Isn't it so adorable and cuddly? The cat is giving us lots of love and purring, just like our","""Look at the cute little puppy, sweetie! Can you say 'puppy'? The puppy is bouncy and loves to play fetch!""","""Look at the doggy, little one! See how it wags its tail when it's happy. Isn't it cute when the doggy barks and jumps around? The doggy is a furry friend, just like you, who loves to play and be p","""Look at the bunny, sweetie! It's hopping around with its fluffy tail. Can you say bunny?""","""Look at all the fun things to play with, sweetie! We have soft bunnies to cuddle, colorful blocks to stack, and cheerful dolls to pretend with!""","""Look, little buddy! See the fluffy bunny hopping around? It's so cute, isn't it? Bunnies eat carrots and like to play with their fluffy tails!""","""Oh look, sweetie, a fluffy kitty cat! It's purr-fectly soft and meow-meowing, just like when you pet your stuffed kitty!""","""Look at the fluffy bunny hopping around, little one! Isn't it soft and cute? Animals are amazing, aren't they?""","""Look at the bunny hopping so quickly, my little friend! It's hoppity, hoppity, hoppity!""","""Sweetie, you know how yummy the banana is? Let's take a big bite together and enjoy the tasty fruit!""","""Look at the fluffy cat, sweetie! The little cat has soft, white fur and tiny, round ears. See how it purrs when you pet it? The cat is playing with a ball of yarn, chasing it around. Isn't the cat so cute and playful","""Look at these cute, little toy cars! Want to play with them together and pretend they're going on a race?""","""Look, sweetie, it's your favorite teddy bear! Want to give him a big hug? He's so soft and cuddly, just like your mommy and daddy!""","""Hey there, little buddy! Come over here, let's play house! We can pretend to be mommy and daddy, and we'll take care of our fun toy house together!""","""Look at the family picture, sweetie! There's Mommy, Daddy, and your little brother, Timmy. They all love you very much and take care of each other, just like you take care of your toys.""","""Look at the bright, happy toys! They're so fun to play with, little one. Let's pick your favorite one and have a fun time together!""","""Hey sweetie, let's have some yummy carrots and juicy apples for a snack!""","""Look at the big, fluffy dog with the wagging tail! His name is Buddy, and he loves to play fetch with his favorite ball!""","""Look, sweetie, there's a pretty little bird with bright feathers! It's singing a lovely song. Can you say 'bird'? Birds love to sing and fly around in the sky. They have beaks for eating yummy seeds and insects.""","""Hey sweetie, let's play with your colorful blocks, picking them up one by one and stacking them up high to build a tower!""","""Look at the fluffy bunny hopping in the grass, little one. Can you say 'bunny'?""","""Look at the big, shiny car! It's a red car with a funny smiley face on the door. See how it honks when you wave? Want to pretend to drive it like Daddy? Let's sit on our big rock and make pretend car noises!""","""Look at the shiny, red car zooming by, little buddy! Isn't it fun to imagine we're on a magical, fast car ride together?""","""Hey sweetie, would you like to try some yummy carrots? They're super crunchy and good for you!"""
"""Look, sweetie, there's a little birdie flying in the sky! Its wings are so soft and fluffy, and it's singing a beautiful song just for us!""","""Look, little one! There's a pretty bird up in the sky. It has feathers that are blue and white, just like your favorite blanket.""","""Look, sweetie, there's a pretty bird flying high in the sky! It's fluttering its wings and chirping a lovely song.""","""Look at the pretty teddy bear! Can you say 'teddy bear'? Let's play with it together!""","""Look at the fluffy cat, sweetie! Its paws are soft and its fur is so soft and pretty, just like your blankie!""","""Look at the kitty, sweetie! The kitty is so soft and fluffy, isn't it?""","""Look at the adorable little dog, sweetie! This fluffy furry friend is called a puppy and it's so cute, isn't it?""","""Look at the fluffy bunny hopping around, little one! Can you see how it hops with its soft ears?""","""Look at the colorful toys! Can you pick up the red truck? It's your favorite toy!""","""Look at the fluffy bunny hopping around! The bunny is so cute and soft, let's say 'bunny' together.""","""Look at the fluffy, soft cat, sweetie! It's purring and cuddly, just like when we pet our friend, Mr. Whiskers!""","""Look at the fluffy bunny hopping by, little one! See how it hops so high? Let's watch the bunny together and see if it gets to its yummy carrot!""","""Look, sweetie, a fluffy bunny hopping by! Bunnies love to eat carrots and hop around, don't they?""","""Look at those yummy strawberries! They're so red and sweet, and they're perfect for picking and eating with your little fingers.""","""Look at the fluffy, cute cat! See how it's purring and snuggling? Cats are soft, furry friends who like to play with yarn and chase little toys!""","""Look at all these wonderful toys, sweetie! There's a big, fluffy teddy bear that's really soft, and a funny little car that can zoom around super fast! Let's play with them together!""","""Look at all those fun toys! They're ready for us to play and explore. Let's pick one and see what happens!""","""Hey sweetie, look at this big, beautiful house where mommy and daddy live. The roof is so blue, like the sky. And see those windows? They let sunshine in and make the rooms bright. Oh, and that door, it opens with a push. Isn't it","""Look at the lovely family photo, sweetheart! You see the mommy, daddy, and your siblings? They're all there, smiling at you. Isn't that wonderful?""","""Hey there, little buddy! Look at all those fun toys! Let's pick one together and play, okay?""","""Look, sweetie, this yummy apple is red and round, just like a ball you play with! Eat it up and feel the juicy crunch, it's so delicious and healthy for you!""","""Look, sweetie, that big, fluffy dog is wagging its tail happily because it's so excited to see you!""","""Look at that beautiful bird, sweetie! Its feathers are so colorful, like a rainbow! Can you hear it chirping sweetly? Isn't it amazing how it can fly high up in the sky?""","""Look at the bright, colorful toys! Let's play together and have so much fun!""","""Look at the fluffy bunny hopping around, little one! It has soft ears and loves to eat carrots.""","""Look at the shiny car, sweetie! It has big wheels that help it go fast on the road. Isn't that amazing? Let's count the doors together: one, two. The car has two doors. We can pretend to drive it too, with our toy ste","""Look at the shiny red car, sweetie! It's big and strong, and it's going to take us on a fun ride through the park!""","""Look at the juicy, red apple, sweetie! Yummy!"""
"""Look at that pretty little birdie flying in the sky, sweetie! The birdie has feathers and it's singing a lovely song.""","""Look, sweetie, there's a bird! It's so pretty, with feathers all over its body. The bird is singing a lovely song for you.""","""Look at that beautiful birdie! It's singing a lovely song, isn't it? Can you see how its feathers are so colorful? Let's say 'birdie' together, like this: B-I-R-D-I-E. Good job!""","""Look at those fun, colorful toys, sweetie! Want to play with the soft, fluffy teddy bear or the shiny, bouncy ball?""","""Look at the cute little kitty, little buddy! It's a fluffy, soft, and playful feline friend with soft fur, twinkling eyes, and tiny paws. Isn't she just purr-fectly adorable?""","""Look at the fluffy bunny hopping around! Isn't it hoppy and cute?""","""Look, sweetie, this is a dog! Woof woof! It's wagging its fluffy tail and loves to play fetch. Want to play with the dog?""","""Look at the bouncy bunny hopping around, little one! See how it hops and hops with its soft, fluffy fur?""","""Look at those bright, colorful blocks! Can you help me build a tall tower with them?""","""Look at the fluffy bunny hopping in the garden, little one! See how it's jumping so high? Isn't it a funny little hopper?""","""Look at the cute, furry cat, sweetie! It has soft, white fur and big, round eyes, and it loves to purr when you pet it gently.""","""Look at the cute bunny hopping over the flowers, little one. Bunny means we're talking about a fluffy, furry animal that loves carrots and hops around.""","""Look at the little puppy with soft, fluffy fur! It's wagging its tail because it's happy and wants to play with you.""","""Look at the juicy red apple, sweetie! It's crunchy and yummy, and it's good for you, so you can grow strong and tall.""","""Look, sweetie, there's a cute little kitty cat, with soft fur and tiny paws, just waiting to give you a big purr and lots of love.""","""Look at those bright, fluffy teddy bears, sweetie! They're ready for you to hug and play with. Want to hold one now?""","""Look at all these amazing toys! See the colorful blocks? They can be stacked to make tall towers. And look at the soft teddy bear, it's cuddly and perfect for hugging. Let's play and have fun with them together!""","""Look at our lovely house, sweetie! The walls are painted blue and the windows let the sunshine in. Isn't it a happy place for us to live?""","""Look at mommy and daddy, sweetie! They're our big family, and we love you very much!""","""Look at all these wonderful toys! Want to play with the soft teddy bear or the colorful building blocks?""","""Yummy, sweet, delicious, tasty, crunchy apple!""","""Look at the doggy! The doggy is running and playing with his bouncy ball. Can you say 'doggy' with me, sweetie?""","""Look, sweetie! That's a birdie. It's flying high up in the sky, with its wings spread wide. Isn't it beautiful?""","""Look at all the toys, sweetie! We have soft teddy bears, colorful blocks, and funny clown dolls to play with. Can we pick one and have a great time together?""","""Look at the fluffy bunny hopping around, little one. It has long ears and loves to eat carrots!""","""Hey there, sweetie! Look at that big, shiny car! It's so cool, isn't it? Let's go say 'hi' to the car, okay?""","""Hey there, little buddy! Look at the big, shiny car zooming by! Can you say 'car'? Let's say it together, 'car!'""","""Look at the yummy, colorful fruits and veggies! They're super tasty and good for making you strong and healthy!"""
"""Look at the pretty bird with feathers, chirping its sweet song, like a little birdie in the sky!""","""Look at the pretty birdie, sweetie! It's chirping and flying high in the sky.""","""Look, sweetie, a pretty bird! It's singing a lovely song for us. Can you say 'bird'? Birdie! Yes, that's right, birdie!""","""Look at the funny, colorful toys! They're so soft and cuddly for you to play with, my little explorer!""","""Look at the cute little cat, sweetie! This fluffy feline is soft and loves to purr when it's happy. Can you say 'cat'? That's right! C-A-T, cat!""","""Look at the fluffy bunny, little one! It's hopping around, enjoying its time in the sun. Isn't it cute?""","""Look, sweetie, there's a doggy wagging its fluffy tail! Want to say 'woof woof' with me?""","""Look, little buddy, there's a cute little bunny hopping in the garden, and it's soft and fluffy!""","""Look at all the cuddly teddy bears and bright, bouncy balls, little buddy! Ready to play and giggle with your favorite toys?""","""Look at the bunny hopping by! See how it hops and plays? Bunny likes to eat carrots, doesn't he? Let's say 'bunny' together and watch the bunny hop!""","""Look at the cute kitty, sweetie! The little fluffy cat is purring and cuddling its ball of yarn.""","""Look at the fluffy bunny hopping in the meadow, little one. The bunny's soft fur is so pretty and white, isn't it?""","""Look at the fluffy bunny hopping around, little one! The bunny is so soft and has long ears.""","""Look at the juicy, red apple, sweet little one! It's time for a yummy crunchy bite. Let's take a big, healthy bite together!""","""Look at that fluffy kitty cat, sweetie! The little furry one has soft paws and a cute little tail that swishes around. The kitty cat loves to play with yarn and pounce on little toys. Isn't that so adorable?""","""Look at all these bright, fun toys! Can you find the big, red ball? It's round and bouncy, just like a little sun!""","""Look at all these fun toys, little buddy! Your superhero action figure is ready for an adventure, and the soft teddy bear is waiting for you to snuggle and read a bedtime story together!""","""Hey there, little buddy! Let's go visit the big, cozy house where mommy and daddy live. It has a lovely garden with pretty flowers and a swing for you to play on.""","""Hey sweetie, look at our lovely family! Mommy and Daddy love you so much, and we're all here to share our big, warm hugs and make lots of fun memories together.""","""Look at the bright, colorful toys waiting for you to play! There's a shiny red fire truck that you can pretend to save the day with, and a fluffy, soft teddy bear that's just waiting for a big hug.""","""Look at the yummy apple, sweetie! It's red and juicy, perfect for crunching. Let's take a big bite together, okay?""","""Look, sweetie, there's a fluffy, friendly dog with big, waggy tail and brown spots. Can you say 'dog'? Great job! Dogs like to play fetch, chase balls, and cuddle with their human friends.""","""Look at that beautiful bird, sweetie! It's a big, fluffy parrot, with bright feathers and a beak to match. Can you say 'parrot'? That's right! Parrot! Birds like this one can sing and talk too!""","""Look at these colorful toys! Which one do you want to play with? Let's see, we have a soft teddy bear, a shiny truck, and a funny spinning top. Pick your favorite and let's have a lot of fun together!""","""Look at the fluffy bunny hopping in the meadow, little one! Can you see how its ears stand up like little flags when it gets excited?""","""Hey there, little buddy! Look at that big, shiny car parked outside. See how it has four wheels that help it go really, really fast? The driver sits inside the car, using the steering wheel to go forward, backward, left, and right. Isn'","""Look at the big, shiny car with four wheels and windows, sweetie! It can take us on fun rides to the park or the zoo!""","""Look at the yummy, ripe banana! Want to eat it with me? It's sweet, soft, and perfect for our snack!"""
"""Look at the beautiful bird, sweetie! It has soft feathers and chirps so lovely. The bird is flying high in the sky, looking for yummy bugs to eat.""","""Look at that beautiful birdie with its big, bright feathers and wings. It's flying so high in the sky, isn't it fun to watch?""","""Look at the beautiful, fluffy bird, little one! See how it's flapping its wings and singing a sweet song?""","""Look at those colorful blocks, sweetie! Can you reach up and grab one for me?""","""Look at the fluffy cat, sweetie! The cat is purring and having a good nap.""","""Look at the fluffy bunny hopping over! Isn't she so cute? Want to touch her soft fur?""","""Look at the cute puppy, sweetie! It's a fluffy dog with soft fur and big, friendly eyes. Do you see how it wags its tail when it's happy? Let's go pet it gently, and it'll give you a big, puppy","""Look at the fluffy bunny, little one! The bunny hops so fast, like a bouncing ball!""","""Oh look, sweetie! You've got your new blocks to play with, just like the ones we build castles with. They're going to be so much fun to stack and knock down together!""","""Look at the puppy, sweetie! Puppies are so soft and cuddly. Want to pet it gently?""","""Look at the fluffy, purring kitty! See how it twitches its tail and licks its paws? Let's pet it gently, but remember to ask mommy or daddy first.""","""Look at the fluffy bunny, hopping around the garden. Want to count how many bunnies we see?""","""Look at the cute little kitten! It's so soft and fluffy, isn't it sweet?""","""Look at the yummy carrots! Let's put them in your bowl, sweetie!""","""Look at the fluffy, soft cat. It's purring and playing with its toy mouse. Isn't the cat so cute and cuddly?""","""Look at those colorful building blocks, sweetie! Can you help me stack them up to make a tall tower?""","""Look at all those wonderful toys, sweetie! You'll love playing with the soft teddy bear and the shiny, colorful building blocks!""","""Hey there, sweetie! Look at our lovely house, with its big blue windows and cozy red door. Can you see how the sun shines through the windows, making the room bright and warm? Let's go inside and make it even more beautiful together!""","""Look at the smiling family in the picture! The mommy and daddy are holding hands with the little baby and the big baby. They are all happy together, just like our family!""","""Come here, sweetie! Let's play with your colorful cars and dolls. It's time to have lots of fun!""","""Look at the juicy red apple, sweetie! It's as big as your favorite teddy bear and super yummy!""","""Come here, sweetie, let's see the fluffy dog. Look at the dog's waggy tail and big floppy ears. Isn't the dog's nose so smelly? Let's give the dog a big, yummy treat.""","""Look at the birdie, sweetie! That beautiful blue bird is flying high in the sky with its wings spread out wide, singing a happy little tune just for you.""","""Look at those soft, colorful balls, sweetie! Would you like to pick one and give them a gentle squeeze?""","""Look at the fluffy bunny hopping around; it's so soft and cute, isn't it?""","""Come here, sweetie, look at this shiny car! It has wheels that go round and round, and it takes us to fun places. Isn't it cool? Let's pretend we're driving this car together!""","""Look at the big, shiny car! It has four wheels and can take us on exciting adventures to the park, the zoo, or the beach!""","""Look, sweetie, this is a juicy red apple. Can you say 'apple'? It's yummy and good for your teeth. Let's eat it together!"""
"""Look at the beautiful birdie outside, it has colorful feathers and chirps so sweetly. Isn't it lovely?""","""Look at the beautiful birdie, sweetie! It has pretty feathers and can sing songs for us to enjoy, just like mommy or daddy.""","""Look, sweetie, that beautiful bird is singing a lovely song for us to enjoy!""","""Look at the pretty, colorful toys! Can you grab the rattle for me, sweetie?""","""Look at the fluffy kitty cat, my little one! The cat is purring and playing with the toy mouse. Isn't it adorable?""","""Look at the cute little puppy! It's wagging its fluffy tail because it's so happy to see you!""","""Look, sweetie, there's a friendly dog wagging its tail. Can you say 'dog'? Good job! The dog is so cute, isn't it?""","""Look at the little bunny, hopping around in the garden. Isn't it fluffy and soft?""","""Look at the colorful toys! Want to play with the soft, fluffy bear? Let's have fun with the bouncy ball together!""","""Look, sweetie, a fluffy bunny hopping around! See how it hops? Bunnies like to hop and eat carrots, just like the rabbits we saw at the farm.""","""Look at the cute fluffy kitty cat! The kitty's whiskers are soft, and it purrs when you give it a gentle tickle with your hand!""","""Look at the fluffy bunny hopping over the green grass, hopping and hopping, isn't it hopping happily?""","""Look, sweetie, see those fluffy bunnies hopping around? They're called rabbits, and they have soft fur and long ears. Would you like to pet them?""","""Look at the yummy, colorful fruits and veggies! They're like a rainbow on your plate, sweetie! Let's eat our healthy, tasty snacks together!""","""Look at the fluffy kitty, little one! The cat is purring and playing with a ball of yarn. Isn't it cute? The kitty is so soft and cuddly, just like a big, furry teddy bear. Do you want to","""Oh look, sweetie! You have a bright, shiny ball to play with. It's so fun to bounce it up and down and watch it roll away. Let's go catch it!""","""Look, sweetie, here's your favorite teddy bear, ready to cuddle and play with you. Isn't it soft and cute? You can hold it tight, and it'll be your friend today.""","""Come here, sweetie! Let's go see the big, beautiful house we live in, with its lovely roof and cozy windows. It's a happy place where we play and sleep, and it keeps us safe and warm.""","""Oh, sweetie, look at our big, happy family! We have Mommy, Daddy, your big brother Jack, and your little sister Emma. Together, we are like a big, warm, loving group of stars twinkling in our family sky!""","""Look at these bright, colorful toys, little buddy! You can play with your favorite blocks, or maybe kick the ball with your feet. Let's have fun together!""","""Look at these yummy, colorful veggies! They're good for you and make you strong. Mommy and daddy eat them too, so we can all enjoy them together.""","""Look at that fluffy, cute dog, sweetie! It's bouncing around and wagging its tail, just like your favorite stuffed toy. Isn't it adorable how it jumps and plays, just like we do? Oh, and remember how we g","""Look at that beautiful bird, sweetie! It's singing a lovely song, just for you. Isn't it pretty? Birds are our feathered friends that love to sing and fly high in the sky.""","""Come here, little one! Look at these wonderful toys waiting for you to play with! See the teddy bear? He's soft and cuddly. And there's a toy car that zooms really fast! Let's pick one and have so much fun together!""","""Look, sweetie, this is a fluffy, cute, little bunny. Bunnies are hoppy, they hop, hop, hop, all around!""","""Look at the big, red car, sweetie! It has four wheels, just like your favorite toy truck, and it can take us on fun trips to the park or the grocery store!""","""Look at the big, shiny car, sweetie! It's yellow and has four wheels, just like mommy's car, and it goes 'vroom vroom' when we play 'car race' with our toy cars!""","""Yummy, sweet apple! Here, let's bite into this crunchy, juicy apple together. It's so tasty and yummy!"""
"""Look, sweetie, a little birdie just flew by. It's flapping its wings and chirping a beautiful song for us to hear.""","""Look, sweetie, there's a pretty little bird flying in the sky! The bird is singing a lovely song, isn't it?""","""Look at the beautiful bird! It has soft feathers, pretty colors, and it can sing a lovely song.""","""Look at these colorful blocks, sweetie! You can stack them up high and knock them down. They make a happy sound when you play with them, don't they?""","""Look at the fluffy, soft cat with paws paw, paw, paws. It's playful and cuddly, isn't it, sweetie?""","""Look at the big, fluffy bunny hopping around, isn't it hopping so fast? Want to say 'bunny' with me?""","""Look at the big, furry dog! He's barking and wagging his tail because he's happy to see you.""","""Look at the fluffy bunny hopping around, sweetie! Can you say 'bunny'? Bunnies love to eat carrots and hop around the garden!""","""Look at all the bright, colorful toys! Can you see the teddy bear, the blocks, and the funny little cars? Let's pick one and play together, sweetie!""","""Look at the cute little bunny hopping around! Do you see the fluffy bunny with the big ears? Let's say 'bunny' together and watch it hop!""","""Look at the cute little cat, sweetie! The cat is purring and playing with its toys. Isn't the cat's fur soft and fluffy?""","""Look at the big, fluffy bunny hopping around! Want to say 'bunny' with me?""","""Look, sweetie, a fluffy bunny is hopping by the garden. It's soft and cute, just like your teddy bear!""","""Yummy, sweet apple! Crunch, crunch, when you bite it, little buddy, you make a yummy sound. Chew, chew, chew your food, and swallow, swallow, and then enjoy the tasty treat!""","""Look at that cute, fluffy kitty cat! It's so soft and purr-fect, just like a little ball of fur. Oh, and guess what? Cats like to play with yarn, just like how you play with your toys!""","""Look at all the cuddly teddy bears and colorful blocks, little buddy! Want to play with them and make a big, happy pile together?""","""Look at all these amazing toys, sweetie! You can pretend to be a superhero with your action figures, build a castle with your blocks, or have a race with your toy cars. Let's pick one and play together!""","""Hey there, sweetie! Look at our lovely house with its big, colorful windows and cozy fireplace where we keep our favorite books.""","""Look at mommy and daddy, they are our family! They love us and take care of us. Just like how you love your stuffed bear, we love our family together!""","""Hey there, little buddy! Look at all these bright and fun toys! You can play with the soft teddy bear, the bouncy ball, or the colorful blocks. Let's pick one and have a great time playing together!""","""Yummy apple, crunchy and sweet, ready to eat, yum yum!""","""Look at the fluffy, cute dog, sweetie! The dog has soft fur and big, floppy ears. It's wagging its tail because it's happy to see you!""","""Look at the beautiful bird flying up high, sweetie! Its feathers are so pretty, like a rainbow in the sky!""","""Look at the colorful toys, sweetie! They're waiting for you to play and have so much fun!""","""Look at the cute little bunny hopping around! It's fluffy and bouncy, isn't it? Let's gently pat its soft ears and watch how it hops!""","""Look, sweetie, there's a big red car! It has shiny wheels and a bright, friendly smile. The car can drive very fast on the road and take us to fun places!""","""Hey sweetie, look at that big red car! Can you see the round wheels on the car? The car can take us places, like the park or the store. Want to pretend to drive the car?""","""Look at those yummy carrots, sweetie! They're orange and crunchy, perfect for chewing and making your teeth strong."""
"""Look, little one! See the pretty bird with its colorful feathers? It's singing a lovely song for us to enjoy.""","""Look, sweetie, there's a pretty bird flying in the sky! The bird has beautiful feathers and it's singing a lovely song.""","""Look at the pretty birdie with its colorful feathers and funny beak! Want to say 'bird' with me?""","""Look at the colorful toys, sweetie! The soft teddy bear and the bouncy ball are so much fun to play with, aren't they?""","""Look at the fluffy, cute cat, sweetie! Can you say 'cat'? C-A-T, cat! The cat is so soft and pretty.""","""Look at the bunny, it's hopping so fast! Can you say 'bunny' with me? Bunny goes 'bunny'!""","""Look, sweetie, that fluffy dog is wagging its tail and wants to play with you!""","""Look, sweetie, that fluffy bunny is hopping around! Isn't it cute and soft? Animals are wonderful, aren't they?""","""Look at these colorful toys, sweetie! See how the blocks stack up like a little tower? You can play with them and build something amazing!""","""Look at the fluffy bunny hopping around, sweetie! See how it hops and eats carrots? Bunny loves carrots just like you love your carrots snack!""","""Look, sweetie, this fluffy and cuddly cat is playfully chasing a little ball of yarn, and it's purring happily.""","""Look at the cute bunny hopping around, sweetie! See how it jumps so high and bounces on its little paws?""","""Look at the fluffy bunny hopping around, little one. It's so soft and cute!""","""Look at the yummy carrots, sweetie! They're orange and crunchy. Want to try some?""","""Look, sweetie, there's a fluffy, cute cat. Can you say 'cat'? Meow, meow! The cat is purring and rubbing against my leg. Isn't it lovely?""","""Look at these big, colorful balls! You can bounce them high and catch them with your hands. Isn't that fun? Want to play with the ball together?""","""Come here, sweetie! Let's play with your favorite soft, squishy teddy bear and bounce it up and down with your little hands!""","""Hey there, little buddy! Let's play 'find the house'! Look at all these houses, each with a roof and a door, and remember, the house is our home where we feel safe and snug!""","""Look, sweetie, there's mommy and daddy, and there's Auntie Sarah and Uncle Bob. We're all a big, happy family!""","""Look at the colorful toys, sweetie! Let's pick your favorite teddy bear and play together!""","""Look at the yummy apple, little buddy! Let's take a big bite and enjoy its sweet taste!""","""Look at that fluffy dog, sweetie! It's wagging its tail and wants to play. Can you say 'woof woof'?""","""Look, sweetie, there's a pretty bird with colorful feathers, flapping its wings and singing a lovely song. Isn't it so beautiful?""","""Look at the colorful toys! Can you point to the bouncy ball that's so fun to play with? It's round and bounces high!""","""Look, baby! This is a cute little bunny. Can you say 'bunny'? Bunny, bunny!""","""Look, sweetie, there's a big, shiny car parked on the street. Can you say 'car'? Great job! Cars help people go to work, school, and take fun trips with their families.""","""Look at the big, shiny car! It's going to take you and your family on fun adventures to the park and the zoo!""","""Hey sweetie, it's time to eat some yummy carrots and crunchy apples! They're super healthy and will make you strong like a superhero!"""
"""Look at the pretty birdie outside, sweetie! The birdie is flying high in the sky, just like you do when you're up on your big mommy's shoulders!""","""Look at the pretty birdie flying in the sky, sweetie! It has a soft, fluffy feather coat, don't you think? Birds like it fly high and sing pretty songs for us to hear.""","""Look at the pretty birdie! Birdie, fly high in the sky!""","""Look at you! Wow, you have so many fun toys to play with! Let's give your blocks a little shake and watch them roll over, or we can clap our hands and make your toy truck go zoom!""","""Look, sweetie, here's a fluffy cat, with soft fur and purring sounds, just for you.""","""Look at the bunny hopping in the meadow, little buddy! The bunny is so fluffy and playful!""","""Look, sweetie, here comes a big, fluffy dog wagging its tail, ready to play with you!""","""Look at the fluffy bunny hopping by! It's a big, soft bunny with tiny pink ears and a long, floppy tail!""","""Hey there, sweetie! Look at all these fun toys! Wanna play with the colorful blocks together?""","""Look, sweetie, that fluffy bunny is hopping around, and see those colorful birds in the sky? They're so pretty, aren't they?""","""Look at the fluffy, purring cat! It's sleeping with its soft, white fur. Can you say 'cat'?""","""Look at the fluffy bunny hopping in the garden, little one! See how it hops and binkies with its ears up?""","""Look, sweetie, this fluffy bunny is hopping and eating yummy carrots, isn't it cute?""","""Sweetie, look at the yummy apple! It's red and crunchy, just the way we like it. Let's take a big bite and enjoy this delicious fruit together!""","""Look, sweetie, this fluffy cat is purring and cuddling with its kittens. Isn't it cute?""","""Look at all those colorful blocks, sweetie! Want to build a big, beautiful tower with me?""","""Look at all these wonderful toys, little buddy! The red truck goes 'vroom' and the fluffy teddy bear can cuddle you. Let's play with them together!""","""Look at this big, cozy house, sweetie! It has a lovely red door and a friendly green doorbell. Inside, there are comfy beds, yummy snacks, and lots of colorful toys to play with. Isn't it a wonderful place to call home?""","""Look at our family, sweetie! We have Mommy and Daddy, and your big brother/sister. We love each other very much and always play together.""","""Look at those bright, colorful building blocks! Want to stack them up and build something awesome?""","""Look at the juicy, bright red strawberry! It's sweet and yummy, and we can eat it with our little spoons!""","""Look at the big, fluffy dog! It's wagging its tail and it's so happy to see you. The dog's fur is soft and brown, just like the chocolate in your favorite snack!""","""Look at that beautiful bird, sweetie! It has colorful feathers and it's singing a lovely song just for us!""","""Look at those fun, bouncy balls! Want to play catch with them?""","""Look at the fluffy bunny hopping around, it's so soft and loves to play with the daisies!""","""Look, sweetie, this big and shiny car! Can you say 'car'? Cars go fast, zoom zoom, but be careful, no touching the car, okay?""","""Look at the big, shiny car with wheels that go vroom! Can you say 'car'? That's right, it's a 'car'! The car can take us to the park where we can play on the swings and slide.""","""Yummy, sweet, juicy apple! Crunchy, crispy, red apple! Eat your apple and have a big, happy smile!"""
"""Look at the fluffy, cute puppy dog with the wagging tail, isn't it adorable? It's wagging its tail and barking happily.""","""Look at the puppy, sweetie! It's a fluffy, cute little dog wagging its tail and loving to play.""","""Look, sweetie, that cute little puppy! Woof, woof! That's a dog. The furry one with the waggy tail. See how it runs and plays? Dogs are so fun, aren't they?""","""Sweetie, look at these yummy, ripe, red apples! They're so juicy and crunchy, just right for your little hands to munch on!""","""Look at the cute little kitty cat, it's soft and fluffy, with big green eyes and a cute little tail that wiggles when it meows!""","""Look, sweetie, there's a fluffy, cute cat! See how it's purring and cuddling? Meow, meow! Isn't it the softest thing you've ever seen?""","""Look at the fluffy, cute dog wagging its tail and playing with its favorite toy, little buddy!""","""Look at all the pretty colors in our house, sweetie! Can you count the windows and the doors? The windows are for looking out and the doors are for going in and out. Let's go and play with the big, fluffy carpet under our feet. Remember, the carpet is","""Look at the bright red car! It's so shiny and fast, just like when Daddy takes us for a ride on sunny days. The car has four wheels and a big door where Mommy and I can climb in, just like this!""","""Look at all the colorful toys! Want to play with the soft, fluffy teddy bear? Let's giggle and clap our hands to the happy music!""","""Look, sweetie, this fluffy bunny is hopping around and loves to eat carrots. Isn't it cute?""","""Look, sweetie, these are your big brothers and sisters, and they love you very much, just like mommy and daddy do!""","""Look at the shiny, big car! It has four wheels and makes a funny sound when it starts. Let's pretend to drive it together, just like when we play with our toy cars!""","""Hey there, sweetie! Look at our family, it's a beautiful little team! We're mommy and daddy, your sister Sarah, and your adorable uncle Joe! We all love each other very much, and we're always here for you.""","""Look at the fluffy bunny hopping around, it's so soft and cute! Can you say 'bunny'?""","""Yummy apple, sweet and crunchy! Let's take a big, juicy bite together, little buddy!""","""Look at the big, red car! See how shiny it is? It's going to take us for a fun ride! Isn't that exciting, sweetie?""","""Hey there, little buddy! Let's explore our cozy house together. Look at the big windows, they let the sunshine in, don't they? And see the colorful curtains? They keep our room nice and warm. Oh, and that's our lovely","""Come here, sweetie! Let's go inside our lovely house where we can play, eat, and sleep. It has cozy rooms, a big kitchen, and a soft bed for you. Isn't our house wonderful?""","""Look at this yummy apple, sweetie! It's so red and juicy. Shall we give it a big bite together?""","""Look, sweetie, this fluffy cat is soft as a pillow and has paws that are very cute, just like yours! Can you say 'cat'? That's right, 'cat'! This friendly cat is purring and wants to play with you.""","""Look at that beautiful bird, sweetie! It's a robin, with red and white feathers. Can you say robin?""","""Look at the fluffy, friendly dog! The dog has soft fur and waggy tail. Isn't it a paw-some dog?""","""Look at the cute little dog, sweetie! The dog has soft fur and a waggy tail. The dog is very friendly and likes to play with you.""","""Look, sweetie, there's a big, red car driving down the street, with shiny wheels that roll and roll, and a friendly driver inside, ready to go on a fun adventure!""","""Look at the big, fluffy dog! It's wagging its tail because it's happy to see you. The dog has soft, brown fur and it likes to bark. Do you want to pet the dog gently?""","""Oh sweetie, our family is like a big, happy, cozy blanket made of love, and we all snuggle together with smiles!""","""Hey sweetie, look at our cozy house! It has a blue roof, a little garden, and big windows to see the pretty birds. Let's go inside and feel the soft carpet under our feet, and listen to the ticking of the clock. We'll find your favorite to"
"""Look at the cute dog, sweetie! It's a puppy, and it's so soft and fluffy! Can we say 'woof woof' together?""","""Look at that cute little puppy! See how he wags his tail when he's happy and how he barks when he wants to play.""","""Look, sweetie, there's a friendly dog! The dog is wagging his tail and wants to say hello!""","""Look at this yummy, ripe banana! Easy peasy, let's mash it up and make it tasty!""","""Look at the fluffy cat! See how it's purring and cuddling on the couch? Want to say 'cat' with me?""","""Look, sweetie, here's a fluffy, cute cat. It's so soft and purr-fect for you to cuddle and play with.""","""Look at the adorable fluffy dog, sweetie! See how it wags its tail and loves to play with you!""","""Look at the pretty house with the red roof, little buddy! It has a big door and colorful windows that let the sunshine come in.""","""Look at the big, shiny car, sweetie! It's so bright and fast, like a superhero on the road!""","""Look at these bright, fun toys! They're all so colorful and shiny, and I can't wait for you to play with them!""","""Look at the cute little puppy! It's so soft and fluffy, isn't it? Let's say 'puppy' together and see how it sounds.""","""Look, sweetie, there's Mommy and Daddy. They love you so much and they're always there for you!""","""Look at the shiny, red car zooming by, little buddy! The car has wheels that roll on the road, and the driver is in the car, singing songs and making sure everyone gets to where they need to go, just like superheroes do!""","""Hey there, sweetie! Look at all the people who love you and make you happy. Your mommy, daddy, grandma, and grandpa are part of our big, happy family!""","""Look at the bunny hopping around! See how it hops so quickly? Bunny is such a cute little friend, isn't it?""","""Look at those yummy carrots! They're orange and crunchy, just like the ones we eat for a happy tummy!""","""Look at that big, shiny car, sweetie! It has four wheels and it goes 'vroom, vroom' when you pretend to drive it, just like when we ride in our toy cars together!""","""Hey sweetie, let's go explore the beautiful house together! Look at the colorful walls, the cozy bed, and the fun toys!""","""Come here, sweetie! Let's play hide-and-seek in our cozy, lovely house, with your favorite toys and a warm, soft blanket.""","""Yummy, sweetie, this apple is so crunchy and juicy, it's like nature's candy!""","""Look at the fluffy cat, sweetie! Its soft fur is pink and white, and it's saying 'meow, meow' for you!""","""Look at the beautiful bird, sweetie! It has feathers and wings that help it fly up high, just like when we fly kites in the sky.""","""Look at that cute puppy, little buddy! The dog is barking because it's happy to see you. Its fluffy tail is wagging so fast, and its paws are playfully running in the grass. Isn't it adorable?""","""Look at the cute dog, little one! It's a big, friendly puppy with soft fur and a wagging tail that says 'hello'!""","""Look at the big, red car zooming by, little buddy! Isn't it funny how it goes 'vroom, vroom' when it speeds up? Cars are cool machines that take us places, and that one just drove by us!""","""Look, sweetie, this is a dog! Woof woof! Can you say 'dog'? D-O-G, just like that. Dogs are friendly and they love to play fetch with their favorite toy. Isn't that adorable?""","""Hey there, little buddy! Today, we're going to talk about our family. Mommy and Daddy are your superheroes, and we love you more than all the stars in the sky. We're your family, and we always have your back!""","""Hey there, sweetie! Come on over here, let's play house! We're going to pretend this big room is our kitchen, and that little chair is our cozy bed. Let's make some yummy food in the pretend stove and then snuggle up in"
"""Look at the fluffy, cute dog, sweetie! This furry friend is wagging his tail and has big, floppy ears. Isn't he adorable? Let's give him a gentle pat on the back, little one. Oh, see how his tail wags","""Look at the cute, fluffy dog! The dog is wagging its tail because it's happy and wants to play with you. See how it's moving its ears and barking? Dogs are friendly and love to make friends.""","""Look at the cute dog, sweetie! The dog has soft, fluffy fur and a wagging tail. Isn't he a friendly, happy puppy?""","""Look at the yummy apple! It's red and crunchy, and it tastes sweet. Can you say 'apple'?""","""Look at the fluffy kitty, sweetie! The little cat is purring and has big, round eyes to see you.""","""Look, sweetie, there's a cute little kitty cat with soft fur, paws, and a fluffy tail. Isn't it adorable? Want to say 'cat'?""","""Look at the cute little puppy, sweetie! It's a dog, and it's so fluffy and soft, isn't it? The puppy is wagging its tail because it's happy and wants to play!""","""Come here, sweetie, let's go inside our cozy, warm house where mommy and daddy love to play with you and where you can have all your favorite toys!""","""Look at the big, shiny car with the bumpy seats! Want to see the red car zoom by with the funny honk sound?""","""Oh, look at the colorful blocks! Want to build a big, tall tower with me? Let's stack them up high, one by one, so we can see them all.""","""Look at the fluffy bunny hopping in the meadow, little one. See how it's hopping and twirling? Bunnies are so cute and fun!""","""Look at our lovely family, sweetie! Mommy, Daddy, and your big brother are so happy to see you!""","""Look at the big, shiny car! It's going to take us on a fun ride. Let's sit on the seats and hold onto the handles, okay?""","""Look at our big, lovely family! Mommy, Daddy, and little brother are all here with us. We love playing together and having fun.""","""Look at the fluffy bunny, hopping around. Hoppy bunnies love to nibble on green grass. Can you say 'bunny'? Good job! Now, see the fuzzy kitten sleeping. Kittens are soft and cuddly.","""Look at the yummy apple! Can you say 'apple'? Let's eat some apple together, sweetie!""","""Look at the big red car! Wow, it's zooming down the street! Isn't it fast and fun? Let's say 'car' together, like this - C-A-R, car. The car is going, going, going, and making a beep-be","""Look, sweetie! This big, happy house is our special place, with colorful rooms and cozy beds for us to sleep in. Let's go inside and play together!""","""Come here, sweetie! Look at this big, beautiful house. The roof is red and it has a lovely garden with pretty flowers. Oh, the doors are so shiny and the windows are like colorful eyes looking out!""","""Look at the yummy carrots, sweetie! They're orange and crunchy, perfect for chewing and making your teeth strong!""","""Look, sweetie, that fluffy little kitty is a cat! See how it purrs when you pet it? Let's say 'cat' together and watch her play.""","""Look, sweetie, see the pretty bird flying up high in the sky. It has colorful feathers and a cute little beak. Let's say 'bird' together and watch it swoop and glide through the air.""","""Look at the fluffy, playful dog! Its fur is brown and it's wagging its tail because it's happy and wants to play with you!""","""Look, sweetie, this fluffy furry friend is a happy, playful dog that loves to wag its tail and say 'woof woof' when it's happy.""","""Look at the big, red car! Wow, isn't it fast and shiny? Let's pretend to drive it with our big, strong hands and say 'zoom zoom'!""","""Look at the big, fluffy dog wagging its tail! The dog is so happy and wants to play with you!""","""Look at mommy and daddy! They love you very much, just like your toy daddy. You're my little superstar!""","""Hey there, little buddy! Come on, let's go explore the house together. Look at the pretty walls and the cozy furniture. See the big, comfy bed in the bedroom? That's where we sleep. And look at the bright, sunny window in the"
"""Look at this cute little puppy, sweetie! It's a dog, just like the one in our house. Wiggly waggy tail, isn't it? Dogs are so friendly and fun. Can you say 'woof woof'?""","""Look at the cute puppy, sweetie! See how it wags its tail and barks happily. It's a soft, furry, friendly dog, just like a big, cuddly teddy bear!""","""Look at the cute little dog, sweetie! The fluffy one with the big ears and wagging tail. Isn't it a lovely, lovely dog?""","""Look, sweetie, we're going to eat yummy mashed bananas now!""","""Look at the fluffy cat, sweetie! It has soft fur, pointy ears, and loves to play with yarn. Isn't it cute?""","""Look at the fluffy, cute cat! It's meowing and purring. Let's go say hello to the kitty.""","""Look at that adorable little puppy, sweetie! It's wagging its fluffy tail and barking, just like the friendly dog we saw at the park.""","""Come here, little one! Look at this big, beautiful house with a shiny red roof and colorful windows. Can you see the tall door with the little keyhole? Let's touch the soft carpet inside and feel the warm sunshine on the wooden floor. The house is so cozy","""Look, sweetie, there's a big, red car parked on the street. It's shiny and fast, and it's waiting for a driver to take it for a ride!""","""Look at all the fun toys! Want to play with the soft, cuddly bear or the shiny, sparkly blocks? Let's make some happy playtime together!""","""Look at the fluffy bunny hopping around, sweetie! It's a cute little bunny, and it's so soft. Would you like to say 'bunny' with me?""","""Hey there, sweetheart! Today we're going to learn about our family. We have mommy, daddy, and your big sister, Emily. Mommy and daddy love you very much and they work to make sure we have everything we need. Emily is your older sister and","""Look at the big, shiny car with the red roof, sweetie! It's driving down the street, and we'll see it stop at the traffic light and then go again!""","""Look, sweetie, there's Mommy and Daddy, and there's your big brother, Alex. They love you so much and will always be there for you, just like when you fall down, they pick you up and say, 'I'm proud of you!' Isn't","""Look at that cute puppy, sweetie! It's wagging its tail because it's happy to see you.""","""Look, sweetie, these are some yummy carrots! They're orange and crunchy, and they help you see better and grow strong!""","""Look, sweetie, that big red car is zooming by! See the wheels spinning and the shiny windows? Cars can go really fast, so we must always be careful when we're near them.""","""Look, sweetie, we're in our cozy home! It's filled with love, warmth, and lots of room for you to play and explore. Isn't this house beautiful? Let's go explore every nook and cranny together!""","""Hey there, sweetie! Let's go explore our cozy house! Look at the pretty walls, soft beds, and yummy food in the kitchen! I love playing with you here!""","""Look at the juicy, ripe strawberry! Yummy, sweet fruit! Let's take a big, yummy bite!""","""Look at that cute little kitty, sweetie! The fluffy furry cat is purring and playing with a ball of yarn. Isn't it adorable?""","""Look at that beautiful bird, sweetie! It has such pretty feathers and it's singing a lovely song for us to hear.""","""Come here, sweetie! Look at this cute puppy. See how he wags his tail when he's happy? Let's go pet him gently.""","""Look at the fluffy doggy, sweetie! The dog is wagging its tail because it's so happy to see you.""","""Look, sweetie, there's a shiny car! It has four wheels, and the driver is going to the ice cream shop to get some yummy treats!""","""Look at the fluffy, friendly dog, little buddy! The dog is wagging its tail and wants to play with you!""","""Look at our beautiful family, sweetie! We have Mommy and Daddy, and we love you so much!""","""Come here, sweetie! Let's explore this big, comfy house we live in. Look at the cozy beds and the yummy kitchen. See the funny little windows? They let in the sunshine and let us see the pretty birds outside. This house is our special place"
"""Look at the fluffy dog, sweetie! The dog has soft fur and a big, wet nose. Can you say 'woof woof'?""","""Look at the cute puppy, sweetie! This fluffy little furball is called a dog. See how it wags its tail when it's happy? Isn't it adorable?""","""Look, sweetie, this fluffy puppy is wagging his tail and barking because he's so happy to see you!""","""Look, sweetie, this yummy yummy carrot! It's orange and crunchy, and we're going to munch on it together. Yummy yummy!""","""Look at the cute little kitty cat! It's so fluffy and soft, let's give it a gentle pat.""","""Look at the fluffy cat, sweetie! The cat is soft and cuddly, just like a big, purring pillow. Isn't it the cutest little kitty?""","""Look at the cute little dog, sweetie! This furry friend is called a puppy. See how it wags its tail when it's happy? Dogs are so friendly, just like you!""","""Look at this beautiful house, sweetie! It has a big, happy roof on top, and it's where we all feel safe and snug. Isn't it lovely? Let's go inside and explore all the cozy rooms and colorful decorations together!""","""Look at the big, red car zooming by, sweetie! It has shiny wheels and a bumpy seat where you sit. Isn't that fun?""","""Look at all these wonderful toys, sweetie! Let's pick out your favorite one together.""","""Look, sweetie, there's a fluffy bunny hopping in the grass, and it's saying 'hop'! Do you hear that?""","""Look, sweetie, Mama and Dada are holding hands, and we are all a family, just like a warm hug!""","""Come here, sweetie, look at the big red car. See how shiny it is? It can take us for a ride, and we can pretend to be on an adventure with our teddy!""","""Oh, look at our lovely family, sweetie! We have Mommy and Daddy, your mommy and daddy, your big sister, and even Grandma and Grandpa, who love you so much!""","""Look, sweetie, that cute little kitten is playing with a fluffy ball of yarn. Isn't it adorable how it's pawing and pouncing around?""","""Yummy! Look at the juicy, red apple. It's as big as your head! Crunch, crunch, mmm, apple! Can you taste the sweetness?""","""Look at that big, shiny car, sweetie! It has four wheels and helps people go places. The driver sits inside and steers with a special wheel called a steering wheel. Isn't it fascinating how it moves when we press the gas pedal and brake pedal","""Come here, little one! Let's go look at the big house with the colorful flowers and the friendly cat sitting on the porch.""","""Come here, sweetie! Look at our beautiful house with its colorful walls, big windows, and cozy carpet. Let's count the little flowers on the front porch together!""","""Look at the yummy carrots, little one! They are orange and crunchy, perfect for snack time!""","""Look at that fluffy, cute cat, sweetie! The cat is sleeping and dreaming about chasing butterflies. Isn't that so fun?""","""Look, sweetie! This little birdie is chirping and hopping on the tree. Isn't it soooo fun to watch? Let's listen to its lovely song together!""","""Look at the fluffy dog! He's wagging his tail and wants to play. Let's say 'woof woof' together!""","""Look, sweetie, that fluffy, friendly dog is wagging its tail and it's happy to see us, just like our puppy wags its tail when we come home.""","""Look, sweetie, there's a big, shiny car parked outside, with four wheels and a roof to keep it safe. It's ready to take us on a fun ride!""","""Look, sweetie, this is a big, fluffy dog wagging its tail to say hello. Its fur is soft like a cloud, and it's super friendly, just like our family friend, Rover!""","""Hey sweetie, today we're going to talk about our family. Mommy, Daddy, and Grandma are all a part of our family. Mommy and Daddy love you very much and they are your parents, while Grandma loves to tell you fun stories. They all","""Look at the big, cozy house with a red roof, little buddy! It's where Mommy and Daddy live and make us yummy breakfast in the kitchen, where they also cook dinner in the stove. Can you see the colorful flowers in the garden outside? Let's"
"""Look at the adorable little puppy! Its soft fur is as fluffy as a cloud, and it's wagging its tail so joyfully. Isn't it precious?""","""Look at the cute little dog wagging its tail and barking softly, little one! Isn't it funny how it jumps and rolls around?""","""Look at the cute dog wagging its tail, it's so fluffy and playful! Let's go say hello to the friendly puppy!""","""Look at the juicy red apple, my little chef! Can you clap your hands while I peel the skin?""","""Look, sweetie, this is a fluffy little cat. See how it's waving its cute paw? Can you say 'cat'?""","""Look at the cute little cat, sweetie! See how it's purring and fluffy? Want to pet it gently, like this?""","""Look, sweetie, there's a big, furry dog wagging its tail, and it's saying 'woof woof' happily. Can you say 'woof woof' with me?""","""Look at the big house, sweetie! It's so pretty with red roofs and a white door. Let's go inside and play with the soft carpet and colorful toys.""","""Look at the shiny red car! It's big and fast, just like superheroes! Would you like to see the car go zoom by, little buddy?""","""Look at these fun toys! This one is a cute teddy bear and that one is a bright, bouncy ball. Want to play with them together?""","""Look at the fluffy bunny, sweetie! Hopping around, it's so happy to hop and eat carrots!""","""Hey there, sweetie! Look at our lovely family, mommy, daddy, and you. We all love each other and have so much fun together!""","""Look at the big red car! It's so fast and shiny, just like a rocket ship. The wheels are like circles that help the car go smoothly on the road. See the doors? They open and close for people to get in and out. Isn't that fun?""","""Hey sweetie, do you remember mommy and daddy? They are the best and they love you a lot, just like how you love them!""","""Look at the bunny hopping, bunny hopping, hopping like that, little one! The bunny has soft, fluffy fur and bouncy ears. Can you see the bunny bunny hopping?""","""Look at those yummy, bright yellow bananas! They're perfect for our morning smoothie, little buddy!""","""Look at the big, shiny car! See how it has wheels to roll and a roof to keep us dry. The car's name is Tommy, and it can take us to the park or the grocery store, isn't that exciting?""","""Look at this beautiful house, sweetie! It's big and has a lovely red roof, just like your favorite blanket. The windows are like eyes that let the sunshine in, and the door is like a door to a magical world where we can play and have fun!""","""Look at our cozy house, sweetie! It's big and beautiful, with a lovely red roof, a warm fireplace, and lots of happy rooms to explore and play in.""","""Look, sweetie, here's your yummy apple! Crunch, crunch, yummy!""","""Look at the fluffy, playful kitty cat, sweetie! The little furry friend is purring and stretching its cute little paws.""","""Look at that beautiful bird with its bright feathers, sweetie! Can you see the bird's wings spread wide as it flies in the sky, just like you spread your arms when you're happy?""","""Look at the friendly dog, sweetie! The dog is wagging its tail and has soft, fluffy fur. It's a very cute puppy with big, brown eyes and a warm, cuddly nose!""","""Look at the cute dog, sweetie! The dog is wagging its fluffy tail and looking so happy!""","""Look at that big, shiny car, sweetie! It has four wheels and takes us on fun rides. Can you say 'car'?""","""Look at the fluffy dog, sweetie! The dog is so big and brown, and it wags its tail when it's happy to see you. Isn't that cute?""","""Look at mommy and daddy, sweetie! They love you so much and are always here to play and cuddle with you, just like I am.""","""Hey there, sweetie! Let's play a fun game, shall we? Can you find the softest, fluffiest pillow in your cozy, colorful bedroom? Or how about this, can you see the bright, shiny, happy sun peeking through the tiny,"
"""Look at the cute little dog, sweetie! The dog is a furry friend who loves to play and snuggle.""","""Look at the fluffy, waggy tail on the friendly, barking dog, sweetie! Isn't it cute?""","""Look at the fluffy, cute puppy, little one! See how the puppy wags its tail and plays with its favorite toy!""","""Look at the yummy carrots, sweetie! They're orange and crunchy, perfect for your little teeth to munch on. Mmm, they're so tasty!""","""Look at the cute, soft cat, little one! The cat is sleeping, dreaming of chasing birds. Isn't the cat so fluffy and cuddly?""","""Look at the fluffy, cute cat! The cat is soft and furry, and it has a pretty pink nose. The cat is playing with a ball of yarn.""","""Look at that fluffy dog, sweetie! See how it wags its tail? Dogs are our furry friends, and they love to play and cuddle with us!""","""Look at our cozy house with a red door, sweetie! See the blue window? Let's go and pat the soft, green grass outside!""","""Look at the big, shiny red car, sweetie! It's going so fast, but we're staying safe in our cozy, little car seat.""","""Look at the fun toys, sweetie! Let's play with your favorite teddy bear and blocks together!""","""Look at the little puppy! It's so soft and cuddly, isn't it? The puppy wags its tail when it's happy, just like you do when you smile.""","""Look at mommy and daddy smiling at you, sweetie! They love you so much, just like your big sister!""","""Look at the big, shiny red car! Wow, that car is so fast and colorful! Can we pretend we're driving it to the park?""","""Look, sweetie, this is your mommy and daddy, and this is your little brother/sister, all here to love and protect you, just like how we do for each other in our family!""","""Look at the bunny, little one! It's hopping so fast, isn't it? See how its ears are standing up? That's because it's listening to all the sounds around it. Isn't it a fluffy little creature? Let's watch the b","""Yummy, look at that yummy apple! Crunchy, crunchy, it's so delicious and good for your teeth, honey!""","""Look at the shiny red car, little buddy! It's so big and loud, but it's our special car for fun adventures.""","""Look at our lovely home, sweetie! See how the walls are painted blue and the curtains are fluffy? We have a comfy bed, a yummy kitchen, and lots of toys to play with! Let's go inside and explore together!""","""Come on, sweetie, let's explore our cozy house together! Look at the pretty flowers in the garden, and let's find our favorite toys to play with inside.""","""Look at these bright, juicy red strawberries, sweetie! Yummy!""","""Look at the cute fluffy kitty, little one! The cat has soft fur and cute whiskers, just like a little pink teddy bear.""","""Look, sweetie, that beautiful bird with its bright feathers is chirping its happy song for us to hear.""","""Look, little buddy, see that cute fluffy dog wagging its tail? The dog's name is Buddy, and he's super friendly, just like you!""","""Look at the fluffy dog, little buddy! Can you say 'woof'? That's what the dog says when it's happy!""","""Look, sweetie! This big red car will zoom down the road so fast, but it's just sitting here safe for us. We can pretend it's a superhero car, with a shiny top and a loud engine, that can save the day. Isn't it exciting","""Look at the fluffy dog, sweetie! The dog's tail is wagging happily, just like when you wave goodbye!""","""Hey there, sweetie! It's time to say hello to our family. Mommy and Daddy are here with us, and we have a big, loving family to take care of us and make us happy. We have Auntie and Uncle too, who always play fun games with","""Come here, sweetie! Let's look at the big, fluffy bed where we sleep, and see the tall, wooden house that we live in. Isn't it nice to be at home with mommy and daddy?"""
"""Look sweetie, that fluffy pup is a dog! Can you say 'woof woof'? Dogs are our furry friends who like to play and cuddle with us.""","""Look at the fluffy, friendly dog wagging its tail and saying 'woof woof,' so happy to see you, little one!""","""Look, sweetie, this is a cute little dog. It's so fluffy and playful, and it loves to wag its tail when you pet it.""","""Yummy yummy food! Look at the smiling apple. Bite and chew, little one, for your tummy to be happy.""","""Look at the fluffy cat, little one! Its fur is soft and pretty. See how it purrs when you stroke its back?""","""Look at the cute little cat, sweetie! See how it's purring and playing with its toy mouse. Isn't it so soft and cuddly? Let's go pet it gently, okay?""","""Look at the big, fluffy dog wagging its tail, little buddy! It's so happy to see you, and it wants to play with you, just like I do!""","""Look at this big house, sweetie! It has a roof to keep us dry and walls to keep us safe. Let's go explore the rooms together!""","""Look at the big, shiny car! It has four wheels and makes a funny noise when it goes 'vroom-vroom'. Would you like to pretend it's our car and we're going on a fun ride together?""","""Look at all the pretty toys, sweetie! Want to play with the ball or the teddy bear?""","""Look at the big, fluffy bunny hopping over the grass, little buddy. The bunny is so soft and loves to eat carrots just like you might enjoy your favorite snack!""","""Look at our family, sweetie! We have Mommy, Daddy, and me. Mommy is the baker, and Daddy is the builder. And that's you, my little builder, helping make our family strong!""","""Look at the big, red car, sweetie! It has shiny wheels that roll on the road, and it can take us for a fun ride to the park!""","""Come here, sweetie, and let's talk about your family. You have your mommy and daddy, and they are your very special parents who love you so much. You also have your big brother and sister, and they are your best friends who play with you and make you happy.""","""Look at the cute little bunny hopping around, little one! Bunnies love to eat carrots and hop around in the grass.""","""Look at the yummy, colorful vegetables on your plate! Mommy says they're good for your growing body. Can you try some peas and carrots?""","""Look at the big, shiny red car! It's going to take us on a fun ride to the park. The car's wheels are round and strong, and the windows are clear to see the pretty flowers along the road.""","""Come here, little one! Look at our cozy house, with its big windows and friendly walls. Can you feel the warm sunshine on our wooden floor? Let's explore the colorful rooms together and have fun playing!""","""Come here, little buddy! Let's go see all the pretty colors in our house, like the bright red fire truck on the wall and the fluffy blue pillows on the couch. Oh, and don't forget to say 'hello' to the smiling sunshine pe","""Look at the yummy, red apple, sweetie pie! Crunchy and juicy, just like the tasty, ripe banana we had yesterday.""","""Look at the fluffy, cute kitty cat with the long, soft whiskers. Meow, kitty, come here! See how the kitty is purring and kneading her paws?""","""Look, sweetie, there's a beautiful bird with feathers as bright as your favorite rainbow. It's singing a happy song just for you!""","""Look at the fluffy, cute dog! Wag its tail and see how happy it is playing with its favorite toy. Let's give it a big, soft hug and whisper, 'Good dog, good dog.'""","""Look at that cute puppy, little buddy! The fluffy dog is wagging its tail and it's so happy to see you!""","""Look at the shiny, red car, sweetie! It's going to zoom by super fast, but don't worry, it's safe because we're staying in our stroller. Let's wave our little hands and say 'Bye-bye' to the car, okay","""Look at the fluffy, brown dog wagging its tail, isn't it happy? Let's go say 'hello' to the friendly pup!""","""Look at mommy and daddy, they love you very much and they're here to take care of you!""","""Look at the big, beautiful house with lots of windows and doors, sweetie! The roof is blue, just like your favorite toy, and the walls are painted with pretty colors!"""
"""Look at the soft, furry dog, sweetie! See how he wags his tail and plays with his toy?""","""Look at that cute little puppy, sweetie! It's a fluffy dog with big, soft ears and a waggy tail. The puppy is so playful and loves to run around and play with you!""","""Look, sweetie, there's a cute little dog! Want to say 'woof woof' with me?""","""Look, sweetie, here's the yummy apple! Mama is going to cut it into tiny pieces for you to eat, yum yum!""","""Look, sweetie, there's a cute, fluffy cat! Meow, meow! See how the cat is purring? Isn't it so soft? Let's go say hi to the friendly cat!""","""Look at the cute little cat, kitty! Its soft fur is as white as snow, and it's purring softly, just like a gentle, loving heartbeat. Isn't it the most adorable little fluffball?""","""Look at the cute little dog, sweetie! It has soft fur and barks with a friendly woof-woof sound!""","""Come here, sweetie! Let's go see the pretty house with the red roof, the big windows, and the pretty flowers on the lawn.""","""Look at the shiny red car, sweetie! It's going so fast down the street. Wheels are spinning and the car is smiling at us. Isn't it pretty? Let's wave to the car!""","""Look at all the bright, colorful toys! The teddy bear is fluffy, the cars are fast, and the blocks are tall. Let's pick one to play with, maybe the one with the funny sound!""","""Look at the fluffy bunny hopping in the meadow, sweetie! Its soft fur is so white and cute, like cotton candy.""","""Look at mommy and daddy, they love you so much! We're your family, always together and taking care of each other.""","""Look at the big red car, sweetie! It has four wheels and a shiny door to open. Can we pretend we're driving it together, just like mommy and daddy?""","""Look at us, little one! We're a big family with mommy, daddy, your sister, and me. We love each other and play together, making beautiful memories.""","""Look at the cute, furry bunny hopping around. See how it jumps so high? Let's say 'bunny' together, bunny-hop, bunny-jump!""","""Look at those yummy, ripe, juicy apples! They're so crunchy and sweet, just like candy, but they're much healthier for you!""","""Look at the big, red car, sweetie! The car has four wheels and a shiny roof. It can go fast and take us on fun trips to the park or the zoo!""","""Look at our cozy house, sweetie! It's where we sleep, eat, and play together every day. Isn't it amazing? Let's go explore every nook and cranny together!""","""Look at this beautiful house, sweetie! It has a big red door, a lovely window, and a cozy roof to keep us warm and safe. Let's go inside and explore the fun rooms!""","""Look at the yummy-looking apple! It's so bright red and crunchy, and it's going to make your tummy happy when you eat it!""","""Look at the fluffy, cute cat with big round eyes, sweetie! It's a furry friend with soft fur and a warm purr.""","""Look, sweetie! See that beautiful bird with its colorful feathers? It's singing a lovely song. Isn't it amazing how it can fly so high up in the sky?""","""Look at that big, fluffy dog! It's wagging its tail because it's so happy to see you. Can we say 'woof woof' together?""","""Look, sweetie, there's a fluffy dog wagging its tail and wiggling its ears! Isn't it a cute, cute puppy?""","""Look at the big, bright red car, sweetie! It's so shiny and pretty. See how it moves? It goes vroom vroom! Let's pretend we're going on a fun car ride together!""","""Look at the cute dog, little one! Its fur is soft like a teddy bear. Want to say 'woof woof' with me?""","""Hey sweetie, remember mommy and daddy are your family, and we love you lots! They take care of you, and we always have fun together.""","""Look at our lovely home, sweetie! It's a big and cozy house where we play, eat, and sleep. Our house has a blue roof and white walls. Let's go inside and make it even more beautiful together!"""
"""Look sweetie, here's a cute little dog, wagging his fluffy tail, ready to play with you!""","""Look at the cute dog, sweetie! This fluffy furry friend is wagging its tail and is so happy to see you.""","""Look at the fluffy dog, sweetie! The dog is wagging its tail and barking happily, just for you.""","""Look at the yummy, bright yellow banana! Peel it gently for you, and then we'll share a little piece!""","""Look at the fluffy, cute cat with big, round eyes. Can you say 'cat'? The cat is purring and playing with a ball of yarn. Isn't she so soft and cuddly?""","""Look at the fluffy, cute, and cuddly cat with soft fur, big eyes, and tiny paws. Isn't she just so purr-fect and cuddly, little buddy?""","""Look at the fluffy, bouncy dog, sweetie! Wagging its tail and wiggling its little paws, isn't it so fun? See how it jumps up to say hello with its wet nose, like a big puppy smooch! Isn't the","""Come here, sweetie! Let's go see the big, beautiful house with a blue roof and a friendly garden. We can play hide and seek inside the cozy rooms. Isn't it wonderful? Let's go and explore together!""","""Look, sweetie, this big and shiny car is going to take us on a fun ride. It's so cool, isn't it?""","""Look at all these wonderful toys, sweetie! We have a soft teddy bear, a shiny rattle that makes noise, and pretty blocks you can stack!""","""Look at the cute, fluffy bunny hopping around, little one! It's playing in the garden with the friendly, chirping birds. Isn't that a fun animal picnic?""","""Look at your family, sweetie! Your mommy and daddy are right here with me, and we're all here together to love and take care of you.""","""Look, sweetie, that's a big, shiny car! Can you say 'car'? See how it goes vroom-vroom when it moves?""","""Hey sweetie, remember mommy and daddy, your superheroes? They love you a lot, just like your toys love you back!""","""Look at that fluffy bunny, sweetie! Bunnies like to hop around and munch on carrots.""","""Hey there sweetie, would you like some apple slices? They're crunchy and delicious, perfect for your growing tummy!""","""Look, sweetie, there's a big red car! It has four wheels and a shiny roof. The car will drive down the street and take you to the park.""","""Hey sweetie, come here! Let's explore our cozy house together. Do you see the big comfy bed where we sleep? And look at the colorful walls with pictures on them! We have a lovely living room with a funky couch and a big TV for movies","""Look, sweetie, this big house is our special place to live. See the windows? They let in sunshine and let us see outside. These are the doors that help us go in and out. And look at these pretty flowers! They're in the garden outside the house. Isn't","""Look at those yummy, crunchy carrots! They're orange and sweet, perfect for snack time. Let's give them a little bite together, okay?""","""Look, sweetie, there's a fluffy, cute kitty cat! It's purring and wants to cuddle. Can we give it a gentle hug?""","""Look at the pretty birdie! It's singing a sweet song in the sky. Let's go gently closer to watch it fly and land on the branch.""","""Look at the doggy, sweetie! The doggy has soft, fluffy fur and a waggy tail. Do you see how happy the doggy looks when it sees you?""","""Look at the cute little dog, sweetie! See how he wags his tail when he's happy. Can we say 'woof woof' together? The dog's name is Max. Max is a friendly dog who loves to play fetch with you.""","""Look, sweetie, this is a car! It has wheels, and it goes vroom-vroom! Isn't it fun? See, it's red like your favorite crayon!""","""Look at the fluffy dog wagging its tail, little buddy! The dog is so happy and playful, just like you when you're having fun.""","""Hey sweetie, remember when mommy and daddy told you about your family? They have big smiles, kind hearts, and love you very much!""","""Look at our cozy house, sweetie! It's big and has a lovely roof to keep us dry when it rains, and lots of windows so we can see the beautiful colors outside. Isn't it wonderful to have a safe place to play and snuggle with you?"""
"""Look sweetie, that fluffy pup is a dog! Aww, isn't he just the cutest furry friend ever? He's wagging his tail and looks so happy!""","""Look at the puppy, sweetie! It's a cute little dog with soft fur and big, friendly eyes.""","""Look at the cute puppy! This little dog is so soft and fluffy, isn't it? Want to say 'woof woof' with me, sweetie?""","""Look at the juicy, ripe apple, sweetie! Yum, yum, eat it up! You're gonna love the crunchy, crisp taste!""","""Look at the cute kitty, little one! The fluffy furry cat is playing with its yarn ball, purring and stretching its tiny paws. Isn't that adorable?""","""Look, sweetie, that fluffy furry creature is a cute little cat! It's purring and playing with a ball of yarn, isn't it adorable?""","""Look at the fluffy, cute dog, sweetie! See how it's running and playing? Let's go pet it gently, okay?""","""Come here, sweetie, let's go see the pretty house with the blue roof and the big, friendly windows!""","""Look at the big, red car, sweetie! It has four wheels that go 'vroom, vroom' when we pretend to drive it. Isn't it funny how it looks like a little box with a roof on top?""","""Look at those bright, funny toys! Want to play with the soft, plush teddy bear or the bouncy, colorful ball?""","""Look at the cute puppy, sweetie! The puppy is bouncing and running around like it's having so much fun playing with its wagging tail. Can you see the puppy's fluffy fur? Oh, the puppy looks so happy with its big, friendly","""Look at you, sweetheart! That's your mommy and daddy, they're your family. They love you very much and will always be here to help you when you're growing up.""","""Look at the big, shiny car! It's ready to take us on a fun ride to the park!""","""Look at the happy family in the picture, sweetheart! That's Mommy, Daddy, and you, with your big brother and sister. They love each other very much, just like we do!""","""Look, sweetie, this fluffy kitten is purring and it's so soft! The kitten's paws are tiny and cute. Isn't it adorable?""","""Sweetie, it's time to eat! Here's your yummy apple, crunchy carrot, and soft, fluffy bread!""","""Look at the big red car, sweetie! It has shiny wheels and makes a funny sound when you honk the horn. Want to pretend we're driving it around the park, just like daddy?""","""Come here, sweetie, let's look at the pretty flowers in our house garden. They're bright and beautiful, aren't they? We can also play with the toys in our special toy corner. It's a magical place where we have so much fun!""","""Look at the big, cozy house where mommy and daddy live, sweetie. It has a red roof and pretty windows, and inside there are lots of rooms for everyone to play and sleep.""","""Look at those yummy, bright yellow bananas! They're perfect for peeling and munching with us. Yum!""","""Look at that cute, fluffy cat, little one! Its fur is as soft as your blankie, and it loves to play with yarn just like you do with your toys.""","""Look, little buddy, there's a beautiful bird with feathers as colorful as your favorite crayons. See how it's hopping around on the branch? It's called a parakeet!""","""Look at that cute dog, sweetie! Want to say 'dog' with me? D-O-G. The dog is bouncing and wagging its tail!""","""Look at the big, furry dog, sweetie! Its tail is wagging, and it's so happy to see you!""","""Look at that shiny, big car, sweetie! It's red like a juicy apple, and it's moving so slowly so we can wave and say 'hi' to it together. Isn't that fun?""","""Look at the cute fluffy dog, sweetie! He's a good boy, wagging his tail and barking happily. Let's give him a gentle pat and tell him 'good boy'!""","""Look at us, sweetie! We are your lovely family, and we all love and care for each other, just like your favorite teddy bear and me.""","""Come here, little one, let's play house together! This is where we sleep and eat. This is our cozy bed, and this is the lovely kitchen where we cook yummy food. Let's pretend to clean up and put everything back in its place, like we do at home"
"""Look at the big, furry dog wagging its fluffy tail, sweetie. The dog is very friendly and loves to play with you.""","""Look at the fluffy dog, sweetie! See how it wags its tail when it's happy. Isn't that adorable?""","""Look at the fluffy, playful dog wagging its tail, little one! Isn't he so cute and fun to watch?""","""Look at the juicy red apple! Yum! Can you open your mouth wide like a big bear and take a big bite of this delicious apple?""","""Look at the cute, fluffy kitty cat! Its tail is soft and pink, and it's meowing because it wants to play with you!""","""Look at the fluffy, cute cat with pointy ears. It's purring and wants to play with you. See how its tail wags when it's happy?""","""Look, sweetie, there's a fluffy dog with big ears and a waggy tail! Can you say 'dog'? Yes, that's right, 'dog'! Dogs are so friendly and love to play with us. Would you like to pet the dog?""","""Look, sweetie! This big house is our home, where mommy and daddy love you very much. Can you say 'house'? It's where we play, sleep, and eat yummy food!""","""Look at the big, shiny car! It has wheels that roll on the road so we can go on fun rides together, sweetie!""","""Look at all these fun toys, sweetie! The teddy bear is soft and cuddly, the trucks are loud and fast, and the dolls can be our friends. Let's play together and have so much fun!""","""Look, sweetie, that fluffy bunny is hopping around. Can you say 'bunny'? The bunny likes to nibble on yummy grass.""","""Look, sweetie, there's Mommy and Daddy, your big sister, and we're all your favorite family, and we love you so much!""","""Look at the big, shiny car! It has four wheels that help it go fast and make a loud noise when it moves. Let's pretend to drive the car with our toy steering wheel and push the pedals, like a grown-up driving us safely to the park!""","""Look at us, sweetie! We're your family, and we love you so much! Mommy, daddy, and little brother/sister all together in this big, beautiful house.""","""Look at the fluffy bunny hopping around, little one! It's so cute and soft, isn't it? The bunny is playing in the meadow, and it's jumping over little stones and flowers. Can you see the bunny?""","""Look at the yummy apple, sweetie! It's red and round, and we're going to slice it up and put it on your plate!""","""Hey there, little buddy! Look at that big, shiny car parked outside. It has four wheels, just like your toy car, and it can take you on exciting rides! Isn't it cool?""","""Look at our beautiful house, sweetie! See the big, cozy room with lots of colorful toys and your favorite teddy bear? Let's explore and play together in our safe and happy home!""","""Hey sweetie, come here! Let's go see the pretty blue house with a red roof and a big, friendly door. There's a lovely garden with lots of flowers and a yellow slide where we can play and laugh together!""","""Sweetie, it's time to eat your veggies! Yummy carrots and peas are good for you, helping you grow strong and healthy!""","""Look at that fluffy cat, sweetie! Its whiskers tickle and it's purring, like a big, soft kitty lion. Isn't it cute?""","""Look at the pretty birdie with its bright blue feathers, sweetie! Birdies like to sing pretty songs and hop around in the trees. Isn't that adorable?""","""Look, little one! That's a fluffy dog. It's called a poochie, and it's wagging its tail because it's happy to see you. Poochie is a friend who likes to play fetch with you.""","""Look at the fluffy, cute dog, sweetie! The dog is wagging its tail because it's happy to see you. Can we say 'woof woof' for the dog? The dog's ears are floppy and soft, just like the clouds in the sky.","""Look at the big, bright red car, sweetie! It has shiny wheels and a happy driver inside. Let's pretend to drive it together!""","""Look at the cute little dog, sweetie! Its fur is so soft and fluffy, and it wags its tail when it's happy. Isn't it adorable?""","""Look at our beautiful family, sweetie! We love each other, and we all share our home, our toys, and our yummy snacks together.""","""Come here, sweetie! Let's go explore our lovely home, where we have a cozy bed, yummy snacks, and lots of fun toys waiting for us!"""
"""Look at the big, fluffy dog! The dog is wagging its tail and loves to play with its soft, bouncy ball.""","""Look at the big, fluffy dog wagging its tail! Woof woof! Isn't it so cute? Let's say 'dog' together, dog, like this.""","""Look at the cute, furry dog wagging its tail, little one! The dog is playing with a ball and it's so fun to watch.""","""Yummy yummy, sweetie pie! This delicious mashed banana is just for you, my little one. It's so soft and tasty, and it's packed with all the good stuff to help you grow strong and healthy!""","""Look, sweetie, there's a cuddly cat with soft fur and paws! Its whiskers are tickling and it's purring like a little engine. The cat's meow is the best song ever, isn't it?""","""Look at the cute, fluffy cat! The cat is meowing and purring, and it has soft, white fur. Want to pet the cat and see its little paws?""","""Look at that cute puppy, little one! It's a soft, fluffy dog with a big, waggy tail. Can you say 'doggie'? Good job! Dogs are friendly animals that like to play and cuddle.""","""Look, sweetie, this big, beautiful house has a red door and green grass outside. Can you find the windows that let the sunshine in?""","""Look at the shiny red car, sweetie! Can you say 'car'? It's a fast, cool car that goes 'vroom' when we pretend to drive it!""","""Look at all those bright, happy toys, sweetie! The teddy bear has soft fur and can hug you tight. Want to give it a gentle pat?""","""Look, little buddy! This is a cute bunny; it hops and eats green grass.""","""Hey sweetie, we're family! Mommy and Daddy, and you, my little buddy, are all my favorite people. We love you so much!""","""Look at the big, shiny car, sweetie! It's red and has wheels to roll and a roof to keep us cozy. The driver inside is driving us to the park so we can play and have fun!""","""Hey there, little buddy! You know who's really special in our family? That's right, it's your mommy and daddy, and we love you so much, just like our favorite ice cream!""","""Look at the fluffy bunny hopping around! It's so cute and soft, isn't it? The bunny is eating carrots and playing with its friends.""","""Look at the yummy apple, sweetie! It's red and round. Eat it, and it'll make your tummy happy and strong!""","""Look, sweetie, this big red car with the shiny bumper and the round wheels. It goes vroom-vroom when the grown-ups drive it. Isn't it exciting to imagine going on a fun car ride with mommy or daddy?""","""Hey there, sweetie! Look at the big, beautiful house where we live. See all the windows and doors? They let the sunshine in and keep us safe. Isn't it fun to play hide and seek in our cozy house?""","""Look, sweetie, there's our house! It's a big, cozy place where we live together, with a roof on top to keep us dry and windows to let in the sunshine!""","""Look at the yummy-looking apple, sweetie! It's red and crunchy, and it's perfect for taking a big bite!""","""Look at the fluffy cat, sweetie! It's purring and cuddling, just like your soft blanket. Isn't it a little ball of fur?""","""Look, little one! This beautiful bird is flapping its wings so fast, it's like it's saying 'hello' with its arms!""","""Look, sweetie, there's a fluffy dog wagging its tail, and it's saying 'woof woof'! Can you say 'woof' with me, darling?""","""Look at the cute little dog, sweetie! Want to say 'woof woof' with me? See how its tail wags and its ears perk up when it sees you!""","""Look at the shiny, bright red car, sweetie! It's going to take us on a fun ride to the park!""","""Look at that friendly dog, sweetie! The fluffy furry friend is bouncing and wagging its tail. It's happy to see you, and it wants to give you a big, warm, wet doggie kiss. Isn't that the cutest thing? Let'","""Hey sweetie, can we talk about your family? You have your mommy and daddy, who are like superheroes for you, and you have your little brother or sister who needs you to play with them and share your toys. You also have grandma and grandpa, who are","""Look at the big house, sweetie! It has many rooms where we can play and sleep. Inside, we can find colorful furniture, soft pillows, and lovely pictures on the walls. Let's go explore our magical home together!"""
"""Look, sweetie, there's a fluffy dog wagging his tail happily, just like when you wag your little tail!""","""Look at the cute dog, little one! See how it wags its tail and barks when it's happy. Isn't it adorable? The dog is like a big, furry friend who loves to play and cuddle. Let's give it a gentle pat","""Look at the cute dog, sweetie! This fluffy pup wags its tail and barks like a big, friendly dog. Isn't it adorable?""","""Look, sweetie, the yummy, colorful fruit! We're going to take a big, delicious bite together!""","""Look at the cute little kitty, it's purring and cuddly, and when it meows, it says 'meow, meow.'""","""Look at that cute, fluffy kitty cat with soft whiskers and a pink nose. Do you see how it's playfully chasing its tail? Want to say 'meow' like the kitty?""","""Look at the fluffy dog, sweetie! The dog is so cute and wagging its tail happily.""","""Look at the big, beautiful house with a red roof, little one! See how the windows are like shiny eyes, watching over us. Inside, there are fluffy pillows and soft beds to sleep on. Isn't that a lovely home for us?""","""Look at the shiny car, little buddy! It's bright red, just like the juicy apple we had yesterday. Can you say 'car'? Great job! The car's wheels spin fast, just like when we spin the toy top! Isn't it exciting?""","""Look at those bright, colorful toys! The big red truck is going to play with the tiny blue car. Would you like to touch them? They are soft and safe to hold!""","""Look at that fluffy bunny hopping around! It's so soft and cute, let's give it a little hug from here!""","""Look at those big smiling faces, sweetie! They're your family. Your mommy and daddy love you so much, just like we love you!""","""Come here, sweetie! Look at the big, red car with the shiny wheels. It goes 'vroom, vroom' when we pretend to drive it. Do you like the car? Can you say 'car' with me?""","""Look at our family, sweetie! We are a team, just like your favorite superheroes. We have mommy, daddy, grandma, and grandpa, all working together to keep you safe and happy.""","""Look at that cute little puppy! Its fur is so soft and fluffy, just like a cloud. Oh, and look at those adorable kittens playing together. They're pouncing and rolling around, just like they're having a big, fun party. Isn'","""Look at this yummy apple! It's red and crunchy. Can you say 'apple'?""","""Look at the big, shiny red car! Can you say 'car'? It's a wonderful vehicle that takes us on fun rides and helps us go places!""","""Come here, sweetie, let's go inside our cozy house, where we have a lovely bed to snuggle up in, a fun kitchen where we can make yummy snacks, and a bright living room full of toys to play with!""","""Hey sweetie, let's look around our home! See those big pillows on the couch? That's where we snuggle up for reading time. Look at those pretty flowers on the table. Mommy and Daddy always put them there to make our home pretty, just like","""Look at these yummy, juicy, red strawberries! They are so sweet and soft, and they make your mouth water. Would you like to take a big, delicious bite?""","""Look, sweetie, there's a fluffy, cute kitty cat playing with a ball of yarn. See how it's purring and snuggling? Cats are so soft and cuddly, aren't they?""","""Look, sweetie, there's a pretty bird flying in the sky! It's soaring high with its colorful wings and chirping songs.""","""Look at the fluffy dog, sweetie! It's wagging its tail and wants to play. Want to say hello to the furry friend? Let's give it a gentle pat.""","""Look at the big, fluffy dog wagging its tail and barking happily!""","""Look at the big, red car, sweetie! It's zooming down the road with loud, funny sounds. Isn't that exciting? Let's point to the car together!""","""Come here, sweetie, let's play with your soft and cuddly dog. Look at his wagging tail and listen to his happy barks!""","""Hey there, sweetie! Can you tell me about the people we love who make us feel happy, like mommy and daddy, and your big brother, and all the fun times we share with them?""","""Look at our big, cozy house with the blue roof and pretty flowers on the front, sweetie! Let's go inside where the yummy smells are, and I'll read you a story about our lovely home."""
"""Look at the fluffy, friendly dog, sweetie! The dog is wagging its tail and has soft, brown fur. Let's go say 'woof woof' together, okay?""","""Look at the fluffy, cute dog, little one! See how he wags his tail when he's happy? Isn't he the cutest furry friend? Let's pet him gently, just like mommy and daddy do.""","""Look at the fluffy dog, little one! Its soft fur is so nice to touch and see. The dog is barking, and it wants to play with us, isn't it fun?""","""Sweetie, you're going to love this! Look at these big, juicy, red apples. They're so yummy, and I'm going to give you a little bite to try. Isn't it amazing how crunchy they are? Yum, y","""Look at the cute, soft, fluffy cat! Can you say 'cat'? C-a-t, cat!""","""Look at the fluffy, cute cat, little one! It's playing with the ball of yarn. See how it's purring softly? Isn't the cat so lovely and fun to watch?""","""Look at the fluffy, friendly dog, sweetie! It's wagging its tail and wants to play with you!""","""Look at the big, beautiful house, sweetie! It has a red roof, blue windows, and a green door. Isn't it the prettiest house you've ever seen?""","""Look at the big, red car with the shiny wheels, little buddy! It's going to zoom by with a loud honk and make us laugh with its funny shape!""","""Look at all these bright, colorful toys! The teddy bear is soft and cuddly, the blocks are for stacking, and the puzzle pieces fit together like a puzzle, sweetie.""","""Look, little one! There's a fluffy bunny hopping in the garden. Want to say 'bunny' with me?""","""Look at our happy family, sweetie! Mommy and Daddy love you, and we're all together, just like this!""","""Look at the big, red car! It's so shiny and smooth, like a big, round candy. The car goes, vroom vroom, and it takes us on fun rides to the park or the grocery store. Isn't that exciting, sweetie?""","""Look, sweetie, that's Mommy and Daddy, your family, smiling and holding hands. They're your loving parents who always take care of you!""","""Look, sweetie, see the fluffy bunny hopping around? Can you say 'bunny'? Bunnies love to hop and eat carrots!""","""Yummy apple, sweet and crunchy, let's eat!""","""Look at the big, red car, sweetie! It's going to drive us to the park where we can play on the swings and slide!""","""Come here, sweetie! Let's explore our lovely home together. See these cozy pillows? And these bright, sunny windows? We can count the pretty flowers outside and play with our colorful toys inside.""","""Come here, little buddy! Let's look at the pretty house with the big, red roof and the blue windows. Can you find the yellow door? Good job! That's the door we use to go inside and outside.""","""Sweetie, look at these colorful veggies on your plate! They make you strong and healthy. Yum, let's eat our carrots and peas together!""","""Look at the fluffy, cute kitty cat! The kitty is soft and purring, and its whiskers are ticklish!""","""Look at the pretty birdie! It has feathers that are all different colors, like a rainbow. The birdie can fly high up in the sky and sing beautiful songs for us to hear.""","""Look at the cute little dog, sweetie! It's barking and wagging its fluffy tail to show it's happy and playful. The dog is so friendly, just like you!""","""Look at the fluffy doggy, little buddy! The doggy is wagging its tail and barking happily. Want to pet the doggy and make it wag its tail even more?""","""Look at the big, shiny car! Can you say 'car'? This car is for taking us on fun rides, just like the ones we see in cartoons!""","""Look at the fluffy, happy dog! He's wagging his tail and wants to play with us. Isn't he cute and cuddly?""","""Hey there, sweetie! Your mommy and daddy are your best friends, and they love you lots. You have a big, fun family that always makes you smile!""","""Come here, sweetie, let's walk through our lovely house. See the big, cozy bed where we sleep? And look at those colorful walls, they're so pretty! Can you find the yummy breakfast on the table? And don't forget to smile at Mommy"
"""Look at the cute fluffy dog, sweetie! The dog is wagging its tail because it's happy. The dog's ears are floppy and it loves to play with you.""","""Look, sweetie, there's a cute little dog over there with soft fur and floppy ears. It's wagging its tail because it's happy to see you, just like when we see mommy and daddy!""","""Look at the cute little dog, sweetie! The dog is wagging its fluffy tail because it's happy to see you!""","""Look at these bright, colorful fruits and veggies! These are yummy foods that help us grow big and strong!""","""Look, little one, this fluffy and soft furry cat is playing with its toys. It's so cute, isn't it?""","""Look at the fluffy, soft cat with paws like little mittens! Can you say 'cat'? Meow, meow, cat!""","""Look at the cute little dog! See how it's wagging its fluffy tail and running around so joyfully. The dog is having so much fun playing with its toy. Isn't that adorable?""","""Hey there sweetie, look at this big, beautiful house! It has many rooms with lots of colors, and we have our own cozy little bedroom in one of them. Would you like to count the windows and doors with me?""","""Look, sweetie, that big, shiny car is zooming down the road, going so fast! Let's say 'car' together, C-A-R. Wheels are rolling, wheels are rolling, and the car is making a happy sound as it goes by!""","""Look at all these soft, fluffy teddy bears waiting for you to play with them! Would you like to choose one and cuddle it together?""","""Look at the cute little puppy, sweetie! Its soft fur is so fluffy, just like your blanket.""","""Look, sweetie, mommy and daddy are your family! They love you lots and lots!""","""Look at the big, shiny car, sweetie! It's red like a firetruck and it can take us on fun adventures to the park or the zoo!""","""Look at our family, sweetie! Mommy and Daddy are your loving parents, and you're our precious little sibling, joining us together in this big, wonderful world!""","""Look at the cute little kitty cat! It's soft and fluffy. The kitty cat says 'meow' and loves to play with yarn balls. Let's watch the kitty cat and say 'meow' together!""","""Look at this yummy apple, sweetie! It's so crunchy and tasty. Do you want to take a bite and see how it feels?""","""Come here, sweetie! Look at this big, shiny car! See how it moves? Look at the wheels turn, spin, and roll. Isn't it fun to watch?""","""Look, sweetie, here's our cozy house with a red door, a big yellow sun, and a green grassy yard where we play and have fun!""","""Come here, sweetie! Let's look at our cozy house with the blue roof and yellow door. See how the windows let the sunshine in? Our house is like a big, warm hug for us.""","""Look at the yummy fruit, sweetie! It's juicy and bright red, just like your favorite storybook!""","""Look at the fluffy, cute cat, little one! Its soft fur is so warm, and it's purring softly. Cats like to chase little balls, and they're good friends for us. Isn't it wonderful to see such a happy and friendly cat?""","""Look at the beautiful bird! It's singing and flapping its wings, just like when you play with your toy airplane. Isn't it a happy little bird up in the sky?""","""Look, sweetie, this is a fluffy dog! It's wagging its tail and has soft fur. Can you say 'dog'? Good job! Dogs are very friendly and love to play with us.""","""Look at that cute little puppy, sweetie! The puppy is bouncing around like a playful bouncy ball, wagging its fluffy tail and having so much fun with its furry friends.""","""Look, sweetie, there's a big, shiny car. The car has four wheels and helps people go places. It's red and yellow, like a sunflower!""","""Look at the fluffy, friendly dog wagging its tail! He's a big, playful, cuddly furry friend for you to say 'hello' to.""","""Look at the smiling faces, sweetie! These are your family members, mommy, daddy, and your big brother, Jack. They love you very much and always make you feel safe and happy.""","""Come here, sweetie, let's go look at the pretty house with the colorful walls and the cozy bed where mommy and daddy sleep!"""
"""Look, sweetie, there's a fluffy dog! The dog is wagging its tail, and it's very happy to see you!""","""Look at the fluffy dog, sweetie! The dog wags his tail and loves to play with you.""","""Look at the fluffy dog, sweetie! The dog is wagging its tail and barking, isn't it? Let's say 'dog' together, and you can even try to pet it gently, just like mommy and daddy do with our cuddly","""Look at the yummy, colorful apple, sweetie! It's so juicy and ripe, ready to be our healthy snack today.""","""Look, little one, this fluffy furry friend is called a cat. See how it purrs when you pet it? Cats are very cute and like to play with little toys. Can you say 'cat'?""","""Look, little one, there's a soft, furry cat with pointy ears and a cute little tail. The cat is purring and playing with a ball of yarn. Isn't it so fluffy and adorable?""","""Look at the fluffy dog, sweetie! See how it wags its tail and licks your face. Isn't it the bestest friend ever? Let's go give it a big, friendly hug, okay?""","""Look at the pretty house with the blue roof and the big red door! The windows let in the sunshine and the flowers in the garden are so pretty, let's go see them together!""","""Come here, sweetie, look at the shiny, red car! It's big and strong, and it goes 'vroom-vroom' when it moves.""","""Look at these colorful blocks, sweetie! You can stack them up and build a tower so tall, you can wave to your teddy from the top!""","""Look at the cute puppy wagging its tail, little buddy! See how it loves to run and play with the soft, fluffy balls!""","""Oh look, sweetie, there's Mommy and Daddy. They love you so much and are always there to take care of you and keep you safe.""","""Look at the big, shiny car! It's so cool! The car has four wheels, just like your toy car. It goes 'vroom' when we turn it on. Isn't that fun? The car takes us places, like to the park, just like we go on","""Hey sweetie, do you remember mommy and daddy? They're your superheroes, always there for you and giving you love. You know, they're just like you, with big hearts and lots of love to share!""","""Look at the fluffy bunny hopping around, little buddy! Can you see its soft ears and cute little nose?""","""Look, sweetie, we're going to have some yummy peas. They're tiny green treats that help you grow strong and healthy. Let's give them a big chew!""","""Look, sweetie, there's a shiny, red car! It's going to zoom by and honk a funny beep sound to say hello!""","""Come here, sweetie! Let's look at our cozy, colorful house with its lovely windows and a big, beautiful door. Inside, we have a soft, fluffy carpet, lots of toys to play with, and a yummy kitchen where we cook delicious snacks","""Come here, sweetie! Look at our cozy, comfy house with a big, beautiful red door and a lovely, friendly porch where we sit and read stories together!""","""Look at this yummy apple, sweetie! It's so crunchy and juicy. Let's say 'apple' together and eat it slowly to enjoy every bit.""","""Look at the cute little cat, sweetie! The cat has soft fur and loves to play with yarn and chase butterflies. Isn't it purr-fect?""","""Look at that beautiful bird with its colorful feathers, little buddy! It's singing a lovely song for us to hear.""","""Look at the fluffy, friendly dog, little one! He's wagging his tail because he's so happy to see you!""","""Look, sweetie, there's a big, fluffy dog! Woof woof! He's wagging his tail because he's happy to see you!""","""Look at the shiny, red car! It's so pretty with its round windows and big, friendly wheels. Let's say 'car' together, C-A-R! Can you say car too? Great job! The car is ready to go on a fun ride with mommy or","""Look, sweetie, there's a fluffy dog! Its name is Sparky, and it's wagging its tail because it's happy to see you.""","""Hey there sweetie, it's time to say hi to our lovely family! Remember, Mommy and Daddy are your parents, and you have a fun little brother or sister to play with. They are very special and love you so much!""","""Hey there, sweetie! Come on, let's go visit our beautiful home. Look at our cozy bedroom with the soft pillows, our yummy kitchen with all the tasty snacks, and our lovely living room where we play with our toys. Isn't it"
"""Look, sweetie, there's a cute, cuddly puppy with soft, furry, brown fur and tiny, little paws. The puppy has a big, waggy tail and a happy, friendly smile. Can you say 'woof woof'? Let'","""Look, sweetie, there's a cute, fluffy dog wagging its tail happily. Isn't it so adorable?""","""Look at the fluffy dog! It's wagging its tail and wants to play. Let's say 'woof woof' together and give it a gentle pat.""","""Look, sweetie, these are some yummy, colorful veggies! Yum, yum, let's try some mashed carrots and sweet peas!""","""Look, sweetie, there's a cute little cat! Can you say 'cat'? C-A-T, c-a-t, cat! The cat is soft and fluffy, and it likes to purr when you pet it. Want to see if we can","""Look at the fluffy, soft cat, kitty! The cat has soft fur and pointy ears. Let's say 'meow' together, like the cat says.""","""Look at that fluffy dog, sweetie! The dog is wagging its tail and barking happily. The dog's name is Buddy and he's so cute!""","""Look at the big house with lots of rooms, sweetie! See how the windows let the sunshine in and the door lets us go inside for snacks and fun!""","""Look at the big, red car, sweetie! The wheels are round and it goes vroom vroom, zooming down the road!""","""Look, sweetie, here's your soft teddy bear. Want to give him a big hug?""","""Look at the fluffy bunny hopping around in the garden! Isn't it hoppy and cute?""","""Look at Mommy and Daddy holding hands, sweetie, they love you very much and are your family who always take care of you.""","""Look, sweetie, this big and shiny car can take us on a fun ride, just like mommy and daddy do, and it goes 'vroom' when it moves fast.""","""Hey sweetie, guess what? Mama and Dada are your favorite people in the whole wide world! They love you more than anything, and they're always there to play and cuddle with you. You're their little sunshine, and they're so proud to be","""Look at the cute little kitten, little one! She's a tiny fluffy ball of purring joy. Can you say 'kitten' with me?""","""Look at the yummy carrots, sweetie! Crunch crunch, they're so good for your eyes. Let's eat them together!""","""Look at the big, shiny car, sweetie! Can you say 'car'? The car takes us on fun rides to the park or the store.""","""Look at our cozy house, sweetie! It's where we have our bedroom, a big kitchen for yummy breakfast, and a playroom full of fun toys!""","""Come here, little one! Look at our big, beautiful house with a red door and pretty windows. We can play in the living room and the kitchen, and sleep in the cozy bedroom with your favorite stuffed animal.""","""Hey there, sweetie! Today we're going to eat some yummy, healthy food that will make you strong and happy!""","""Look at that fluffy, cuddly cat, sweetie! The cat's soft fur is like a blanket made just for you. Its bright eyes are so big, and it's purring because it's happy to see you!""","""Look, sweetie, that beautiful bird with its colorful feathers and melodic song is called a parrot!""","""Look at the fluffy dog wagging its tail happily. Its soft fur feels so nice to touch, just like your favorite teddy bear.""","""Look at the fluffy, playful dog wagging its tail and ready for a fun game of fetch with you, little one!""","""Look at the big, shiny car, sweetie! It's so cool and loud, like a big, happy roar!""","""Look, sweetie, this is a dog! It's called a pup. The pup is wagging its tail because it's happy and wants to play with you!""","""Hey there, sweetie! It's time for our family picture, where mommy and daddy and little brother are all smiling together. Let's wave and take a beautiful family photo, okay?""","""Come here, sweetie! Look at this big, beautiful house with a red roof. It has a big front door, a cozy bedroom with your favorite toys, and even a kitchen where we can make yummy snacks together."""
"""Look at the cute, furry dog, sweetie! It's wagging its tail and barking happily. Can you say 'woof woof' with me?""","""Look sweetie, there's a cute dog, a furry friend with big, waggy tail. It's so happy and playful, wagging its tail for you, just like when you smile and giggle!""","""Look at the cute puppy, little buddy! The little furry friend is wagging its tail and playing with a ball of yarn. Isn't it adorable?""","""Look at these yummy, bright red strawberries! They're sweet and soft, just perfect for your little mouth to explore. Yummy strawberries!""","""Look, sweetie, this is a fluffy, cuddly cat! The cat's soft fur is as white as snow, and its big, round eyes are like twinkling stars. Oh, the cat's paws are as tiny as your little fists, and it says","""Look at the fluffy cat, sweetie! Its soft fur is as white as snow and it has pointy ears just like your mommy's. Isn't it cute?""","""Look at that adorable fluffy puppy, sweetie! It's a cute little dog, isn't it? Want to say 'woof woof' with me?""","""Hey sweetie, look at the big house we live in! It has a red roof, a green door, and it's filled with love just like mommy and daddy.""","""Look at the big, shiny car with the bumpy top and the windows! It's going to take us for a ride around the park!""","""Look at all the colorful blocks, sweetie! Let's stack them together and see how high we can make our tower!""","""Look at the fluffy bunny hopping around, little one! See how it hops and hops? Bunnies love to hop!""","""Look, sweetie, there's your mommy and daddy, and you have a big sister, Sarah! They love you so much and are always here to hug you and play with you!""","""Look, sweetie, there's a big red car! Can you see the shiny wheels and the colorful paint? The car needs to eat gasoline to go zooming down the road. Let's wave to the car together!""","""Look at all the lovely family members we have, sweetheart! There's Mommy, Daddy, and your big brother and sister, waiting to play and love on you. We're a big, happy family together, just like you!""","""Look at the cute little puppy! Puppies are so playful and fun. They love to run and play fetch with their owners. Just like how you love to play with your toys!""","""Look at the yummy apple, sweetie! It's so crunchy and juicy, just like a little red treasure. We're going to slice it and make a pretty apple pie together!""","""Look at the big, red car! It's shiny and goes zoom zoom when we drive!""","""Look at the big, cozy house with the shiny blue door and the pretty flowers outside. Inside, there's a comfy bed for us to sleep in, and a kitchen where yummy snacks are made. Let's go explore the fun house!""","""Come here, sweetie! Let's go inside the big, warm house where we have cozy beds, yummy snacks, and fun toys to play with!""","""Sweetie, look at these yummy carrots and juicy grapes! They're so good for your eyes and they taste like sweet little bites. Let's eat them together, okay?""","""Look at the fluffy, cute cat, sweetie! The cat is soft and cuddly, just like your teddy bear, and it loves to play with yarn and chase butterflies. Isn't that funny and cute?""","""Look at that beautiful bird, sweetie! Its feathers are so soft and pretty. Can you hear the little chirping sounds it makes? Birds are such amazing creatures, aren't they?""","""Look at the fluffy, friendly dog, sweetie! He's wagging his tail because he's happy to see you!""","""Look, sweetie, there's a friendly dog wagging its tail and barking. Can you say 'dog'? Good job! Dogs are fluffy, fun, and love to play fetch with their toys.""","""Look at the big red car, sweetie! It's ready to go on a fun ride with mommy and daddy!""","""Look at the fluffy dog, sweetie! The dog has soft fur and wags its tail when it's happy to see you.""","""Hey there, sweetie! Let's talk about our family, the people we love. Mama and Dada are your superhero parents who always keep you safe and sound. They love you so much, just like I do. You have a big brother or sister who is so much fun to","""Look at our beautiful house, sweetie! It has a cozy living room, a yummy kitchen, and a big, soft bed for sleeping. Let's go inside and play together!"""
"""Look at the fluffy, cute puppy! The dog is wagging its tail and it's so soft and cuddly.""","""Look sweetie, see that fluffy dog wagging its tail, and oh, how happy it looks when it sees you!""","""Look at the cute dog, sweetie! He's wagging his fluffy tail and licking his sweet little paws. Isn't he adorable?""","""Look at the yummy, ripe, red apple, sweet little one! You can see it's shiny and juicy, ready for your little hands to explore and touch!""","""Look at the cute, fluffy cat! The cat is purring and playing with a ball of yarn. Isn't the cat adorable?""","""Look at the fluffy, cute cat, little one. See how it's purring? The cat has soft fur and loves to play with yarn.""","""Look, sweetie, this is a dog. A dog is a furry friend who loves to play and snuggle. They have soft, wagging tails and love to bark, woof, woof!""","""Hey there, sweetie! Look at this big, beautiful house with a big, bright door. See the windows? They let the sunshine and rainbow colors come inside and make everything bright and happy. And look at the door! We open it with our hands, and we walk inside to find","""Look at the big, red car zooming by! Isn't it pretty? Let's go play with your toy car, sweetie!""","""Look at those colorful blocks, sweetie! They're so pretty. Let's pick one and build a tall tower together!""","""Look at the cute little puppy! It's a fluffy ball of fur that loves to play and cuddle. Can you say 'puppy'?""","""Sweetie, mommy and daddy love you very much, and we're all a part of our big, happy family!""","""Look, sweetie, this big red car is zooming down the street, and the wheels are turning, making a happy, beep-beep sound. Isn't it exciting, little buddy?""","""Come here, sweetie! I'm going to show you our family photo album. Look, there's Mommy, Daddy, Auntie Sarah, and your little cousin, Jake. Isn't it wonderful to see how we're all so special together?""","""Look at the cute bunny hopping over the grass, isn't he hopping so fast? Let's say 'hopping' together, 'hopping'!""","""Hey sweetie, look at this yummy apple! Can you help me take a big, juicy bite?""","""Look, sweetie, here's a big, red car! The car is so shiny, and it has wheels that help it go really fast. The driver sits inside, and they use the steering wheel to turn and drive on the road. Isn't the car pretty? Would you","""Hey sweetie, do you see our big, cozy house? It's where mommy and daddy live, and it's full of fun toys, soft beds, and yummy snacks. Isn't it wonderful?""","""Look at our beautiful house, sweetie! See how big and cozy it is? Let's go inside and explore our lovely home together!""","""Hey there, little one! Look at all the yummy fruits and veggies on your plate! These bright red apples and juicy oranges will make your tummy happy. Don't forget your crunchy carrots and leafy greens. Yummy, yummy,","""Look, sweetie, there's a fluffy cat! It's so soft and cuddly, just like a big, purring, furry ball. The cat has pointy ears and twinkling eyes, and it's super playful and likes to chase","""Look, sweetie, there's a little birdie! It's chirping, wiggling its wings, and flying up high in the sky. Isn't it fun to watch the birdies dance?""","""Look, sweetie, that cute little dog is wagging its fluffy tail because it's so happy to see us!""","""Look at the big, fluffy dog, sweetie! He's a friendly, gentle puppy who loves to play and cuddle. Do you want to give him a gentle pat?""","""Look at the big, red car! It's so shiny and fast. See how it goes 'vroom, vroom' when it moves? The car's wheels are round and strong, helping it roll on the road. Isn't the car so pretty? Let's watch it","""Look at the big, furry dog, sweetie! He's wagging his tail and wants to play. Let's say hello to him!""","""Look at our family, sweetie! Mommy and Daddy are your two superheroes, and look, there's Auntie Sue and Uncle Joe, too. You have a whole team of people who love you and will always be there for you!""","""Look at the big, pretty house with a red roof and a friendly door. Let's go inside and see the soft, fluffy carpet and the cozy, warm bed!"""
