3 Months,6 Months,9 Months,12 Months,15 Months,18 Months,21 Months,24 Months,27 Months,30 Months,33 Months,36 Months,39 Months,42 Months,45 Months,48 Months,51 Months,54 Months,57 Months,60 Months,63 Months,66 Months,69 Months,72 Months,75 Months,78 Months,81 Months,84 Months
"""Look at the little bunny, hopping around. Bunny, bunny, see the bunny hopping!""","""Look at the big, shiny car with the windows and the wheels that go 'vroom vroom' when it moves, sweetie. It's going to take us on an exciting ride today, isn't it?""","""Look at this big, beautiful house where we live. It has a cozy bed for you, a soft carpet for your little feet, and colorful toys to play with. Isn't it amazing that we have this lovely home together?""","""Look at those bright, colorful toys, sweetie! They're so fun to play with. Let's reach for them together!""","""Look at the cute kitty cat! Meow, meow! The fluffy furry kitty is purring and playing with the pretty ball.""","""Look, sweetie, there's a big, fluffy dog! Woof woof! He's wagging his tail because he's happy to see you. Do you want to say 'hello' to the friendly dog?""","""Look at the fluffy, purring cat! It's soft and cuddly, and it says 'meow-meow' when it wants to play with you.""","""Look at the cute little puppy, little buddy! Puppies are very friendly and like to play with toys.""","""Look at the fluffy bunny hopping by! See how it hops and nibbles on the green grass? The bunny is so cute and cuddly, just like your teddy bear!""","""Look, sweetie, this fluffy dog is wagging its tail because it's happy to see you!""","""Oh, look at all the fun toys! Let's play with the colorful blocks and the soft teddy bear!""","""Look at the fluffy bunny hopping around! Can you say 'bunny'? They're so cute and soft!""","""Hey sweetie, you know the people who love you like the sky loves the sun? They're your family! Mommy, daddy, and all your cousins are part of your big, happy family.""","""Look at the yummy carrots, sweetie! They are orange and crunchy, perfect for your little tummy!""","""Look at the fluffy, playful puppy! Wag your tail and say 'woof woof' with me, sweetie, and let's watch it run and play!""","""Look at all these colorful toys, sweetie! Your teddy bear has soft fur, and the blocks are just right for stacking, aren't they fun to play with?""","""Look at these bright, colorful toys! They're all yours to play with. Pick your favorite one, and let's have so much fun together!""","""Look, sweetie, this is a fluffy cat! See how it's purring? The cat is saying, 'Hello, I'm a friendly feline.' Would you like to pet the soft, furry cat?""","""Look, sweetie, this is a cute cat! It's a little furry friend with soft whiskers and a cute little meow when it wants attention!""","""Look at that cute fluffy cat, sweetie! The cat is purring and playing with its toy.""","""Come here, sweetie, look at the big, shiny car! It's so pretty, with its red paint and silver stripes. The car's wheels are round and smooth, like your little toy cars. Can you say 'car'? That's right, car! Let","""Look at the cute fluffy cat, little buddy! The cat is purring and wagging its tail. Want to give the cat a gentle pat, sweetie?""","""Look, sweetie, there's a playful puppy wagging its fluffy tail! It's a cute, little dog with soft fur and big, friendly eyes. Would you like to go say hello to the puppy?""","""Look at the cute kitty cat, sweetie! It's a fluffy furry friend that purrs and plays with yarn!""","""Look at the cute little cat, my sweetie pie! See how it's purring and waving its tail? Want to pet the soft, fluffy fur on its belly?""","""Look at that fluffy, playful cat, sweetie! It's purring and rolling around in the sunshine.""","""Look at our happy family, sweetie! Mommy and Daddy love you so much, and we're all here together, just like a big, warm hug!""","""Look at all these wonderful toys, sweetie! This cuddly bear can be your best friend for playing and snuggling, and this colorful ball will roll so fast when you throw it!"""
"""Look, little one, the fluffy bunny hops so fast, wiggly worm wriggles through the grass, and the chirpy bird sings a sweet song in the sky.""","""Look at the shiny red car, sweetie! It's going to drive you to the park where we can play with the other kids. Isn't that fun?""","""Look at the pretty house with a red roof and a blue door, little one. The windows let the sunshine in and the flowers outside are so colorful!""","""Look at the colorful toys, sweetie! Can you see the soft teddy bear and the shiny rattle? They're waiting for you to play!""","""Look, sweetie, here's a fluffy cat, a soft and cute furry friend who loves to purr and cuddle. See how it's playing with its toy? It's so cute!""","""Look at the fluffy dog, sweetie! The dog has soft fur and barks to say hello. Isn't he a happy and friendly pup?""","""Look, sweetie, there's a fluffy, soft kitty with whiskers and a tail wagging gently. The kitty is so cute and meowing softly. Let's give her a gentle pet and see how she purrs when we c","""Look, sweetie, that fluffy bunny is hopping happily in the grass, and see how the big brown dog is wagging its tail when it sees you!""","""Look at the bunny hopping, little one! See how it hops and hops? It's called a bunny, and it's so soft and fluffy, just like your favorite teddy bear.""","""Look at the cute dog, sweetie! The dog is wagging its fluffy tail and wants to play with you.""","""Look at those colorful toys, sweetie! Can you see the soft teddy bear and the shiny, squeaky robot?""","""Look at the cute little puppy, sweetie! The puppy's soft fur is all wagging its tail, and it's so happy to see you. The puppy says 'woof' when it wants your attention!""","""Oh, sweetie, look at your mommy and daddy hugging. They are your special family who always love you very much.""","""Look at those bright red tomatoes, little buddy! They're yummy and good for your tummy. Want to help me make a tasty tomato sandwich?""","""Look at that friendly dog, sweetie! It's wagging its tail to show us it's happy and wants to play.""","""Look at those colorful blocks, sweetie! They're shaped like different animals, and you can stack them up to make a tall tower. What do you think you'll build first with your tiny hands?""","""Look at those colorful blocks! They're so much fun to stack and play with, aren't they, sweetie?""","""Look at the fluffy, cute cat playing with a ball of yarn. Isn't she soft and pretty? She's purring and napping in her cozy bed. Can you say 'cat'? Great job! The cat is sleeping now, but she'll w","""Look at the fluffy, cute cat, sweetie! It's purring softly and wagging its tail happily, just like a big, friendly teddy bear!""","""Look at the cute little kitty, sweetie! The kitty has soft fur and fluffy tail. Can you say 'kitty'? Meow! Kitty is purring. Want to pet the kitty gently? Let's give it a","""Look, sweetie, this is a car! It has wheels to roll on the ground, and it takes us from one place to another. Isn't it cool how it moves, just like when we play with your toy cars?""","""Look at the cute little kitty cat! See how it purrs and plays with yarn? Want to play with the kitty and make it happy!""","""Look, little one, this is a dog! It's so fluffy, isn't it? The dog is wagging its tail because it's happy to see you. See how it licks its paws? Let's go pet the dog gently, okay?""","""Look at the fluffy cat, sweetie! It's purring and playing with its favorite toy, the soft, colorful ball.""","""Look at the fluffy, soft cat. Its fur is so soft, like a blanket, and it's purring because it's happy and content.""","""Look at the fluffy, playful cat with pointy ears, sweetie! It's soft and cuddly, and it's called a kitty. Kitties like to purr and chase little toys!""","""Hey there, sweetie! Let's talk about our family. We have Mommy, Daddy, and your big brother or sister. They love you very much and play with you every day. Isn't that nice? Family means we're all together, sharing love and fun!""","""Look at all these bright, fun toys, sweetheart! Let's play with your favorite teddy bear together, shall we?"""
"""Look at the cute little kitten! The kitten is soft and fluffy, just like a tiny, purring ball of fur. Isn't it cuddly? We can pet it gently.""","""Look at the big, red car! It's going so fast, waving its arms up and down. See, the car is driving on the road, and it's making funny noises as it moves. Isn't it exciting to see the car go by?""","""Look at the big, cozy house we live in, sweetheart. The house has a red door, windows, and a beautiful garden for us to play in together. Isn't that lovely?""","""Look at these soft, colorful toys! They're all so cuddly and fun for you to play with!""","""Look at the fluffy cat, sweetie! It's purring and meowing, wiggling its tail and playing with a yarn ball. Isn't that adorable?""","""Look at that adorable puppy, sweetie! Want to say 'woof woof' like the dog? Dogs are so cute and friendly, just like your teddy bear. Let's play with the puppy together, okay?""","""Look at the fluffy, cute cat. Its paws are soft and cute. Can we say 'meow' together?""","""Look, sweetie, see the fluffy bunny hopping over the grass. Can you say 'bunny'? Good job! The bunny is so cute and soft.""","""Look at the bunny hopping so fast, little one! Can you say 'bunny'? Hopping rabbits are so cute, aren't they?""","""Look at the fluffy, cute dog! Want to see his waggy tail? He's so friendly, and he loves to play with you.""","""Look at all these colorful blocks, sweetie! Want to build a tower together with me?""","""Look at the fluffy bunny hopping around, little one! Bunnies are so soft and cute. Can you say 'bunny'? They love to eat carrots and hop really fast.""","""Look, sweetie, this is your mommy and daddy, they're your family, and we all love you so much!""","""Hey there, sweetie! Look at these yummy, colorful fruits and veggies. They're so good for you and make you strong! Can you say 'apple'? That's right, apple! And don't forget to take small bites, okay? We want","""Look at the fluffy, waggy tail of the dog, sweetie! It's so happy and wants to play with us!""","""Look at all these lovely toys, sweetheart! Your favorite teddy bear is here, and the colorful blocks are ready for stacking. Let's play and have so much fun together!""","""Come on, sweetie, let's play with your colorful blocks and soft teddy bear. You can stack them up high and cuddle your teddy while we giggle and have fun together!""","""Look at the fluffy, cute cat with pointy ears and a twitchy tail, little one! Isn't it soft and snuggly like your favorite stuffed toy?""","""Look at that fluffy cat, sweetie! Its soft fur is as white as snow and its eyes are like bright, sparkly stars. Isn't it cute?""","""Look at the fluffy, cute cat, little one! The cat is purring, wagging its tail, and playing with its favorite toy mouse. Isn't it so soft and cuddly?""","""Hey there, little buddy! Look at the big, shiny car. It's ready to go on a fun ride, just like your toy car! See how it's moving? Wheels spin around, zooming down the street, just like your red race car!""","""Look at that cute little kitty cat! See how she's purring and playing with her fluffy tail? Cats are such soft and friendly animals, aren't they? Isn't she just a fluffy little ball of fun?""","""Look at the fluffy dog wagging its tail and barking happily, it's a funny little puppy!""","""Look at the fluffy cat, sweetie! The cat is meowing and purring, and its soft fur feels so nice to touch.""","""Look at the cute, fluffy kitty cat with pointy ears and soft paws. Its fur is as white as snow, and it meows softly. Would you like to pet its little tail and see it purr?""","""Look, sweetie, there's a fluffy cat with soft fur and tiny whiskers. She's purring and sleeping on the cozy blanket. Isn't she adorable?""","""Look at our big, happy family, sweetie! We have mommy, daddy, your little sister, and our furry dog. Everyone loves and cares for you.""","""Oh look, sweetie, there are so many fun toys here for you to play with! Would you like to grab that colorful puzzle or maybe stack those soft, cuddly blocks? Let's pick something to create wonderful playtime stories together!"""
"""Look at the fluffy bunny hopping, little one, it's so soft and cute, isn't it?""","""Look at the big, red car! The wheels are round and they go vroom-vroom when you push it!""","""Look at this pretty house with a big, colorful door. It's so tall, just like you! And see those windows? They're like your eyes, looking out at all the pretty things. Isn't this house amazing?""","""Oh, look at those bright, fun toys! Let's go and play with the soft, cuddly bear together!""","""Look, sweetie, there's a fluffy, cute, and cuddly kitty cat playing with a ball of yarn!""","""Look at the cute little dog wagging its tail, sweetie! The dog is so soft and fluffy, and its eyes are just like yours, full of love and happiness!""","""Look at the fluffy, cute cat! The cat is purring and playing with a ball of yarn. Isn't that adorable?""","""Look at the puppy, little one! It's so soft and fluffy, and it's wagging its tail to say hello!""","""Look, sweetie, this is a fluffy bunny, hopping around, eating carrots. Can you say 'bunny'?""","""Look at that fluffy, friendly dog wagging its tail, little one! The dog is wagging its tail because it's so happy to see you. Would you like to go pet the dog gently and say 'hello'?""","""Look at all these colorful toys! Want to play with the soft, cuddly teddy bear? It's so fluffy and sweet!""","""Look at the puppy, sweetie! The little puppy is playing with a big, fluffy ball. Isn't that fun? Can you say 'puppy'? Great job!""","""Look at the family picture, sweetie! Mommy, daddy, and baby siblings are all here, just like us, holding hands and smiling at each other.""","""Look, sweetie, we're going to have a delicious, yummy apple pie for dessert! It's sweet and crunchy, just like the crunchy carrots you love to eat!""","""Look at the cute fluffy dog, sweetie! The dog wags its tail when it's happy and likes to play fetch with us.""","""Look at all these wonderful toys, sweetie! You have so many fun things to play with today. Can you pick your favorite one and show it to me?""","""Look at all these cute toys! They're ready for some fun playtime. Let's pick our favorite toy and start having a blast!""","""Look at the fluffy cat, sweetie! The cat's soft fur feels so nice, just like when we pet our furry friend at home. Isn't the cat's meow so cute? It's like they're saying hello to us!""","""Look at the cute little kitty, little buddy! That's a fluffy, cuddly, purr-fect cat, isn't it? See how it's twitching its tail and kneading the soft blanket? Let's say 'meow","""Look at the fluffy, cute kitty cat, little buddy! The cat has soft fur and purrs when you pet it, and it's named Whiskers. Isn't that a funny name? Cats are so cuddly and cute!""","""Look, sweetie! This big, shiny car is ready to take us on a fun and exciting ride, just like the superheroes do in the movies.""","""Look at the fluffy, cute cat! It has soft fur, paws to play, and a tail that wags when it's happy. Do you want to say 'hi' to the friendly cat?""","""Look, sweetie, this is a dog! Woof-woof! Dogs are so fluffy and cute. They have big, floppy ears and wag their tails when they're happy. They like to play fetch and give us big, loving hugs.""","""Look at the cute fluffy cat, little one! The cat is playing with a ball of yarn, and it's so soft and cuddly, just like a teddy bear!""","""Look, sweetie, this fluffy, cute kitty is a furry friend. It's a cat, and it has soft, cuddly fur. Let's say 'cat' together and see it meow, do you know what a 'meow' sounds like","""Look at the fluffy cat, sweetie! The cat has soft fur and big, round eyes. The cat says 'meow' when it wants to play with you.""","""Look at all the loving people in our family, sweetie! We have mommy, daddy, your brother, and me. We all love you so much and always stick together, just like a big, happy family.""","""Look at all these amazing toys, sweetie! This soft teddy bear is so fluffy, just like a hug, and those colorful blocks are ready for you to build a fantastic castle!"""
"""Look at the cute little puppy, sweetie! The puppy is bouncing around, wagging its fluffy tail!""","""Look at the big, shiny car with the bumpy tires and the cool, red paint. It goes 'vroom' when you press the pedal. Isn't it funny how it looks like a big toy for us to play with?""","""Look, sweetie, this is our cozy home, where we play and rest. Can you see the pretty walls, the soft bed, and the yummy snacks on the table?""","""Look at these bright, fun toys, little one! We're going to play with them together!""","""Look at the fluffy, cute cat! See how it's purring and playing with a ball of yarn. Isn't it the cutest little furball?""","""Look, sweetie, this is a friendly dog! It has soft fur, big ears, and a wagging tail. Dogs are great pets and love to play with you!""","""Look at the fluffy, playful kitty with pointy ears and soft fur. Can you say 'cat'? Meow, meow, cat!""","""Look, sweetie, a little puppy is playing with a fluffy, brown ball in the yard. Isn't he so cute and happy?""","""Look at the big, fluffy bunny hopping over the grass, little one! It's hopping because it's so excited to find yummy carrots.""","""Look at the cute fluffy dog, sweetie! Its fur is soft and brown, just like a chocolate chip cookie. The dog is wagging its tail and it's saying 'hello' with its big, friendly eyes.""","""Look at the bright, colorful cars and soft, fluffy teddy bears. Want to play with them together?""","""Look at the fluffy bunny hopping in the meadow; it's so soft and cute!""","""Sweetie, you know how your mommy and daddy love you so much, right? They are like superheroes, always taking care of you and keeping you safe.""","""Look at these yummy, crunchy carrots! They're orange and squishy, and they're good for you, sweetie. Let's try some together, okay?""","""Look at that fluffy dog wagging its tail, little buddy! It's so cute and wants to say hello. Can you say 'woof woof' like the dog?""","""Oh, look at those cute little teddy bears! Want to play a game with them together? Let's go fetch them and give them a hug!""","""Look, sweetie, you have so many fun toys to play with! Let's choose a colorful teddy bear and a shiny, spinning top to start our playtime adventure!""","""Look at the fluffy cat, sweetie! Its soft fur feels warm and cuddly, just like a cozy blanket. The cat is purring, and that's its way of saying hello. Isn't it a lovely, purring little friend?""","""Look at the cute, fluffy cat, sweetie! Its fur is as soft as a cloud, and it's purring gently in its cozy bed. Isn't that cuddly little ball of fur adorable?""","""Look at the fluffy, cute cat, little one! See how it's playing with the ball of yarn? Wow, that's a purr-fect game!""","""Look at the shiny, big car! It's red and has wheels that help it move on the road. Isn't it amazing, little buddy?""","""Look at the fluffy cat, sweetie! It's a cuddly little kitty, with soft fur and big round eyes.""","""Look at the fluffy dog, sweetie! The dog is wagging its tail because it's happy to see you. Let's say 'dog' together. Dog. Good job!""","""Look, sweetie, this is a fluffy kitty cat with soft paws and a cute little nose, and it says 'meow' when it's happy!""","""Look at the cute kitty, sweetie! She has soft fur, paws, and a fluffy tail. Isn't she cuddly and fun?""","""Look at the fluffy, cute cat, sweetie! The cat's soft fur feels like a big, squishy cloud. Can you say cat?""","""Hey sweetie, you know who we are? We are your family! Mommy and Daddy are here, and we all love you so much!""","""Look at the pretty, shiny cars! Let's play with the bouncy ball, and the soft teddy bear for cuddles!"""
"""Look, sweetie, that fluffy bunny is hopping around, and it's so soft. Can you see the bunny? It's going to hop right over to you.""","""Look, sweetie, that big, shiny car with the bumpy seat and the soft air conditioner. It's going to take us on a fun ride, isn't it?""","""Come here, sweetie! Look at the big, comfy house where we live, with its warm windows and cozy rooms for us to play in together.""","""Look at the big, round ball, sweetie! See how it bounces up and down? It's so soft and squishy, isn't it? Let's play with it, and we can see it roll all around!""","""Look, sweetie, there's a fluffy, cute kitty cat! Meow, meow, isn't it adorable? The cat has soft fur and big, round eyes. Let's say 'meow' together!""","""Look at the fluffy, bouncy dog, sweetie! Isn't it wiggly and cute with its soft fur and big, friendly eyes? Want to give it a gentle pat?""","""Look at the fluffy, cute kitty cat, little one. See how it's purring and rubbing against your leg? Want to say 'meow' with me?""","""Look at the fluffy bunny hopping around! Can you say 'bunny'? Let's count how many bunnies we see!""","""Look at the cute little puppy, sweetie! It's wagging its fluffy tail and running around. Let's go say hello to the puppy together!""","""Look at the fluffy, wagging tail of the friendly dog! Isn't it wiggly and cute? Can you say 'doggie'?""","""Oh, look at all those beautiful toys, sweetie! You can play with the soft teddy bear, the shiny trucks, and the funny dinosaurs. Let's see if we can find your favorite car or maybe build a tower with the blocks!""","""Look at the bunny hopping, little buddy! It's so fluffy and cute, isn't it?""","""Hey sweetie, do you see mommy and daddy? They love you so much, just like I do! And look at your big brother, he's going to read you a story before bedtime. Isn't that going to be fun? Sweet dreams!""","""Look, little one, we're going to have yummy apple slices with a sprinkle of cinnamon, and it will make you so happy and strong!""","""Look at the fluffy, cute dog wagging its tail, little buddy! The dog's name is Spot, and it likes to play with your toy cars. Let's go pet Spot gently, okay?""","""Look at the big, red truck! See how it makes a fun, loud 'vroom' sound when you push it?""","""Look at all these bright and fun toys! Can you pick your favorite one to play with today?""","""Look at the fluffy, purring kitty cat! The cat has soft fur and loves to play with its yarn ball.""","""Look at that cute, fluffy cat! The cat is purring and playing with a ball of yarn. Isn't the cat soft and cuddly?""","""Look at the fluffy cat, sweetie! It's purring and playing with its yarn ball, isn't it cute?""","""Look at the big, shiny car! It's red and has four wheels to go zoom, zoom, zoom, around and around!""","""Look at the cute, fluffy cat, little one! It has soft fur and loves to play with yarn balls.""","""Look at the cute fluffy dog! Can we say 'woof woof' like they do? The dog has big brown eyes and a waggy tail!""","""Look at the cute kitty cat! It's a furry friend with soft whiskers and sharp little ears. Can you say 'cat'?""","""Look, little one, there's a fluffy, cute, and cuddly cat. Its fur is soft like a cloud, and its eyes are bright and shiny. Can you say 'cat'? Meow, meow!""","""Look, sweetie, this furry, cute little cat is playing with a ball of yarn. Isn't it fluffy and fun?""","""Hey sweetie, you know mommy and daddy are your family, right? They love you very much, just like I do!""","""Hey sweetie, you're going to play with your favorite toys now. Look at the big teddy bear, it's so fluffy, and here's the tiny little car, wow, it's so fast!"""
"""Look at the cute, fluffy bunny hopping around. Bunny's soft and hops fast, doesn't it? The bunny is so cute, it's hopping, hopping, hopping.""","""Look, sweetie, that big, shiny car is zooming by, honking softly like a friendly bunny saying 'hello'!""","""Look at the big, beautiful house with the red roof and colorful windows. Let's go inside and feel the soft carpet under our feet, and listen to the sound of the ticking clock on the wall.""","""Look at the bright, colorful toys! They're so fun and soft. Let's play together!""","""Look at the fluffy, cute kitty cat, little one! This furry friend has soft, pink whiskers and sharp, pointy ears. Its tail is long and curly, and it's purring in its sleep. Isn't it adorable?""","""Look at that cute little dog, sweetie! It's a friendly dog, wagging its tail. The dog is so soft and fluffy. Let's give it a gentle pat, okay?""","""Look at the cute little kitty cat, she's so soft and fluffy, and she likes to purr when she's happy and sleepy.""","""Look at the cute little puppy, sweetie! Puppies are furry friends that like to play and cuddle. Isn't he so soft and fluffy?""","""Look at the fluffy bunny hopping around! The bunny has soft, white fur and big, round ears. Can you say 'bunny' with me?""","""Look at the cute little puppy, sweetie! The puppy's wagging its tail and has soft, fluffy fur. It's so friendly and playful, just like you. Let's say 'dog' together, can you say 'dog'?""","""Hey there, sweetie! Look at all the colorful blocks we have. Let's build a tower together with your big, strong hands. You can use the red block, the blue one, and the yellow one. They're just waiting for you to play with them!""","""Look at the cute bunny hopping around, it's a fluffy rabbit! Let's say 'hop' together with it, hop-hop!""","""Hey there, sweetie! Today we're talking about your family. So, you have mommy and daddy, right? And you have little brothers or sisters, just like you. That's your family! They love you lots and lots, and they're always there for you.","""Look at these yummy carrots! They're orange and crunchy, perfect for snacking and making you strong like a superhero.""","""Look at the fluffy, cute dog wagging its tail and smiling at you, sweetie! This is a lovely dog, isn't it?""","""Look at the bright, colorful toys! Which one do you want to play with, little buddy?""","""Look at the bright, bouncy ball! It's ready for us to play together, and it will make so much fun bouncing up and down!""","""Look at that fluffy, soft cat, sweetie! It has tiny paws and a big, cute tail. Can you say 'cat'? Meow, meow!""","""Look at the fluffy cat with big, round eyes. It's purring and playing with a ball of yarn. The cat is so soft and cuddly, just like a big, warm blanket.""","""Look at the cute fluffy cat, sweetie! The cat is purring and playing with its toy. Isn't the cat very cute and fun to watch?""","""Look at the big, shiny car! It's so colorful, sweetie! It goes 'vroom-vroom' when you push its button. Let's pretend to drive it together, okay?""","""Look at that fluffy, soft kitty, sweetie! The cat's paws are like little pads, and it meows just like our mommy does when she's happy.""","""Look at that fluffy, friendly dog! He's wagging his tail because he's happy to see you, and he wants to say 'hello' with his big, soft nose!""","""Look at the cute fluffy cat, little buddy! The cat has soft fur, big ears, and a long tail. Do you like the cute little kitty?""","""Look at that fluffy, cute cat! The cat is purring because it's happy, isn't it? Let's say 'meow' together, like the cat is saying 'hello' to us!""","""Come here, little one! Look at this cute fluffy cat with soft fur and pointy ears. Do you see how it's purring and playing with its toy?""","""Listen, sweetie, this is our family, mommy and daddy, and we have a little brother or sister too. We love each other very much and always help each other.""","""Hey there, little buddy! Look at those colorful toys! Do you want to play with the soft, fluffy teddy bear or the shiny, bouncy ball?"""
"""Look at the cute, soft puppy! The puppy is bouncing and playing with its fluffy tail. Want to pet the puppy gently, sweetheart?""","""Look at the big, shiny car! It has four wheels that roll and make a 'vroom' sound when we go for a drive, sweetie!""","""Look at this big, beautiful house with a yellow roof, little buddy! Can you say 'house'? It's where mommy and daddy live, and where we have our fun together!""","""Look at all the pretty, soft toys! Let's touch the fluffy teddy bear and the shiny, colorful blocks!""","""Look at the cute little cat! See how it's purring? Meow, meow!""","""Look at the adorable little dog! This furry friend loves to play fetch with its soft, fluffy ball. Want to pet its cute, floppy ears?""","""Look at the fluffy, soft cat! Its fur is so pretty, isn't it? The cat is playing with a ball of yarn, waving hello to us!""","""Look at the fluffy bunny hopping around! It's so cute and soft, isn't it? Bunnies like to eat carrots and hop really fast.""","""Look at the big, fluffy bunny hopping around in the grass. Isn't he soft and cute?""","""Look at the cute puppy dog, little one! It's wagging its fluffy tail and barking happily. See how its fur feels soft? Now let's say 'dog' together.""","""Look at the bright, sparkly toy! It's a soft, fluffy bear. Can you say 'bear'? Now, let's play with it together!""","""Look at the fluffy bunny hopping and playing! It's so cute, isn't it? The bunny likes to eat carrots and hop around, just like you do when you jump!""","""Hey there, sweetie! Today, let's talk about your family. Your family is super special, you know? You have your mommy and daddy who love you a lot. And, oh, you have your siblings, your big brother, and your big sister, who play with you","""Yummy, sweet, and yummy! We are having a delicious apple today. Crunch, crunch! Enjoy your yummy apple, my little one!""","""Look, sweetie, this is a dog! It's a friendly furry friend with big floppy ears and a wagging tail that loves to play and cuddle!""","""Look at all these fun toys! This soft teddy bear is soft and fluffy, and this colorful train goes 'choo-choo' on its tracks!""","""Look at all these bright and fun toys, sweetie! There's a shiny red truck, a fluffy teddy bear, and a sparkly doll. Let's play with them together!""","""Look at the fluffy cat, sweetie! It's purring and cuddly, like a big, soft ball. Isn't that adorable?""","""Look at the cute, soft, and furry cat! The little cat is purring and playing with its favorite toy mouse.""","""Look at the fluffy, cute cat! The cat has soft fur, tiny paws, and a twitchy tail. Want to pet the cat's fur gently? Isn't the cat adorable?""","""Come here, sweetie, let's look at this big, colorful car. It has four wheels and it can take us on fun adventures, just like your toy car.""","""Look, sweetie, this fluffy feline is a cat! It's so soft and cute, and it loves to purr and play with yarn. Would you like to pet it gently and hear its soft meow?""","""Look at the cute puppy, sweetie! See how it wags its fluffy tail and barks like a tiny barker. Isn't it adorable? Let's give it a big, friendly pat.""","""Look at the fluffy, cute cat, little buddy! Its soft fur feels like a cozy blanket, and it's purring because it's happy to see you.""","""Look at the cute fluffy cat, little buddy! Its soft fur is as white as snow, and its eyes are like shiny buttons. Let's give it a gentle pat on the back and say 'hello' together, okay?""","""Look at the cute, fluffy cat, little one. See how it purrs and snuggles when you pet its soft fur.""","""Hey sweetie, let's talk about our family. We're all a big team, just like in your favorite cartoons. Mommy and Daddy love you very much, just like how your toys are your best friends. We're a family, and we stick together,","""Look at the colorful blocks! We can stack them up high like a tower, then gently knock them down and put them back together again!"""
"""Look, sweetie, a fluffy kitten is playfully pouncing on a bright red ball, and a friendly duck is waddling across the green grass. Isn't that just adorable?""","""Look, sweetie, that's a car! It has wheels that go vroom-vroom and a shiny red color. Isn't it exciting? The car is going fast on the road, and it takes us to places we love!""","""Look, sweetie, this big house is where we live. The walls are painted blue and the roof is shaped like a triangle. We have cozy rooms for sleeping and fun rooms for playing. And don't forget, there's a big, pretty garden outside with flowers and trees!""","""Oh look, sweetie, you have your shiny new blocks. Can you reach up and grab the red one for me? It's so fun to build with them!""","""Look at the cute little kitty, sweetie! The kitty is a fluffy, furry friend who loves to purr and play. Isn't the kitty's soft, white fur just adorable?""","""Look at the fluffy, cute dog, sweetie! The dog's wagging its tail and it's barking happily. Isn't it so fun to watch the dog play?""","""Look, little one, there's a cute, cuddly kitty cat! The kitty is soft, furry, and purring softly. Kitty's eyes are bright and round, and she's sleeping peacefully in the sun. Isn'","""Look, sweetie, that fluffy bunny is hopping around in the garden, and the birds are chirping away, singing their pretty songs!""","""Look at the fluffy bunny hopping over the grass, little buddy! The bunny is so soft and the grass is like a green carpet.""","""Look, sweetie, there's a playful puppy! The puppy is a little dog, and it's so fluffy and cute. Want to say 'woof woof' for the puppy?""","""Look at all the pretty toys, sweetie! You can pick which ones you want to play with. They're waiting for you to have so much fun!""","""Look at the fluffy bunny hopping around! The bunny has soft fur, long ears, and hops really fast. Can you hop like the bunny too?""","""Look, sweetie, these are your family members. That's your mommy and daddy, and that's your big brother and sister. They love you very much and want to play with you.""","""Sweetie, it's time to eat your yummy peas. They're green and squishy, and they'll make you strong like a superhero!""","""Look at the cute little puppy, sweetie! See how it wags its tail and loves to play fetch with us. Isn't it so soft and fluffy? Let's give it a gentle pat on its head, okay?""","""Oh, look at all the colorful toys you can play with! Your big brother loves to build with the blocks, and your big sister enjoys playing with her doll. Let's pick a toy and have fun together!""","""Hey there, little buddy! Look at all these fun toys! There's a soft, fluffy teddy bear, a shiny red truck, and a colorful stack of blocks. Let's play together!""","""Look at the fluffy, cute cat! See how it's purring and playing with its favorite toy, a little ball of yarn.""","""Look at the fluffy, soft cat with the pointy ears and whiskers, little one. Its fur is as soft as a cloud, and it says 'meow' when it wants your attention. Cats like to play with string and sometimes even sleep in cozy corners. Isn't","""Look at the fluffy cat, sweetie! The cat has soft, white fur and big, round eyes. It's purring because it's happy and content.""","""Hey there, sweetie! Look at that shiny car zooming by! It's a bright red one with a big, friendly smile. Isn't it fun to watch the cars go by?""","""Look at the fluffy cat, sweetie! See how it's purring and rolling around on the couch? Can you say 'cat'? C-A-T, cat!""","""Look at the fluffy dog, sweetie! See how he's wagging his tail and jumping around, isn't he just the happiest furry friend ever?""","""Look at the fluffy cat, sweetie! Its fur is soft like a cloud, and it purrs when you pet it gently.""","""Look at the fluffy cat, sweetie! It's a kitty, and it's purring softly. Kitty likes to play with yarn and cuddle with us.""","""Look at the fluffy kitty, sweetie! It's a cat. The kitty is purring because it's happy and cuddly.""","""Hey sweetie, remember mommy and daddy are your special family team, just like superheroes, and we all love you a lot!""","""Look at these bright, colorful toys, sweetie! They're so much fun to play with. Want to pick one and start a new game together?"""
"""Look, little one, a fluffy bunny hopping and playing in the meadow!""","""Look at the bright red car, sweetie! It's going so fast, zoom zoom! Can you say 'car'? That's right, 'car!' Now, let's watch the car go by together.""","""Look at the big, beautiful house, sweetie! It's where Mommy and Daddy live. It has a red door, blue windows, and green grass outside. Isn't it a cozy home for all our toys?""","""Look at all the colorful toys, little one! The ball is round and bouncy, and the teddy bear is soft and cuddly. Ready to play together?""","""Look, sweetie, there's a fluffy cat playing with a ball of yarn. Isn't it so soft and cute?""","""Look at the fluffy dog, sweetie! The dog is wagging its tail and it's so happy to see you.""","""Look at the fluffy cat, sweetie! See how it purrs and loves to play with yarn?""","""Look at the fluffy bunny, little one, the bunny hops and eats green grass, and it's so soft and cuddly, just like a little pillow!""","""Look at the cute puppy, sweetie! The puppy is wagging its tail because it's happy to see you. Can you say 'woof' like the puppy?""","""Look at the cute little dog! It's wagging its tail and has soft, fluffy fur. Isn't it adorable?""","""Look at all these amazing toys, sweetie! Which color do you want to play with first?""","""Look at the cute little puppy, sweetie! It's wagging its tail and wants to play with you!""","""Look, sweetie, mommy and daddy are your loving family, and we all love you very much.""","""Yummy apple! Sweet and crunchy, isn't it, little buddy? Let's take a big bite and enjoy the yummy taste together!""","""Look, sweetie, this is a fluffy, friendly dog! The dog is wagging its tail because it's very happy to see you!""","""Look at these bright, colorful blocks! You can stack them up and make a tall tower. Let's count them together, one by one, and see how high we can build!""","""Look at these fun and colorful toys! The red truck is ready to drive, and the soft teddy bear is waiting to cuddle. Let's play and have a blast with them!""","""Look at the cute little cat, sweetie! It has soft fur, pointy ears, and big green eyes. It likes to play with yarn and chase butterflies.""","""Look, sweetie, there's a fluffy cat with soft fur, purring and stretching in the sunshine. Isn't it cute and cuddly?""","""Look at the fluffy, cute cat, sweetie! The cat is purring and meowing, wiggling its little tail, and playing with a ball of yarn.""","""Look at that big, shiny car! It's so cool, sweetie. See how it has four wheels? They help it go forward and backward, just like when you roll your toy car.""","""Look at the cute, fluffy cat with pointy ears and soft fur. It's purring and cuddles very nicely, just like our fuzzy teddy bear. Let's say 'cat' together, sweetie.""","""Look at the happy, furry dog! The dog is barking because it's playing and having fun in the park. Dogs are so friendly and love to make friends with everyone, just like you do!""","""Look at the cute little cat, sweetie! The fluffy white kitty is purring and playing with her yarn ball. Isn't she so soft and cuddly?""","""Look at the fluffy, cute cat! Meow, meow! This little furball is playing with a ball of yarn. Isn't it soft and cozy? Let's watch the cat purr and sleep.""","""Look, sweetie, there's a fluffy, cute cat with soft, white fur. It's purring and snuggling up to its cozy bed. Isn't that adorable?""","""Hey there, sweetie! You know, mommy and daddy are your favorite people. They love you so much, just like I do! They're always there for you, giving you big, big hugs and lots of fun together!""","""Hey, little buddy! Look at all these awesome toys. Can we play with the super fun teddy bear together?"""
"""Look at the fluffy bunny, little one, hopping around! See how the bunny's ears are soft and floppy, just like your own!""","""Look at the big, shiny car! It has wheels that go 'vroom' when it moves. See the red color? It's as pretty as a rainbow! Let's say 'car' together, like this, 'caaaarr!' Isn't that fun?""","""Look at the pretty house with a big blue roof and friendly windows. Let's go inside and see the soft carpet under our feet. We can play with the toys and cuddle on the cozy couch.""","""Oh look, sweetie, you have so many fun toys to play with! Let's pick a colorful teddy bear and hug it tight, or maybe you want to stack some blocks and see them go up and down?""","""Look at the cute little kitty, sweetie! This fluffy furry cat is so soft and cuddly, just like a warm, cozy blanket.""","""Look, sweetie, this fluffy dog wags its tail and barks when it's happy. Can you say 'dog'? D-o-g!""","""Look at the cute little cat, sweetie! Its soft fur is so fluffy, just like your blanket, and it purrs when it's happy.""","""Look at the bunny hopping over the grass! Isn't it fluffy and cute?""","""Look, sweetie, that fluffy bunny hops around, and it's very soft and cute!""","""Look at the cute puppy, sweetie! The puppy's wagging its tail and it's so soft and fluffy. Let's give it a gentle pat on the back.""","""Look at those colorful cars! They're going to zoom down the track and race each other. Want to help me push the green car first?""","""Look, little one! There's a big, friendly cow. She says 'moo' and gives us yummy milk. Isn't she a little helper on the farm?""","""Come here, sweetie! Mommy and Daddy are here, just like you. We're all a big, happy family!""","""Look at the yummy, colorful vegetables on your plate, sweetie! They're going to make you strong and help you grow big and tall!""","""Look at the fluffy, bouncy dog wagging its tail and ready to play. Isn't he just the most adorable furry friend with big, friendly eyes?""","""Come here, sweetie, look at these bright and fun toys, ready to play with!""","""Come here, sweetie, let's play with your colorful cars and soft teddy bears. Look at these fun toys, they're ready for you to explore!""","""Look at the fluffy, cute cat with the soft, white fur, sweetie! The cat is purring and playing with its favorite toy, a ball of yarn.""","""Look at the fluffy, cute cat, sweetie! The cat's paw is soft, and its fur feels so nice to pet!""","""Look at the cute kitty cat, little buddy! See how it's purring and playing with its fluffy tail? Kitty cat, kitty cat!""","""Look at the big, shiny car! The car has four wheels and it goes 'vroom-vroom' when we push it, just like when we ride in the toy car, sweetie!""","""Look at the fluffy, cute, little cat, sweetie! See how it purrs when it's happy, just like when you giggle?""","""Look at the cute little dog, sweetie! It's a puppy, and it's bouncing around with so much joy, wagging its fluffy tail!""","""Look at that cute fluffy cat, sweetie! It's sleeping and dreaming of chasing butterflies in the garden. Do you want to pet its soft fur when you're older?""","""Look at the cute little kitty cat, it's purring and playing with its yarn ball, isn't it just the cutest and fluffiest furry friend?""","""Look, sweetie, this furry little fluffy kitty is purring and playing with a yarn ball. Isn't it so cute?""","""Hey sweetie, in our family, we love each other very much, and we're all part of a special team called 'the family.' Mommy and Daddy are superheroes who protect and love us, and they have siblings who are like our best friends.""","""Come here, little buddy! Look at these bright, colorful toys! Do you want to play with the soft, plush bear or the shiny, spinning top?"""
"""Look at the fluffy bunny, sweetie! It's hopping and jumping around in the grass. Want to see it jump too?""","""Look at the big, shiny car! Wow, the car has four wheels and it goes 'vroom, vroom' when we press the pedals. Isn't that cool, little one? The car can take us on a fun ride to the park!""","""Come here, sweetie! Look at this big, cozy house where we all live. Can you see the windows? They let in lots of sunlight to make it feel warm and bright. Let's go inside and play on the soft carpet.""","""Look at the pretty, colorful blocks! Can you grab the red one? Wow, you're so smart, little one!""","""Look, sweetie, there's a fluffy cat! Its fur is soft like a teddy bear, and its paws are soft too. The cat is purring softly, and it loves to play with yarn. Want to say 'meow' like the cat?""","""Look, sweetie, here comes a cute little dog! D-do-g! The dog is wagging its tail and smiling at us. See how soft and fluffy its fur is? Want to say hello to the dog?""","""Look at the cute, soft cat, little one! Its fur is as soft as a fluffy cloud, and it says 'meow'. Isn't it a little fluffy friend?""","""Look at the big, fluffy bunny hopping around, little buddy! Can you say 'bunny'?""","""Look at the fluffy bunny hopping around in the garden. Do you see how soft its fur is? Bunnies like to eat carrots and hop really high!""","""Look at the happy dog, sweetie! It's wagging its tail and loves to play fetch with its soft, furry ball.""","""Look at these lovely toys, sweetheart! There's a shiny red ball, a soft teddy bear, and a colorful set of blocks. Want to play with the ball and roll it back and forth? Let's have fun together!""","""Look at the bunny, it's hopping around the garden, isn't it fluffy and soft like a pillow?""","""Look at you, sweetie! You're our precious little one. Mommy and Daddy love you so much, just like the big brother or sister who will come when you're a bit older. Our family is like a big, warm hug that keeps us all safe and happy!""","""Look at this yummy apple! It's crunchy and sweet. Let's wash it first, and then we can slice it up to make a tasty apple snack!""","""Look at the fluffy dog, sweetie! He's wagging his tail, ready to play. Do you see how happy his big, wet nose makes him look? Let's say 'woof woof' together with him!""","""Look at those soft, fluffy teddy bears, sweetheart! They're waiting for you to give them a hug and play with them.""","""Oh, look at those bright, colorful toys! The teddy bear is ready to cuddle, and the blocks are waiting for you to stack them high!""","""Look at that fluffy kitty, sweetie! It's a cat. Can you say 'cat'? C-A-T. So soft and cute, just like when we snuggle with your favorite teddy bear.""","""Look at the fluffy, cute cat, sweetie! The cat is purring and playing with its favorite toy.""","""Look at the cute, soft cat with the fluffy tail. She's meowing and purring, so she's happy and wants to play. Let's watch her and maybe even give her a gentle pat, okay?""","""Hey sweetie, look at the big, shiny car with wheels that go 'vroom-vroom'! It's ready to take us on a fun adventure, but remember mommy and daddy always make sure we're safe.""","""Look at the fluffy, cute, and playful kitty cat, sweetie! It's so soft to touch and it's purring with happiness. Let's say 'meow' together, like the kitty cat.""","""Look at that cute little dog, sweetie! It's wagging its tail so fast because it's so happy to see you!""","""Look at the fluffy, cute cat, little buddy! See how it's purring and cuddling with its furry tail wiggling? Let's say 'meow' with me, just like the adorable cat!""","""Look at the fluffy, cute, little cat. It has soft fur, pointy ears, and loves to play with its yarn ball. Isn't it adorable, sweetie?""","""Look at the fluffy kitty cat, little buddy! See how it purrs and loves to play with its yarn ball!""","""Look, sweetie, Mama is holding Daddy's hand and they are both smiling because they love you so much, just like we love our family together!""","""Look, sweetie, we have lots of fun toys to play with! Let's pick a colorful car and go zoom zoom on the play mat!"""
"""Look at the cute bunny hopping! The bunny is so fluffy and cute, isn't it? The bunny is so soft and cuddly, let's give it a gentle hug. The bunny is hopping around, having fun","""Look at the big, red car zooming by, sweetie! Want to hear its funny honk sound? Wheeee!""","""Look, sweetie, it's our cozy house, with a blue door and a big, yellow sun. We live here with Mommy and Daddy, and you're our little sunshine, just like the sun outside.""","""Look at the bouncy ball, sweetie! Want to see it bounce and roll? It's so fun to play with it and watch it move around!""","""Look, sweetie, there's a cute, fluffy kitty cat! It has soft fur and it says 'meow' when you pet it. Isn't it adorable?""","""Look, sweetie, this is a dog. Woof woof! He's soft and fluffy, and he likes to play fetch. See how he wags his tail when he's happy?""","""Look at the cute kitty, little one! See how it purrs and plays with its toy? Isn't it the softest furry cat you've ever seen?""","""Look at the cute little bunny, sweetie! The bunny hops around in the meadow, munching on fresh green grass.""","""Look, sweetie, do you see the fluffy bunny hopping around? Bunnies are so soft and cute!""","""Look at the fluffy, bouncy dog with the waggy tail, little buddy! The dog is so happy and friendly, just like you!""","""Look at the bright, bouncy ball! Want to play with the fluffy, soft bear? Shall we stack the colorful, funny blocks?""","""Look at the fluffy bunny hopping in the garden, little one. The bunny's soft fur makes it so cuddly, doesn't it?""","""Hey sweetie, look at mommy and daddy! They're your family, and they love you lots and lots!""","""Look at this yummy apple! It's red and crunchy. Let's eat it together!""","""Look at the puppy, sweetie! It's wagging its tail and wants to play. Let's say 'woof woof' together, okay?""","""Hey there, little buddy! Look at all these fun toys. Would you like to play with the big red truck or the soft, fluffy teddy bear? They're both ready for some giggles and playtime!""","""Look at all the colorful toys, sweetie! Want to pick one and play with it?""","""Look, little one, here's a cuddly cat, with soft fur and big, friendly eyes, meowing sweetly and purring like a gentle breeze.""","""Look at the fluffy, cute cat! Can you say 'meow' with me? The cat is so soft and nice, let's pet it gently.""","""Look at that fluffy cat, sweetie! Its fur is as soft as cotton candy, and its meow is like a lovely little song. Want to say 'meow' like the cat?""","""Come here, sweetie, look at this big, shiny car! It has four wheels, like your favorite truck. It can go vroom-vroom when its engine roars!""","""Look at the fluffy, cute cat, little one! The cat is so soft and purring, and it loves to play with its toy mouse. Isn't it adorable?""","""Look at the fluffy, cute dog! The dog is wagging its tail because it's so happy to see you.""","""Look at the fluffy, cute cat. Its paws are soft and tiny, and it has big, round eyes that sparkle like diamonds. The cat is so gentle, it's like a purring ball of happiness!""","""Look, sweetie, this is a fluffy, cute cat with soft fur and big, round eyes that are so bright and beautiful. The cat's paws are soft and pink, and it has a little nose like yours. Can you say 'cat'? That's right!","""Look at the fluffy, playful kitty cat, sweetie! She's soft and cuddly, with little paws and a twitchy tail!""","""Hey sweetie, your family is made up of Mommy, Daddy, and your big brother or sister. They love you a lot and always make sure you have everything you need. Isn't that so nice?""","""Hey there, little buddy! Look at all these toys waiting for you! Let's pick one to play with together, okay?"""
"""Look at the fluffy bunny hopping over the grass, little one. It's hopping and jumping with its soft, white fur.""","""Look at the big, shiny car, sweetie! It has wheels to go fast and colorful paint. Daddy will take you for a ride in it someday!""","""Look, sweetie, this is our cozy home, with soft, fluffy walls, a warm, snuggly bed, and lovely, colorful toys waiting for us to play!""","""Look at the colorful blocks, sweetie! Can you say 'blocks'? Want to build a tower with these big, bright blocks?""","""Look, sweetie, there's a cute little kitty cat! Meow meow! Can you say 'cat' with me? Cat, cat, meow meow!""","""Look at the fluffy dog wagging its tail, little one! It's so happy and playful. Isn't it a wonderful furry friend?""","""Look at the fluffy cat, little one! Its soft fur is like a warm hug, and it says 'meow' when it wants attention. Isn't it adorable?""","""Look at the cute little kitty, sweetie! Meow, meow, she's purring and loves to play with her yarn.""","""Look at the cute puppy, sweetie! It's a playful little dog that barks and wags its tail.""","""Look, sweetie, that cute dog wagging its tail and running around, ready to play. Its fur is soft like a blanket, and its bark sounds like a friendly hello.""","""Look at all these fun toys! We're going to play with the soft teddy bear and the bouncy ball that bounces so high!""","""Look at the cute puppy with the waggy tail! It's playing with the little yellow duckling. Do you see how they're friends and they're having so much fun together? Let's go pet the puppy and say hello!""","""Hey sweetie, mommy and daddy love you so much, just like how we love your big brother, your little sister, and even our paw-some puppy!""","""Yummy apple! Sweet and crunchy, right? Let's wash our hands and enjoy this delicious fruit together!""","""Look at the big, fluffy dog, sweetie! It's wagging its tail because it's happy to see you. The dog is so friendly, it's going to give you a big, wet kiss!""","""Look at those bright, colorful toys! Want to pick one to play with now?""","""Look at all the fun toys, sweetie! Let's pick your favorite color and play with it together, okay?""","""Look at the fluffy cat, sweetie! It's so soft and cuddly, just like a big, purring teddy bear. Isn't it paw-some?""","""Look at the fluffy cat, sweetie! She's purring softly and wants to play with us. Let's gently pet her with our hands, okay?""","""Look at the cute, fluffy kitty cat! This furry friend loves to purr and play with yarn balls!""","""Look at the big, shiny car, sweetie! It has four wheels, and mommy drives it so we can go on fun adventures together.""","""Look at the cute, soft kitty cat, little one! This furry, fluffy friend loves to purr and play with yarn.""","""Look at the cute puppy! The little dog is wagging its tail because it's happy and wants to play. Can you say 'puppy'? The puppy is so soft and fluffy, just like your favorite stuffed animal.""","""Look at the fluffy cat, sweetie! It's so soft and cute, just like a big, cuddly pillow. The cat is sleeping and dreaming about chasing butterflies.""","""Look at the fluffy, cute kitty cat! Its whiskers are tickling and it's purring loudly, just like when mommy purrs when she's happy!""","""Look at the fluffy kitty cat, little one! Its soft fur is all white and its paws are very soft, just like when we pet our stuffed animals. Kitties like to chase after little toys and sometimes they even sleep in the sun!""","""Hey sweetie, look at the happy family we have! We've got mommy, daddy, and your big brother, Timmy, all snuggled together and sharing a big, yummy dinner!""","""Look at all these fun toys, sweetie! Let's play with the bouncy ball together!"""
"""Look, little one, do you see that cute bunny hopping around? The bunny hops and hops, just like you do when you try to stand up!""","""Look at the big, red car, sweetie! It's going to take us on a fun ride!""","""Look at the big, beautiful house, sweetie! The roof keeps us dry, and the windows let sunlight in. Isn't it fun to play hide and seek behind those colorful doors? Let's go peek inside and see the cozy bedroom!""","""Look at the pretty toys, sweetie! Your favorite teddy bear is waiting for you to play, and the soft blocks are just perfect for building a big tower!""","""Look at that cute kitty cat! Can you say 'cat'? Meow, meow, cat! The cat is purring and playing with its toy.""","""Look at the cute little dog, sweetie! He has soft fur and wags his tail when he's happy. Do you see his big, brown eyes? Isn't he a lovely furry friend?""","""Look at the cute, fluffy cat, little buddy! See how it's purring softly? Want to say 'meow' with me?""","""Look at the puppy, sweetie! It's so soft and fluffy. The puppy is bouncing around and wagging its tail because it's happy.""","""Look, little one, this fluffy bunny is hopping around, and it's eating yummy grass. Isn't it hopping happily?""","""Look, sweetie, that big, furry friend over there is a dog! They have soft, waggy tails and bark with their little puppy voices. Isn't he so fluffy and cute? Want to say 'woof' like him?""","""Look at the colorful toys, sweetie! They're so soft and fun to play with. You can hold the teddy bear in your arms and pretend it's your best friend. The blocks are great for stacking and building tall towers together. Let's play and laugh with","""Look at the little fluffy bunny hopping around, little buddy! It's so soft and cute, isn't it?""","""Look at our family, sweetie! We're a lovely group of people, like mommy, daddy, you, and grandma and grandpa. Everyone in our family loves and cares for each other, just like how we love and care for you. Isn't it amaz","""Hey there, sweetie pie! Let's get those tiny hands washed and then we'll help you spread some yummy peanut butter on your bread. Yum, yum!""","""Look, sweetie, there's a cute dog wagging its tail and waiting for you to give it a gentle pat. It's so fluffy and loves to play fetch!""","""Look at those soft, bouncy balls over there! Would you like to play with them and bounce them high, just like a superhero?""","""Look at these bright, fun toys, little buddy! Want to play with the soft, fluffy teddy bear or the shiny, spinning top?""","""Look at the fluffy cat, sweetie! The cat has soft fur, big ears, and it meows. Can you say 'meow' like the cat?""","""Look at that cute little kitty cat, sweetie! Can you say 'cat'? Meow, meow! That's right, they're soft and fluffy and purr when they're happy!""","""Look at the cute little cat, sweetie! The fluffy white cat is sleeping in a warm, cozy bed, and it's purring softly. The cat's eyes are green and big, and it has soft, pointy ears. Isn't the cat'","""Look at that big, shiny car! It's going to take us for a fun ride! Isn't it exciting to see all the cars on the road?""","""Come here, sweetie! Look at this fluffy cat with soft fur. See how it purrs and cuddles? Cats are cute and cuddly pets.""","""Look at the adorable fluffy dog, sweetie! Wags its waggy tail when it's happy and loves to play with you!""","""Look at the fluffy, cute, and playful cat. The cat is sleeping on the soft, cozy blanket. The cat's fur is soft, like a big, fuzzy hug. Can we say 'meow' together?""","""Look, sweetie, here comes a fluffy, soft cat with big, round eyes. The cat is purring and it loves to play with little toys and cuddle with us.""","""Look at the fluffy kitty cat with big eyes, little buddy. Can you say 'meow' just like the cat?""","""Listen sweetie, this is your mommy and daddy, and we are here to love and take care of you every single day!""","""Look at all the fun toys we have here! Let's pick your favorite one and play together."""
"""Look at the cute little bunny hopping around, little one! It's so fluffy and cuddly.""","""Look at the shiny, red car, sweetie! The car goes vroom-vroom when the grown-ups drive it!""","""Look at our cozy, warm house, sweetie! It's got a roof that protects us, walls to keep us safe, and a lovely garden outside where we can play.""","""Look at you, little one! This colorful ball is so fun, isn't it? Want to roll the ball with me?""","""Look at the fluffy, cute kitty cat! It's purring softly. Oh, see how it's jumping and playing with a ball of yarn! Isn't it just the cutest thing ever?""","""Look, sweetie, there's a fluffy, friendly dog! Can you say 'woof woof'? It's so cute when it wags its tail and licks our hands.""","""Look at the fluffy kitty, little one! The cat is purring softly, and its tail is wagging happily. Isn't it cute?""","""Look at the cute, soft kitty cat sleeping on the cozy blanket. Its fluffy tail is waving like a happy paw waving to you!""","""Look at the fluffy bunny hopping and jumping, little one! It's so soft and cute!""","""Look, sweetie, here's a cute little puppy. This fluffy furry friend is called a dog. See how it wags its tail when it's happy? Let's say 'woof woof' together. Woof woof!""","""Look at those bright and happy toys! They're so much fun to play with, aren't they, sweetie? Let's pick one and start our pretend play adventure together!""","""Look at the bunny hopping, it's so fluffy and cute, isn't it? Bunnies like to eat carrots and hop around in the grass.""","""Look at mommy and daddy, sweetie! They love you very much, just like how we all love each other. We are a family, and families stick together like glue, always helping and taking care of one another!""","""Look, sweetie, the delicious, juicy apple is just right for you to take a little bite and enjoy its yummy taste!""","""Look at the adorable little dog wagging its fluffy tail and barking happily. Isn't it a cute furry friend, little buddy?""","""Look at all those colorful toys! They're waiting for you to play. Grab your favorite teddy bear and let's have lots of fun!""","""Look at all these wonderful toys, sweetie! Let's play with the big, bouncy ball together!""","""Look, little one, this cuddly fluffy kitty is purring softly and has paw prints on its nose! Isn't it adorable?""","""Look at the fluffy cat, sweetie! It's a soft, white kitty with big, round eyes. It likes to play with yarn and purr when you pet it.""","""Look at the fluffy, cute cat! She's a purr-fect friend for you, sweetie, and she loves to chase yummy, little mice!""","""Look at the big, red car, sweetie! It has four wheels and it goes 'vroom' when you press the pedal. Let's wave at the car when it drives by!""","""Look at the cute, soft kitty cat! She's purring and has the cutest little whiskers. Let's give her a gentle pat, okay?""","""Look, sweetie, this fluffy, friendly dog is wagging its tail because it's so happy to see you!""","""Look at the fluffy, soft cat, little one. Its fur is as white as snow and it's purring so loudly. Isn't it adorable?""","""Come here, sweetie! Look at this cute fluffy kitty with pointy ears and soft fur. The kitty says 'meow' and likes to play with yarn and chase little red balls.""","""Look at the fluffy, cute cat, sweetie! It's purring and meowing, playing with its toys.""","""Look at those happy faces in our family, sweetie! You have mommy, daddy, and your siblings. We love you so much and we always stick together like a big, warm hug!""","""Look at those bright and shiny blocks, sweetie! Let's put them together and see what pretty things we can make!"""
"""Look, sweetie, this is a bunny hopping around. Hoppity hop, hoppity hop!""","""Look at the big, red car! See how it goes vroom-vroom, and it has a little house for Mommy and Daddy to live in. Isn't it a funny-shaped car? I wonder if we can go for a ride in it together, sweetie!""","""Look, sweetie, this is our cozy home, with colorful walls and soft carpet to play on. We have fun things like teddy bears, blocks, and a yummy snack jar for when we feel hungry. Isn't it wonderful to be safe and loved in our lov","""Look at the pretty, colorful toys! The teddy bear is soft and fluffy, and the blocks are so fun to stack and build!""","""Look at the fluffy, cute cat! See how it purrs and plays with its toy mouse. Isn't it so soft and funny?""","""Look at the cute, fluffy dog, sweetie! It's a waggy-tailed, barky friend that loves to play with you!""","""Look at the cute little kitty, little one! This furry feline has soft whiskers and a fluffy tail. See how it purrs and kneads with its paws? The kitty is so playful and loves to chase little balls of yarn","""Look at the cute little puppy, sweetie! It's wagging its fluffy tail and wants to play!""","""Look at the bunny, little one! The bunny is hopping around, and it has soft, fluffy fur. Can you say 'bunny'?""","""Look, sweetie, there's a fluffy, furry dog with a wagging tail, and it's going to say 'woof woof' for you!""","""Look at those pretty, soft, and fluffy teddy bears! Wanna play with them and give them big, huggable hugs?""","""Look, sweetie, there's a fluffy bunny hopping around in the meadow. See how it hops with its soft, white fur? Bunnies are so cute and they love to eat carrots!""","""Hey sweetie, remember mommy and daddy? They're your family, like your favorite teddy bear. They love you lots and lots!""","""Look, sweetie, we're going to have some yummy carrots and delicious broccoli for dinner. They're good for you and make you strong!""","""Look at the fluffy, cute dog! See how it wags its tail and licks your face when you pet it. Isn't it so fun to play with the dog?""","""Look at the bright, colorful toys! Do you see the bouncy ball that goes up and down? Want to play with it?""","""Look at all these beautiful toys! The big red truck goes vroom-vroom, and the fluffy bear can cuddle you. Let's play with them together!""","""Look at the fluffy, cute cat with the pointy ears and soft fur. See how it purrs and snuggles? The cat is a friendly, cuddly pet we can play with and love!""","""Look at the fluffy, cute cat! Its soft fur feels nice, and it says 'meow' when it's happy. Isn't that adorable, little one?""","""Look at the cute little cat, sweetie! Its fur is soft like a fluffy cloud, and it has big, friendly eyes that sparkle like diamonds. The cat is playing with its toy mouse, and it's purring so loud, it's like it's","""Look at the big, shiny car, sweetie! It has four wheels to roll smoothly on the road. Let's wave at the car and say 'hello' as it drives by!""","""Look, sweetie, there's a cuddly kitty cat! Its fur is soft like a blanket, and it's meowing because it wants to play with you!""","""Look at the fluffy dog, sweetie! He's wagging his tail, so he must be happy to see you!""","""Look at the cute, fluffy cat with soft paws and twinkling eyes. This little furry friend loves to play and purr. Can you say 'cat' with me?""","""Look, sweetie, this fluffy, cuddly little kitty is playing with its yarn ball. Isn't it so soft and cute?""","""Look at that fluffy, cute cat! It's purring and kneading its paws. Isn't it a soft, furry ball of happiness?""","""Oh, look at our big, happy family! We have mommy, daddy, your favorite big brother, and your precious little sister. Together, we love and care for each other, making our home the best place in the whole wide world!""","""Hey there, little buddy! Look at all those amazing toys! Want to play with the colorful blocks and the soft teddy bear together?"""
"""Look at the cute puppy, sweetie! The puppy is a little furry friend who loves to play with his toys.""","""Look at the big, shiny car, sweetie! It has four wheels and moves fast when someone drives it.""","""Look at the pretty house, sweetie! It's big and has a red roof and blue windows. We're going to play peek-a-boo with the door and maybe find a cozy spot for a nap on the soft, fluffy carpet inside. Let's make","""Look at all these colorful blocks, sweetie! Let's play with the soft, fluffy teddy bear together.""","""Look at the fluffy, cute cat with big paws and soft fur; it's so cuddly and gentle!""","""Look at the big, fluffy dog wagging its tail, my little buddy! See how it's happy to see you, isn't it adorable? Let's give it a gentle pat on the head, sweetie, but remember to always ask mommy or daddy","""Look at the fluffy kitty cat, sweetie! The little furry friend with paws soft as pillows is our purr-fect pet.""","""Look at the cute little bunny hopping around! Bunnies like to eat carrots and they hop very fast.""","""Look at the cute puppy, sweetie! Puppies love to play fetch with their yummy treats.""","""Look at the cute dog! Woof woof! The dog has a big fluffy tail, and he's very friendly. Let's give him a gentle pat, okay? The dog's name is Buddy.""","""Oh look, sweetie, it's time to play with your favorite teddy bear and colorful blocks!""","""Look at the fluffy bunny hopping in the meadow! See how it hops and twitches its nose? The bunny is a cute little animal that loves to eat carrots!""","""Sweetie, this is our lovely family, Mommy, Daddy, and little brother! We love you so much!""","""Sweetie, it's time to eat your yummy carrots! They're orange and crunchy, and they'll make you super strong like a superhero!""","""Look at that furry, friendly dog! See how it wags its tail when it's happy? Can you say 'dog'? That's right, dog! Do you want to pat its soft, fluffy fur?""","""Look at all these lovely toys, sweetie! The teddy bear is so soft and fluffy, and the blocks are all different colors. Let's play together!""","""Oh, look at those colorful toys! Let's play with them together, sweetheart!""","""Look at that fluffy, purring cat with big, round eyes, sweetie. Its soft fur feels warm and cuddly, and when it sees you, it's like it's saying, 'Hello, I'm a cute, friendly kitty!' Let'","""Look at the cute little kitty, sweetie! The fluffy cat is purring and playing with a yarn ball!""","""Look, sweetie, this fluffy, cute cat is purring and playing with a ball of yarn. Can you say 'cat'? Cats are so soft and fun to cuddle.""","""Look at the big, red car! It has four wheels and a shiny roof. Can you say 'car'? The car goes vroom vroom when we drive it down the street. Do you want to play with our toy car too?""","""Look at the cute kitty cat, little buddy! It's soft and fluffy, with pointy ears and whiskers. See how it's purring and playing with its toy mouse? Isn't it adorable?""","""Look at the cute little dog, sweetie! See how it wags its fluffy tail and barks with joy. Let's say 'woof woof' together and make a happy noise for the furry friend!""","""Look at that fluffy kitty, sweetie! The cat's soft fur is so pretty, just like your favorite blanket. Isn't she purring? Let's say 'meow' together, like the cat is saying hello.""","""Look at the fluffy, cute, and soft cat, sweetie. Its fur is so soft, and it purrs when you pet it, isn't that lovely?""","""Look at the fluffy cat, sweetie! It's purring and playing with a ball of yarn.""","""Hey there sweetie, mommy and daddy are your favorite people, they love you so much and always want to take good care of you!""","""Look at all these colorful toys! You're going to love playing with them. Let's pick your favorite one first and then we can play together!"""
"""Look at the fluffy bunny hopping around, little one! See how it hops and hops, like a bouncy little ball in the meadow.""","""Look at the big, shiny car, little one! It has wheels that roll and make it go fast, just like when we ride in our stroller together.""","""Look at the big, beautiful house, sweetie! It's where Mommy and Daddy live, and it has lots of rooms with comfy beds and fun toys to play with.""","""Look at the colorful, soft toy bear! Want to touch it? It's so fluffy and nice!""","""Look, sweetie, this is a cute little cat! Meow, meow, can you say 'cat'? Just like this, kitty, kitty!""","""Look at the cute little dog, sweetie! It's wagging its fluffy tail and wants to play with us. Let's say hello to our furry friend!""","""Look, sweetie, this is a cat. It's a furry friend with soft whiskers. It says 'meow' and loves to play with yarn. Can you say 'cat' with me?""","""Look at the cute bunny hopping around, little one! The fluffy bunny is eating some tasty green grass.""","""Look at the cute little puppy, it's playing with the kitty and they're both having so much fun in the garden, isn't it adorable?""","""Look, sweetie, here's a fluffy dog! It's a cute, friendly puppy with waggy tail and soft fur!""","""Hey there, little buddy! Look at all these fun toys! Want to pick one and play together?""","""Look at the fluffy bunny hopping around, little buddy! Want to giggle with the rabbit?""","""Look at us, sweetie! These are our loving family members. Your mommy and daddy, your big brother or sister, and our family dog are all part of our special family.""","""Look at the yummy apple, sweetie! Crunch crunch, see how it's red and juicy? Eat it slowly, and chew carefully, okay?""","""Look at the fluffy, furry dog, sweetie! The dog is barking because it wants to play fetch with you. Let's take the ball and throw it so the dog can catch it!""","""Come here, sweetie, let's play with your favorite toy cars! I'll show you how to stack them up high and zoom them across the floor, just like a real race car driver!""","""Look at all these fun toys, sweetie! Let's pick a soft teddy bear to cuddle with and stack some colorful blocks for you to play with. Isn't that exciting?""","""Look, sweetie, there's a fluffy, soft kitty cat! It's playing with a little ball, rolling it around, and pouncing with its tiny paws!""","""Look at the cute little cat, sweetie! It's a fluffy furball with soft paws and a twinkling, round nose. It's a lovely pet to play with and pet, isn't it?""","""Look at the cute little kitty cat, with soft fur and tiny paws, purring and playing with its favorite toy mouse!""","""Look, sweetie, there's a big red car! It has shiny wheels that go 'vroom' and the driver sits in a cozy seat. It takes people from one place to another, just like when we ride in our car!""","""Look at the fluffy, cute cat, sweetie. See how she purrs and loves to play with yarn?""","""Look at the fluffy, cute dog with the wagging tail, little buddy! This dog is going to be our new furry friend and we'll play fetch with him together!""","""Look, sweetie, this fluffy, soft kitty is a cat! It has tiny, pink ears and big, round eyes. The cat is purring and kneading its paws, isn't that cute?""","""Look, sweetie, this fluffy, cute cat is playing with its yummy ball of yarn, and it's purring so softly, isn't it adorable?""","""Look at that fluffy cat! Its fur is soft like a cloud, and it's purring so sweetly. Let's watch it gently pounce on a ball of yarn, like a playful kitten.""","""Hey there, sweetie! It's time to give Mommy a big hug from me, and Daddy will be waiting for us to have dinner together. Remember, we are a team, and we love you so much!""","""Come here, sweetie! Let's play with your favorite toys, the ones you love to build and play with. You can choose which one you want to play with now, maybe the colorful blocks or the soft teddy bear. Let's have fun together!"""
"""Look at the bunny hopping around, sweetie. See how fluffy and soft its fur is? Can you say 'bunny' with me?""","""Look, sweetie, see the big red car? It goes 'vroom-vroom' and makes us happy. Let's go for a ride in the car, okay?""","""Look, sweetie, it's your cozy little house, with a big, blue sky above and a beautiful garden filled with flowers!""","""Look at all the colorful toys! The ball is bouncing, and the teddy bear is waiting for you to give it a hug. Let's play together, little one!""","""Look, little one! This is a soft and cute kitty. It has fluffy fur, whiskers, and a cute little tail. The kitty is playing with a yarn ball. Isn't that adorable?""","""Look at the fluffy dog, sweetie! Its wagging tail says it's super happy to see you.""","""Look at the fluffy, soft cat! The cat has soft fur, pointy ears, and sharp claws. The cat's tail wiggles when it's happy. Can you say 'cat'?""","""Look at the little bunny hopping, sweetie! Bunny's ears are like little carrots, and he likes to eat fresh carrots, doesn't he?""","""Look at the cute little puppy playing with the ball, sweetie. Can you see how it wags its tail when it's happy?""","""Look at the doggy, sweetie! He's so cute and fluffy. The doggy is bouncing around and wagging his tail. Let's go say hello to him!""","""Look at all these fun toys! We have a soft teddy bear, a shiny red truck, and a fluffy ball. Would you like to pick one to play with?""","""Look, sweetie, there's a fluffy bunny hopping around. See how it hops? Can you hop like the bunny?""","""Hey sweetie, guess what? Today, mommy and daddy are going to the park, and we can run and play with the dogs! Isn't that fun?""","""Sweetie, it's time to eat your yummy apple. It's juicy and crunchy, just like a little snack from the earth that helps you grow strong and healthy!""","""Look at the cute little dog! It has soft fur, wagging tail, and loves to play with you. Let's go pet him gently and give him a big, happy smile!""","""Look at these bright, colorful toys, sweetie! They're so fun to play with, aren't they? Let's pick your favorite toy and see what adventures we can have together!""","""Look at those cute little cars and dolls, sweetie! Want to play with them together?""","""Look at the fluffy, cute cat, sweetie! The cat is soft and gray, just like your favorite teddy bear. See how it's purring? Cats love to purr when they're happy and cuddly.""","""Look at the fluffy, playful cat. See how it's purring and cuddling up with its favorite toy. Isn't it just the cutest, little kitty friend?""","""Look at the cute kitty, sweetie! The fluffy furry cat is purring softly. Can you say 'cat'? Yes, that's right, it's 'cat'!""","""Look at that big red car, sweetie! It's going to zoom down the street, making a happy sound as it goes by. Wow, isn't it exciting to see cars like that? They help us get places, just like how we take our family car to visit Grandma and","""Look at the cute little cat, sweetie! It's fluffy, soft, and meows when it wants something. Isn't it cuddly?""","""Look at the cute dog, sweetie! The dog is wagging its tail because it's so happy to see you. Want to pet the dog gently?""","""Look at the fluffy, cute kitty cat playing with the ball of yarn! See how the cat is purring and rubbing its head against your leg. Isn't the cat so soft and cozy?""","""Look at the cute, soft, furry kitty! It's purring and playing with its yarn ball. Can you say 'cat'?""","""Look at the cute little kitty cat, it's so soft and fluffy! Meow, meow, kitty, kitty, kitty! Do you see the cute little kitty cat, little one? She's purring and kneading","""Look at mommy and daddy, sweetheart! They are your family, the people who love you the most, and they're always there for you, just like how I'm always here for you!""","""Oh, look at all those amazing toys! Let's play with the soft teddy bear and the fun puzzle!"""
"""Look at the yummy, bright, red apple! It's soft and squishy, sweet and crunchy. Can you say 'apple'? Yummy apple, yummy!""","""Look at the bright, shiny toys, my little sunshine! Soft and round, they're waiting for you to play and giggle with them.""","""Look, sweetie, this is our cozy, warm house, where we feel safe and happy. See the pretty, colorful curtains on the windows? And those soft, fluffy carpets under our feet? Our house is like a big, loving hug!""","""Look, sweetie, this is our home where we live, with walls, a roof, and a lovely door!""","""Look at the fluffy, cute kitty cat with soft paws and a fluffy tail. Do you want to say 'meow' like a cat?""","""Look at those colorful blocks! They're so pretty and soft, let's play with them together, okay?""","""Look at the yummy, colorful fruit salad, sweetie! It's made with juicy apples, sweet bananas, and ripe strawberries. Want to try some with your little spoon?""","""Hey, sweetie, you have a big, loving family that cares for you. Your mommy and daddy love you very much, and you have grandma and grandpa too!""","""Come here, sweetie, look at the big red car! Wow, see how the car's wheels go round and round? Let's touch the car gently and say 'hello' to it together!""","""Look at the beautiful birdie with its bright feathers, chirping sweetly in the sky, little one!""","""Hey there, sweetie! You know, your family is like a big, lovely team. Mommy and Daddy are your superheroes, and your brothers and sisters are your teammates who play fun games with you and share their favorite toys. Together, you all","""Look at that beautiful bird, sweetie! It's chirping and singing, isn't it? Birds have soft feathers and can fly high up in the sky.""","""Hey there, sweetie! Today, we're going to learn all about our family. We've got Mommy and Daddy, that's you and me! We also have a big brother or sister, Aunt Sarah, and Grandma who lives far away but always loves to","""Look at the beautiful birdie, sweetie! It's perched on that tree branch. Birdie's flapping its wings, isn't it?""","""Look at the cute little puppy, sweetie! The fluffy dog is wagging its tail because it's so happy to see you. Its soft fur feels so nice to touch. Isn't it a friendly dog?""","""Look at the shiny red car, sweetie! The car has wheels that spin around and help it go really fast. Want to pretend you're driving it too?""","""Look at the adorable little puppy! The fluffy, furry dog with the big, bright eyes is playing with its favorite toy. Oh, how it barks and wags its tail with so much happiness. Can we give it a gentle pat, sweetie?""","""Look at our big, cozy house, sweetie! It's got a lovely red door and big windows that let in lots of sunshine. Let's go inside and snuggle up on the comfy couch with your favorite stuffed bear.""","""Look, sweetie, Mommy and Daddy are your family, and we love you very much. We have a big, happy family that includes grandma, grandpa, and your brother or sister too!""","""Look at the fluffy dog, sweetie! It's bouncing and wagging its tail, wanting to play and be your friend.""","""Come here, sweetie! Let's go look at the big, beautiful house where we live. See all the pretty windows and doors? This is our cozy home, where mommy and daddy take care of you and where we all feel safe and happy.""","""Look at the fluffy dog wagging its tail and going 'woof woof'! Isn't it so cute? The dog is playing with its toy, rolling around and having a great time!""","""Come here, sweetie! Let's go inside our cozy, lovely house where we have a big, comfy bed, a funny little bathroom with a giggling toilet, and a lovely kitchen where we make yummy food. Don't forget to wear your","""Look at the fluffy bunny hopping around, little one! Isn't it so soft and cute?""","""Look, sweetie, that's mommy and daddy, and we are your family, and we love you so much!""","""Look at our cozy house, sweetie! It's got a lovely blue roof and a friendly front door with a big, smiling number 12 on it.""","""Look at the fluffy and friendly dog wagging its tail, little buddy! He's ready to play and keep you company, just like a big, cuddly teddy bear!""","""Look, sweetie, that's your mommy and daddy, and next to them is your big brother/sister. They're your family, and they love you so much!"""
"""Look at these bright, red apples, sweetie! Yummy, yummy apples!""","""Look, sweetie, here's your favorite red truck! Want to give it a little shake and hear it honk?""","""Look, sweetie, this is our cozy home! Can you see the warm walls and the soft carpet? The windows let the sunshine in, and mommy and daddy are here to keep you safe. Let's explore together, little buddy!""","""Look at the big, beautiful house with the red roof, little one! It has a yellow door and a green garden where we play and have fun together!""","""Look at the fluffy, cute cat! See how it's purring softly? Let's say 'cat' together. Cat, cat!""","""Look at all the colorful toys! Which one do you want to play with now?""","""Look at those yummy, bright red apples! Crunchy and sweet, they make your tummy happy!""","""Look, sweetie, these are your family members. Your mommy and daddy, your big sister, and your loving grandparents. We all love you so much!""","""Look, sweetie, a big, red car! It's zooming down the street, making a funny, whooshing sound. See the windows? They're like ours, but bigger, so cars can see the road better!""","""Look at that beautiful bird, sweetie! It's flapping its wings and singing a lovely song for us.""","""Look at us, little one! We are a big, happy family with Mommy, Daddy, your Aunt Lily, and your big brother, Jake. We love to play, laugh, and share stories together.""","""Look at the beautiful, big bird with colorful feathers in the sky. See how it spreads its wings and flaps them? The bird is singing a lovely song for us. Isn't it a wonderful bird?""","""Oh, sweetie, look at our big, happy family! We have mommy and daddy, your sister, your favorite grandma, and your grandpa. They love you so much and are always here to play, read, and cuddle with you!""","""Look at the beautiful bird! It has feathers that are so colorful and pretty, like a rainbow. Birds can fly high up in the sky and sing sweet songs for us to enjoy.""","""Look at the adorable puppy, sweetie! It's a fluffy, cute dog that loves to play and wag its fluffy tail when it's happy.""","""Look at the big, red car! Can you say 'car'? That's right, sweetie, it's a 'car'. Let's watch it go zoom, zoom!""","""Look, sweetie, that cute little puppy is wagging its tail because it's so happy to see us. Isn't it adorable? Let's give it a gentle pat on the head when it comes over, okay?""","""Come here, sweetie! Let's go look at our pretty, cozy house with the blue roof and the big, shiny door. Oh, and there's a lovely garden with colorful flowers outside!""","""Hey there sweetie, look at our lovely family, Mommy, Daddy, your Auntie Lucy, and your best friend Tommy. We're all here, safe and sound. Isn't it wonderful to have family like us?""","""Look at the cute little dog, sweetie! This fluffy puppy loves to play fetch and cuddle with its friends.""","""Look, sweetie, this is your big, cozy house with lots of rooms and a big, friendly kitchen where we make yummy snacks together!""","""Look, sweetie, this fluffy puppy is a big, friendly dog that wags its tail and loves to play with you.""","""Look, sweetie, this is a house where we live! It's got a big, cozy bed for you, a kitchen with yummy food, and even a little bathroom with water to splash and play.""","""Look at the fluffy bunny hopping around! It's so soft and it hops with its tiny paws!""","""Hey there, little buddy! You know what? Your family is super special. Mommy and Daddy, they're like superheroes who love you so much. And you've got a little sister, right? She's so tiny and sweet, and she looks up to","""Come here, sweetie! Let's play pretend and put these colorful blocks in our toy house. Look at the big red door and the tiny little windows. Isn't it fun to build our own little home for our toy friends?""","""Look at that fluffy dog wagging its tail, isn't it adorable? The dog is playing with its ball, and it's so happy and fun!""","""Hey there, sweetie! Look at Mommy and Daddy holding hands, they're like two puzzle pieces that fit perfectly together. Just like us, they love and take care of each other every day."""
"""Look at the yummy, colorful apple! It's so soft and sweet. Yummy apple, yummy!""","""Look at those bright, colorful blocks, sweetie! Want to play with the bouncy ball?""","""Look, sweetie, this is a house! It's where Mommy and Daddy live, and it's a happy and safe place for all of us.""","""Look at the pretty house, sweetie! That's where mommy and daddy live, and it has a cozy bed for you, a yummy kitchen for mommy to cook, and a big, soft carpet for us to play on together!""","""Look at the fluffy, cute kitty cat with soft, white fur, meowing and playing with its favorite toy mouse!""","""Look at the pretty, colorful toys, little one! Your favorite teddy bear is waiting for you to hug it and play with the soft, bouncy ball!""","""Look at the yummy apple, sweetie! It's juicy and crunchy, perfect for snacking!""","""Look at our family, sweetie! Mommy, Daddy, and Grandma are here. We love you so much!""","""Look at the big, shiny car! It's going to drive us to the park where we can play on the swings and slide, little buddy!""","""Look at that little bird, sweetie! It's chirping and singing beautiful songs with its tiny wings. Isn't it just the cutest thing? Let's watch it fly and hop around, okay?""","""Look at the big, happy family with mommy, daddy, and your sister. They love you so much!""","""Look, sweetie, there's a beautiful bird with big, colorful feathers up in the sky! It's singing a lovely song just for us to hear!""","""Look at mommy, she's holding you. She loves you so much. We're a big family, with grandma and grandpa, too! Let's go give them a big hug.""","""Look at the beautiful bird with its bright feathers, sweetie! It's singing a lovely song just for you.""","""Look, sweetie, there's a cute fluffy dog! Want to say 'hello' to Biscuit? Let's wave our hands for Biscuit!""","""Look at the shiny, big car, sweetie! See how the wheels spin as it moves along the road, just like when we ride our bike together!""","""Look at the fluffy, friendly dog! See how it's wagging its tail, making happy barking sounds. Isn't it fun to pet and play with dogs, sweetie? They're so soft and cuddly, just like our teddy bear!""","""Look at our cozy, lovely home, sweetie! It's got big, soft pillows, a warm fireplace, and a happy family that loves to play together!""","""Look at our family, sweetie! We have Mommy, Daddy, and you, our little sunshine. Mommy is your biggest fan, Daddy is the strongest, and you are the most special. We all love each other so much, just like the family in our picture","""Look at the fluffy, playful dog wagging its tail and running around with the toy. Isn't it cute and funny?""","""Come here, sweetie, let's look at these colorful toys in our house where we play and laugh together!""","""Look at the fluffy, friendly dog wagging its tail and wanting to play with you, sweetie! Let's say 'hello' to the dog and give it a gentle pat on the head. Isn't it wonderful to see how happy the dog is to meet new friends?""","""Hey there little buddy, come look at our house! It's big and cozy, with a red roof and lots of rooms for you and mommy and daddy to play in.""","""Look, sweetie, that fluffy bunny hops so fast, just like you when you hop on your toy trampoline!""","""Hey sweetie, look at your loving family! You have mommy and daddy, who love you very much. And you have your big sister, Emma, who's always there to play with you. Let's go give a big hug to everyone!""","""Come here, sweetie, let's go see the pretty house with the big windows and the red door. Isn't it lovely, the color of the sunshine on the walls?""","""Look at the cute dog, sweetie! It's wagging its fluffy tail because it's happy to see you. Do you like dogs? They're fun friends who like to play fetch and go for walks with us.""","""Hey sweetie, look at our family! Mommy, Daddy, and little brother or sister, we're all together like a big, happy, and loving family!"""
"""Look at these yummy, brightly colored veggies! They're so crunchy and tasty, and they'll make you super strong!""","""Look at those bright, soft toys! They're soft and fluffy, and we can play with them together.""","""Hey sweetie, look at this pretty house, it has a red door and a blue roof. Let's touch the soft carpet and count the little round windows.""","""Look, sweetie, this is your home! We're in our cozy little house, where we play and sleep. Can you hear the birds chirping outside? This is where we all feel safe and happy.""","""Look at the cute little kitty cat, meowing and purring, with soft fur and sharp claws, chasing its tail in a fun game of playfulness.""","""Look at the soft, cuddly bear! This bear is so nice, let's give it a hug!""","""Yummy, sweetie! Look at the bright red strawberries, they're so juicy and yummy. Would you like to try one?""","""Look at mommy and daddy! They love you so much. They're your big, strong family. We all love spending time together and playing with you!""","""Look at the big, red car! Wow, it has shiny wheels and a happy face. Let's say 'car' together and watch it go by!""","""Look at that beautiful bird, sweetie! It's a robin, with soft, feathery wings and a sweet little song. Isn't it adorable? Let's watch it hop around and sing for us!""","""Look at the happy family, sweetie! Mommy and Daddy love you so much. They always make sure you have yummy snacks and fun toys. And look, there's your big brother, Johnny! He's your playmate and will teach you lots of fun games.""","""Look at the beautiful bird, sweetie! It has feathers and wings to fly up high in the sky. Isn't it amazing how it can soar through the air like a little airplane?""","""Hey there, sweetie! Let's talk about our family. You know, we have mommy and daddy, your big brother who loves to build towers with blocks, and your little sister who giggles a lot. We're a happy family, just like the family in the","""Look at the beautiful bird, sweetie! It has pretty feathers and can sing songs for us to enjoy.""","""Look at that fluffy dog, sweetie! It's so cute and friendly, just like a big, soft teddy bear!""","""Look at that big, shiny car! It's so pretty and fast. Can we pretend to drive it together?""","""Look at that cute little dog, sweetie! He's wagging his tail because he's so happy to see you. Dogs are friendly animals and they love to play. Want to say 'hello' to the dog together?""","""Look, sweetie, we're going to the house where Mommy and Daddy live. Can you say 'house'? See the pretty flowers outside and the big tree in the yard?""","""Look at mommy and daddy, they love you so much! Can we give a big hug to grandma and grandpa, and then have a yummy snack together?""","""Look at the cute little dog, sweetie! Its soft fur is as white as a snowy cloud and it wags its tail so happy when you come near!""","""Hey there little buddy, let's go look at our beautiful house, with its bright yellow sunshine, cozy little rooms, and the lovely big windows that let in all the sunlight!""","""Look at that adorable little puppy wagging its fluffy tail and how excited it seems to play with you! Isn't it just the cutest dog ever?""","""Look, sweetie, this is a big, cozy house where we live. The walls are painted blue and there are lots of windows to let in sunshine.""","""Look, little buddy, see those fluffy bunnies hopping around in the meadow? They're called rabbits, and they love to eat carrots and hop around!""","""Hey sweetie, look at mommy and daddy, they're our family. They love you very much and take care of you every day.""","""Look at the big, cozy house where we live, sweetie! It's got a blue door, yellow roof, and pretty flowers around the front!""","""Look, sweetie, there's a fluffy, cute dog! It's a puppy and it wags its tail and plays with toys. Isn't that adorable?""","""Look at us, sweetie, we're a family. Your mommy and daddy love you very much and we all stick together like puzzle pieces. We eat yummy meals together, play fun games, and cuddle each other when we feel sad. Isn't it great being"
"""Look, sweetie, here's your yummy mashed banana, all smooth and delicious for you to try!""","""Oh, look at those colorful blocks, sweetie! They're so fun to stack and play with, aren't they?""","""Look at the pretty house with the big, red roof and the friendly windows!""","""Look, baby, there's a cozy house with a red roof and white walls. It has a big door and a beautiful garden with pretty flowers. Let's go inside and explore together!""","""Look at the cute, fluffy cat! The cat is purring and playing with a ball of yarn. Isn't she adorable?""","""Look at the pretty toys, sweetie! The teddy bear is soft, and the blocks are hard. Let's play together!""","""Look at the yummy apple, sweetie! It's red and crunchy, and it's perfect for snack time.""","""Look at us, sweetie! We are a happy family with mommy, daddy, and your siblings playing together, always sharing and loving each other.""","""Look at the big, shiny car! The wheels are round and it goes vroom vroom when the grown-up drives it. Isn't it cool? The car takes us to fun places, like the park and the supermarket. Let's say 'car' together and watch it go","""Look, little one, see that pretty bird flying high in the sky with its colorful feathers? It's a beautiful bird, isn't it? Let's listen to its lovely chirping song.""","""Look at the happy family, sweetie! There's mommy and daddy, your sister Emily, and me, your favorite big brother, John. We love you so much and always play together to make you smile!""","""Look, sweetie, there's a bird flying high in the sky, chirping and singing its lovely song for us to hear!""","""Hey there, sweetie! Let's talk about our family. Your mommy and daddy are your special people, and we all love you so much. Can you tell me one thing you like to do with your family?""","""Look, little one, there's a beautiful bird! It has soft feathers and can sing songs for us to enjoy.""","""Look at the adorable little puppy, sweetie! It's so fluffy and cuddly, just like a soft, cuddly teddy bear. Can you say 'puppy'? Let's say it together, 'puppy'!""","""Look at the big, red car! It has four wheels and a shiny roof. Can you say 'car'? Let's pretend to drive it together, slow and steady, honking gently, just like the big car outside.""","""Look at the doggy, sweetie! It's wagging its tail and running around in the yard. Isn't it so happy and playful? Let's go say hello to the puppy, okay?""","""Hey there, little buddy! Let's explore the house together. Look at the pretty flowers in the garden and the soft carpet in the living room. See the big, fluffy bed in the bedroom? It's so comfy. Don't forget to say 'hello","""Hey sweetie, guess what? Mommy and Daddy love you so much, and they're always there for you, just like your lovely big sister and brother!""","""Look at the fluffy dog, little buddy! See how it wags its tail when it's happy and barks to say hello. Isn't that adorable?""","""Look at this big, beautiful house, sweetie! See the red roof and the blue door? Let's go inside and play on the soft, fluffy carpet!""","""Look at the fluffy, barking dog, sweetie! It's wagging its tail, and it's so happy to see you!""","""Hey there, little buddy! Look at our cozy house, where we have a soft bed, a yummy kitchen, and lots of love. Isn't it wonderful to be surrounded by all these happy places?""","""Look at that fluffy bunny hopping around in the garden, little one. Can you see how soft its fur feels?""","""Sweetie, look at our big family! Mommy and Daddy are here with us, and we also have your big sister, Emily. We love spending time together and playing games.""","""Come here, sweetie, let's go look at our lovely home! We have our cozy bedroom, the kitchen where we make yummy snacks, and the living room where we play and laugh together. Isn't our house a wonderful place to live?""","""Look at that fluffy, friendly dog, sweetie! The dog wags its tail and barks, just like when you giggle and giggle. Dogs are very special and love to play with you!""","""Hey sweetie, guess what? Today, Mommy and Daddy are going to pick you up and spend some special time together just like a little family party!"""
"""Look at this yummy yummy apple, baby! Crunch crunch, sweet little teeth!""","""Look at all these bright, fun toys! Want to play with the ball and the rattle?""","""Come here, sweetie, let's go inside where we have a cozy home with soft cushions, warm blankets, and lots of love waiting for you!""","""Look at our beautiful home, sweetie! This is where we live, and it's filled with love and cozy blankets just for you.""","""Look, sweetie, a fluffy cat! See how it's purring? The cat is soft and cute, just like your favorite stuffed toy.""","""Look at the pretty, colorful toys, sweetie! Let's pick one to play with, okay?""","""Look at the juicy, red tomato! Yum! Can you say 'tomato'? Mama's cooking up something tasty with it for you.""","""Come here, sweetie! Look at our lovely family picture with mommy, daddy, and little brother/sister!""","""Look at the shiny red car, little one! The car is going to take us on a fun ride to the park, and we'll see lots of colorful flowers and play with our friends!""","""Look at the beautiful bird, sweetie! It has feathers, chirps, and loves to hop from branch to branch.""","""Look, sweetie, Mommy and Daddy are your family, and they love you so much, just like how we love our favorite stuffed animals, don't we?""","""Look at that pretty bird, sweetie! It's singing a beautiful song for us to enjoy. Isn't it amazing how it can fly so high in the sky with its strong wings? Birds like this can be our friends in nature, and we can watch them together.""","""Sweetie, we have a family that's like a big, happy team. We love and take care of each other, just like your mommy and me!""","""Look at that beautiful bird, sweetie! It's called a cardinal. See how its red feathers shine like a rainbow? Birds are special because they can fly high in the sky!""","""Look at the cute dog, sweetie! The dog is wagging its tail and wants to play. The dog is so soft and fluffy, just like your blanket. Dogs are such friendly and happy animals, and they love to be with people. Isn't that wonderful?""","""Look at the big red car! It's so shiny and fast, just like a superhero zooming on the road. Want to see it go by again?""","""Look at the cute little dog, sweetie! The dog is wagging its tail because it's happy. The dog has soft fur and barks to say hello. We can say 'hello' to the dog too!""","""Hey sweetie, come here and let's see all the pretty pictures on the walls of our house. This big, cozy house is our special home, where we make lots of fun memories together!""","""Hey sweetie, look at mommy and daddy holding hands, it's like they're a team working together, just like superheroes!""","""Look at the cute little puppy, sweetie! It's a dog. Can you say 'dog'? The dog is wagging its tail and barking happily. Want to pet the dog gently?""","""Look, sweetie, we're at home! The house is big and has many rooms, like the kitchen where we cook yummy food, the bedroom where we sleep, and the living room where we play with your toys. There's also the bathroom where we wash up and the","""Look at the fluffy, furry dog! Its waggy tail and barky sounds make it so happy. Let's say 'woof woof' together, just like the dog!""","""Look at this big, beautiful house, sweetie! It's where mommy and daddy live. We have a cozy bedroom, a lovely kitchen, and lots of fun rooms with colorful toys!""","""Look at the cute little bunny hopping over the grass, little one! Isn't it fluffy and soft? Bunnies are our friends and they like to eat carrots and play.""","""Look at the big, happy family! We have Mommy, Daddy, Grandma, Grandpa, and your siblings. They love you very much and want to play and read with you!""","""Look, sweetie, we're at our cozy house where we feel safe and happy. See all the pretty colors? Yellow for sunshine, blue for sky, and green for grass outside. Can you hear the birds chirping? They're singing us a beautiful song just for us","""Look at the fluffy dog, sweetie! The dog is wagging its tail and wants to play with you. Let's pet the dog gently and watch its cute little nose.""","""Look at the smiling faces of mommy and daddy, sweetie! They're your loving family who always have a big hug and a warm heart for you."""
"""Look at these yummy, bright, colorful, fun foods! They are sweet, soft, and tasty. Let's eat some, baby!""","""Look at those cute little toys! They're so soft and fun. You'll love playing with them, won't you, sweetie?""","""Come here, sweetie! Look at this big, beautiful house with a red roof and a blue door. Let's go inside and play on the soft, fluffy carpet!""","""Look at the big, beautiful house we live in, sweetie! It's where mommy and daddy are, and where we make lots of happy memories together. Let's go inside and see all the cozy rooms we have.""","""Look, sweetie, there's a cute little cat! The cat is fluffy and purring softly. The cat's eyes are bright and big, and it's playing with a little ball of yarn. Isn't the cat adorable?""","""Look at the bright, colorful teddy bear! Want to give it a gentle hug?""","""Look at these juicy, ripe strawberries, little one! They're so sweet and delicious, and they'll make your tummy happy!""","""Hey there, sweetie! Look at all the smiles from your family. Mommy and Daddy are here, and we love you so much!""","""Look at the big, shiny red car, sweetie! It has wheels that go round and round and makes a funny sound when we honk. Want to count the car's wheels with me? One, two, three, four!""","""Look at the beautiful birdie, sweetie! Its feathers are so pretty and colorful. It's singing a lovely song just for you.""","""Look at our family, sweetie! This is Mommy, this is Daddy, and these are your big brothers, Tom and Jake. They love you very much, just like we do. We all have our own special roles in our family, and together, we make a wonderful, loving","""Look at the beautiful bird, sweetie! It's flying high up in the sky. Isn't it so pretty? It's like a colorful kite!""","""Hey sweetie, it's time to go home now. Mommy and Daddy will be waiting for you, and we can all play together and have fun with your big sister, Emily!""","""Look, little buddy, that beautiful bird is flying high up in the sky, spreading its wings wide and singing a sweet song just for you.""","""Look at that fluffy, friendly dog! Can you say 'woof woof'? Dogs love to play and cuddle, just like you love to play with your toys and hugs with mommy and daddy!""","""Look, sweetie, there's a big, shiny car! It has four wheels, just like the bicycle you ride with mommy. The car moves fast when someone turns on the engine. The driver sits inside the car, steering it with a special wheel called a steering","""Look at the happy dog! He has soft fur and wags his tail when he's excited to play. Isn't he the best friend?""","""Look at our cozy home, sweetie! It's filled with your favorite toys, soft blankets, and yummy snacks waiting for you. Isn't it a happy and safe place just for you?""","""Look at mommy and daddy holding hands. They are our family. They love you very much and will always take care of you.""","""Look at the adorable puppy, sweetie! It's a fluffy, little ball of fur with big, warm eyes. The puppy is so cute, isn't it? Oh, and it's called a dog. Dogs can be our best friends, wag","""Look, sweetie, we're in our cozy home! See the pretty walls, soft carpet, and the friendly furniture. Can you find the fluffy pillow on the big, comfy bed?""","""Look at the cute little dog wagging its tail, sweetie! It's time for a good, gentle pat, and let's give it a loving name, like 'Buddy' or 'Rover', so it knows who's its favorite friend!""","""Look, sweetie, it's time to tidy up the house, so let's put your toys in the toy box and make sure the floor is all clean and shiny for mommy and daddy to walk on.""","""Look at the bunny hopping! It's so fluffy and cute. The bunny goes, 'Baa baa, black and white.'""","""Look at us, my sweet little one! These are your mommy and daddy, and we love you so much. We're a family, just like this little tree with its roots holding it tight, and we'll always be there for you, always.""","""Come here, sweetie! Let's go look at the pretty house, where we live and have fun with mommy and daddy!""","""Look at that cute fluffy dog, little buddy! He's so soft and loves to wag his tail when he's happy.""","""Hey there, sweetie! We love our family, and we all work together like a big, happy team to make everyone smile."""
"""Sweetie, you're going to love this! Here's a yummy, ripe banana for you. It's soft, sweet, and oh so delicious! Yummy yummy!""","""Oh, look at the pretty, shiny toys! They're so fun to touch and play with, sweetie.""","""Come here, sweetie! Let's look at the pretty house with its red roof and big windows. Isn't it cozy? Let's touch the soft carpet and hear the happy chirping of birds outside the window!""","""Come here, sweetie! Let's go see the big house, with its shiny roof and pretty windows!""","""Look at the fluffy, cute cat! See how it purrs and plays with its toy? Isn't it so soft and cuddly? The cat is having a fun time.""","""Look at those big, colorful toys! Do you see the soft teddy bear? Let's reach for it together and give it a big hug!""","""Look, sweetie, these are some yummy carrots! They're bright orange and crunchy. Yummy yummy, try them!""","""Look at mommy and daddy, sweetie! They love you very much and they're your parents who take care of you and keep you safe!""","""Look, sweetie, there's a big, shiny car! It has four wheels and a red roof. The car can go vroom, vroom, and take us on fun rides!""","""Look at the pretty bird with its colorful feathers and chirpy songs, little one. Birds like this one love to hop around, peck at the ground, and eat yummy bugs.""","""Hey sweetie, it's time to go home. Mommy and Daddy love you so much, just like a big bear hugs you tight!""","""Look, sweetie, there's a bird! It's chirping and flying in the sky. Isn't it beautiful? The bird is singing a lovely song.""","""Hey sweetie, let's talk about your family. You have mommy and daddy, who love you lots. You have a brother or sister, and they're all part of your special family, like the way we all love you so much.""","""Look at the bird, sweetie! It's so pretty, with its bright feathers and chirpy song. Isn't it amazing how it can fly so high in the sky?""","""Look, sweetie, that's a fluffy dog! Wag your tail like his if you see one!""","""Look at the big, shiny car! It's red, isn't it? Wow, it has four wheels and a steering wheel, sweetie! The driver is going to drive it to take us places, just like mommy and daddy do.""","""Look at the fluffy and friendly dog! Can you say 'dog'? That's right! The dog is wagging its tail because it's so happy to see you. The dog's name is Max, and he's going to play with you!""","""Hey there, sweetie! Let's look at our lovely house together. We have a cozy bedroom, a big living room with lots of colors, a yummy kitchen for making tasty treats, a beautiful garden where we play, and a tall, strong garage where d","""Look at our family, sweetie! We have Mommy, Daddy, and your big brother/sister. They love you very much and are always here for you.""","""Look at the cute little dog, sweetie! The dog is a furry friend who loves to play fetch and go on adventures with us.""","""Come here, sweetie, let's look at the big, beautiful house with a red door. The windows let the sunshine in, and it has a lovely green lawn where we can play and run around.""","""Look at the cute dog, sweetie! It's bouncing like a bouncy ball. See how it wags its tail when it's happy? Can you say 'dog'? Let's say it together!""","""Look at our cozy, warm home where we all snuggle up and sleep, sweetie! Our house is like a big, friendly bear hug for us, keeping us safe and happy.""","""Look at the fluffy bunny hopping around, little one! Isn't it the cutest thing you've ever seen?""","""Look at mommy and daddy, sweetie! They are our special family who love you so much and always take care of you.""","""Hey, sweetie, let's go look at our cozy, colorful house where we play, eat, and sleep.""","""Come here, sweetie, look at this fluffy, cuddly dog! Its fur is so soft and it wags its tail when it's happy, just like when I smile at you!""","""Hey sweetie, look at mommy and daddy! They are your amazing family, always there to love you and make you happy!"""
"""Look at these yummy carrots, sweetie! They're so crunchy and orange. You're gonna love them!""","""Oh, look at these bright and colorful toys, little one! They're so fun to play with, aren't they? Let's reach out and touch the soft teddy bear together. It's soft and cuddly, just like mommy's hug!""","""Look at the pretty house, sweetie! The blue roof and the yellow door are so bright, aren't they? Let's go inside and have some fun together!""","""Come here, little one! Look at our cozy house, where we have a lovely bed, a big yummy breakfast, and your favorite toys. Isn't it amazing? Let's go inside and play with Mommy and Daddy!""","""Look, sweetie, there's a fluffy cat! Meow, meow! The cat has soft fur and loves to purr and play. Isn't it adorable?""","""Look at the colorful toys, sweetie! These soft, cuddly teddy bears and bright, squeaky rubber ducks are here for you to play with and discover. Isn't it fun to touch and listen to them?""","""Look at the bright red apple! It's so yummy, sweetie. Can you eat it with me, please?""","""Look at your family, sweetie! There's Mommy, Daddy, and your favorite cousin, Emma. Mommy and Daddy love you so much, and Emma loves playing with you too!""","""Look at the big, red car with shiny wheels, little buddy! It's going to zoom by super-duper fast!""","""Look at that beautiful bird! It's chirping and flapping its wings. Can you say 'bird' with me?""","""Look, sweetie, those are your big family! Your mommy and daddy, your little brother or sister, and your grandma and grandpa. They all love you so much!""","""Look, little one! See that beautiful bird up there? It's singing a lovely song just for us!""","""Hey there, sweetie! Let's talk about your family. You know, your mommy and daddy, your big brother/sister, and grandma and grandpa. They're all very special people who love you a whole bunch, just like me!""","""Look at the beautiful bird! It's so pretty with its bright blue feathers and it's singing a lovely song for us to enjoy.""","""Look at the cute little dog, sweetie! It's a furry, friendly, and fluffy friend. The dog is wagging its tail and barking happily.""","""Look at the shiny red car, little buddy! See how it goes vroom-vroom when the grown-ups turn the key? Would you like to help me push it gently, sweetie?""","""Look at the fluffy dog, sweetie! He's so soft and cute, just like your stuffed bunny. Can you say 'woof woof'? That's the dog's happy sound. Let's give him a big hug and say 'hello'","""Hey there, sweetie! Come look at this big, beautiful house we're in! See the windows? They let the sunshine in and let us see out. And look at those little steps up to the door! They're just for us to walk up and go inside. Can you","""Look, sweetie, these are your mommy and daddy, and over there are your big sister and big brother, all loving you and taking care of you together!""","""Look at the cute little puppy, sweetie! See how he wags his tail and barks? He's a friendly dog, just like the one we have at home. Can you say 'dog'? Let's say it together: D-O-G, dog!""","""Come here, sweetie! Look at our big, cozy house with a beautiful red door and colorful flowers in the garden. Let's go inside where Mommy and Daddy are waiting to read us a bedtime story and tuck you in with your favorite soft blanket.""","""Look at the fluffy dog wagging its tail, little buddy! This dog is bouncing around like a happy bouncy ball, isn't it fun?""","""Come here, sweetie! Let's go explore our lovely house together. See, these are the big cozy beds where we sleep, and these are our yummy breakfast bowls. Oh, and look at that colorful picture on the wall! Our house is so full of fun stuff for","""Look at the big, fluffy bunny hopping over the grass, little buddy! Bunny's ears are like little helmets to keep them safe, aren't they fun?""","""Look at mommy, sweetie! She's your mommy, and she loves you a lot. Daddy's right over there, and he's your daddy. We're your family, and we all care for you!""","""Look at our cozy, warm house where we play, sleep, and eat, sweetie. The walls are painted a bright yellow and the windows let in lots of sunshine, making our home feel like a happy little kingdom just for us.""","""Look at the cute little dog wagging its fluffy tail! Want to see the dog's soft fur? Let's gently touch its fur, and remember to be gentle with our furry friends.""","""Hey there, sweetie! Time to tell you about our lovely family. We have mommy, daddy, your adorable little brother, and your super funny big sister. They all love you a lot, just like I do!"""
"""Look, sweetie, these yummy bits of apple are going to taste so good, and they'll make you grow strong and healthy!""","""Look at this bright, shiny ball, my little one. It's so soft and fun to roll and bounce. Want to see what happens when we give it a gentle shove?""","""Look at the pretty house with its big windows and colorful doors, sweetie. It's a place where families live, eat, and play together. Can you say 'house'? Good job!""","""Look at the big, beautiful house with a red roof and blue windows, sweetie! It's where we live and where mommy and daddy are taking care of you!""","""Look at the cute, fluffy cat, little one! It's purring softly, just for you. Can you say 'cat'? Let's say 'cat' together, like this: 'C-A-T, cat!'""","""Look at the pretty, colorful toys! Let's play with the fun, fluffy bear together!""","""Look at this yummy apple, sweetie! It's red and crunchy. Let's take a little bite and enjoy its juicy goodness together!""","""Look at our family, sweetie! You have mommy, daddy, and your big brother/sister. They love you so much and play with you every day!""","""Look at the big red car, sweetie! It has four wheels and can take us on a fun ride to the park.""","""Look, sweetie, that beautiful bird with its colorful feathers is singing a happy song, and its beak is wide open like a smiley face!""","""Oh, sweetie, look at Mommy and Daddy hugging! They love you so much, just like I do. We're a big, happy family together!""","""Look at that beautiful bird, sweetie! It's a pretty little birdie with feathers that are as soft as your favorite blanket.""","""Look, sweetie, mommy and daddy are your special family, and they love you so much! They're like superheroes who always keep you safe and happy!""","""Look, sweetie, there's a little birdie with pretty feathers and a cute beak. Birdies like to hop and chirp, and they can fly high up in the sky!""","""Look at the fluffy, furry dog! See how it wags its tail when it's happy. Want to say 'woof woof' with it?""","""Look at the shiny, big car! It's going to drive down the road and make some fun sounds!""","""Look at the cute, fluffy dog! The dog is wagging its tail because it's happy to see you. The dog has soft fur and it loves to play fetch with its favorite ball!""","""Hey there, sweetie! Let's go look at all the pretty colors and fun things in our house, like your favorite toys and the soft, cozy bed you love to sleep in!""","""Look at mommy, sweetie! Mommy loves you, and she's always there for you, just like daddy, who helps us all with fun things. We're a big, happy family, and you're the most precious part!""","""Look at the fluffy dog, sweetie! This cute puppy wags its tail when it's happy. Can you say 'dog'?""","""Look, sweetie, this big room is our living room where we play and have fun with mommy and daddy. The tiny square thingies are our cozy carpets, and the tall thing is our nice, warm bed to sleep on. Let's go and say hello to our beautiful house","""Look at the fluffy dog wagging its tail and jumping around with joy, sweetie! Isn't it a fun, friendly pup?""","""Hey sweetie, let's look at our cozy house where we live and play, it's filled with love and smiles, and every room is a place for fun and games.""","""Look at the cute little bunny hopping around, little one! Bunny's got big floppy ears and fluffy white fur. Can you say 'bunny'? Let's clap for our hoppy friend!""","""Look, sweetie, this is mommy and daddy, and these are your big brothers and sisters, all smiling and ready to play with you!""","""Look, sweetie, there's a big, cozy house with a colorful door and windows, where we all live and play together!""","""Look, sweetie, this is a cute dog! It's called a puppy. Puppies are like little furry friends who love to play and give you lots of kisses!""","""Look at mommy and daddy holding hands, sweetheart! They're your superhero family, always protecting and loving you."""
"""Look at these bright, juicy red tomatoes! They're so soft and yummy, and they make our yummy pasta taste extra delicious!""","""Look at the soft, squishy ball! It's so round and bouncy, and when you press it, it goes 'pop!' Isn't that fun? Let's play with it together!""","""Come here, sweetie, let's explore the cozy house with its colorful walls, big windows, and a soft, fluffy carpet under our tiny feet. Look at the cute little bed and the yummy cereal on the table.""","""Come here, sweetie! Look at these pretty colors of our home. See how cozy and warm it is? Let's go inside and make it even more special for us!""","""Look at the fluffy, cute cat with pointy ears, little one. Its fur is as soft as a kitten's kiss!""","""Look at those big, colorful blocks! They're so pretty, aren't they? Let's play with them together, and I'll help you stack them up high!""","""Look at the yummy apple pie, sweetie! It's round, red, and has a crunchy crust. Let's eat it together!""","""Look at mommy, sweetie! Mommy and daddy are your family, and they love you very much, just like your teddy bear.""","""Look, sweetie, this big and shiny car! It has four wheels that help it go fast and slow. See how the car makes a funny sound when it moves? Would you like to imagine a car that's your favorite color and say its name with me?""","""Look, sweetie, a beautiful bird with feathers as soft as a fluffy cloud. Can you hear it chirping, telling us it's happy to see us?""","""Look, sweetie, this is your big brother, Timmy, and your big sister, Lily. They're your family, just like mommy and daddy.""","""Look at that beautiful birdie! It's singing a lovely song for us. Do you see the pretty feathers on its wings?""","""Sweetie, let's talk about our family! We have mommy, daddy, grandma, grandpa, and your big brother/sister. They all love you very much, just like we love you!""","""Look, sweetie, there's a pretty bird flying up high, flapping its wings and singing a lovely song!""","""Come here, sweetie! Look at this fluffy, waggy-tailed dog over there. Can you say 'woof woof' like the dog? Dogs are so friendly and love to play. Let's give this cute little puppy a big, happy 'hello'","""Look at the big, shiny car! Wow, it's so cool! It has wheels that go 'vroom-vroom' and the driver sits inside and drives it all over the place!""","""Look at the fluffy, friendly dog! The dog has soft, brown fur and wags its tail when it's happy. Let's say 'woof woof' together with the dog!""","""Hey there, sweetie! Let's look at our beautiful house. Do you see the blue walls? And the yellow door? We have cozy beds and fun toys to play with inside. Let's go explore together!""","""Look, sweetie, those are Mommy and Daddy! They're your family. Mommy makes yummy snacks and Daddy plays with you at the park!""","""Look, sweetie, here comes a big, fluffy dog wagging its tail, and it's so happy to see you!""","""Look, sweetie, there's our cozy house! It's got a red roof and white walls, and it's where we make lots of wonderful memories together.""","""Look at the fluffy, cute puppy! The dog is wagging its tail, and it wants to play with you. Isn't the dog so fun and friendly?""","""Hey there, little buddy! Let's go explore the house together. Can you point to the cozy bedroom where we sleep? And what about the kitchen, where we make yummy snacks? Oh, and don't forget the living room, where we play and laugh together. Isn","""Look at the cute puppy, little buddy! It's bouncing and wagging its tail, just like when we play together!""","""Hey there, sweetie! Let's talk about our family. We have Mommy and Daddy, your big brother and sister, and even our furry friend, Spot! They all love you very much and are here to take care of you. Isn't that nice? Family is","""Come here, little buddy! Let's go look at all the pretty colors in our lovely house, with big, comfy beds and yummy breakfasts waiting for us!""","""Look, sweetie, that fluffy dog is wagging its tail because it's happy and wants to play!""","""Hey there, little buddy! Look at your big brother and sister playing together. They're your family, and they love you very much, just like mommy and daddy do!"""
"""Look at the yummy, bright orange carrots! They're going to be so good for your little eyes.""","""Look at all these pretty toys, sweetie! Want to see the colorful blocks and soft teddy bear?""","""Come here, sweetie, let's go see the big, cozy house where Mommy and Daddy live. It's got a pretty red door, and a soft, fluffy carpet inside. Isn't it a lovely place to play?""","""Come here, sweetie! Look at our cozy, lovely house where mommy and daddy live with you. Isn't it wonderful? Let's snuggle in our comfy bed inside.""","""Look at the cute little cat, sweetie! Its soft fur is like a fluffy blanket and it's purring because it's happy. Can you say 'cat'? Cat!""","""Look at the colorful teddy bear, sweetie! Want to give it a big hug?""","""Look at the yummy, bright yellow banana! Let's peel it together, and you can take a big bite!""","""Look at our family, sweetie! We have Mommy, Daddy, and you. We love you so much and we always play and laugh together. Isn't it fun to be with each other?""","""Look, sweetie, that's a big, shiny car! It has four wheels, just like your toy car, and it's yellow like your favorite teddy bear. The driver sits inside and makes the car go forward and backward, just like when you push your toy","""Look, sweetie! A beautiful bird is flying high in the sky. Its feathers are so colorful, just like the pretty pictures in your book. The bird is singing a lovely song with its beautiful voice. Isn't that adorable?""","""Hey there, sweetie! Look at mommy and daddy smiling at each other, and there's your little brother or sister, having so much fun playing with you. You know, they all love spending time with you and your family is very special.""","""Look at that pretty bird, sweetie! It's flying high up in the sky with its wings flapping and singing a lovely song.""","""Look at our family, sweetie! We have Mommy, Daddy, and your big brother, Tommy. They love you very much and are here to help you every day.""","""Look at the beautiful bird with its colorful feathers! It's so fun to watch it fly and sing sweet songs for us, isn't it?""","""Look at the fluffy dog, sweetie! It's barking and wagging its tail because it's happy and wants to play with you!""","""Look at the big, red car, sweetie! It's going to take us on a fun ride around the block!""","""Look at the fluffy, cute puppy, sweetie! It's so soft and loves to play fetch with us. Isn't it the cutest furry friend you've ever seen?""","""Look at this big, beautiful house! It has a red roof, a green door, and colorful windows. Let's touch the soft carpet and feel the fluffy pillows on the cozy couch.""","""Look at our lovely family, sweetie! Mommy and Daddy are your favorite people, and we're all so happy to be together. Let's hug them tight and say 'I love you'!""","""Look at that cute little puppy, sweetie! Its soft fur feels like a fluffy blanket, and it wags its tail when it's happy. Puppies are friendly and love to play fetch with you.""","""Hey there, sweetie! Come look at our cozy house, with its big, friendly windows and soft, warm blankets. Let's hop on the fluffy carpet and snuggle up in our lovely home!""","""Look at the adorable little puppy, sweetie! See how it's wagging its fluffy tail and bouncing around like a happy ball of fur. Isn't it the most cute dog you've ever seen?""","""Come here, little buddy! Let's walk inside our cozy house with the big, blue door and lots of room to play and giggle!""","""Look at the cute puppy playing in the yard! It's wagging its fluffy tail and running around. Oh, let's go pet it gently and see if it likes it!""","""Look at Mommy and Daddy, sweetheart! They love you very much and are your special family.""","""Come here, sweetie! Look at our beautiful home, with its bright walls and cozy rooms. Let's explore the lovely kitchen, where we bake yummy treats and fill our bellies. Don't forget to touch the soft carpet in the living room and say hi to our","""Look, sweetie, this is a dog! See how it has soft fur, big ears, and a wagging tail? Dogs are our furry friends that love to play, cuddle, and keep us safe. Isn't it adorable?""","""Hey there, sweetie! You know, mommy and daddy love you so much, and they are your family. Your big sister loves to play with you and share her favorite toys. Isn't it great having them all together?"""
"""Yummy, sweet peas! Mama's cooking them for you. Want to try one?""","""Look at those bright, colorful blocks, little one! They're so pretty and fun to stack and play with.""","""Look, sweetie, we're standing in our cozy house, where mommy and daddy love to play and snuggle you in your fluffy bed every night.""","""Look at the pretty house, sweetie! The walls are so tall and the roof keeps us dry. The windows let the sunshine in, and the door lets us come inside and play!""","""Look at the fluffy, playful kitty with pointy ears and soft fur, little one. Isn't it cute? Kitty is purring and wants to cuddle.""","""Look at those bright, soft toys, little one! They're ready for you to play with and enjoy lots of fun together.""","""Look at those yummy, colorful veggies on your plate, sweetie! Can you say 'carrots'? Yum!""","""Look, sweetie, that's Mommy, holding your daddy. They are your family and they love you very much!""","""Look at the shiny, big car, sweetie! It's a red car with bumpy tires. See how it drives on the road, honking its horn and smiling at us. Isn't it exciting to see cars like this?""","""Look at that pretty bird, sweetie! It's so colorful, isn't it? The bird is singing a lovely song and it's hopping around the tree. Want to try and say 'bird' with me?""","""Look at our family, sweetie! We have mommy, daddy, and you. We love you so much and we always have fun together.""","""Look at the pretty bird, sweetie! It's so colorful, with a big red beak and feathers like a rainbow! The bird is chirping and singing a happy song just for us!""","""Hey sweetie, let's sing a song about our lovely family, where mommy, daddy, and your brother and sister love and care for each other just like your favorite teddy bears.""","""Look, sweetie, there's a pretty bird in the sky! It has beautiful feathers and it's singing a lovely song. Let's wave at the bird!""","""Look, sweetie, this is a puppy. Puppy is a very small dog. Puppy has soft fur and wags its tail when it's happy. Puppy loves to play and go for walks with us, and we love it too!""","""Look at the big, red car, sweetie! It's so shiny and fast. Want to say 'car' with me?""","""Look, sweetie, there's a cute dog! Woof woof! He's wagging his tail and wants to play!""","""Look at the big, beautiful house where Mommy and Daddy live, sweetie. It has lots of windows and a red door. Isn't it a lovely house?""","""Oh sweetie, look at your mommy and daddy! They are your amazing family, always loving and caring for you.""","""Look at the happy, fluffy dog wagging its tail and barking softly, little one. It's time to pet him gently and make him wag his tail even more.""","""Come here, little buddy! Let's go inside our cozy house, where we have a soft, warm bed, and lots of yummy snacks for you.""","""Look at that fluffy dog, little one! It's wagging its tail because it's super happy to see you!""","""Come here, little buddy! Let's explore the house together. See the cozy bed, the soft pillows, and the warm blankets? And look, the big, fluffy dog is playing in the yard. Isn't it a lovely house with so many fun things to see","""Look at the big, fluffy bunny hopping in the meadow, little one! Isn't it hopping happily in the sunshine?""","""Look at the happy faces of our family, my little buddy! Mommy, Daddy, and you are all special and loved. Can you say 'family' with me?""","""Look at the beautiful house with big windows, sweetie! The roof keeps us safe from rain, and the floorboards make a soft sound when you walk on them. Isn't the house lovely?""","""Look at the fluffy dog, sweetie! The dog has soft fur, big floppy ears, and a wagging tail. Isn't it adorable? Dogs are our furry friends who love to play and cuddle with us.""","""Hey sweetie, let's talk about our family! Remember mommy, daddy, grandma, grandpa, and little brother/sister? They all love you very much and want to play with you and share their stories with you!"""
"""Look at these little, yummy, colorful veggies! They're all soft and squishy for you to try!""","""Look at the bright, colorful toys! They're so fun to play with, aren't they, sweetie?""","""Look, baby, there's our cozy, colorful house where mommy and daddy live, and where you have your own little bed and toys!""","""Hey, sweetie, look at this big, cozy house! The roof is like a hat for the house, keeping it dry when it rains, and the windows let us see all the pretty things outside!""","""Look at the fluffy, cute cat! See how she purrs when she's happy? Isn't she the cutest furry friend? Want to touch her soft fur?""","""Look at those colorful blocks, sweetie! Want to stack them together with me and make a tower as tall as a big tree?""","""Look at these yummy carrots, sweetie! They're orange and crunchy. Can you try one? Mmm, that's so tasty!""","""Look at us, sweetie! We're a family. Mommy and Daddy love you very much, just like your teddy bear loves you back. Together, we have lots of fun and love each other.""","""Look at the big, shiny car! It has four wheels and goes 'vroom vroom' when you push the pedal.""","""Look at the little birdie, sweetie! It has tiny wings and a cute little beak. Isn't it pretty? Let's see if we can make it fly like magic with our eyes!""","""Hey sweetie, do you remember our big, happy family? Mommy and Daddy, Auntie Sue, and Grandpa John are all together, just like a big, warm hug.""","""Look, sweetie, there's a bird in the sky! It has feathers and a beak, just like a tiny, fluffy, colorful helicopter flying around. Isn't it amazing how it can fly so high and sing such beautiful songs?""","""Look at the smiling faces of our loving family, sweetie! We are all here to share our love and support for each other.""","""Look at the pretty birdie with the colorful feathers! Want to wave at it with your tiny hands?""","""Look at the big, fluffy dog! The dog is so happy and wagging its tail to say hello. Can you say 'dog'? Yes, that's right! The dog is wagging its tail because it loves to play with us and be our friend.""","""Look, sweetie, this big car has wheels that help it roll on the road, just like your toy car. See the windows? They let us see the world outside while we're driving safely inside.""","""Look, sweetie, that's a dog! Dogs are furry friends who wag their tails when they're happy. They love to play fetch and cuddle with us.""","""Hey there, sweetie! Look at this big, beautiful house we live in! It's got a roof on top, walls on the sides, and a special door to go in and out. We have a cozy bedroom upstairs where we sleep, a yummy kitchen where we cook","""Hey sweetie, we have a big, loving family with Mommy, Daddy, and Grandma and Grandpa. We all play, laugh, and give hugs together, just like a big, happy family.""","""Look at the fluffy, furry dog! It's wagging its tail because it's so happy to see you! The dog's name is Spot, and he likes to play fetch with his favorite red ball. Isn't Spot a cute, playful pu","""Come here, sweetie! Let's go inside the big, cozy house where we have a soft bed and a yummy kitchen for Mommy and Daddy to make delicious food!""","""Look at that cute fluffy dog, sweetie! The dog is barking and wagging its tail because it's happy to see us. The dog's name is Spot. Let's give Spot a gentle pat and say 'hello' to him!""","""Hey there, sweetie! Let's go inside our cozy home where we have a warm and safe place to play, eat, and sleep. Our house has big windows that let the sunshine in, and it has a lovely garden outside where we can run and play. Inside, we","""Look at the fluffy bunny, little one! It's hopping around, eating carrots and playing with its friends!""","""Hey there, sweetie! You know, your family is like a superhero team! Your mommy and daddy are like superheroes who always keep you safe and sound, just like how superheroes keep the world safe. And guess what? Your grandparents are like wise","""Look at our lovely house, sweetie! It's a big, comfy home where we all feel safe and snug, just like in your favorite storybook. Can you see the pretty blue door? Let's open it together and explore the magical world inside!""","""Look at the fluffy, wiggly dog! The dog is bouncing and wagging its tail, isn't it? Let's say 'woof woof' for the dog. Can you bark like a happy, playful dog now?""","""Hey there, sweetie! We're going to talk about our family. We have mommy, daddy, your big brother, and even our super cute cat, Whiskers!"""
"""Look at the juicy red apple! Yummy! Yummy! Mama will give you a little bite. Crunch crunch!""","""Look at all these cute little toys! Want to play with the soft, squishy ones?""","""Look, sweetie, we're in our cozy home, with lots of soft pillows and warm blankets, just like the snuggly bed you love to sleep in!""","""Look, sweetie, this is your cozy home, where we sleep, play, and eat yummy snacks together!""","""Look at the fluffy, cute cat! See how it's purring and kneading with its paws? The cat is so soft and lovely!""","""Look at the colorful blocks, sweetie! You can stack them up and down, just like a tower. Isn't that fun?""","""Look at the yummy apple! It's so juicy and sweet. Let's eat it together!""","""Look, sweetie, this is Mommy and Daddy, and this is your big brother and sister. They're all part of our loving family, and we all love each other very much.""","""Look, sweetie, here comes a shiny red car! See how the wheels roll? It's so colorful and fast, but it's just playing a game of 'follow the leader' with us!""","""Look, sweetie, that beautiful bird is singing a lovely song with its tiny little voice. Isn't it pretty? Birdies like that are called canaries, and they make our hearts feel happy when they sing.""","""Look, sweetie, this is mommy and daddy. Mommy is a teacher, and daddy is a builder. We love you so much and want to take care of you, just like mommy and daddy.""","""Look at that beautiful bird! It has feathers, wings, and can fly in the sky. Isn't it amazing how it chirps and sings?""","""Hey sweetie, look at your mommy and daddy! They love you so much and are always there to hug you and play with you. You have an amazing family who cares for you like the best friends!""","""Look at that pretty bird up in the sky! It's singing a lovely song, isn't it? Do you see its feathers? They're so colorful and soft, just like the softest blanket!""","""Look at the fluffy, furry dog, sweetie! It's wagging its tail and wants to play with you!""","""Look, sweetie, that big red car is zooming down the road, and it has four wheels that help it go super fast!""","""Look at the adorable puppy, sweetie! Puppy's name is Spot. Spot has soft, fluffy fur and he loves to play with his toys.""","""Hey there, little buddy! Let's go on an adventure around our cozy house, where we have soft pillows in the bedroom and yummy snacks in the kitchen. We also have a big, lovely living room to play with our toys and a colorful bathroom","""Hey sweetie, you know your family? Mommy and Daddy love you very much. You have your big brother, Timmy, who is always so kind. You also have your Grandma, Grandpa, and your Aunt Lisa, who all want to see you grow big and strong.""","""Look at the fluffy dog! The dog is wagging its tail because it's happy to see you. Oh, the dog's soft fur feels nice to touch, doesn't it?""","""Hey there little buddy! Look at our lovely house, with its colorful walls and soft carpet. It's a place where we feel safe and happy, isn't it sweet?""","""Look at the big, fluffy dog wagging its tail, sweetie! The dog is happy because it sees you and wants to play!""","""Hey there, little buddy! Come on over to the house where we live, with all these lovely rooms and fun things to see, like your toys and mommy's and daddy's favorite books. Let's go explore the house together, okay?""","""Look at the little puppy with the fluffy tail, wagging it happily as it runs around the garden!""","""Oh, look at our family, sweetie! We're a big group that loves each other so much. Mommy, Daddy, and you are our precious family.""","""Look, sweetie, this is your cozy house, where you can play, learn, and sleep, with lots of colorful rooms and a friendly kitchen where mommy and daddy cook yummy food.""","""Look at the cute puppy! It's wagging its fluffy tail and wants to play with you. Isn't it so soft and cuddly? Let's say 'hello' to the puppy and give it a gentle pat!""","""Hey there, sweetie! You know who your family is? Your mommy and daddy, your big brother or sister, and maybe even your grandparents, aunts, uncles, and cousins. They all love you very much, and they're here to keep you safe"
"""Sweetie, here's your yummy, soft, purple banana. It's time to eat!""","""Look at the cute little teddy bear! Want to give it a big hug?""","""Hey there, little one! Let's look at the big, beautiful house where Mommy and Daddy live. See the windows? They let the sunshine and fresh air come in. And that's the door. It's where we enter and exit the house. Look at all","""Look at our lovely house, sweetie! It's big and cozy, with lots of rooms for us to play and sleep in.""","""Look at the fluffy, cute, little cat! The cat's soft fur feels nice to touch, and it's purring. Isn't it so adorable? The cat is playing with a ball of yarn. Let's go pet the cat together.""","""Look at those colorful blocks, little buddy! They're so much fun to stack and play with. Can you show me how you'd build a tall tower with them?""","""Look at this yummy apple, sweetie! Crunch crunch, it's so good and healthy!""","""Hey sweetie, look at your mommy and daddy, they're your family, and they love you so much! Mommy and Daddy are your two big, strong, and very, very happy parents.""","""Look at the big, red car, sweetie! It's shiny and fast, zooming down the street. Can you say car? Car, car!""","""Look, sweetie, there's a beautiful bird with colorful feathers up in the sky. It's singing a lovely song just for us!""","""Hey sweetie, look at the family! There's Mommy, Daddy, big brother, and your little sister. They all love you so much and are so happy to have you in their lives!""","""Look at the beautiful bird! It's singing sweet songs for us, just like how we sing songs together.""","""Hey there, sweetie! Do you remember mommy and daddy? They're your favorite people in the whole wide world. They love you more than anything, just like how you love your teddy bear. They always take care of you, help you learn new things, and play fun games with","""Look at that beautiful bird, sweetie! It's a colorful bird with feathers that can fly high up in the sky. The bird has a beak, and it's eating a tasty worm. Isn't that exciting?""","""Look at the big, fluffy dog! He's so soft and cute. Can you say 'woof woof' like the dog is barking?""","""Look, sweetie, this big, shiny car! It has four wheels and makes a happy beep-beep sound when we press the red button. Let's wave at it and say 'hello'!""","""Look, sweetie, there's a fluffy, friendly dog coming to say hello! The dog has soft fur and a waggy tail, and it's saying 'woof woof'!""","""Look at the pretty house with the red roof and the green grass outside, sweetie! Isn't it wonderful to see all the little birds flying around and the sun shining brightly?""","""Look at our family, sweetie! We have Mommy, Daddy, you, and little brother/sister. We all love each other and play together at home.""","""Look at the happy, fluffy dog! Waggy waggy tail, bark bark, puppy puppy!""","""Hey sweetie, let's go explore the big house, with the tall windows and the cozy living room, where mommy and daddy live and take care of you.""","""Look at the fluffy dog, sweetie! It's wagging its tail because it's super happy to see you. Can you say 'dog'? That's right, 'dog'! Let's go and give our furry friend a gentle pat on the head!""","""Look, sweetie, we're standing in our lovely house, where the cozy bedroom is upstairs and the big kitchen is downstairs where yummy food is cooked!""","""Look at the fluffy bunny hopping around! It's time to say 'bunny' and giggle with it!""","""Hey there, sweetheart! Look at our lovely family picture, with mommy, daddy, and our big brother/sister holding hands and smiling. Isn't it wonderful to have such special people in our lives?""","""Look at the pretty house with the red roof and big windows, sweetie! The house has a front door, a back door, and even a window to look out of, isn't it fun?""","""Look at the fluffy, furry dog, little buddy! It's so happy and loves to play fetch with you. Isn't that fun?""","""Look at mommy and daddy, they are our special family who love us very much and take care of us every day."""
"""Look at these bright, juicy red strawberries! They are yummy and sweet, and they make our tummies happy.""","""Look at the bright, colorful, and soft toy! Can you reach out your little hands to touch and feel it?""","""Look, sweetie, this big house has many rooms where we sleep, play, and have yummy meals together!""","""Look at the big, beautiful house with its shiny roof and friendly windows. It's where Mommy and Daddy live, and it's our cozy home, sweet home!""","""Look, sweetie, this cute little kitty cat is purring and playing with its fluffy tail.""","""Look at those colorful blocks, sweetie! Let's stack them up together and see how tall we can make our tower!""","""Look at these yummy carrots, sweetie! They're orange and crunchy, and they make you strong and healthy!""","""Look at you, sweet little one! Our family is so special because we love each other, just like the sun loves to shine on you every day!""","""Come here, sweetie, let's go see the big red car! Wow, look at all the wheels, it's so fast and shiny!""","""Look at that beautiful birdie, sweetie! It's flying high up in the sky, with its colorful feathers. Isn't it so pretty? Let's watch it together and enjoy the magic of nature.""","""Look, sweetie, these are your family members. Mommy and Daddy, your brothers and sister, and your favorite Auntie Jane. They all love you very much!""","""Look at the bird, sweetie! The bird is fluffy and has beautiful feathers. It's singing a lovely song.""","""Hey there, sweetie! You know, in our family, we have Mommy and Daddy, your brother Max, and we love having Grandma and Grandpa come to visit us all together.""","""Look at the pretty bird, sweetie! Its feathers are so colorful and it's singing a lovely song for us to enjoy.""","""Look, sweetie, there's a friendly dog wagging his tail, and he wants to play with you. He's called Spot, and he's waiting for you to give him a big hug and a cuddle!""","""Look at the big, shiny car, sweetie! It has four wheels, a roof, and a hood. The driver sits inside and uses the steering wheel to go forward, backward, or turn around.""","""Look at the fluffy, cute dog! Its tail is wagging and it's very friendly. Want to say hello to the puppy?""","""Come here, little buddy, and let's explore our lovely house together. Look at the big blue door, see the yellow walls, and feel the soft carpet under our feet. Isn't it wonderful to have our very own cozy home?""","""Look at us, sweetie! We're a family, and that means we love each other very much, just like mommy and daddy do, and you're my precious little buddy!""","""Look at that cute, furry dog! It's barking and wagging its tail, just like a happy puppy who wants to play with you.""","""Look at the big, bright house, sweetie! It's where Mommy and Daddy live, and we all get to play and have fun in it!""","""Look at the fluffy, friendly dog, little buddy! The dog has soft fur and a waggy tail. It's a big, happy puppy, just like you, ready to play and cuddle!""","""Look, sweetie, this is our cozy house where we live and play. See the big windows that let in the sunshine? And that's where we sleep at night, in our own little bedroom.""","""Look at the fluffy bunny hopping around! Isn't it adorable? Let's see if we can count its soft ears together.""","""Hey sweetie, guess what? Mama and Papa are going to take you for a special family picnic in the park!""","""Hey sweetie, look at our lovely house with its big windows and colorful walls, where we all live together and make beautiful memories!""","""Look at the fluffy, friendly dog wagging its tail and licking your face with its wet nose. Isn't it so cute and cuddly, little buddy?""","""Look, sweetie, that's our mommy and daddy, your lovely family who will always love and care for you!"""
"""Look, sweetie, yummy yummy! Mama is cooking a super fun soup for you!""","""Look at the bright, colorful toys, sweetie! They're waiting for you to play with them.""","""Look at the big, beautiful house, sweetie! It has a blue door, a red roof, and a green garden where we can play and have fun together!""","""Look at the big house, sweetie! It has a shiny roof and colorful flowers. The people inside are happy and playing.""","""Look at the fluffy, cute cat with the big, shiny eyes. It's purring and wants to play with us.""","""Look at all the pretty toys, sweetie! These are your new friends, and they're so much fun to play with!""","""Yummy yummy, sweetie pie! Here's your favorite mashed banana, all soft and squishy!""","""Look at your mommy and daddy, sweetie! They love you very much and are your family. We play, eat, and laugh together every day.""","""Look at that big, shiny car! It's red and has four wheels. Let's say 'car' together, and watch it go by!""","""Look, little one, there's a beautiful bird with feathers and wings. It's singing a lovely song for us to enjoy!""","""Hey sweetie, look at mommy and daddy holding hands, they're your amazing family, always there to love and take care of you.""","""Look at the bird! It's so beautiful and has colorful feathers. The bird is flying high in the sky and singing a lovely song. Can you say 'bird'? Good job!""","""Hey sweetie, let's talk about your family. You know, you have a big, loving family that includes mommy and daddy, your siblings, and even grandma and grandpa. They all love you very much and are always there to help you, play with you, and","""Look, little one, there's a beautiful bird up in the sky, singing sweet songs for us to hear!""","""Look at that furry, four-legged friend, sweetie! That's a cute little puppy. It's playful and loves to run around and fetch the ball. Oh, how happy it looks with its wagging tail and bright eyes!""","""Look, sweetie, there's a big, shiny car! Can you say 'car'? It goes 'vroom vroom' when we push it down the road. The driver is wearing a big, funny hat!""","""Look, sweetie, there's a big, fluffy dog wagging its tail! See how it's wagging its tail and going 'woof woof'? That's how it shows us it's happy to see us, just like when we smile and wave hello","""Hey there, sweetie! Let's play a fun game. Can you find the cozy house where mommy and daddy live? Look at all the pretty windows and the door where we come in and out.""","""Hey sweetie, it's time for family dinner. Daddy's cooking delicious food, and Mommy's waiting to help you eat. We'll all sit together, laugh, and talk about our day. Isn't that nice?""","""Look at the happy, fluffy dog! Woof woof! His fur is soft and he likes to play fetch. Isn't he a good boy? Would you like to pet him and see his wagging tail?""","""Look, sweetie, it's your cozy house, with a big blue sky above and pretty flowers and trees around. Isn't it lovely?""","""Look at that fluffy, happy dog wagging its tail and running around with its friends! Can you say 'dog'? That's right, it's 'dog'!""","""Hey there, little buddy! Come on, let's go look at our big, cozy house where we sleep, play, and eat yummy snacks!""","""Look at the fluffy bunny hopping around! It's so soft and loves to play in the grass.""","""Look, sweetie, this is mommy and daddy, your big brother and sister, our lovely family who always loves you very much.""","""Hey there, sweetie! Look at this big, beautiful house where we live. It's got a roof on top to keep us dry from the rain, and windows that let in the sunshine. We have a cozy kitchen where we make yummy food, and a big, fluff","""Look, sweetie, this is a big, fluffy dog with soft brown fur and floppy ears. Can you say 'woof woof'? Dogs are friendly and love to play fetch with us!""","""Look at our family, sweetie! We have Mommy and Daddy, and your big brother. They all love you very much and want to play and read stories with you every day."""
"""Look at this yummy, colorful fruit! It's a juicy, ripe, sweet apple, and it's perfect for your little mouth to taste!""","""Look at those cute little blocks! Want to play with them and put them together?""","""Look at the big, beautiful house, sweetie! It's where mommy and daddy live, and we all get to play and sleep there. Isn't it a cozy, warm place?""","""Look at the pretty house, sweetie! The blue roof, the green grass, and the yellow sun shining bright. Isn't it a lovely place for us to play and learn together?""","""Look at the cute fluffy cat, sweetie! The cat has soft paws, a cute little nose, and it's purring happily in its cozy bed.""","""Look at those colorful blocks! Can you grab the red one and put it on the top shelf? Good job!""","""Look at the yummy, colorful vegetables on your plate, sweetie! Let's try some broccoli and carrots together, and it will make you super strong and happy!""","""Come here, sweetie! Let's see your family photos, Mommy and Daddy are so happy to see you.""","""Look, sweetie, there's a shiny red car parked right here. Its wheels are round, and it's ready to take us on a fun adventure!""","""Look, sweetie, there's a bird! It's flapping its wings and chirping. Isn't it pretty? Want to say 'hello' to our little birdie friend?""","""Hey there, sweetie! Let's talk about our family. We have mommy, daddy, your big sister, and your little brother. We're all here to love you and take care of you, just like mommy and daddy always do. Isn't that wonderful?""","""Look, sweetie, there's a little birdie! Can you hear the soft chirping? It's singing a beautiful song just for you. Want to try and make some bird sounds too?""","""Look at mommy and daddy, they're our loving family! Can you say 'family'? Family is when people like us, love each other, and live together.""","""Look at the little birdie, sweetie! It's chirping and flitting from one flower to another. Can you hear its pretty song?""","""Look at the fluffy, cute dog, sweetie! It's wagging its tail and wants to play. Let's go pet it gently, okay?""","""Look, sweetie, this big yellow car goes zoom zoom, and the driver sits in the front to drive us to school or to grandma's house.""","""Look at the fluffy dog wagging its tail, it's so happy to see you! Dogs like to run and play fetch with us, don't they?""","""Look, sweetie, this big, cozy house is where mommy and daddy live, with lots of rooms for all our toys and a big, beautiful garden outside for us to play in.""","""Hey there, sweetie! Look at mommy and daddy, holding hands and smiling. They love you very much and you're their most special little buddy!""","""Look at the fluffy dog, sweetie! The cute, cuddly dog is barking happily, wagging its tail, and wants to play with us.""","""Look at the big, beautiful house, sweetie! It has a lovely red door, big windows, and a friendly garden where we can play!""","""Look at that friendly, fluffy dog wagging its tail and ready to play! Would you like to pet it gently and hear it bark softly?""","""Hey sweetie, look at our cozy home! It's got a warm fireplace, a comfy couch, and even a special spot just for you. Let's go explore all the fun things we can find inside, like the kitchen where we bake yummy cookies together!""","""Look at the fluffy bunny hopping around, little one! Can you say 'bunny'?""","""Hey sweetie, guess what? Today, mommy and daddy went to the park to play with you, and we brought along grandma and grandpa too! They all love spending time with you, and they always give you the biggest hugs!""","""Come on, sweetie, let's go visit our cozy house, where we have a big, fluffy bed, a lovely kitchen with yummy snacks, and a bright, happy living room to play in!""","""Look at the fluffy, playful dog wagging its tail, little one. Its fur is soft as a cloud, and it loves to run and fetch. Isn't that a cute, happy dog?""","""Look at our family, sweetie! We're a team just like superheroes, with Mommy, Daddy, and you. We love each other and have lots of fun together!"""
"""Look, sweetie, these yummy little mushrooms are just perfect for you. They're soft and tasty, like a little hug for your tummy!""","""Look at these bright, colorful blocks, sweetie! They're so fun to stack and play with, aren't they? Let's have a little playtime with these cuddly teddy bears and soft rattles, okay?""","""Look at the big, beautiful house we live in, sweetie! It has lots of rooms with colorful furniture and soft beds where we all sleep. The kitchen is where we cook yummy food, and the garden outside is full of pretty flowers and tasty fruits. Let's go","""Look, baby! That's a house, sweetie. The house is where people live. It has a roof, windows, and doors. People go inside to play and sleep. Can you say house?""","""Look at the fluffy, cute cat! Can you say 'cat'? Meow, cat!""","""Look at the pretty ball, sweetie! Want to play with it? It's so fun!""","""Look at the yummy apple, sweetie! It's red and crunchy, perfect for your little hands to hold and your tummy to enjoy!""","""Hey sweetie, look at your mommy and daddy holding hands! They love you so much, just like I do!""","""Look, sweetie! That's a big car. It's red, with four wheels, and it can take us on fun adventures. Let's say 'car' together, 'car.'""","""Look at the pretty birdie! It's a little birdie with soft feathers and it's singing a lovely song for us.""","""Hey there sweetie, look at our family, mommy, daddy, your brother/sister, and grandma/grandpa, they all love you very much and we're all here to take care of you.""","""Look at that beautiful bird, sweetie! It has feathers, a beak, and it's flying in the sky. Can you say 'bird'? Yes, that's right! Bird!""","""Look at all our family members, sweetie! Mommy, Daddy, and little brother are all here with us. They love you very much and play fun games with you!""","""Look at the pretty bird with colorful feathers, little one! Can you hear its lovely chirping sound? Let's watch it hop and fly around the tree!""","""Look at the fluffy dog, sweetie! It's a puppy with big, cute floppy ears. Want to say 'woof woof' with me?""","""Look, sweetie, there's a big, shiny car! It has wheels that spin when it goes fast, and it can take you on fun adventures to the park or the grocery store!""","""Look at the fluffy, brown dog wagging its tail so joyfully, little buddy! See how its paws gently pat the ground and its ears perk up when it hears a friendly voice. Isn't it wonderful how our dog friend loves to play and cudd","""Look, sweetie! We're in our cozy house with lots of rooms. This is the kitchen where we cook yummy food, and that's the living room where we play and read stories together. Isn't this house wonderful?""","""Look at the beautiful family picture, sweetie! Your mommy, daddy, and I make up our happy family, just like you!""","""Look at the cute puppy, sweetie! It's wagging its tail and barking happily. Let's say 'woof woof' together. Isn't it fun to watch a puppy play?""","""Hey there, sweetie! Look at our cozy house, with its big windows and lovely door. It's where we play, eat, and sleep, and it keeps us safe and warm.""","""Look at the doggy, sweetie! That cute little puppy is wagging its fluffy tail because it's super happy to see you!""","""Come on, sweetie, let's go explore our cozy house! Look at all these soft pillows and your favorite toys! Isn't it just like a big, warm hug?""","""Look, little buddy, see the fluffy bunny hopping around in the grass? That's a cute bunny, isn't it?""","""Look, sweetie, this is your mommy and daddy, and there are also your big sister and big brother! They love you very much and are so happy to have you in their family!""","""Hey there, sweetie! Let's explore our cozy home together. Look at these pretty curtains, these soft carpets, and those lovely toys waiting for you to play!""","""Look at that fluffy, friendly dog! It's wagging its tail because it's so excited to see you, sweetie. Can you say 'dog'? Good job! That's a beautiful dog, isn't it?""","""Look at our lovely family, sweetie! Mommy, Daddy, and your big brother are all so happy and playful together, just like you!"""
"""Look at the pretty house, sweetie! The roof is so red, and the windows are shiny. The door opens wide, and the chimney smokes. Let's go inside and play, my little house explorer!""","""Look at the smiling faces of our family, sweetie! We love you very much and are always here to hug you tight!""","""Look at the bunny, sweetie! It's hopping around with its fluffy tail and it loves to eat carrots. Can you see the bunny hopping, little one?""","""Look, sweetie! A beautiful bird is flying high in the sky, with its colorful feathers and wings flapping. Isn't it lovely?""","""Oh look, sweetie, those are your colorful toys waiting for you. Want to play with the soft teddy bear? It's so fluffy and cuddly!""","""Look at the cute little dog, sweetie! It's a fluffy furball wagging its tail and barking happily. Isn't it adorable?""","""Look at the big, red car, sweetie! The wheels are round and the car goes vroom vroom when we press its pedals!""","""Look, sweetie, there's a beautiful bird flying over our heads. See how its wings are flapping? Birds like this one can fly really high up in the sky!""","""Look, sweetie, this is our house! It's where we live, and it's got a big, beautiful roof to keep us dry. We have cozy bedrooms upstairs, and fun rooms like the kitchen and living room downstairs where we play and eat together. Isn'","""Look at mommy and daddy, sweetie! They love you so much and they're your very special family who will always be here for you.""","""Look at the fluffy, furry dog wagging its tail and jumping up to give you a big, happy lick. Isn't it fun to play with such a friendly, bouncy pup?""","""Look, sweetie, these are your mommy and daddy, and they love you very much. They are your family, and they are here to take care of you and make you happy.""","""Hey there, little buddy! You know, in our family, we have Mommy, Daddy, and we also have your Auntie and Uncle, who are like your superheroes, always there to protect and love you!""","""Look at mommy and daddy, sweetie! They're our family. Mommy cooks yummy food, and daddy helps us with fun stuff!""","""Look at those smiling faces, sweetie! These are your loving family members who always make you feel safe and happy!""","""Come here, sweetie! Let's go see the pretty flowers outside the house, and then we can play with your favorite toy in the big, cozy living room.""","""Hey sweetie, do you know who makes you the happiest? That's right, it's mommy and daddy, and they love you more than anything in the whole wide world!""","""Look at that cute little puppy, sweetie! It's a cute puppy that loves to play with its tail.""","""Come here, sweetie, let's go explore the cozy, warm house where Mommy and Daddy live together. Look at those pretty walls, soft cushions, and the sunshine peeking through the windows. This is your very own special home!""","""Look at all these amazing toys! The teddy bear is soft and cuddly, the blocks are fun to stack and build, and the colorful puzzles are great for our minds to solve. Let's play together!""","""Look at the fluffy bunny hopping over the grass. Can you say 'bunny'? Yes, 'bunny'! Bunnies like to eat carrots and hop around in the meadow.""","""Hey there, little buddy! Look at this yummy apple pie! It's so sweet and juicy, just like a little slice of sunshine!""","""Look at the pretty house, sweetie! It's where Mommy and Daddy live, and where you have fun playing with your toys. Isn't it cozy and warm?""","""Look, sweetie, there's a beautiful bird up high in the sky with feathers like a rainbow!""","""Look at the pretty bird with its colorful feathers, little one! It's flying high up in the sky, singing sweet songs for us to hear.""","""Look, sweetie, there's a fluffy, cute cat with pointy ears and soft fur, just waiting for you to give it a gentle hug and a kind smile!""","""Look, sweetie, this is our lovely home where we sleep, play, and eat yummy food!""","""Look at that big, shiny car, sweetie! It's red, just like your favorite superhero's cape. The car will go vroom-vroom when someone starts it. Isn't that fun?"""
"""Oh sweetie, look at our cozy house, it's yellow and has a big red door. Let's sing 'Happy Birthday' to our house, just like we do for you!""","""Hey sweetie, look at all these smiling faces, these are your family! Mommy and Daddy love you so much, and so do your big siblings! They're always here for you.""","""Look at the fluffy bunny hopping over the grass, little one. Isn't it so soft and cute?""","""Look at that little birdie up in the sky, chirping and hopping around. Isn't it a beautiful little creature? Let's say 'birdie' together, like this - 'b-b-b-birdie.' Can you say it with me?""","""Oh look, sweetie, here come your favorite cars. Let's play with them, one by one, and see which one you like the best!""","""Look at the fluffy dog wagging its tail! The dog is so cute and happy, let's say 'woof woof' together!""","""Look at the big, red car! It's going to take us on a fun ride to the park.""","""Look, sweetie, there's a beautiful bird with colorful feathers! Its wings are spread wide like a butterfly, and it's singing a lovely song just for you!""","""Come here, sweetie! Look at this big, comfy house where we live. See all these cozy rooms? Let's go inside and explore together!""","""Look at the family picture, sweetie! See how the mommy and daddy are holding hands with their little baby, just like how we hold hands when we're together?""","""Look at the cute fluffy dog, sweetie! This friendly dog is wagging its tail and wants to play with us!""","""Hey there, sweetie! Remember mommy and daddy? They're your mommy and daddy, and they love you so much! They're like superheroes who protect and take care of our whole family. Isn't that wonderful? We're all so special, and","""Hey there sweetie, let's talk about your family! You have mommy and daddy, and they love you very much. You also have a little brother or sister, and they play with you. Your family is a group of people who care about you and help you grow up happy!""","""Hey sweetie, look at your big brother and sister playing with your toys! They're having so much fun together. Do you want to play with them too?""","""Look at our family, sweetie! Mommy and Daddy are your favorite people, and your big brother or sister loves you so much. You're a part of our lovely family!""","""Look, sweetie, there's our cozy house with its pretty flowers and shiny roof, just waiting for us to hop inside and have a giggle together!""","""Look at the happy family, sweetie! Mommy and Daddy love you and we're all together, just like a big, cozy, cuddly bear hug!""","""Look at the puppy, sweetie! It's so fluffy and loves to play. See how it wags its tail when it's happy? Let's say 'puppy' together and then give it a little pat, okay?""","""Look, sweetie, this is your cozy, big house where we all live together, with the kitchen for yummy food, the bedroom for sleeping, and the playroom for lots of fun and games!""","""Oh, look at those shiny, fun toys over there! Let's play with them together, sweetie!""","""Look at the fluffy bunny hopping through the grass, little buddy! Do you see how its ears stand up when it's excited?""","""Hey, little buddy! Look at these yummy, colorful veggies! They're super good for you, and I know you'll love them. Let's try them together!""","""Look, sweetie, we're going to visit your cozy house where your toys are and your mommy and daddy love to play with you!""","""Look at that beautiful bird, sweetie! Its feathers are so pretty, aren't they? The bird is flying high in the sky, singing a lovely song for us to enjoy.""","""Look at that beautiful bird, sweetie! It has a bright blue feather and a funny little beak. Can you say bird? Bird, bird!""","""Look at the fluffy, cute, and playful cat, sweetie! The cat's soft fur feels nice to touch and the cat says 'meow' when it wants attention.""","""Come here, sweetie! Let's walk through our lovely house, where we have big, soft beds to sleep in and yummy food to eat. Isn't it nice to have a cozy home to live in?""","""Come here, sweetie! Look at this big, shiny car! Can you say 'car' with me? This car has four wheels and can take us to fun places!"""
"""Look at the pretty house, sweetie! It's a cozy place with a big, soft bed for sleeping and a yummy kitchen for cooking. Can you see the colorful windows that let sunshine in?""","""Look at mommy, sweetie! Mommy and daddy love you so much. They're your family, and they're always here for you!""","""Look at the fluffy kitty, little one. The kitty is purring and cuddling in her soft bed.""","""Look at that beautiful bird, sweetie! It's singing a lovely song for us. Isn't it amazing how it can fly and sing at the same time?""","""Look at those colorful blocks! Let's build a tall tower with them, sweetie!""","""Look, sweetie, there's a cute puppy with soft fur and a wagging tail. Can you say 'woof woof' with me?""","""Look, sweetie, that's a big red car! It's shiny and fast. The wheels go 'vroom-vroom' when it moves. Isn't that fun? Let's say 'car' together, 'car'!""","""Look at the pretty bird with the colorful feathers, little one! It's flying high in the sky, singing a sweet song just for you.""","""Come here, sweetie! Let's walk over to the big, comfy house where Mommy and Daddy live, and see if we can find your favorite toy inside. Oh, look at that big window! It's like a picture frame for the whole beautiful world outside.""","""Look at the happy family with mommy, daddy, big sister, and little brother, just like you!""","""Look at the fluffy, cute dog! It's so big and has soft, brown fur. The dog is wagging its tail and barking happily, and it wants to play with you!""","""Oh sweetie, mommy and daddy are your favorite family members who love you very much. They will always be there for you, just like how your teddy bear is always by your side.""","""Hey sweetie, let's talk about our family! We have Mommy and Daddy, your big brother Jack, and your little sister Lucy. They love you very much and want to see you every day!""","""Look, sweetie, mommy and daddy are your big family, just like you and me are together, always holding hands and sharing lots of love and laughter.""","""Look at mommy and daddy, sweetie! We're a family, just like this picture shows. Mommy loves you and daddy loves you too. We all love and take care of each other!""","""Come here, sweetie, let's go see our cozy house, with its pretty windows and warm, comfy rooms where we make lots of fun memories together.""","""Sweetie, our family is a special team of you, mommy, and daddy, who love and take care of each other every day!""","""Look, little buddy, see those fluffy bunnies hopping around? They're called bunnies, and they love to munch on carrots and hop around in the sun!""","""Come here, sweetie! Let's go see the pretty walls and the cozy bed where we sleep, and the yummy kitchen where mommy makes delicious snacks for us!""","""Look at the funny teddy bear! Would you like to give it a big hug and play with it together?""","""Look, little buddy, see those fluffy bunnies? They're hopping around and they love munching on green grass!""","""Yummy yummy, little one! Mama is making a tasty vegetable stew for you, filled with all your favorite veggies!""","""Look, sweetie, we're inside our cozy house! Can you see the big, soft bed where we sleep? And over there, we have a warm, fuzzy carpet to play on. Let's go explore the colorful toys on the shelves, and don'","""Look at that beautiful bird, sweetie! It's singing a lovely song. See how it's flapping its wings and flying high up in the sky. Birds can be so fun, can't they?""","""Look at the pretty bird with the colorful feathers, little buddy! It's hopping around on the tree, singing a sweet song just for us to enjoy.""","""Look, sweetie, this cute little kitten is soft as a fluffy pillow and it purrs when it's happy, like this. Can you say 'kitty'? Cute kitty, just like mommy's cat, Whiskers!""","""Hey there, sweetie! Let's go inside our lovely home where we can play with our toys, read fun books, and snuggle up with our favorite blanket.""","""Look, sweetie, there's a big red car coming down the street! See how it moves? It's so shiny and fast, just like when we play with your toy cars!"""
"""Come here, sweetie! Look at these pretty house blocks. Want to play with them together? Let's build a big, tall, beautiful house!""","""Look, sweetie, that's your mommy and daddy holding you, and they're your favorite people. They love you so much!""","""Look at the fluffy bunny hopping by, little one! Can you say 'bunny'? B-b-bunny.""","""Look at that little birdie, sweetie! Its feathers are so colorful and it's singing a lovely song.""","""Come here, sweetie! Let's pick out your favorite toys and play with them together!""","""Look at the fluffy, bouncy puppy! Wag your tail like he does, sweetheart, and let's say 'woof woof' together for our furry friend!""","""Look at the big, red car! The car is so shiny and pretty. Want to pretend we're going on a fun car ride together?""","""Look at the beautiful bird with the colorful feathers flying high in the sky, little one! The bird is singing a sweet song for us to enjoy.""","""Look at the big, cozy house with its red roof, little one! Can you see the windows with the pretty curtains? And there's a garden with flowers and a swing for us to play on!""","""Look, sweetie, Mommy and Daddy are your family. They love you so much and take care of you every day!""","""Look at that cute, fluffy dog, sweetie! It's wagging its tail because it's happy and wants to play with you!""","""Hey sweetie, look at mommy and daddy, they're your family! They love you so much and always take care of you, just like your favorite teddy bear.""","""Hey there, sweetie! It's time for mommy to go to work, where she helps lots of people, and daddy to go fix things around the house. You know what's special? You're part of our big family that loves you very much!""","""Look at the family! We have mommy and daddy, and we love them so much. They take care of us and help us every day.""","""Look at mommy and daddy, they are your special family that loves you very much.""","""Look at the big house, sweetie! It's where mommy and daddy live, and it has a shiny roof and lots of rooms with colorful walls. Let's count the windows and doors together!""","""Hey there, sweetie! Your family is super special, just like you. They love you a whole lot and always keep you safe and happy. Mommy and Daddy, and your little brothers and sisters, they're your family and they're always here for you.""","""Look at the puppy, sweetie! It's so soft and cuddly, and it wags its tail when it's happy. Animals are amazing, aren't they?""","""Hey there, little buddy! Let's go explore our house together. Look at all these pretty windows and the soft carpet under our feet!""","""Look at those colorful toys! They're so pretty and fun to play with. Let's pick one to play with together!""","""Look at the fluffy bunny hopping around in the garden. The bunny's ears are so soft and it's eating green leaves.""","""Look at the yummy, ripe, juicy apple, sweetie! Let's take a big, crunchy bite and enjoy the sweet taste!""","""Look, sweetie, we're going to the house, where we live and play with toys and mommy and daddy!""","""Look at the beautiful bird, little one! It has feathers that are so pretty and it's singing a lovely song. Isn't it funny how it can fly high in the sky like a little superhero?""","""Look at the beautiful bird with feathers that are as soft as your favorite blanket, chirping sweet songs just for you!""","""Look at that fluffy, cute cat with paw prints on its fur. Want to pet it gently and hear its soft purr?""","""Come here, sweetie! Let's go inside our lovely, big house where we have cozy rooms, soft beds, and yummy snacks to share.""","""Look at the bright red car, little one! The car has four wheels and big windows to see outside. It's going to drive down the road, zooming past trees and houses. Isn't that exciting? Let's wave at the car together!"""
"""Hello sweetie, come here! Let's look at the big, beautiful house where mommy and daddy live. See the windows? They're like big, round eyes that let in the sunshine. And the door, it's like a big, welcome hug for us. Isn","""Look at the smiling faces, sweetie! This is your family, mommy and daddy, and these are your big brother and sister, all here for you.""","""Look, sweetie, a fluffy bunny is hopping around! It's so soft and cute!""","""Look, sweetie, there's a bird! See how it flaps its wings and chirps? Isn't it so cute and fun to watch?""","""Look at the colorful toys, sweetie! Let's play with the soft, fluffy teddy bear together. Can you say 'teddy'?""","""Look at the fluffy doggie! The doggie wags its tail when it's happy. Isn't the doggie's fur soft and cuddly?""","""Look, sweetie, this big, red car. It goes 'vroom vroom' when we press the pedal. Want to see it go zoom by?""","""Look at the bird, sweetie! It's flying high in the sky with its beautiful feathers and chirping sounds.""","""Look at the pretty house, sweetie! It has a red roof, blue windows, and a big, friendly door. Let's go inside and see what fun things we can find!""","""Look at our happy family, sweetie! We are all together, just like your loving mommy and daddy, and you, my precious little one, who's growing so fast!""","""Look, sweetie, this is a big, fluffy dog. Its name is Spot, and it loves to play fetch with you. Do you want to see Spot wag its tail and lick your face? Spot is such a good boy, isn't he?""","""Hey sweetie, look at mommy and daddy! They love you so much, just like how we love you. They're our family, just like you're our family. We're all here to play, laugh, and have fun together, okay?""","""Hey there, sweetie! Let's talk about your family. Your mommy and daddy love you so much, and they always keep you safe and happy. You have a little brother or sister, and they are so much fun to play with. Remember, family is like a warm hug,","""Look at those smiling faces, little buddy! That's mommy, daddy, and your big brother. They love you very much and always take care of you!""","""Look, sweetie, these are Mommy and Daddy! Mommy is cooking yummy food, and Daddy is reading a fun book to us.""","""Look at our cozy house, sweetie! It has a lovely blue door, a big green garden, and a friendly yellow sun always shining bright!""","""Hey there, sweetie! Look at mommy and daddy, your very special family, holding hands and laughing together. They love you more than anything in the whole wide world, just like I do!""","""Look, little buddy! See those fluffy bunnies hopping around? They're called bunnies and they like to munch on carrots. Isn't that funny?""","""Come here, sweetie! Look at this big, beautiful house where mommy and daddy live, with a blue door and white walls. Let's go inside and make it extra cozy for our special family time.""","""Look at all these fun toys! The colorful teddy bear is soft and cuddly, and the rattling blocks make a happy noise when you shake them. You can play with them and make lots of fun memories together!""","""Look at the cute little bunny hopping around, hopping, hopping!""","""Look at the yummy apple pie, sweetie! The apples are so juicy and the pie is warm and gooey!""","""Look, sweetie, this is our cozy house where we live. The walls are painted blue and the roof is white. The windows let in the sunshine and we can see our lovely garden outside. We have a big, soft bed in our bedroom and lots of toys to play with","""Look at the beautiful birdie, sweetie! It's fluffy and chirpy, just like a tiny, feathery friend. Isn't it so soft and pretty?""","""Look at the beautiful, colorful bird flying up high in the sky! It has a big, strong beak and loves to eat juicy, yummy worms.""","""Look at the fluffy kitty cat, little buddy! Meow-meow, that's what cats say. They have soft fur and love to play with yarn.""","""Hey sweetie, look at our cozy, colorful home where we have our favorite bed, fun toys, yummy food, and where we love spending time with our loving family.""","""Look at the big, shiny car! It has four wheels and moves when we press the pedals. Can you say 'car' with me?"""
"""Look at this pretty house, sweetie! It's made of bricks, and it has a red roof. Inside, there are rooms for sleeping, eating, and playing. Let's count the windows together, shall we?""","""Hey sweetie, guess what? Mama loves you, and she's here with us, your family, to take care of you!""","""Look at the kitty, sweetie, the fluffy feline is playing with the ball of yarn, and the birds are singing their beautiful songs in the sky.""","""Look at the beautiful birdie! The birdie has soft feathers and it's singing a sweet song!""","""Look at all the fun toys! This one is a shiny red ball, and this one is a soft, fluffy teddy bear. Let's play together!""","""Look, sweetie, this is a dog! Woof-woof! A dog is a cute, furry friend who loves to play and snuggle with us.""","""Look at that big, shiny car, sweetie! It has wheels that go 'vroom vroom' and can take us on fun rides around town.""","""Look, sweetie, there's a bird! It's flying high in the sky with its wings flapping. Isn't it pretty?""","""Hey there, sweetie! Come over here, let's see this beautiful house we live in. Look at the big, tall windows, they let the sunshine in, and there are so many pretty colors on the walls. Oh, and look at that! There's a cozy little","""Look at our lovely family, sweetie! We're a team, and together we love and care for each other. Isn't it wonderful to be surrounded by people who love you just the way you are?""","""Look at the cute little dog wagging its tail! See how happy it looks when it sees you? Let's give it a gentle pat on its soft fur, okay?""","""Hey there, sweetie! You know, your mommy and daddy are your family. They love you so much, just like I do. Mommy helps with groceries, and Daddy builds things with his tools. We're all a team, and together, we're a","""Hey sweetie, remember mommy and daddy are your family, and they love you so much. They are always there for you, just like when we hug and say, 'I love you'!""","""Look at mommy and daddy, they are our family and they love us very much, sweetheart.""","""Hey there, little buddy! You know, mommy and daddy are your best friends, and we all love you lots! We're your family, and we're always here for you, okay?""","""Come here, sweetie, look at this big, beautiful house we live in. See the blue sky outside? And look at the pretty windows and the warm, cozy kitchen where we make yummy snacks. Oh, and don't forget about the big, soft carpet that's just perfect","""Look at all the smiling faces in our family, sweetie! Your mommy, daddy, grandma, and grandpa all love you very much.""","""Look at the bunny hopping over the grass, little buddy! Isn't it fluffy and cute? Can you say 'bunny'? That's right, 'bunny'!""","""Look at our beautiful house, sweetie! See the big windows that let the sunshine in? And those fluffy carpets we walk on? They're so soft! We live here, and it's our cozy home where we make lots of happy memories!""","""Look at these amazing toys! There's a big, fluffy teddy bear, a shiny, colorful train, and a tiny, soft ball. Let's play with them and have so much fun!""","""Look at the fluffy bunny hopping around, little buddy! See how it hops and hops, and ears flop like a flag in the wind. Isn't it the cutest bunny we've ever seen?""","""Look at the yummy apple, sweetie! It's so bright red and tastes like sunshine!""","""Come here, sweetie, let's walk around our lovely home, where we live and feel safe and happy.""","""Look at the pretty bird, sweetie! It's flying high up in the sky, with its colorful feathers and chirping song. Isn't it a lovely little friend?""","""Look at that beautiful bird, sweetie! It's so fluffy and has bright, shiny feathers. Birds can sing, hop, and even dance on the branches. Let's watch it and see if it can do a little dance for us, okay?""","""Look at the fluffy, cute cat playing with a ball of yarn! Isn't it funny how it jumps and pounces?""","""Look, sweetie, this big, cozy house is where Mommy and Daddy live, where we have fun and snuggle in our warm bed at night.""","""Look, sweetie, that big, shiny car with the red roof is zooming by! It's so fast, but don't worry, it's safe on the road. Let's count the wheels together, one, two, three, four!"""
"""Look, sweetie, there's our cozy little home where we live. See how the sun shines through the windows, warming our snuggly house. Isn't it wonderful to feel safe and warm in our lovely home?""","""Hello sweetie, it's time to say hello to mommy, daddy, and your little sibling. They love you so much and are always here for you.""","""Look, sweetie, a little puppy with soft fur. Woof woof!""","""Look at that beautiful bird, sweetie! It's singing a lovely song with its beautiful feathers.""","""Look at these bright, colorful blocks, sweetie! You can stack them up high and knock them down, it's so much fun to play with!""","""Look at that cute, fluffy dog wagging its tail! Want to say 'doggie'?""","""Look at the big, shiny red car, little buddy! It goes zoom-zoom and makes a fun sound when it moves!""","""Look at that beautiful bird, sweetie! Its feathers are so soft and pretty, and it can sing a lovely song just for you.""","""Come here, sweetie, let's go look at our beautiful house with the big windows, the soft carpet, and the cozy bed where mommy and daddy sleep.""","""Come here, sweetie! Let's see these two big hands holding this little hand. We are a family, just like this tree and its branches, always there to support each other.""","""Look at the fluffy dog wagging its tail! Isn't it so soft and cute, sweetie? The dog is saying 'hello' with its tail. Let's give it a gentle pat.""","""Look at you, my little one! You are growing up so fast. Today, we're going to say hello to your big brother and your big sister. They are your family, and they love you very much.""","""Hey sweetie, guess what? We have a big, loving family, just like a big, cozy nest! Mommy, Daddy, Grandma, Grandpa, and even Aunt Lisa and Uncle Joe are all part of our special family!""","""Look at mommy, sweetie! We are a big, happy family with daddy, grandma, and grandpa. We love playing together and giving each other big hugs.""","""Hey sweetie, it's time for a family hug. Can we give a big hug to mommy, daddy, and our big brother and sister? They all love you very much, just like a family does!""","""Hey there, sweetie! Look at all the pretty windows in our house, they let the sunshine in, and see that big cozy bed? It's where mommy and daddy go when they're sleepy. Let's go explore more fun things together!""","""Hey sweetie, look at mommy and daddy! They are your family, and they love you so much. We all stick together like puzzle pieces, just like you and me!""","""Look, little buddy, those fluffy bunnies are hopping around, and over yonder, the big, strong elephants are playfully splashing in the water. Isn't nature amazing?""","""Look, sweetie, there's our cozy home where we live together. Can you find the colorful toys we play with? And see, those big windows let in the sunshine. Remember, we always make our house a happy place for everyone!""","""Look at all these fun toys, sweetie! There's a big, fluffy teddy bear to cuddle, colorful blocks to build, and a shiny, musical train that chugs and sings a happy tune for you!""","""Look, sweetie, see that fluffy bunny hopping around? Bunnies are so soft and cute, and they hop around to find delicious carrots!""","""Hey there, sweetie! Look at these yummy carrots! They're orange, crunchy, and they're good for you. Let's take a little bite, okay?""","""Come here, sweetie, let's walk to the cozy house where Mommy and Daddy live, and we can play with your toys inside!""","""Look at the beautiful birdie, sweetie! It's a pretty bluebird that's singing a lovely song in the sky.""","""Look at that beautiful bird with its bright feathers, little one! It's singing a lovely song in the sky, just like your favorite nursery rhyme.""","""Look at the cute fluffy cat, sweetie! The cat has soft fur and tiny paws. Can you say 'cat'?""","""Look at this big, beautiful house, sweetie! It has a shiny red roof, a white picket fence, and lots of pretty flowers in the garden. Let's go inside and explore!""","""Look at the shiny car, sweetie! It has wheels and goes really fast. The car is so colorful and fun!"""
"""Look at the cozy house, sweetie! It's made of blocks, and the roof is shaped like a happy sun. Let's touch the soft carpet inside, and snuggle up with you in the warm blanket.""","""Hey sweetie, look at all the love in your family, mommy and daddy are your superheroes!""","""Look at the fluffy bunny hopping around in the garden, little one. Isn't it just the sweetest?""","""Look at that beautiful bird! It's so pretty with its bright feathers. See how it's chirping? Let's go and see if we can get closer, but be careful not to scare it.""","""Come here, sweetie! Look at these fun toys! They're shiny and soft. Can you touch them with your little hands?""","""Look at the cute puppy! This little furry friend is a dog. Can you say 'woof woof' like the dog? The dog says 'woof woof' when it's happy and wants to play.""","""Look at the big, shiny car, sweetie! The car is red and yellow and it goes zoom zoom down the road.""","""Look at the beautiful bird with its big, bright feathers and colorful wings. It's singing a lovely song, isn't it? Let's say 'bird' together and watch it fly!""","""Look at our beautiful house, sweetie! Can you say 'house'? It's where we live, sleep, and play every day.""","""Sweetie, guess what? Today we're going to meet your new baby cousin! They're going to be our little bundle of joy and love. Isn't that exciting?""","""Look at the cute, fluffy dog! See how it wags its tail when it's happy and licks your hand when you pet it. Dogs are so friendly and fun to play with!""","""Look at your family, sweetie! We are all together and love each other very much, just like your favorite teddy bears!""","""Look at the smiling family in the picture, sweetie. They are all hugging and laughing together. Can you show me a big smile like them?""","""Hey there, sweetie! Do you see how lovely your mommy and daddy are? They're like superheroes, always there to keep you safe and make you smile. Let's hug them and show them how much we love them, okay?""","""Sweetie, our family is made of you, mommy, daddy, and some furry friends like Max, our dog, who always gives us big, slobbery kisses.""","""Come here, sweetie! Let's go inside the house where we have a cozy room for sleeping, a lovely kitchen to make yummy food, and a warm bathroom where we can splash and play!""","""Come here, sweetie! We're going to visit grandma and grandpa today. They live far away, but we love them very much, and we will send them lots of hugs and kisses!""","""Look at the bunny, my little one! The bunny hops so fast and has soft fur. Can you say 'bunny'?""","""Come here, sweetie, let's go inside the house where we have a cozy bed, yummy food, and lots of toys to play with. This big room with walls and a roof is called a living room, and the one with a bed is your bedroom. Isn't our","""Look at all these fun toys! Want to play with the colorful blocks?""","""Look at the fluffy bunny hopping around in the meadow, hopping high and low, isn't it so cute?""","""Look at this yummy, juicy apple! It's so red and sweet. Can you say 'apple' with me? Let's try to munch on some apple slices together.""","""Come here, sweetie! Let's look at the pretty house with the red roof and white walls. Look at all the windows and doors. Oh, that's a cat on the roof! And see those flowers on the front porch? Isn't it a lovely house?""","""Look at that beautiful bird, sweetie! It's flapping its wings so high and singing a lovely song for us to hear!""","""Look at the pretty bird, sweetie! It's so fluffy and it's singing a lovely song for us!""","""Look, sweetie, there's a fluffy cat! The cat is soft and cute, with a cute little tail and pretty pink nose. It's purring, which means it's happy and content.""","""Look at our lovely house, sweetie! It's a big, comfy place with lots of rooms for sleeping, playing, and cooking yummy food with Mommy and Daddy!""","""Look at the big red car, sweetie! It has four wheels and goes 'vroom vroom' when we push it. Isn't it fun to see it zoom by? Let's wave at the car when we see it on the street!"""
"""Look at the big house, sweetie! The house is where mommy and daddy live, and where we have fun together.""","""Look, sweetie, these are your big brothers and sisters. They love you so much and they're all part of our family, like a big, happy team.""","""Look, sweetie, that fluffy bunny is hopping over the grass, and see those colorful birds flying high in the sky!""","""Look at the pretty birdie, sweetie! It's so colorful and chirpy, like it's singing just for you.""","""Look at all these bright, fun toys! The ball is round and bouncy, and when you give it a gentle push, it goes flying across the room. The teddy bear has soft, cuddly fur, and we can hug it together. The blocks are different colors and shapes","""Look, sweetie, there's a cute little puppy! The puppy's soft and fluffy, with big, brown eyes that wag its tail when it's happy. It's a friendly little dog that likes to play with you.""","""Look at the big, shiny car with the round wheels, little buddy! Can you see how the car moves so smoothly on the road, like a bouncy ball?""","""Look at that beautiful bird, sweetie! It's singing a lovely song for us, and its feathers are so pretty and colorful!""","""Hey there, little buddy! Look at this cozy house we're in, with its warm windows and soft, snug walls. See those pretty flowers in the garden? They're like nature's paintbrushes, splashing color everywhere. And guess what? There's","""Look at the happy family! Mommy and Daddy love you so much, and you have a big brother who's always playing with you.""","""Look at the cute little puppy, sweetie! It's a dog. This fluffy furry friend can wag its tail and play with you!""","""Hey there, little buddy! Today we're going to say 'family' together. 'Family' means mommy, daddy, brother, sister, and all the people you love and spend time with!""","""Look at the happy family, sweetie! Mommy and Daddy love you very much, just like how you love your teddy bear, and together, you all share lots of fun times and make each other smile.""","""Look at mommy and daddy smiling together, sweetheart. They love you very much and always will!""","""Look at mommy and daddy, they love you so much, just like how we all love each other in our big family!""","""Look, sweetie, we're at home sweet home! See all the pretty walls, the soft carpet, and your favorite toys waiting for you!""","""Look at our lovely family, sweetie! We are your mommy, daddy, and little brother, all together like a big, happy family, just like a tree with many strong branches!""","""Look at the cute puppy with the fluffy fur, little buddy! It's wagging its tail to say hello!""","""Hey there, little buddy! Come on over to our lovely home, where we have a cozy bed, soft pillows, and your favorite teddy bear waiting for you.""","""Look at all these fun toys, sweetie! You can pick your favorite one to play with today. Which one do you like the most?""","""Look at the cute puppy! It's so fluffy and loves to play fetch. Let's give it a pat!""","""Look at these bright, colorful vegetables, little one! The green ones are yummy broccoli and the orange ones are sweet carrots. They're good for you and make you strong like a superhero!""","""Look at the big, colorful house where mommy and daddy live! The red roof, the blue windows, and the green door are so pretty! Let's go inside and make some yummy cookies together, okay?""","""Look, sweetie, that beautiful bird with its colorful feathers is called a parrot, and it's chirping a happy song for us to enjoy!""","""Look, sweetie, there's a bird flying high in the sky. It's like a little winged friend, singing songs for us.""","""Look at the fluffy, cute cat! See how it purrs when you pet it gently?""","""Come here, little buddy! Let's go look at all the pretty pictures on the wallpaper, and then we can hop on the soft, squishy carpet that smells like your favorite blankie.""","""Look at the big, shiny car, little buddy! It has four wheels, and it goes 'vroom, vroom' when it moves!"""
"""Look, sweetie, this is a house, and inside there are lots of cozy beds, yummy snacks, and colorful toys just for you to play with when you grow up!""","""Look, sweetie, mommy and daddy are your family, and they love you so much. They'll always be there for you, just like these big, warm hugs.""","""Look at the fluffy bunny hopping around, sweetie! Isn't it cute with its little paws and fluffy ears?""","""Look at the beautiful bird, sweetie! It's chirping and hopping around. Can you say bird?""","""Oh, look at these colorful blocks, sweetie! Let's stack them up together, one on top of the other, and we'll make a tall tower!""","""Look, sweetie, there's a fluffy, cute dog wagging its tail! Isn't it adorable? Let's say 'woof woof' together, just like the dog!""","""Look at the big, red car, sweetie! It has wheels that help it roll smoothly on the road, just like when you roll your toy cars. Isn't it fun to watch it zoom by?""","""Look, sweetie, that beautiful bird is singing a happy song in the tree, with its soft feathers and colorful wings.""","""Come here, sweetie, let's explore our cozy house together. See those fluffy pillows on the bed? And look at the pretty curtains on the windows. We live in a lovely house with our family, and it's a special place where we all feel safe and","""Look at mommy and daddy, sweetie! They love you very much and want to keep you safe. Can you say 'family' with me? Family is everyone we love!""","""Look at the cute little dog, sweetie! He's a fluffy, friendly pooch with big brown eyes, wagging his tail and ready for a loving pat!""","""Hey sweetie, look at our family picture! Mommy, Daddy, and you are all together. Can we give a big, big hug to everyone in this photo?""","""Hey sweetie, look at our lovely family! We have mommy, daddy, and your little brother/sister. They all love you so much, just like we do!""","""Look at our family, sweetie! We have mommy, daddy, grandma, grandpa, and little brother. We all love each other and help each other, just like puzzle pieces fitting together. Isn't it wonderful to be part of this family?""","""Look, sweetie, that's mommy with her big smile, and there's daddy with his friendly face, and together they're your amazing family who loves you so much!""","""Look at the pretty house, sweetie! The roof is like a big hat for the house, and the windows are like its eyes, watching over you while you play!""","""Hey sweetie, you know who you are? You're part of a lovely family, with mommy, daddy, and your big sister or brother!""","""Look at the cute little puppy, sweetie! Puppies are such fun animals, aren't they? They love to play and wag their tails when they're happy.""","""Come here, sweetie! Look at our cozy house, with its bright red roof, big windows, and lovely flowers in the garden. Isn't it wonderful to have our special home, where we feel safe and happy?""","""Look at all these colorful toys! Do you want to play with the soft, fuzzy bear or the shiny, bouncy ball?""","""Look at the little puppy, he's running so fast and wagging his tail!""","""Yummy, yummy food! Look at these colorful carrots and juicy grapes. They're so tasty and good for you. Let's try some together!""","""Look, sweetie! We're going to our cozy home, where we have a big, comfy bed to sleep in, and lots of toys to play with!""","""Look at that beautiful bird, sweetie! It's hopping around and chirping, just like the colorful little birdies you love to see in your picture books.""","""Look, sweetie, there's a beautiful bird with feathers and wings. It's singing a lovely song for us to hear.""","""Look at that cute cat, little one! See how it's purring and cuddling up to the soft, fluffy blanket?""","""Hey sweetie, let's go play in our house, where we have lots of cozy rooms, soft carpets, and yummy snacks!""","""Look at the big, shiny car, sweetie! It's a magical red car that will take us on fun adventures and drive us to places we've never been before."""
"""Look, sweetie, this is our cozy home! Can you see the blue walls? And the little blue chair is for you. And we have lots of cuddly stuffed animals to play with!""","""Look, sweetie, there's your Mommy, your Daddy, and me! We love you so much and you're our little family.""","""Look at the fluffy bunny hopping in the grass, little one. Want to see the bunny hop?""","""Look, little one, there's a bird outside. Its wings are so big, and it's flapping them up in the sky. The bird is singing a lovely song.""","""Look at those bright, colorful toys! Want to pick one to play with now?""","""Look at the fluffy, cute puppy, sweetie! The little dog is wagging its tail and wants to play!""","""Look at the bright red car, sweetie! Can you say 'car'? That's right, car! It goes 'vroom vroom' when it moves. Isn't it a funny-looking car with big wheels? Want to see it go faster?""","""Look at that beautiful bird, sweetie! See how it's flapping its wings and singing a lovely song for us to enjoy. Birds can fly high in the sky and sing songs that make us feel happy, don't they?""","""Look at this beautiful house, sweetie! It has a big door, a cozy bed, and lots of windows to let the sunshine in. Let's go inside and see all the fun things!""","""Look at mommy and daddy, they are our loving family! They give us hugs and cuddles and take care of us every day!""","""Look at the fluffy, cute dog! The dog is bouncing and wagging its tail so excitedly. Let's say hello to the puppy and give it a gentle pat!""","""Hey there, little buddy! Look at us, mommy and daddy! We're your family, and we love you lots. We're your family because we take care of you and help you learn and play every day. Remember, we're always here for you, buddy,","""Look at mommy and daddy, sweetheart! They love you very much, just like you love them. They are your family, and they will always be there for you.""","""Hey there, sweetie! Let's talk about your family. You know, your mommy and daddy are the best people in the world. They love you so much, just like mommy loves her favorite cupcake!""","""Look at our happy family, sweetie! We have mommy, daddy, grandma, and grandpa, and they all love you very much.""","""Look at our cozy, colorful house, sweetie! It's got a big, beautiful garden outside, where we can play with our friends and have picnics. Inside, there are lots of rooms, each with its own special purpose. We have a kitchen where we cook yummy food,","""Look at mommy and daddy, they're our family. We love them and they love us back. They're so big and strong, just like our favorite superheroes!""","""Look at the big, fluffy bunny hopping over the grass; it's hopping so fast!""","""Come here, sweetie! Let's go look at the pretty house, with the big windows and the colorful door, and the happy family inside.""","""Look, sweetie, your teddy bear is waiting for you! Let's play with him and make him happy!""","""Look, sweetie, there's a fluffy bunny hopping by! Bunny's so soft and white!""","""Look at those bright red strawberries, little buddy! They're juicy and sweet. Want to take a bite? Yummy!""","""Look at the pretty house, sweetie! It has a blue roof and white walls. There are windows to let the sunshine in and doors to open and close. Let's go inside and find a cozy spot for a nap!""","""Look, sweetie, that's a pretty bird with colorful feathers! The bird is chirping a lovely song just for you!""","""Look, sweetie, that little birdie up high in the sky has soft feathers and it chirps like a tiny little song. Isn't it beautiful?""","""Look, sweetie, there's a cute little cat! It's purring softly. See how it's fluffy and cuddly? Let's gently say 'hello' to the cat.""","""Come here, sweetie! Let's look at our beautiful home, with the blue sky outside and the warm sunshine making everything bright and happy. Inside, we have our cozy bed, fun toys, and yummy snacks waiting for us!""","""Look, sweetie, there's a big, shiny car! Can you say 'car'? The car has four wheels, and it goes 'vroom-vroom' when we push it. Let's play with it together, okay?"""
"""Look at the big, beautiful house where we live, sweetie! It's warm and safe, just like mommy and daddy's loving arms.""","""Look at us, sweetie, this is mommy and daddy, your family who loves you so much!""","""Look at the fluffy bunny hopping, little one! Can you say 'bunny'? Bunnies hop around and eat carrots. Isn't that so cute?""","""Look at that beautiful bird with colorful feathers, sweetie! The bird is singing a lovely song for us.""","""Look at the bright, colorful blocks! These are fun toys for you to stack and play with!""","""Look at the fluffy dog, sweetie! See how it wags its tail and barks happily? Isn't that a cute furry friend?""","""Look, sweetie, a big, shiny car! Can you say 'car'? That's right! The car is ready to zoom down the street and make a beep-beep noise.""","""Look at that pretty bird, little buddy! It's flapping its wings and chirping really loud. Isn't it funny how it can fly all the way up high in the sky? Let's watch it together!""","""Look at the big, beautiful house, sweetie! It's made of strong bricks and has a lovely roof to keep us warm and dry. Can you see the pretty windows? And the door? It's the way we go inside and out. Inside, we have a cozy bed,","""Look, sweetie, this is your big sister, Emily. She's your mommy's sister. They love you very much and are your family.""","""Look at the fluffy, cute dog! See how it wags its tail and licks your hand. Can you say 'doggie'? Good job! Dogs are friendly and love to play with us. Isn't it fun to pet them and hear their soft barks?""","""Look at the family picture, sweetie! See those three people? They are Mommy, Daddy, and you. You have your mommy and daddy, and they love you very much.""","""Look at mommy and daddy holding hands, sweetie! They are your favorite people, always loving and caring for you, just like I am!""","""Look at our family, sweetie! Mommy, daddy, your big brother, and me make the happiest family ever. We all love you and are always here for you, just like a warm hug from mommy and daddy.""","""Look at your lovely family, sweetie! Your mommy and daddy, your big brother, and your little sister are all here to love you and take care of you.""","""Hey there, little buddy! Let's explore the house together. Look at those pretty walls, feel the soft carpet under our feet, and smell the yummy cookies in the kitchen. Isn't it fun to play and learn in our cozy home?""","""Look, sweetie, these are your mommy and daddy. They're your special family that loves you so much and always makes you feel safe and happy!""","""Look at the bouncy bunnies hopping around the garden, little buddy. They're so fluffy and love to eat carrots!""","""Look, sweetie, this is our lovely home! See the cozy bed, the big comfy couch, and the colorful walls. And look at that big, shiny table where we eat our yummy meals together. Isn't it a wonderful house?""","""Look at the colorful, bouncy ball, sweetie! It's fun to roll and bounce it on the floor, isn't it?""","""Look at the cute little bunny hopping around in the grass, little buddy! It's so soft and fluffy, isn't it?""","""Look at the yummy, colorful fruit! Apples, bananas, and strawberries are not only tasty but also make you strong and healthy.""","""Look at the big, beautiful house with the red roof! The windows are like eyes, watching us play, and the doors open to new adventures inside. Let's go explore the cozy bedroom with fluffy pillows and colorful teddy bears, or maybe we'll find the","""Look, sweetie! That's a beautiful bird. It has feathers and it can fly high up in the sky like a little airplane.""","""Look at the beautiful bird, sweetie! It's flapping its wings and chirping sweet melodies, just like how you sing.""","""Look at that fluffy, cute cat! She's purring and playing with her ball of yarn. Isn't she a little kitty, just like you?""","""Hey there, sweetie! Look at our lovely house, with its bright yellow roof and cozy windows. Let's go inside and snuggle up in our soft, comfy couch. Isn't it a wonderful place to play and dream?""","""Hey there, little buddy! Let's look at the big, shiny car outside. It has wheels that go 'vroom-vroom' when you push the button. Isn't it cool how the car moves forward when you make it go?"""
"""Look at the pretty house, sweetie! The house has a blue roof, a big door, and windows. We live inside this lovely house, and it keeps us warm and safe.""","""Look at mommy and daddy, they are our family. Mommy cooks delicious food, and daddy takes us to fun places. We love you, sweetie.""","""Look at the fluffy bunny hopping in the meadow, little one. See how the bunny hops so gently, just like when you hop up and down?""","""Look at the pretty bird with its colorful feathers and chirpy song, little one! Isn't it lovely?""","""Look at all the pretty blocks, sweetie! Can you pick the softest one for me?""","""Look at the happy, furry dog! Woof woof, doggie! The dog is wagging his tail because he's so excited to see you!""","""Look, sweetie, that big red car is zooming down the street, and its doors are wide open, just like ours, but we always make sure to buckle up and drive safely when we're older.""","""Look at that beautiful birdie with its colorful feathers, chirping sweet songs for you, little buddy!""","""Hey sweetie, come look at the pretty house with the red roof and the big blue door! Let's count the windows and the little flowers on the porch together.""","""Look at mommy and daddy, sweetie! They are your parents, and they love you very much. They take care of you and make sure you have yummy food, clean clothes, and a warm bed to sleep in. They play games with you and read stories to you every night. Your family","""Look at the cute little dog! It's wagging its fluffy tail and wants to play with you!""","""Look at the happy family, sweetie! There's Mommy, Daddy, and little brother/sister. They love you very much and play together all the time.""","""Hey there, sweetie! Look at Mommy and Daddy hugging each other. That's called a family hug. Mommy and Daddy love you very much, just like you love your toys!""","""Look at your big brother, sweetie! He's just like you, a little person with a big heart who loves playing with you. You both get to spend lots of time with mommy and daddy, who always keep you safe and happy, just like a family does for each other.""","""Look, sweetie, that's your mommy and daddy, and they are your superheroes who love you very much!""","""Come here, sweetie! Look at this big, cozy house with a red roof. There's a door that opens, and we can go inside. Let's walk on these soft carpets and see all the pretty things on the shelves. We can make a yummy snack","""Look, sweetie, this is your mommy and daddy. They love you so much, just like I do!""","""Look at the fluffy bunny hopping around, sweetie! See how it hops? Just like when we hop on our pogo stick!""","""Come here, sweetie, let's go inside our house. See all these pretty walls? And look at those soft carpets under our feet. We can play with our toys and eat yummy snacks in our kitchen. And don't forget, our cozy bed is waiting for us","""Look at these fun toys! See the colorful balls? They're round and bouncy, just like the ones you play with. Want to pick one to play together?""","""Look at the fluffy bunny hopping around, little buddy! It's time for us to say 'hi' to our furry friend.""","""Yummy, sweet apple, this apple is crunchy and juicy. Would you like to bite into it with me?""","""Hey sweetie, look at our cozy, warm, and beautiful house with a big, happy family. Inside, we have lovely rooms with soft beds, colorful toys, and yummy snacks. Let's go explore and make some fun memories together!""","""Look at the pretty bird! Its feathers are so colorful and it's singing a sweet song for you!""","""Look at that beautiful bird, sweetie! Its feathers are all fluffy and colorful, just like a rainbow. Isn't it amazing how it can fly so high in the sky, like a little airplane?""","""Look at the fluffy, cute cat with big, round eyes and soft fur, little buddy. Do you want to say 'meow' like a friendly kitty?""","""Hey sweetie, let's go look at the big, beautiful house where Mommy and Daddy live, with the pretty flowers in the garden and the funny-shaped chimney!""","""Look at the big, shiny car, sweetie! It's red like your favorite candy. The car drives on the road, just like we walk on the sidewalk. Isn't it exciting? Let's pretend we're in the car, and I'll tell you"
"""Look at the pretty house with a blue roof and a yellow door, sweetie! Let's wave our little hands at it!""","""Look at Mommy and Daddy, they are our family. They love you so much and want to take care of you always.""","""Look at the puppy, sweetie! The fluffy little pup is wagging its tail and loves to play fetch. Isn't it adorable?""","""Look at the beautiful bird outside, sweetie! It's so pretty with its colorful feathers and it's singing a lovely song just for you.""","""Oh look, sweetie, we have some soft, bouncy balls and colorful building blocks ready for you to play with. Isn't it fun to build tall towers with them?""","""Look, sweetie, this is a dog. It's a furry friend with big, wet eyes and a wagging tail. The dog's name is Buddy, and he loves to play fetch with his favorite ball.""","""Look, sweetie, here comes a big red car! It's going to go, go, go! Wow, it's fast, isn't it? And see the wheels? They spin round and round!""","""Look at that beautiful birdie, sweetie! It has feathers and wings, and it's singing a lovely song for us. Can we watch it fly and sing together?""","""Hey there, little buddy! Let's go see our cozy house, with its blue front door and the big, fluffy couch. Oh, and look at those pretty flowers in the garden outside! We're going to have a wonderful time exploring our lovely home!""","""Look at the family picture! It's Mommy and Daddy, your big sibling, and Auntie. They all love you very much.""","""Look at the happy dog, little one! It's wagging its tail and playing with its favorite toy, a big fluffy bone.""","""Look at mommy and daddy, sweetie! They are our lovely family, and we all love and take care of each other, just like the way we love you!""","""Hey sweetie, do you know who your family is? They're the people who love you so much, like Mommy and Daddy, and maybe Auntie and Uncle Joe. They're your special family who always have fun with you and keep you safe!""","""Sweetie, today we're going to learn about our family. We have mommy and daddy, that's mommy and daddy, and they love us very much. They help us and take care of us. And you have your brothers and sisters, and you're the sun","""Look at our big family, sweetheart! Mommy and Daddy, your little brother, and your Auntie Sarah are all part of our wonderful family. We love spending time together and making beautiful memories.""","""Look at the big house with the red roof and the colorful flowers around it. Isn't it so pretty?""","""Look at the lovely family, sweetie! That's your mommy and daddy, and the bubbly brother or sister, and the super fun grandparents!""","""Look at the fluffy bunny hopping around in the garden, little buddy! Isn't it hopping with joy, just like we play and laugh together?""","""Look at our beautiful home, sweetie! It's warm and cozy, with lots of lovely furniture like a big comfy bed, a soft couch, and a big shiny table where we eat yummy snacks!""","""Look, sweetie, this big, fluffy teddy bear is all soft and cuddly, and it has a yummy, sweet smell. Can you hold it for me, please?""","""Look at the fluffy bunny hopping in the meadow, sweetie! Its ears are like little triangles!""","""Look at these yummy carrots, sweetie! They're orange and crunchy, just like a little orange snack. Would you like to try some carrot sticks?""","""Come here, sweetie, let's look at our beautiful home together! We have a cozy bed to sleep in, yummy food to eat, and lots of fun toys to play with. Our home is filled with love and smiles!""","""Look, sweetie, that bird is so pretty! It has feathers that shimmer in the sunlight and a beautiful song that it sings just for us.""","""Look at the pretty bird, sweetie! It's a birdie that's singing a lovely song with its tiny chirpy voice!""","""Look, sweetie, this is a fluffy cat. The cat has soft fur, cute whiskers, and loves to play with yarn. The cat says 'meow' when it wants attention.""","""Look, sweetie, this big, beautiful house is where Mommy and Daddy live with us. It's safe and warm, with lots of cozy rooms and fun toys to play with.""","""Come here, sweetie! Look at this big, shiny car. It has wheels to roll and a bright color. Would you like to pretend to drive it gently with me?"""
"""Hey there, little one! Look at these big, beautiful houses with red roofs, pretty flowers in the garden, and lovely blue sky above. Isn't it so pretty?""","""Hey there, sweetie! Look at your mommy and daddy, they're your superheroes who love you so much. They're always here to cuddle and play with you, like the best team ever!""","""Look at the fluffy bunny hopping, little one! It's so soft and cute, isn't it?""","""Look at the little birdie, sweetie! The birdie has soft feathers and can sing pretty songs. Isn't she lovely?""","""Look at those soft, colorful teddy bears! They're so fluffy and cuddly, ready to play and giggle with you!""","""Look at the fluffy dog wagging its tail happily, little one. The dog's fur is so soft, like a cozy blanket. Isn't it adorable?""","""Look at the bright and shiny car, sweetie! It has big wheels to go fast and round, just like your toy car. Do you see how the car's windows are like your eyes? They help the car see where it's going!""","""Look at the pretty bird with the bright feathers and the long beak, it's so funny to watch it hop and peck!""","""Look at the big, cozy house, sweetie! It has a lovely garden where butterflies dance and flowers bloom.""","""Look at mommy and daddy, sweetie! They love you so much and always take care of you!""","""Look, sweetie, there's a fluffy, cute dog! The dog is bouncing around, wagging its tail, and looking for someone to play with. Want to go say 'hello' to the friendly dog together?""","""Look at mommy, sweetie, she's your mommy, and daddy's your daddy. You're our little family, just like a big, happy puzzle!""","""Look at our big, happy family, sweetheart! Your mommy and daddy love you so much, just like how we love you!""","""Hey there, sweetie! We love you so much! Mommy and Daddy are your superheroes, and Grandma and Grandpa are your super-grandparents! We're your family, and we're always here for you.""","""Hey there, sweetie! It's time for a little story about our family. See, Mommy and Daddy love you very much, and we all have special parts in our family team. We're like pieces of a puzzle, each unique and important. We eat yummy food","""Look, sweetie, this is our cozy house with a big, beautiful blue door and a lovely little garden outside where we can play!""","""Look at our lovely family, sweetie! Your mommy and daddy are here with you, and they always love you very much. We're a team, just like a big family of superheroes!""","""Look, little buddy, a cute little puppy is playing with a fluffy ball. See how happy it is?""","""Come here, sweetie! Let's go see the pretty house with a big red roof and a friendly garden filled with yellow daisies and bluebells!""","""Look at all the colorful toys, sweetie! Which one do you want to play with now?""","""Look at the bunny, my sweet. The bunny is hopping and has fluffy, soft fur. Can you say bunny?""","""Look, sweetie, here comes your yummy apple! Eat it up to grow strong and healthy!""","""Look, sweetie, we're going to visit Mommy and Daddy's house today! It's a big, happy home with lots of rooms to play in!""","""Look at that beautiful bird, sweetie! See how it's hopping around, flapping its wings, and singing a lovely song?""","""Look at the beautiful bird, sweetie! See how it flaps its colorful wings and chirps so cheerfully. Isn't it fun to watch it fly high in the sky, just like we soar in our toy airplanes?""","""Look, sweetie, this fluffy little kitty is named Whiskers. Whiskers is a cat and she's very soft and cuddly, just like a big, warm teddy bear. She likes to play with her yarn and chase the light dancing","""Hey there, little buddy! Let's go on a house adventure together. Look at all the pretty colors, the soft carpet, and the comfy couch. The house is a big, safe home for us, where we get to play and sleep.""","""Look, sweetie, this big and shiny car! It has four wheels to roll on the ground, and it helps people go from one place to another. Isn't it amazing?"""
"""Look, sweetie, we're going to the big house with a red door! It's warm and cozy inside, and there are lots of yummy snacks and toys to play with!""","""Look at mommy and daddy, they love you so much! We're a happy family, just like you are with me!""","""Look at the doggie, sweetie! The doggie is wagging its tail because it's happy. Can you say 'doggie'? Good job!""","""Look at the little birdie! It's singing a sweet song and flapping its wings so fast, just like you when you play with your toys.""","""Look at those pretty, soft toys! They're ready to play with you!""","""Look at the fluffy dog, sweetie! It's wagging its tail and has floppy ears. Can you say 'dog'? Dog!""","""Look at the big, shiny car, sweetie! The car has four wheels that spin and it goes 'vroom' when the grown-ups drive it!""","""Look, sweetie, that little birdie is flapping its wings and flying high in the sky. Isn't it pretty? Can you say birdie?""","""Hey sweetie, look at our cozy house, it's big and warm, just like a big hug! Inside, we have our bed, a colorful room, a yummy kitchen, and fun toys to play with!""","""Look, sweetie, mommy and daddy are your special family, just like us, always there to hug and love you!""","""Look at the fluffy dog wagging its tail, sweetie! It's so happy and playful, just like a puppy. Let's say 'woof woof' together, okay?""","""Look at mommy and daddy smiling at us, my little sunshine! We're your family, and we love you so much!""","""Hey sweetie, it's time to go home with mommy and daddy! They'll give you a big hug and make you a yummy dinner!""","""Look at the smiling faces in our family picture, sweetie! Your mommy and daddy, and your big sister Lily, all look so happy together.""","""Look at us, little one! We are a family of three: mommy, daddy, and you! We love each other very much and do fun things together.""","""Come here, sweetie! Let's look at the pretty house with the big, friendly windows and the cozy, colorful door. Can you see the little red roof that keeps us dry when it rains?""","""Look at those adorable smiling faces, sweetie! That's your family, all hugging and loving each other so much, just like how we love you.""","""Look at that cute little puppy, sweetie! It's a little furry ball of happiness, wagging its tail and ready for a big, loving hug. Can you say 'puppy'? Good job!""","""Come here, sweetie! Look at our beautiful house, with a blue door, a yellow roof, and big, comfy windows. Let's go inside and make some fun memories!""","""Look at all these fun toys! Let's play with the soft teddy bear and the colorful blocks together, sweetie!""","""Look at the fluffy kitten, little one! It's purring and playing with yarn, isn't it soft and cute?""","""Hey sweetie, let's try some yummy carrots. They're orange and crunchy, just like your favorite toy car! Eat them slowly and enjoy the delicious taste!""","""Look at our big, cozy house, sweetie! It has a lovely blue door and lots of windows to let the sunshine in. Come on, let's go inside and find our favorite spot to play and snuggle up with your teddy bear.""","""Look at the pretty bird, sweetie! It's chirping and flying high in the sky. Isn't it a lovely little bird?""","""Look at the beautiful bird with feathers like the sky, chirping happily up in the trees. Its beak is so cute, and it's singing a lovely song just for you!""","""Look at the cute fluffy cat, sweetie! The cat is soft and warm, just like a big, cozy blanket!""","""Hey there, sweetie! Let's go look at our house with big windows, and we can find your favorite toy car under the cozy, soft rug on the living room floor!""","""Look at the shiny, big car, sweetie! It has four wheels that roll and it goes vroom, vroom, just like a rocket ship! Want to see where it goes next?"""
"""Hey there, little one! Look at the pretty house with a blue door and big windows. Isn't it a beautiful home where we all live?""","""Look at the smiling mommy and daddy! They love you so much and want to take care of you.""","""Look, little buddy, the fluffy bunny is hopping around, and the big, strong elephant is waving its trunk!""","""Look at that beautiful bird with colorful feathers flying in the sky. Can you see it, sweetie? Birds are amazing creatures that love to sing and hop around in nature.""","""Look at those bright, happy toys! Want to play with the soft, fuzzy bear?""","""Look at the fluffy dog, sweetie! He's wagging his tail because he's happy to see you!""","""Look, sweetie, this big, red car is zooming by! It's rolling down the road, making a funny sound, isn't it exciting?""","""Look at the beautiful bird, sweetie! It has feathers that are so colorful, just like your favorite cartoon! Can you say 'bird' with me?""","""Look at the big, beautiful house with the red roof and the pretty flowers in the garden. Inside, there are lots of cozy rooms with colorful beds, shiny toys, and yummy snacks on the table. Let's go explore together!""","""Look, sweetie, these are your family members, mommy and daddy, and your big sister. They love you so much and always take care of you, just like mommy does with you.""","""Look at that adorable puppy, sweetie! Can you say 'doggy'? It's a big, furry friend with wagging tails and loves to play with us!""","""Look at our family, sweetie! We have Mommy, Daddy, and your little sister, and together, we love and take care of each other like a big, happy team.""","""Hey sweetie, your mommy and daddy are your favorite people in the whole wide world. They love you so much and always take care of you, just like I do. They're your big family and we're all super special together!""","""Look, sweetie, this is your big brother! His name is Tom, and he loves playing with you. Can you say Tom?""","""Oh, look, sweetie! It's your big sister, Ava. She's always there for you, just like Mommy and Daddy are. They love you so much!""","""Look at this pretty house, sweetie! It has a big roof on top, colorful windows, and a friendly door that invites us in for a snug and cozy playtime!""","""Come here, little one, let's talk about our family. We are your mommy and daddy, and we love you so much!""","""Look at the cute little puppy, sweetie! It's wagging its fluffy tail and ready for a big, soft, and cozy cuddle.""","""Hey sweetie, look at this big, beautiful house we live in. The roof is shiny and the walls are painted pink. Let's go inside and play!""","""Look at the cute little cars! They can zoom around and go so fast, just like the race cars you love. Want to play with them and make them go zoom, zoom?""","""Look at the cute little puppy! See how it wags its tail and licks your face? Puppies are so friendly and love to play with us!""","""Look, sweetie, here's some yummy apple slices! They're crunchy and tasty. You can take a big bite and enjoy the sweetness!""","""Hey sweetie, let's go explore our cozy house, with its lovely walls, soft beds, and yummy snacks!""","""Look at the beautiful bird, sweetie! See how it's flapping its wings and singing a pretty song for us to enjoy!""","""Look, little one, a bird is singing sweetly in the sky. Its wings are spread wide as it soars high up, and its colorful feathers are fluttering gently in the breeze. Isn't that beautiful?""","""Look at that cute little kitty, sweetie! The furry ball of fluff with whiskers is called a cat. Isn't it paw-some?""","""Come here, sweetie! Let's look at the pretty house with the red roof and the big, friendly windows. Do you see the garden outside where we can play with the flowers and the butterflies?""","""Hey sweetie, look at that big red car! It's so shiny and fast. The driver is wearing a cool hat and driving the car on a smooth road. Want to imagine you're driving it too?"""
"""Look, sweetie, this is our lovely house where we live and play. Isn't it nice, our cozy home with the colorful walls and soft carpet?""","""Look at the smiling family, sweetie! The mommy and daddy love you so much, just like how the big sister loves you. Everyone is here to take care of you and keep you safe.""","""Look at the cute little bunny, sweetie, hopping around so fast! Bunnies are soft and cuddly.""","""Look at the beautiful bird, sweetie! It's chirping and hopping around with its bright feathers.""","""Look at those bright, colorful blocks, little buddy! Want to build a tall tower with us?""","""Look at the fluffy dog, sweetie! The dog wags its tail and barks happily. Do you want to say 'woof woof'?""","""Look at the big, shiny car, sweetie! It's red and has a round window. Let's say 'car' together. Car-car. The driver in the car is going on a fun ride.""","""Look, sweetie, a bird is flying up high in the sky. Can you say 'bird'? The bird has feathers, and it's chirping a happy song just for us.""","""Come here, sweetie! Let's explore our cozy home together, where we have a soft bed to sleep in, a yummy kitchen for delicious food, and lots of fun toys to play with!""","""Hey sweetie, guess what? Mommy and Daddy are your loving family, and we all play and love together like best friends!""","""Look at the fluffy, friendly dog wagging its tail, little buddy! Dogs like to play, cuddle, and give us big, wet kisses, don't they?""","""Look at the smiling faces of mommy, daddy, and your big sister! They love you so much, just like a big brother or sister would!""","""Hey there, sweetie! Today, we're going to talk about our family. We have Mommy, Daddy, and your big brother, Timmy. They love you very much and always help you learn new things.""","""Look at our lovely family, sweetie! Mommy, Daddy, Grandma, and Grandpa are all here, and we love each other very much.""","""Hey sweetie, guess what? Today, we're going to talk about our family! We have Mommy and Daddy, and we also have little brother/sister, Auntie Mary, and Grandma/Grandpa. They love us so much, just like Mommy","""Look, sweetie, we're going to the cozy house with a big, soft bed for sleeping, a kitchen with yummy food, and lots of colorful toys to play with!""","""Look at the big smiley family! There's Mommy, Daddy, little brother, and sister. They love you lots and lots, just like we do!""","""Look at the fluffy bunny, sweetie! It's hopping and nibbling on some carrots in the garden.""","""Hey there little buddy, let's go explore our house together, where the bedrooms are cozy and the kitchen is where we make yummy snacks!""","""Look at the bright, colorful blocks, little one! They are shaped like animals and can be stacked up high for you to build your very own tower!""","""Look at the fluffy bunny hopping around, little one! It's a cute and soft bunny!""","""Look, little one, this yummy banana is ripe and ready to peel, so let's enjoy the sweet, creamy taste together!""","""Look at our big, comfy house, sweetie! It's filled with soft, fluffy beds, yummy breakfasts, and lots of love!""","""Look at the beautiful bird with feathers so soft and colorful, it's like a flying rainbow in the sky! Isn't it fun to watch it hop and flutter around?""","""Look, sweetie, a beautiful bird! It's chirping and flying high up in the sky. Isn't it wonderful?""","""Look at the fluffy cat, sweetie! See how it's purring and licking its paws? The cat is so soft and cute!""","""Look, sweetie, we're in our cozy house with a big, bright window, comfy beds, and lots of yummy snacks. Let's go explore together!""","""Look, sweetie, that big red car is zooming by! Can you say 'car'? Let's say 'car' together. Great job!"""
"""Look, sweetie, there's our cozy house! It's a big, warm place with a red roof and green grass outside. The walls are made of wood and the windows let in lots of sunshine. Inside, there are colorful rooms with soft beds and happy toys.""","""Look at mommy and daddy, sweetheart! They love you so much and they're always there for you, like a superhero team with mommy being the strongest and daddy the smartest!""","""Look at the fluffy bunny hopping around, little one! The bunny is so cute, isn't it?""","""Look at the pretty bird with its feathery wings, sweetie! It's singing a lovely song, isn't it? Birdies like to fly high up in the sky, just like you!""","""Look at the bouncing bunny! He's hopping around on the soft carpet. Want to give him a tickle?""","""Look at the fluffy, playful puppy, sweetie! The puppy is bouncing around and wagging its fluffy tail!""","""Look, sweetie, there's a big red car! It's going to take us for a fun ride, and we'll see the flowers and birds along the way.""","""Look at the beautiful bird, sweetie! It's flapping its wings and chirping so cheerfully. Birds have such pretty feathers and they sing beautiful songs just for us!""","""Come here, sweetie! Let's go inside our cozy house where we can play with your favorite toys and have a yummy snack.""","""Look at the smiling faces in our family picture, sweetie. There's Mommy, Daddy, and you with your loving family!""","""Look at that cute, furry puppy! Want to say 'woof woof' with me, sweetie?""","""Hey there sweetie, let's go visit mommy and daddy, they're waiting for you with a big, big hug!""","""Look at mommy and daddy, they're our family, they love us and take care of us, just like your favorite superheroes!""","""Hey sweetie, let's look at mommy and daddy! They're your family, and they love you so much.""","""Look, sweetie, this is your mommy and daddy. They love you very much and they are your family.""","""Come here, sweetie! Let's look at the big house with the red roof and the big windows. See the pretty flowers outside? The house is our special home, where we play and laugh together.""","""Look, sweetie, Mommy and Daddy are your favorite people in the whole wide world. They love you lots and lots and they're always here to hold you when you feel scared.""","""Look at that cute little kitten playing with its yarn ball, sweetie. Kittens are soft and fluffy, just like your favorite teddy bear!""","""Come here, sweetie! Let's go look at the big house with lots of rooms and windows. It's where we live, and there's a lovely garden outside!""","""Look at all the fun toys! This colorful block is shaped like a ball, and it's perfect for stacking. Now, this fluffy teddy bear is soft and cuddly, perfect for a hug. And this little car can zoom across the floor, just like","""Look at the fluffy bunny hopping in the meadow, little one! It's so soft and gentle, like a pillow, don't you think?""","""Look at the yummy red tomato, sweetie! It's as ripe and juicy as a little sunshine on your plate!""","""Look at this big, beautiful house with a red roof, little buddy! It has a yellow door and lots of windows to let in the sunshine. Can you say 'house' with me?""","""Look at the pretty little bird, sweetie! Its feathers are soft and fluffy, and it's chirping a lovely song for us to hear.""","""Look, sweetie, there's a beautiful bird with feathers that are all blue and green! Can you say 'bird'?""","""Look, sweetie, here's a cute, soft, fluffy kitty. Can you say 'kitty'? The kitty is purring and playing with yarn. Isn't that funny?""","""Hey there, sweetie! Look at our beautiful house, where we have a big, comfy bed for you to sleep, a yummy kitchen where we cook delicious food, and a lovely living room where we play and have fun together!""","""Look at the big, red car zooming by, little buddy! Isn't it fun to watch it go so fast and see all the other cars on the road?"""
"""Hey there, little one! Look at the big, beautiful house we live in. It's covered in pretty flowers and has lots of windows to look out of. It's a safe and cozy place where we all love to be together. Let's go inside and find a soft, com","""Look, sweetie, this is Mommy and Daddy holding you, our precious little family!""","""Look at the fluffy bunny hopping in the garden! So cute, isn't it? Let's say 'bunny' together, sweetie.""","""Look, sweetie, that beautiful bird is singing a lovely song. Can you say 'bird'? Birdie! Birdie is a feathered friend who loves to sing for us.""","""Look at the colorful toys, sweetie! Let's play with the soft teddy bear and the bouncy ball together!""","""Look at the cute dog! Waggle waggle. The dog is barking. Woof woof!""","""Look at the big red car, sweetie! It has four wheels, and the driver sits inside to drive it safely to places.""","""Look, little one, there's a beautiful bird with colorful feathers. It's singing a sweet song for us to enjoy.""","""Look at the big, beautiful house with a red roof and a door that opens wide for us to enter. Inside, there are many rooms with colorful walls, and in each room, we can find cozy beds, fun toys, and delicious food. Isn't it a lovely place","""Look at mommy, sweetie, she's our family's helper! Daddy's right here with us, and we're a family just like a big, happy team!""","""Look at the cute little dog, sweetie! Its fur is soft and fluffy, like a cloud, and it wags its tail when it's happy. Let's give it a gentle pat, okay?""","""Look at the happy family, sweetie! There's mommy, daddy, and your big sister, Emma. They love you so much and always play with you.""","""Look, sweetie, there's mommy and daddy, and they're your family, just like you!""","""Look at mommy, sweetie! We're a family, just like a big, cozy hug, and all of us love and take care of each other.""","""Hey there, sweetheart! Look at our big, happy family, with mommy, daddy, and our fun little friends, the kitty, puppy, and bird. We all love to play and laugh together!""","""Come here, sweetie! Let's look at our cozy house, with its red roof and big blue door. There's a lovely garden outside, full of pretty flowers and friendly butterflies. Let's play with your favorite toy and then we'll go inside for a","""Hey sweetie, mommy and daddy love you so much! They're your family, your very own superhero team. They'll always be here for you, like the best friends you could ever have!""","""Look at the fluffy bunny hopping around, little one! Can you say 'bunny'? B-b-bunny, just like that!""","""Look, sweetie, we're in our cozy house with soft, warm walls and a big, comfy bed. Can you see the shiny, blue doorknob? It's the magic door that helps us go from inside to outside.""","""Look at these colorful blocks! Let's build a tall tower together, little builder!""","""Look at that fluffy bunny hopping around, little one. Isn't it so soft and cute, just like your favorite teddy bear?""","""Yummy, yummy, yummy, munch! Here's a big, juicy, crunchy carrot for you to chew. Chew, chew, chew! You're eating your veggie snack!""","""Look at our cozy, beautiful house, sweetie! See the big, blue door? And look at our lovely, soft carpet inside. Let's go play in our fun, colorful playroom!""","""Look, sweetie, there's a beautiful bird with big, colorful feathers and a long, curved beak. It's singing a lovely song just for you, and it's called a parakeet. Isn't it so pretty?""","""Look at that beautiful bird, sweetie! Its feathers are so colorful, like a rainbow in the sky. It's flapping its wings and flying so high up!""","""Look at the cute little kitty cat! It's so soft and fluffy, just like a big, cozy pillow. The cat is purring because it's happy and loves to cuddle with you.""","""Come here, sweetie! Let's look at the pretty house with the big blue door and the windows that let in the sunshine. Can you find the cozy bed inside where you sleep and the yummy kitchen where we make delicious snacks?""","""Look at that big, shiny car, sweetie! It's red like your favorite crayon. See how it moves? Wow, it's going so fast! Would you like to play pretend and imagine we're driving it together?"""
"""Oh, look at all the soft, cuddly toys waiting for you! They're so pretty and fun to play with!""","""Look at the cute little dog! See how he wags his tail when he's happy. Let's pet him gently, sweetie.""","""Look at the yummy apple, sweetie! It's so juicy and crunchy, and it's time to eat it!""","""Look at the bright, colorful toys! They're so much fun to play with, aren't they? Let's pick one and see what it can do together!""","""Look at the pretty birdie, sweetie! It's hopping and chirping, singing its lovely song. Let's watch it fly up high in the sky.""","""Look at the pretty toys, sweetie! The soft teddy bear and the bouncy ball are waiting for you to play with. Let's have some fun!""","""Look, sweetie, your mommy and daddy are your family, and they love you so much!""","""Look at the big, red car, sweetie! It's zooming by so fast, like a superhero on a race track. See how it has wheels that roll smoothly on the road? Isn't it amazing how the car moves?""","""Look, sweetie, here's a big, yummy apple! It's red and crunchy. Can you take a bite and enjoy the sweet taste?""","""Look, sweetie, we're standing in our cozy house, with big blue windows and a lovely red door. This is where we all feel safe and snug, isn't it lovely?""","""Look at that beautiful bird with its bright blue feathers! Birds are so fun and they sing lovely songs. Can you say 'bird'?""","""Oh look, sweetie, your favorite teddy bear is ready for a fun adventure with you. Let's pick up your blocks and build a beautiful tower together!""","""Look, sweetie, a big red car! It's going vroom, vroom! Want to count how many wheels we see on this car?""","""Look at the bunny, little one! The bunny has soft, fluffy fur and it hops around, making the grasses quiver.""","""Look at the fluffy dog wagging its tail happily, little one! Can you say 'woof woof' with me?""","""Look at the cute puppy! Want to pet its fluffy fur? Let's gently touch its soft coat and feel how warm it is.""","""Look at all those colorful toys, sweetie! The fluffy teddy bear is ready for a snuggle, and the shiny blocks are just waiting for you to stack them up high and knock them down.""","""Oh, look at those pretty, colorful toys over there, sweetie! They're waiting for you to pick them up and play with them.""","""Look, sweetie, this is our cozy house! It's got a red roof, blue walls, and a big green door to open. We have lots of colorful windows, and there's a sweet little chimney puffing out smoke. Can you say 'house'?""","""Look at all these fun toys! See the soft teddy bear? Can you say 'teddy bear'? And this big, round ball, it rolls so nicely. Do you want to play with the ball, sweetie?""","""Look at the fluffy, cute cat, sweetie! The cat's soft fur feels so nice, doesn't it? Cats are amazing pets who love to play and cuddle. Want to say 'meow' like a cat?""","""Look, sweetie, this fluffy, purring cat is cuddling its cute kittens. Isn't it adorable?""","""Look at all these amazing toys! The soft teddy bear is so fluffy, and the colorful blocks are great for building tall towers. Let's play together!""","""Look at the fluffy bunny hopping over the flowers, little one. See how it hops so high and lands softly? Isn't it just the cutest little bunny hopping in the meadow?""","""Look, sweetie, this big, shiny car! It's red and has four wheels. Can you say car?""","""Look at all these colorful toys, sweetie! The soft teddy bear is for hugging, the shiny blocks are for stacking, and the fluffy ball is for rolling and bouncing!""","""Look at that beautiful bird! It has colorful feathers and it's singing a lovely song for us to enjoy. Isn't it soooo pretty?""","""Look at the cute, soft kitty cat! It's purr-purring and playing with its yarn ball. Isn't it cute and cuddly, just like when we hug and play together?"""
"""Look at the bright, colorful toys, sweetie! They're here for you to play and explore. Let's give them a gentle shake and see what noises they make!""","""Look, little one, this is a dog. It's a furry friend with four legs, a tail, and floppy ears. Dogs are very friendly and love to play with us. Their wagging tails and barking sounds are so cute, aren't they?""","""Look at the yummy yummy carrots, sweetie! They're orange and crunchy, perfect for your little tummy!""","""Look at these bright, colorful toys! See how the ball bounces? Can you bounce it too?""","""Look at that beautiful bird with the bright feathers! Isn't it chirping so sweetly? Let's watch it fly up and down the sky, just like it's playing a game!""","""Look at the pretty, colorful blocks, sweetie! You can stack them up to build your own fun tower!""","""Look at Mama and Dada, they're your loving family. Mama and Dada are so happy to see you, sweetie!""","""Look at the big, shiny car! Can you say 'car'? It's a red car, and it goes 'vroom vroom' when we press the pedals. Want to pretend to drive the car with me?""","""Look at the yummy apple! Can you say 'apple'? We're going to take a big bite, and it's going to be so sweet and crunchy!""","""Come here, sweetie, let's go look at the pretty house, with its big windows and red door, where mommy and daddy live happily, and we'll play together in the yard, just like the birds and butterflies do!""","""Look at the beautiful bird with feathers like a rainbow! It's hopping around and singing sweet songs for us to enjoy.""","""Look at those bright, colorful toys! Can you pick out the red ball? I'm sure you can find it!""","""Hey there, little buddy! Look at that big, red car. It's zooming down the road so fast, just like a superhero, but remember, we don't play with cars, okay? They're for grown-ups to drive safely.""","""Look at the fluffy bunny hopping around in the garden, little buddy! The bunny's so soft and cute, isn't it?""","""Look at the fluffy dog, sweetie! It's bouncing around like a little ball, isn't it? Can you say 'woof woof' like a dog?""","""Look at the fluffy bunny hopping in the garden, little one! Do you see how it hops around so fast?""","""Oh, look at these colorful toys! Want to play with the soft, fluffy bear? He's so cuddly, just like a teddy bear. Shall we press this button to make the robot dance? It will move its arms and legs, just like a real","""Come here, little one, let's play with your soft, fluffy bear. Look at its big, round eyes. Do you see the little toy car zooming on the table? It's so fast!""","""Come here, sweetie, let's look at the pretty house with the red roof and the big windows. Isn't it so pretty? We can count the doors together, one, two, three, and see all the pretty flowers in the garden. Isn't that fun?""","""Look at those colorful blocks, sweetie! They're just waiting for you to stack them up and build your very own tower. Let's see how high you can make it!""","""Look at the fluffy cat, sweetie! The cat is purring softly and cuddles with its favorite toy, a pretty little ball.""","""Look at the fluffy, cute cat playing with its soft, pink ball of yarn!""","""Look at the colorful blocks! Can you stack them up with me? Let's build a tall tower together!""","""Look at the fluffy bunny hopping around! Its soft ears and cute little nose make it so special, don't you think?""","""Look at the big, red car, sweetie! It's so shiny and fast, and it takes us on fun adventures. The wheels on the car go round and round, and it makes a funny sound when it goes 'vroom-vroom.' Let's give it a","""Oh, look at those bright, bouncy bouncy balls! Would you like to play with them and bounce them high into the sky?""","""Look, sweetie! That's a beautiful bird with feathers. See how it's hopping on the branch, just like you hop on the couch?""","""Look at the fluffy, cute, and cuddly cat, sweetie. Its soft fur feels like a big, warm, and fuzzy blanket. Isn't that adorable?"""
"""Look at this bright, shiny toy! Want to play with the fun ball?""","""Look at the fluffy, cute dog! Its wagging tail makes it so happy. Can you see its big, floppy ears and pointy nose? Dogs are so friendly and fun to play with.""","""Look, sweetie, the yummy carrot is orange, and it's ready to be eaten. Eat up, and it'll make you strong and healthy!""","""Look at the bright, fun toys! Want to play with the bouncy ball and the soft, fluffy bear?""","""Look at that beautiful bird! It's singing a pretty song for us to hear.""","""Look at those colorful blocks, sweetie! Let's play and stack them up together.""","""Look at our family, sweetie! We're a big, loving team. Mommy and Daddy love you so much, just like how your teddy bear gives you hugs when you're feeling sad.""","""Look at the big, red car! It's so shiny and pretty, let's go for a bumpy ride!""","""Look at the yummy fruit, sweetie! It's a juicy red apple, perfect for munching!""","""Look, sweetie, that's a big, beautiful house with a shiny red door. It has a roof to keep us dry and walls to keep us cozy inside. Isn't it lovely?""","""Look at the little birdie, sweetie! It's hopping and chirping on that branch, waving its wings and singing a beautiful song. Isn't it amazing how birds can fly and sing at the same time?""","""Look at all the pretty, fun toys waiting for you! Let's pick your favorite one and play together!""","""Look at the big, shiny car! It's like a magic box on wheels. The driver sits inside and makes it go fast with the engine. Isn't it fun to watch the cars zoom by?""","""Look, little buddy, that cute puppy is wagging its tail because it's happy and wants to play with you!""","""Look at the fluffy, cute dog with the wagging tail! It's barking and having fun playing with its ball!""","""Look at the fluffy bunny hopping around, little one! It's so cute and soft, isn't it?""","""Hey sweetie, let's play with your fun toys! Look at your colorful blocks, you can build a big castle or a tall tower!""","""Look at these bright, bouncy balls, little buddy! Want to play with them and watch them roll and bounce?""","""Look at the big, beautiful house, sweetie! It's made of strong bricks, has a lovely roof, and inside there are rooms with soft beds where we can sleep and play with all your favorite toys!""","""Look, sweetie, there's a big, fluffy teddy bear waiting for you! Let's give it a big hug and play with it together!""","""Look at the cute little cat, sweetie! It's a fluffy furry friend that likes to play with toys and cuddle on your lap.""","""Look, sweetie, there's a cute, fluffy cat! The cat is purple, like your favorite juice box, and it's purring softly while playing with a ball of yarn.""","""Look at the pretty cars, sweetie! They go vroom-vroom when you push them!""","""Look at the fluffy bunny hopping around, it's so soft and cute!""","""Look at the big, shiny car, sweetie! It's like a magic box that goes 'vroom' when mommy drives it!""","""Look at all those bright, shiny toys, sweetie! Let's pick out your favorite one and play together!""","""Look at that beautiful bird, sweetie! It's singing a lovely song with its tiny, colorful feathers.""","""Look at the cute little cat, sweetie! She's fluffy and playful, and she loves to purr when you give her a gentle pat. Isn't she a pawsome friend?"""
"""Look at those bright, colorful toys! Can you grab the soft, squishy ball for me? It's so fun to play with!""","""Look at the fluffy puppy with the big, brown eyes and wagging tail. Isn't he the cutest furry friend you've ever seen? Let's say 'woof woof' together, little buddy!""","""Look at these yummy little mushrooms, little buddy! They're so tasty and fun to eat. Want to try some?""","""Look at you, sweetie! You're holding the shiny, bright red ball. Want to play with it?""","""Look, sweetie, that bird is singing a pretty song. Its beautiful feathers are all different colors, and it's wiggling its wings so it can fly up high in the sky!""","""Look at the colorful blocks, sweetie! Can you find the red one and give it a gentle push?""","""Hey there, sweetie! Look at mommy and daddy holding hands. They're your special family who loves you very much!""","""Look at the big, shiny car! The car has four wheels and the driver sits inside. Let's wave goodbye to the car as it drives away!""","""Look at this yummy apple, sweetie! It's so crunchy and juicy, just like a little red firetruck for your tummy!""","""Look, sweetie, we're standing in our cozy house, where the walls are painted blue and we have a soft, warm carpet under our feet. See that? It's the sun shining through the window, making the room bright and happy!""","""Look at that beautiful bird with its bright feathers and sweet melody! Do you see how it chirps and flutters around? Birds are fun and colorful friends that sing songs in the sky!""","""Look at all these fun toys! Can we play with the soft, cuddly bear or the shiny, colorful blocks together?""","""Look at the bright red car, sweetie! It's going fast down the road, zooming by trees and houses, like a little rocket!""","""Look at the fluffy bunny hopping in the meadow, little one! Can you hear the gentle humming of the bees as they visit the flowers?""","""Look at that cute little puppy, sweetie! The puppy has soft fur, waggy tail, and it likes to play fetch with us. Want to pet it gently?""","""Look at the fluffy bunny, hopping around the meadow, so fast! Do you see how its ears twitch when it sees us? Can you say 'bunny'?""","""Look at those soft and colorful teddy bears! Would you like to hug one and play with its fluffy fur?""","""Oh, look at these colorful building blocks! Want to stack them up high like a tower and watch it all fall down? It's so much fun to see how it changes!""","""Look, sweetie, this is a house! It has a cozy bed, a yummy kitchen, and a big, friendly door to open. Let's play pretend and make our own fun house, okay?""","""Look at these bright, colorful toys! The ball can bounce, the teddy bear can cuddle, and the blocks can stack! Let's play with them together, sweetie!""","""Look at the cute fluffy kitty cat, little buddy! The cat is purring softly and it's feeling happy and snuggly.""","""Look, sweetie, this is a cute little kitty, a fluffy furry friend that meows softly. See how it purrs when you gently pet its head? Isn't it so cuddly and cute?""","""Hey there, little buddy! Let's play with your colorful blocks and stack them up high like a tower, okay?""","""Look at the fluffy bunny, hopping around the garden. Its long ears are like little floppy hats, and it's so gentle and soft when you pet it.""","""Look at the big, red car! It has four wheels that roll on the road and a shiny roof to keep the sun away. Let's wave goodbye to the car as it drives by, just like we wave to our friends!""","""Look at all these amazing toys, sweetie! We can play with the blocks and the colorful cars together. Isn't it exciting?""","""Look, sweetie, there's a beautiful bird flying in the sky! It's called a robin, and it has bright red feathers on its chest. Want to listen to it sing a little song?""","""Look at the fluffy, cute cat! The cat is meowing and running around. Let's say 'cat' together. Cat... Can you say 'cat'?"""
"""Look at these bright, colorful toys! Want to play together?""","""Look, sweetie, this cute little dog is wagging its fluffy tail because it's happy to see you! Can you say 'dog'? Let's say it together, 'Dog.' Great job!""","""Look at this yummy, bright orange pumpkin! Can you say 'pumpkin'? Mommy is going to cook it and it will be so tasty for us to eat together.""","""Look at the bright, colorful toys! Shake the rattle and hear the fun noises!""","""Look at the pretty bird with the blue feathers! It's singing a sweet song just for you!""","""Look at the cute little bear, sweetie! Let's give him a big hug and a soft pat!""","""Look at the happy family, sweetie! That's mommy, daddy, and your sibling playing together.""","""Look at the big, shiny car! It's red and has four round wheels. See how it honks when the driver wants to go forward? Let's pretend we're in the car too!""","""Look at the yummy apple, sweetie! Crunch it up and enjoy the juicy taste!""","""Look at the big, beautiful house we live in! Can you count the windows and doors with me? Let's say 'one, two, three' and 'four, five, six' together!""","""Look at the beautiful birdie flying high up in the sky, chirping its sweetest tunes for us to enjoy!""","""Look at those fluffy bunnies, sweetie! They're hopping around, and if you give them a gentle pat, they'll give you a big, happy hop-back!""","""Come here, sweetie, let's look at this big, shiny car! See how it has four wheels and a roof? It's so cool, isn't it? Now, look at the color! What's your favorite color for the car?""","""Look at the fluffy bunny hopping over the flowers. Can you say 'bunny'? Let's try to mimic the bunny's hop together!""","""Look, sweetie, this is a puppy. It's a small, furry dog. See how it wags its tail? That's because it's so happy! Can you say 'puppy'?""","""Look at the cute puppy, sweetie! Its soft fur is as white as a snowflake, and it wags its tail so joyfully when you play with it.""","""Oh look, sweetie! Your favorite colorful cars are here for you to play with. Let's have so much fun together!""","""Look at the colorful toys, sweetie! This soft, fluffy bear is just for you, and that bright, bouncy ball will make you giggle when you roll it!""","""Come here, sweetie! Look at this big house with a lovely red door. The roof is shaped like a triangle and the windows let the sunshine in. Can you say 'house'?""","""Look at all the fun toys, sweetie! The soft teddy bear is ready for a cuddle, and the colorful blocks are waiting for you to build a big, tall tower!""","""Look at the cute, fluffy cat! It has soft fur and big, sparkly eyes. The cat is purring and wants to play with you, little buddy!""","""Look, sweetie, there's a fluffy cat with soft fur, and it's saying meow! Isn't it cute? The cat is playing with a little ball, and it's so funny!""","""Hey, sweetie, look at your new teddy bear! Isn't it soft and cuddly? You can give it a big hug or take it on a pretend adventure!""","""Look at the bunny hopping, it's so fluffy and loves to eat carrots!""","""Look, sweetie, here's a big, red car! It has four wheels, and it goes vroom vroom when we push it. Let's play with it together!""","""Look at all these wonderful toys, little buddy! The teddy bear is soft and cuddly, and the toy car zooms fast on the track. Can we play with them together?""","""Look, sweetie, that beautiful bird is singing a lovely song with its pretty feathers. Its name is a chirpy chickadee!""","""Look, sweetie, this is a cute cat. The cat has soft fur, big ears, and sharp claws. The cat can purr when it's happy, and it likes to chase little toys. Let's say 'meow' together and pretend to feed the"
"""Look, sweetie, here comes your favorite teddy bear! Can you wiggle your little fingers? Let's play with your soft, cuddly toy!""","""Look at the fluffy puppy dog, sweetie! He's wagging his tail and wants to play. Let's go pet him gently and see his soft fur.""","""Yummy, look at the colorful veggies on your plate, little one! It's time to eat your favorite, crunchy carrots and sweet, juicy apples. Mmm, I'm so proud of you for trying new tastes!""","""Look at the soft, colorful teddy bear! It's time to pick it up and give it a hug.""","""Look, sweetie, there's a pretty bird with feathers and wings! The bird is singing a lovely song and hopping around. Let's say 'bird' together, okay?""","""Look at these bright, colorful toys! They're waiting for you to play with them. Pick one, and we'll have fun together!""","""Look at mommy and daddy, sweetheart! They're your big brothers and sisters, and they love you very much. You have a whole family who's just as happy to see you as we are!""","""Look at the big, shiny car, sweetie! It has four wheels and can take us on fun rides. Let's pretend to drive it together!""","""Look, sweetie, here comes a yummy apple! Let's wash it and slice it together so we can all enjoy a juicy, crunchy bite!""","""Come here, sweetie! Let's go look at the pretty flowers in the garden and then we can play with your favorite blocks inside the cozy house!""","""Look at the beautiful bird with colorful feathers flying in the sky, little one! Isn't it amazing how it can fly so high up?""","""Look at these cute little cars, sweetie! Want to see them zoom around and go fast?""","""Hey there, sweetie! Look at that big, shiny car zooming by. See how it moves on the road, like a happy, rolling ball? It's going to take us on a fun trip soon, isn't that exciting?""","""Look at the puppy, sweetie! It's a fluffy ball of fur, wagging its tail and saying hello with its big, floppy ears.""","""Look at the cute dog! Want to pet him gently? His fur is soft and he's barking because he's happy to see us.""","""Look at the fluffy bunny hopping over the grass! Can you say bunny? Bunny, bunny, bunny!""","""Look at the big, colorful toy train, sweetie! It's going to chug and chug all around the play mat. You can push it and make it zoom across the tracks. Isn't it exciting? Let's play with the toy train together!""","""Look at the shiny, colorful blocks, sweetie! These fun toys are for you to build tall towers and make your imagination fly.""","""Look, sweetie, this is our cozy house, with lots of rooms where we all live and play together. We have a kitchen for making yummy snacks, a living room with lots of soft pillows, and a bedroom where we get to sleep at night.""","""Oh, look at these lovely, colorful toys! Can we play with the soft, bouncy ball and see how high it can go?""","""Look at the fluffy, purring kitty, little one! The cat is chasing its tail, wagging its tail, and making us giggle with its playful antics.""","""Look at the fluffy, cute cat, little one! See how it purrs and plays with yarn?""","""Look at the colorful cars and dolls, little one! You can play with them and have so much fun!""","""Look at the cute little kitten, little one! Its soft fur and tiny paws make it the cutest animal in the world!""","""Look at the big, shiny car, sweetie! It has four wheels and goes vroom-vroom when you push the button to make it go!""","""Look at those big, bouncy balls! They're going to jump and bounce so high when we play together. Let's give them a gentle push and watch them roll around!""","""Look at that beautiful birdie up in the sky! See how it's hopping around, flapping its colorful wings and singing a sweet song for us. Isn't it a lovely little friend? Let's watch it for a while and enjoy its fun time.""","""Look, sweetie, there's a cute little cat playing with a ball of yarn! See how it's soft and fluffy? Let's say 'meow' like the cat when we see one next time!"""
"""Look at the bright, shiny teddy bear! It's soft and cuddly. Let's gently touch its fluffy fur.""","""Look, sweetie, there's a dog! The dog is a fluffy friend who loves to wag its tail and play fetch with you. Isn't that cute? The dog is wagging its tail because it's so happy to see you!""","""Sweetie, yummy food is ready! Look at these bright, colorful veggies on your plate, and when you're ready, you can take a little bite. Mmm, it's so tasty, isn't it?""","""Look at all the fun things you can play with! Your blocks are soft and squishy, your teddy bear is soft and fluffy, and your rattle makes a fun noise when you shake it!""","""Look, sweetie, a pretty bird is singing a lovely song in the sky! Can you hear it?""","""Look at the colorful blocks, little one! They're waiting for you to stack them high. You can build a tower as tall as you can reach!""","""Look at our happy family, sweetie! Mommy and Daddy love you so much, just like how you love playing with your toys and eating your yummy fruit snacks!""","""Look at the big, shiny car, sweetie! The car is red and goes vroom-vroom when the driver presses the gas pedal.""","""Look at this yummy apple! It's so sweet and crunchy. Want to try a little bite?""","""Look, sweetie, this is our cozy house with blue walls and a big, warm bed, where we feel safe and happy together.""","""Look, little buddy, a pretty birdie is flying up high in the sky, singing a sweet song with its tiny voice!""","""Hey there, little buddy! Look at all the fun toys waiting for you! Let's see, you have the shiny red truck, the soft blue teddy bear, and the big yellow ball. Want to play with the truck first?""","""Look, sweetie, this big, shiny car with the bumpy seat and four wheels. It's called a car, and we can pretend to drive it just like mommy and daddy do, but remember, we hold hands and stay safe while we play.""","""Look at the cute puppy, sweetie! It's wagging its fluffy tail and barking happily.""","""Look, sweetie, there's a friendly dog over there, wagging its fluffy tail and ready to play!""","""Look at the big, fluffy bunny hopping over the grass, it's so soft and white, just like the clouds in the sky!""","""Come here, little one, let's play with your soft, colorful toys, and giggle with your bouncy ball!""","""Look at the colorful blocks, sweetie! You can stack them high and watch them topple down, just like when we play with the blocks together!""","""Hey sweetie, let's play house! Look at this big comfy couch where we sit and read books. See the pretty flower vase with colorful flowers? It's on the coffee table. And look, the fridge keeps our yummy food cold. Isn't this","""Look at all these colorful toys! Can you pick your favorite one, sweetie? I bet it's as fun as bouncing on your favorite ball!""","""Look at that cute, furry kitty! This cute little cat is purring and playing with its toy mouse. Isn't it adorable?""","""Look at that cute cat! The little fluffy cat is purring and wants a gentle stroke.""","""Hey there, little buddy! Look at all these fun toys to play with! Let's pick a super awesome toy together and have lots of giggles and giggles.""","""Look at the big, fluffy bunny hopping around, little buddy! See how it hops so high?""","""Look, sweetie, there's a big, red car! It has four wheels, just like your toy truck. The car goes 'vroom' when it moves. Would you like to pretend you're driving it too?""","""Look at all these colorful toys, sweetie! Which one do you want to play with first?""","""Look at that beautiful bird, sweetie! It's a robin with its soft, fluffy feathers and it's singing a sweet song for us.""","""Look, sweetie, there's a fluffy cat, it's so soft and cute, and it loves to purr when it's happy and cuddly."""
"""Look at the bright, shiny, colorful toy! Can you say 'toy'? That's right! The 'toy' is for you to play with, sweetie. Let's give it a gentle pat.""","""Look at the big, fluffy dog, sweetie! Wags its tail when it's happy and barks when it wants to play. Isn't it cute?""","""Yummy! Look at the yummy, colorful carrots. They're so crunchy and sweet. Let's try some, little one!""","""Look at the pretty doll, sweetie! Shake the rattle gently, and watch the colorful balls bounce up and down. Play with the soft, fluffy teddy bear and snuggle it close.""","""Look at the pretty bird with the big, colorful feathers, chirping and hopping around in the tree. Isn't it amazing how it can fly so high up in the sky?""","""Come here, sweetie! Let's play with your favorite toy cars, the red ones that zoom and zoom so fast!""","""Look at our lovely family, sweetheart! Mama, Daddy, and Granny are right here with us. We're all special and unique, just like you!""","""Look at the big, red car, sweetie! It has four wheels and moves really fast. Can you say 'car'?""","""Look at the yummy carrots! They're orange and crunchy, just like a sweet little apple!""","""Look at our beautiful, big house with a red door! We have a cozy bedroom with your favorite teddy bear and mommy's soft blue blanket, sweetie. The kitchen smells yummy, where mommy and daddy make our delicious breakfast. And don't forget the","""Look, sweetie, there's a beautiful bird flying high up in the sky. Its feathers are so colorful, like a rainbow. Can you say bird?""","""Look at all the colorful blocks, little one! We can stack them up and make a tall tower!""","""Look at the big, shiny car! It's red like a firetruck, and it goes 'vroom-vroom' when you press the pedal!""","""Look, little one, there's a cute, fluffy bunny hopping around! Let's say 'bunny' together and watch it play in the grass.""","""Look at the cute little dog wagging its tail and jumping for joy! Do you want to give it a gentle pat? Dogs are friendly and love to play with us!""","""Look at the fluffy bunny hopping around, little one. See how it hops and makes bunny ears? Want to say 'bunny' with me?""","""Look at all the toys, sweetie! Let's play with the soft, bouncy ball, and then we can stack the colorful blocks together. It's going to be so much fun!""","""Look at all the fun toys, sweetie! There's a big, soft teddy bear for cuddles, a shiny red truck to zoom around, and a fluffy pink ball to roll back and forth. Let's play with them together!""","""Come here, little buddy! Look at our cozy house, with its lovely red door and big, friendly windows that let sunshine peek in.""","""Look at all these fun toys! You can choose your favorite car or doll to play with today!""","""Look at the fluffy, soft cat, my little one! The cat's fur is as white as the snow, and it's purring just for you to hear!""","""Look at the fluffy, cute cat, sweetie! The cat is so soft and cuddly, and it loves to purr and play with its toys.""","""Look at these bright, shiny, fun toys! Want to play with the bouncy ball and the soft, cuddly teddy bear?""","""Look at the big, fluffy bunny hopping over the grass! Can you say bunny?""","""Look at the big, red car! It's so shiny and colorful. Let's play with the toy car together, sweetie!""","""Look at these colorful toys, sweetie! There's a teddy bear to snuggle, a puzzle to put together, and a ball to bounce with mommy.""","""Look at that pretty bird with its colorful feathers! It's singing a sweet melody for us to enjoy.""","""Look at that fluffy, cute kitty cat, sweetie! Its paws are soft and it's meowing with happiness, isn't it just adorable?"""
"""Look at those colorful toys, little one! They're so fun to play with and brighten up the room!""","""Look at that cute little puppy, sweetie! It's a dog, and it's so soft and fluffy. Want to say 'woof woof' like it?""","""Look at the yummy-looking carrots! They're so bright orange and crunchy. Shall we give them a try together?""","""Look at those cute, colorful toys, sweetie! They're so fun to play with, aren't they?""","""Look, sweetie, there's a beautiful bird flying in the sky! It's flapping its wings, singing a pretty song, and wearing a pretty little feather hat!""","""Look at the pretty, colorful, soft toys, sweetie! They're so fun to play with, aren't they?""","""Look at mommy and daddy, they love you so much! They're your family, and they're always there to help you learn and play!""","""Look at the big, shiny red car! Wow, it has four wheels and a top that goes up and down. Can you say 'car' with me? Car, car!""","""Look at the yummy apple, sweetie! It's red and juicy, perfect for taking a big bite and feeling the crunchy sound!""","""Look, sweetie, this big, beautiful house is our special place where we play, sleep, and eat yummy snacks with mommy and daddy!""","""Look at that beautiful bird! It's flapping its wings and flying up high. The birdie is singing a pretty song for us to hear.""","""Look at the big, fluffy teddy bear! It's time for our soft, cuddly friend to join our playtime adventure. Let's go and hug it tightly!""","""Look at that big, shiny car! It has four wheels, just like our toy car, and it can take us on fun rides to the park or the grocery store!""","""Look at the fluffy bunny hopping over the grass, little one! Isn't it hoppity-hop?""","""Look at that cute, fluffy dog wagging its tail happily. It's a friendly dog who likes to play fetch with us!""","""Look at the cute puppy! He's so fluffy and playful. Want to say 'woof woof' with him?""","""Look at the colorful blocks, sweetie! Can you find the red one and stack it with the blue ones? It's so much fun to build!""","""Hey there, sweetie! Want to play with your colorful blocks? Let's build a big, tall tower together!""","""Look at our lovely house, sweetie! It's where we live and play every day, with a big, soft bed for sleeping and a warm kitchen where we cook yummy food. Isn't it nice to call this place home?""","""Look at all these bright, colorful toys! Which one do you want to play with today?""","""Look at the fluffy cat, little buddy! The cat has soft fur and sharp claws. It's time for the cat to eat its delicious meow-meow food!""","""Look, sweetie, this fluffy kitty is playing with a yummy ball of yarn, isn't she purr-fect?""","""Look, sweetie, you have a big, shiny red truck and a tiny, fluffy bunny to play with!""","""Look, sweetie, see the fluffy bunny hopping around, and don't forget to say 'bunny' with me!""","""Hey there, sweetie! Look at the big, shiny car parked outside. Can you say 'car'? Good job! The car has four wheels and a roof to protect you when you're inside. Let's play pretend and imagine we're driving to the zoo together","""Look at the colorful toys! You can play with the soft teddy bear, the bouncy ball, and the spinning top. Let's have fun together!""","""Look at that beautiful bird, sweetie! It's a big, colorful bird with a long, curvy tail. Isn't it singing a lovely song just for us?""","""Look at the cute fluffy cat, little one! It has soft fur and gentle purrs. Isn't it adorable?"""
"""Look, sweetie, there's a pretty, pretty toy! The soft, soft teddy bear is ready for a cuddly playtime. Let's say 'bye-bye' to the toy and give it a big hug, just like we do with you.""","""Look at the cute puppy, sweetie! This is a dog. It's soft and fluffy, and it wags its tail when it's happy. Can you say 'dog' with me?""","""Look, sweetie, these are yummy carrots. They're orange and crunchy. We'll eat them together, and they'll help you grow big and strong!""","""Oh, look at those bright and colorful toys, sweetie! Let's play with your favorite ball, and we can roll it together. Isn't it fun?""","""Look at the pretty birdie, sweetie! See how it's flapping its wings and singing a lovely song. Isn't that so funny and beautiful?""","""Look at the cute little teddy bear! Can we play with the soft bear and hug it tightly?""","""Hey there, sweetie! Look at our lovely family! We're all together, hugging and smiling. Mommy and Daddy are so happy to have you with us, little buddy!""","""Look at the big, shiny car! Can you say 'car'? The car is going down the road, honking its horn and making us smile!""","""Hey, little buddy! Time to munch on your yummy apple slices! Yum-yum, crunchy and sweet, just like a juicy red ball!""","""Look at the big, comfy house we live in! It has a blue roof, green grass, and pretty flowers. Let's go inside and find your favorite spot!""","""Look at the bird, sweetie! It's a pretty blue bird with a long beak. The bird is singing a beautiful song. Do you see how it's hopping on the grass? Birds can fly high up in the sky too!""","""Come here, sweetie! Look at these fun, fluffy stuffed animals! Want to play with the cuddly teddy bear?""","""Look at that big, red car, sweetie! Can you say 'car'? It's going to take us on a fun ride!""","""Look, sweetie, there's a fluffy bunny hopping around in the yard. Bunnies are so cute, don't you think?""","""Look at that friendly dog, sweetie! It's wagging its tail and barking happily. Isn't it adorable?""","""Look, sweetie, see the cute fluffy bunny hopping over the grass! The bunny's ears are like little pillows, aren't they?""","""Come here, sweetie! Look at these amazing toys! Let's pick the ones we want to play with and then we can have so much fun together!""","""Look at all the colorful toys! Want to play with the soft teddy bear and the bouncy ball?""","""Look at our beautiful house, sweetie! It's big and yellow, with a red door and white windows. Let's go inside and play with the soft carpet and our fluffy pillows.""","""Come here, little buddy! Let's play with your soft, colorful blocks. Push them gently, stack them high, and watch them touch the sky!""","""Look at the fluffy, cute cat! See how it purrs when you pet it gently, sweetie. The cat has soft fur, big ears, and loves to play with yarn and chase little balls.""","""Look at the cute fluffy cat, sweetie! Its paws are soft, and it's saying 'meow' when it wants attention.""","""Come here, sweetie! Look at all these bright, fun toys waiting for you to play with them. They're just for you, so we can have lots of giggles and fun together!""","""Look at that fluffy bunny hopping over the grass! The bunny is so soft and cute, let's go say hello to our little friend!""","""Look, sweetie, that big yellow bus is going to take you to school. It's called a school bus, and it's safe and has a special person called a driver who helps us get there.""","""Look at all these bright, colorful toys waiting for you! They're so soft and fun to play with!""","""Look, sweetie, there's a beautiful bird with bright feathers! See how it's hopping around? Isn't it funny? It's called a cardinal, and it's so colorful. Can you say 'cardinal'? Great job! Let's watch it","""Look, sweetie, this is a fluffy cat, and it has soft, warm fur that tickles your nose when you pet it gently."""
"""Look at these pretty, fluffy, soft toys, sweetie! The teddy bear is so soft, and the rattle makes a nice, funny noise. Want to play with them, sweetie?""","""Look at the fluffy, furry dog! See how it wags its tail and barks happily. Isn't it a cute, friendly little puppy?""","""Look, sweetie, here's your yummy carrot. Yum! It's orange and crunchy, perfect for your big, strong teeth. Try it with your spoon, it's so tasty and good for your growing body!""","""Look at these colorful toys, sweetie! Can you see the soft teddy bear and the shiny rattle? They're just waiting for you to play!""","""Look at that beautiful bird with its bright blue feathers, sweetie! Can you hear its lovely chirping song?""","""Look at those bright, colorful blocks! Want to build a tall tower with them, little buddy?""","""Look at our family, sweetie! We have mommy and daddy, and we love to have your big brother and sister play with you.""","""Look at the big, shiny car! The car is red like a juicy apple. See how the wheels spin around? The car goes vroom-vroom when it moves.""","""Look at those yummy carrots, sweetie! They're orange and crunchy, just like a little orange crunchie. Want to try some?""","""Come here, sweetie, let's walk to the house together. Look, it has a big door, a roof, and colorful windows!""","""Look, sweetie, there's a beautiful bird outside the window! It's flying high in the sky with its wings spread wide. Isn't it amazing how it can soar so gracefully? Let's say 'hello' to the bird together.""","""Look at the fun toys, sweetie! Let's play with the soft teddy bear and the shiny blocks. They're so much fun!""","""Look at the big, shiny car with the smiling face, little buddy! It's going to take us on a fun ride to the park!""","""Look at the bunny hopping around, little one! See how soft and fluffy its ears are?""","""Look at the happy dog, sweetie! The dog is big and brown, and it has a waggy tail. Can you say dog? Good job! The dog is so playful and loves to run and fetch. Let's play together with the dog!""","""Look at the puppy, little buddy! It's a cute furry friend. The puppy is playing with a ball of yarn.""","""Hey there, sweetie! Look at all these amazing toys! Which one would you like to play with first? The red car, the yellow duck, or the shiny, spinning top?""","""Oh, look at all those lovely toys! Can we play with the teddy bear together?""","""Look at our beautiful house, sweetie! It's big and cozy, just like your room, with lots of colorful windows to see the world outside.""","""Look at the cute little toy truck, sweetie! It's ready for you to play and make fun noises!""","""Look at the cute, soft kitty cat, little one! See how she's purring and playing with her toys. Isn't she just the cutest paw-some fluffy feline ever?""","""Look at the fluffy, cute cat, little buddy! The cat is purring and chasing its own tail. Isn't that funny?""","""Oh, look at the colorful toys! They're so much fun to play with, aren't they? Let's pick one and have a playdate with our favorite toy.""","""Look at the bunny hopping around! See how soft and fluffy its fur is? Bunnies love to hop and eat carrots, don't they?""","""Come here, sweetie! Look at the big, shiny car! It's ready to take us on a fun ride. Let's say 'car' together, okay? Car! See how it rolls and moves? Let's pretend to drive it, driving car, driving car!""","""Oh, look at those bright, colorful toys! Can you see the little red truck? It's so much fun to play with, isn't it? Let's pick up the blocks and stack them up high for our tower-building adventure!""","""Look at that beautiful bird! It's singing a lovely song just for us to enjoy, little one. Isn't that so cute?""","""Look at that cute, fluffy cat! It's purring and kneading its paws. Isn't it so soft and cuddly?"""
"""Look at these colorful blocks, little one! Can you see the red one? It's ready for you to stack with your sweet, little hands!""","""Look at the cute little puppy, sweetie! Puppies are so soft and fluffy, just like a cloud. Can you say 'woof woof'? That's what they bark! They're really good friends, don't you think?""","""Look at these yummy, colorful veggies! They're super-duper tasty and good for your tummy. Let's give them a big smile and take a tiny bite!""","""Oh, look at the pretty, soft, and bouncy ball! Want to see it bounce and roll with me?""","""Look at the beautiful bird, sweetie! It has bright feathers and it's chirping a happy song. Isn't it a lovely, little birdie?""","""Look at these cute, soft toys! These are for playing. See the bear? It's a teddy bear. And look at the blocks! They're blocks for stacking. Let's play together!""","""Look, sweetie, these are your family members. The one with the smile and hair like yours is your mommy, and the one with the glasses is your daddy. The little person with the hat is your big brother, and this tiny little person is your baby sister!""","""Look at the big, red car, sweetie! The wheels spin around, and it goes 'vroom vroom' when the driver presses the pedals. Isn't that fun? Let's see the car go by next time!""","""Look at the yummy-looking apple, sweetie! It's a juicy red fruit, perfect for a little bite. Would you like to take a big, delicious bite with me?""","""Look, sweetie, we're going to play in the big, comfy house with a bright, shiny roof and lots of pretty windows!""","""Look, sweetie, there's a beautiful bird with feathers and wings flapping in the sky. Isn't it pretty? Birds are animals that can fly, just like our superheroes.""","""Oh, look at the colorful blocks! Can you help me stack them like a tower, and then we'll knock them down together?""","""Look, sweetie, there's a big, shiny car driving by! It has four round wheels and makes a funny noise when it honks.""","""Look at the big, fluffy bunny hopping around the garden! Can you say 'bunny'?""","""Look at the cute little puppy, sweetie! It's a dog, and dogs are furry friends who like to play and go for walks with us!""","""Look, sweetie, this fluffy bunny is hopping and eating carrots, just like the ones in your favorite story!""","""Oh, look at all these wonderful toys! Can you find the red ball for me? I bet it's fun to bounce and roll around. Let's go play together!""","""Look at these cute little cars! They can zoom around the floor. Want to play with them and see them go zoom, zoom?""","""Look, sweetie, this is our cozy house, where we live, sleep, play, and eat yummy food, right here with mommy and daddy!""","""Look at all these fun toys! We're going to play with the bouncy ball, it's so soft and squishy. Now let's pick up the blocks and build a tall tower together, we're great at building!""","""Look at the fluffy, cute cat! The cat has soft fur and loves to purr. Want to give the cat a gentle pat on its back?""","""Look at the cute, fluffy cat, little buddy! See how it's purring softly and rubbing against your hand?""","""Look at these beautiful toys, sweetie! Your favorite teddy bear is ready for our fun playtime, and there's a bright, colorful puzzle waiting for you to put the pieces together.""","""Look at the fluffy bunny hopping around, little one! Do you see how soft and bouncy its fur is?""","""Look at the big, shiny car, sweetie! It's moving on the road, and its wheels are rolling to take us places. Isn't it fun to watch the cars go by?""","""Oh, look at all those colorful blocks! They're so much fun to stack and knock down, aren't they? Let's pick your favorite one and build a tall tower together!""","""Look, sweetie, that beautiful bird up there with feathers so pretty! It's singing a lovely song, just like a tiny singing angel.""","""Look at the cute little kitty cat, little buddy! Her fur is soft and she has pointy ears that she moves around. She loves to purr and play with her yummy toys!"""
"""Look at the colorful toys, little one! So many soft and fun things to touch and explore with your tiny hands!""","""Look at the fluffy dog, sweetie! See how it wags its tail and licks your face when you pet it. Isn't the dog so soft and cute?""","""Look at this yummy apple! It's so sweet and crunchy. Can you say 'apple' with me?""","""Look at these bright, bouncy balls! They're so soft and fun to hold. Shake them gently and watch them roll away, my little explorer!""","""Look, sweetie, that's a birdie! Birdies are so pretty with their colorful feathers, and they can sing beautiful songs for us to listen to.""","""Look at those funny, bouncy balls! Want to play a game with them?""","""Look at our family, sweetie! We have Mommy, Daddy, and me, your favorite big sister, all together. We love each other so much, and we always play and cuddle.""","""Look at the big, red car, sweetie! It has four wheels and goes 'vroom vroom' when we press the pedal. Can you say 'car'?""","""Look at the yummy carrots, sweetie! They're orange and crunchy. Eat them, and they'll make you strong like a superhero!""","""Hey there, sweetie! Let's go look at the beautiful house with a big red door and colorful flowers all around. We can see the sunshine through the windows and feel the soft carpet under our feet. Isn't it a lovely place to play and have fun?""","""Look at the pretty bird! It's flapping its wings and chirping loudly, just like when you sing your favorite song!""","""Oh look, sweetie, there's a big, soft teddy bear. Want to give him a gentle hug? And see, there's a colorful, bouncy ball for you to play with!""","""Look, sweetie, this big yellow car is ready to zoom and go on a fun adventure with you! Let's pretend we're going on a ride, waving at the pretty flowers on the road.""","""Look at the fluffy bunny hopping around! Can you say 'bunny'? B-b-bunny!""","""Look at the cute, fluffy dog wagging its tail, little buddy! Dogs are our furry friends who love to play and keep us safe.""","""Look at the bunny, little one! The bunny hops and jumps around, don't it look cute and soft? And see the duck? Quack, quack! The duck swims in the pond. Animals are so friendly and fun!""","""Look at those shiny, colorful blocks, little buddy! They're waiting for you to build tall towers or cute little houses. Let's pick your favorite one and play together!""","""Look at those big, colorful blocks! You can stack them up and knock them down, and they make a fun noise when you play with them.""","""Look at the pretty house, sweetie! It has a big, red door, a yellow roof, and a green yard where we can play and run around!""","""Look at all these fun toys, sweetie! Let's pick one to play with together. Which one would you like to choose?""","""Look at the cute little kitty, sweetie! It's a fluffy, soft, and cuddly cat that loves to play and purr.""","""Look at the fluffy kitty, little one! The kitty has soft fur and cute whiskers. It purrs when it's happy and likes to play with yarn.""","""Look at all those amazing toys! We have a soft teddy bear for cuddling, a colorful ball for throwing, and some fun building blocks to stack high!""","""Look at the big, fluffy bunny hopping around! Isn't it so soft and cute? Let's say 'bunny' together and giggle with the bunny!""","""Look at the big, red car with four wheels, sweetie! It's going to take us for a fun ride around the park!""","""Look at those colorful toys! The ball is bouncy and fun to play with, and the teddy bear is soft and cuddly. Let's pick a toy to play with together!""","""Look at that beautiful bird, sweetie! It's a colorful, chirpy bird that loves to hop around and sing songs. Can you see how it flutters its wings? Birds are so fun to watch!""","""Look at the fluffy, cute, and cuddly cat with its soft fur, kitty! The cat is meowing and purring happily, let's say 'meow-meow' together!"""
"""Look at the soft, cuddly bear, sweetie! It's ready to play with you!""","""Look, sweetie, there's a fluffy dog wagging its tail. Isn't it cute? Dogs are friendly and love to play.""","""Look at the yummy-looking apple, sweetie! It's time to try some delicious apple pieces!""","""Oh, look at the bright, colorful toys! Shiny, soft teddy bear; round, bouncy ball; and little, pretty building blocks. Let's play, little one!""","""Look at the beautiful bird with the bright feathers, little one! It's singing a sweet song just for you!""","""Look at the colorful blocks! Can you put them all together? They make a big, pretty tower, just like our family!""","""Hey, sweetie, this is your mommy and daddy, and you have an awesome big brother or sister! Isn't it lovely to have family together?""","""Look at the big, red car, sweetie! It has four wheels and we can go for a ride in it!""","""Yummy, sweet, juicy apple! Look, it's red like your favorite red toy car, and crunchy when you bite into it!""","""Look at the big, beautiful house with a red roof, little one. Can you see the windows? They let the sunshine come in and the rain go out. Let's touch the walls and feel how soft they are!""","""Look at the pretty bird, sweetie! It's singing a lovely song and flapping its colorful wings up in the sky.""","""Look at all the fun toys we have today! Let's play with your favorite teddy bear and then we'll build a big tower with your blocks!""","""Look at the big, red car, sweetie! It's ready to go on a fun ride with us, just like when we play with our toy cars together!""","""Look, sweetie, see the fluffy bunny hopping around? It's so soft and it loves to eat carrots just like you do!""","""Look at the fluffy, cute dog wagging its tail and let's go say 'woof woof'!""","""Look at the fluffy bunny hopping around, little one! Bunnies like to eat carrots and hop around in the sunshine.""","""Look at the bright, colorful toys, little buddy! Can you see the fluffy teddy bear and the shiny, funny toy car? They're so ready to play with you!""","""Look at all these fun toys! You can play with the soft, bouncy ball, the cuddly teddy bear, and the colorful blocks. Let's choose one and have a great time playing together!""","""Look at the big, comfy house where Mommy and Daddy live. Inside, we have a cozy bed for sleeping, yummy food to eat, and lots of toys to play with.""","""Look at all these fun toys, little buddy! You can play with the soft teddy bear, stack the colorful blocks, and roll the bouncy ball across the floor!""","""Come here, sweetie! Look at this fluffy cat with soft fur and big, bright eyes. Its whiskers tickle when it smiles at you. Can you say 'cat'? Good job! Cats are cuddly pets that love to play and cuddle","""Look at the cute little cat, sweetie! Its fur is so soft and fluffy, like a big, purring, furry cloud. The cat is playing with a ball of yarn, and it's wiggling around so much, it's almost bouncing!""","""Look, sweetie, you have so many fun toys to play with! The car can go zoom-zoom on the floor, and the blocks can stack up high like a tower!""","""Look at the puppy, sweetie! See how it wags its fluffy tail and licks your hand? Puppies are super friendly and love to play!""","""Look, sweetie, a big red car! It's zooming by, going super fast on the road, and making a 'vroom vroom' sound. Isn't it exciting? Let's stay on the sidewalk and be safe, okay?""","""Look at all these bright, fun toys! Would you like to play with the big, fluffy teddy bear or the sparkly, shiny cars? Let's go pick your favorite toy and have a great playtime together!""","""Look, sweetie, a beautiful bird is sitting on that tree branch! Can you hear its sweet singing? Wow, what a colorful feathered friend!""","""Look at the fluffy cat, sweetie! It's purring and cuddling with its kittens. Isn't that adorable?"""
"""Look at those cute, colorful toys! They're so soft and fun to play with. Want to reach out and grab them?""","""Look at the fluffy dog, sweetie! The dog is barking and wagging its tail. The dog has soft fur, and its ears are floppy. The dog is so playful and friendly.""","""Look at the yummy, colorful, juicy apple, little one. It's sweet and crunchy, perfect for your tiny teeth to practice chewing.""","""Look at all the cute little toys, sweetie! Want to see the teddy bear? Let's pick it up together!""","""Look at that beautiful birdie up in the sky, sweetie! It has feathers and a beak, and it's chirping a lovely song for us.""","""Look at the colorful toys, sweetie! You can play with the soft teddy bear and stack the pretty blocks.""","""Look at mommy and daddy, they are the best part of our family. They love you so much and they take care of you every day.""","""Look at the big, red car! It has four wheels and honks when it sees you. Would you like to play with the toy car too?""","""Look, sweetie, here's some yummy carrots! Yum! They're orange and crunchy, just like a little orange snack!""","""Come here, sweetie, let's explore our house together. Look at the big blue door, the soft carpet, and the lovely walls with pretty colors!""","""Look at the pretty bird with colorful feathers, chirping softly in the tree. Can you hear it singing, sweetie?""","""Look at the bright, bouncy ball! It's as big as your head and can roll super fast when you push it!""","""Look at the shiny red car, sweetie! The car has four wheels and goes 'vroom' when we press the pedals. Isn't it exciting to see cars zooming by on the road?""","""Look at the fluffy bunny hopping over the grass, sweetie! Isn't it so cute?""","""Look at the fluffy, cute dog, little buddy! See how it wags its tail when it's happy? Isn't it adorable when it licks your hand? Yes, dogs are furry and friendly, just like our sweet puppy.""","""Look at the fluffy bunny hopping around in the garden! It's so soft and cute, isn't it? Let's see if we can make it hop closer so we can give it a gentle pat on its soft ears.""","""Look at all these fun toys, sweetie! Your colorful blocks and fluffy teddy bear are waiting for you to play and build castles and houses together!""","""Look at these amazing toys, sweetie! These colorful blocks are just waiting for you to build a big, tall tower, and this soft teddy bear wants a cuddle from you.""","""Hey there little buddy, let's go explore the amazing house we live in, where we have a big, cozy bed, a funny little stove to cook our yummy snacks, a shiny door to open and close, and lots of soft carpets to walk on","""Look at all the colorful toys, sweetie! The teddy bear is soft and cuddly, and the blocks are perfect for building tall towers!""","""Look, sweetie, this is a kitty. Kitty says 'meow.' Isn't it cute and soft? Do you want to pet the kitty gently?""","""Look at the fluffy kitty cat, little buddy! The cat's soft fur is as white as snow, and its eyes are as blue as the sky. The kitty is purring and playing with a yarn ball. Isn't it cute?""","""Look, sweetie, your toy cars are ready to zoom down the tracks! Let's go, zoom, zoom!""","""Look at the fluffy bunny hopping in the meadow, little buddy. Can you see how cute it is with its little ears and soft fur?""","""Look, sweetie, there's a shiny red car zooming down the street! The wheels are spinning, and it's going so fast! Let's watch it together and see it stop safely at the big green traffic light.""","""Hey there, little buddy! Look at all these colorful toys! Would you like to pick one and play with it?""","""Look at that beautiful bird, sweetie! It's so pretty, isn't it? The bird is flying high up in the sky, singing a lovely song. Can you say 'bird'?""","""Come here, sweetie, and let's look at the fluffy kitty. See how the cat's fur is so soft and white? The kitty is purring because it's happy to see you!"""
"""Look at these bright, colorful toys! They're so fun to play with. Shake the rattle gently, little one, and listen to the lovely sound it makes.""","""Look at the cute little dog, my sweetie pie! This fluffy furry friend loves to play fetch and go on little adventures with us.""","""Look, sweetie, here comes the yummy yogurt! Can you see it? It's going to be a fun and tasty treat for you!""","""Look at those bright, funny toys! They're shiny, soft, and oh so cute, ready for you to play and explore.""","""Look at that beautiful bird, sweetie! Its feathers are so pretty and colorful, just like a rainbow in the sky.""","""Look at those bright, colorful blocks, sweetie! You can stack them up and knock them down. It's a fun game to play with your toys!""","""Look at your family, sweetie! Mommy and Daddy love you so much, and we are your precious family. We all stick together, just like the peas in your favorite mashed potatoes!""","""Look at the big, shiny car with the bumpy red roof! Do you want to see it go zoom when mommy presses the gas pedal?""","""Hey sweetie, look at these big, juicy red tomatoes. They're yummy and good for you, just like the chicken soup mommy made for you. Yummy, yummy, yummy!""","""Come here, sweetie! Let's look at the pretty house with the big red door and the yellow flowers all around. Want to count how many windows we see?""","""Look at that beautiful bird, sweetie! It has big, colorful feathers and it's singing a lovely song just for us.""","""Look at those bright, colorful blocks! Can we stack them up high and watch them topple over? Oh, that's so fun! Let's play with our toy cars and zoom them across the floor. Wow, you're getting so good at this!""","""Come here, sweetie! Look at this big, shiny car with its red color. It's so pretty! Do you see the doors? They help us get in and out. Let's pretend to drive the car, and mommy will guide us safely.""","""Look at the puppy, sweetie! It's wagging its tail and wants to play with you.""","""Look at the cute dog, sweetie! Want to pet the fluffy furry friend? Dogs are so friendly and love to play with us!""","""Look at the fluffy bunny hopping around, little buddy! Can you say 'bunny'? They love munching on carrots and they're so soft and cuddly!""","""Look at all these amazing toys, sweetie! You can play with the soft teddy bear, stack the colorful blocks, or dance with the music-making robot. So much fun to explore and enjoy!""","""Look at those colorful blocks, sweetie! You can build tall towers and stack them up high!""","""Look at this big, beautiful house where Mommy and Daddy live, sweetie! It's got lots of rooms with colorful walls and a cozy bed for us to sleep in every night.""","""Hey there, little buddy! Look at all the colorful toys! Let's pick out one we can play with together!""","""Come here, sweetie! Look at this fluffy cat with soft fur and big, round eyes. See how it's purring and kneading its paws? Isn't it a cuddly little friend?""","""Look at the fluffy, playful cat, sweetie! Its fur is as soft as my blankie, and it loves to purr and chase yarn.""","""Hey there, sweetie! It's time to play with your favorite toys. Let's have fun with your colorful blocks and bouncy balls!""","""Look at the bunny hopping over the grass! It's fluffy and cute, isn't it? Let's say 'bunny' together and watch it hop away!""","""Look at the shiny red car! It has wheels that roll on the ground, and it can take us to fun places. Let's wave as it drives by, little buddy!""","""Look at these bright, bouncy balls! Want to bounce them high with me?""","""Look at that pretty bird with its colorful feathers, little buddy! The bird is chirping its sweet melody, just for us to enjoy. Isn't it wonderful how all the birds make our world so full of happiness?""","""Come here, sweetie! Look at this fluffy, cute kitty. See how she purrs when she's happy? She's a friendly cat who likes to play and cuddle."""
"""Oh, look at those colorful toys, little one! The soft, bouncy ball is waiting for your giggles, and the rattling toy makes such happy noises for you to hear.""","""Look at the fluffy, wiggly puppy dog, sweetie! It's a big, soft, and playful friend, just like you!""","""Yummy yummy, little one! Look at these bright and happy apples, ready to be shared with you. Mmm, sweet and crunchy. Let's take a bite and enjoy the deliciousness together!""","""Look at you, little one! Those colorful toys are so fun to play with. Do you want to grab the big, soft teddy bear or press the shiny, round button?""","""Look at the pretty bird! It's chirping and hopping around. Want to see if you can spot it?""","""Look at all the pretty, fun toys! Let's play with the soft, fluffy teddy bear and the bouncy, colorful balls together, sweetheart!""","""Look at your big brother, he loves you so much! And your mommy is your best friend, always there to hug you tight when you need it.""","""Look at the big red car, sweetie! It's so shiny and fast, just like superheroes you love. Let's wave our hands at it, and say 'hello'!""","""Look at the juicy red apple, sweetie! Eat it and you'll have a big, happy tummy!""","""Look at the big, comfy house we live in, sweetie. See the windows? They let the sunshine in and the doors let us go in and out. It's where mommy and daddy work to make sure we have everything we need. Can you say 'house'?""","""Look at the pretty bird, sweetie! It's a beautiful bluebird with a tiny, cute beak. It's singing a lovely song for us.""","""Hey there, little buddy! Look at all these bright and fun toys waiting for you! Pick up the shiny red truck and let's push it together!""","""Look, sweetie, this is a big, shiny car with wheels that roll on the ground. The driver sits inside and uses a steering wheel to go where they want to go. It's so cool!""","""Look at the bunny hopping in the meadow! Hoppity hop, little hop, let's count the bunny hops together!""","""Come here, sweetie! Look at this cute dog. He's wagging his tail and it looks like he wants to play with you. See how he has soft fur? Isn't he fluffy and fuzzy?""","""Look at the cute, fluffy bunny hopping around, it's like a little furry ball jumping in the grass!""","""Oh, look at those colorful toys! The soft teddy bear is ready for a cuddle, and the spinning top can go 'whoosh'! Let's play and giggle together, little one!""","""Come here, little one, let's play with the soft, fluffy teddy bear and the shiny, colorful blocks, it's so much fun!""","""Come here, sweetie! Look at our lovely house, with its big blue door and pretty flowers in the yard!""","""Look at those cute, soft teddy bears, little buddy! Want to play with them together?""","""Look at that cute kitty cat, little buddy! The kitty cat is so fluffy and white, just like a little cloud. Can you say 'cat'? Yes, that's right! The kitty cat loves to play with its yarn ball and p","""Look at the fluffy kitty cat, little buddy! Her soft fur is as white as snow, and she's purring because she's happy and content.""","""Look, sweetie, there's your favorite red ball over there! Want to pick it up and play with it?""","""Look at the cute little puppy wagging its fluffy tail. It's so soft and cuddly, isn't it?""","""Hey, sweetie! Look at that big, red car zooming by, waving to you and all its wheels rolling on the road, ready for a fun adventure!""","""Oh look, sweetie, you have all your favorite toys with you! Let's play with your big, soft teddy bear, and then you can build a tall tower with your colorful blocks!""","""Look at the beautiful bird, sweetie! See how it's flapping its wings and flying high up in the sky. Isn't that amazing?""","""Look at the cute, fluffy cat! It's so soft and purr-purring. Let's say 'meow' together with the cat, okay?"""
"""Oh, look at those bright, colorful toys! They're so soft and fun to touch. We're going to play together and have a wonderful time, sweetie!""","""Look sweetie, there's a puppy! It's a cute little dog, wagging its fluffy tail and loving to play with its bouncy friends. Isn't it adorable?""","""Look at the yummy, ripe, juicy, red apple! It's time for you to try this sweet, crunchy, healthy treat!""","""Look at these bright, shiny toys, little one! They're ready for you to play and have so much fun!""","""Look at that pretty bird with the colorful feathers, little one! The bird is hopping around the grass and singing a lovely song.""","""Oh, look at those bright, colorful toys! They're so fun to play with, aren't they? Let's pick one and press the button!""","""Look at our family, sweetie! We have mommy, daddy, and we also have a little brother or sister who's just starting to walk!""","""Look at the big, red car! It's so shiny, isn't it? See the wheels? They go round and round. Daddy's car takes us to the park where we can play and run.""","""Sweetie, it's time to eat our yummy fruits and vegetables. Look at these bright red tomatoes and juicy green apples. Mmm, they taste so good!""","""Look, sweetie, this is our cozy house where we live and play, with a lovely big kitchen for mommy and daddy, a big bedroom for you, and a special place called the living room where we all sit together and share stories.""","""Look, sweetie, a little birdie is flying up in the sky. It's so pretty, isn't it? Birdies have feathers that help them fly, and they sing sweet songs for us to enjoy.""","""Look at the pretty little doll, sweetie! Shall we give it a hug and see if it's happy? Oh, and see that bright ball? It's ready for us to throw and catch together!""","""Look at the big, shiny car, sweetie! It has four wheels, and the grown-ups drive it to go on adventures. Isn't it cool?""","""Look at the fluffy bunny hopping over the grass, little buddy! The bunny is so soft and cute, isn't it?""","""Look, sweetie, there's a fluffy dog! It has soft, brown fur, and it's wagging its tail because it's so happy to see you!""","""Look at the fluffy bunny, little buddy! It's hopping around and playing in the grass.""","""Look, sweetie, those are your favorite toys. You can play with the blocks and stack them up high. The cars go zoom-zoom and the teddy bear is ready for a cuddle.""","""Look at those colorful cars! Want to play with them together, sweetie?""","""Come here, little buddy, let's walk into our cozy, warm house with lots of toys and books to play with!""","""Hey sweetie, look at all your toys! You have a big red ball to bounce, a soft teddy bear to cuddle, and colorful blocks to stack high!""","""Look at the fluffy, cute kitty cat playing with its soft, pink ball of yarn!""","""Look at the fluffy, playful cat, sweetie! See how it's jumping and purring? Let's give it a gentle pet and stroke its soft fur.""","""Look at all these amazing toys, little buddy! The teddy bear is all soft and cuddly, and the blocks are so fun to stack and knock down. What toy would you like to play with first?""","""Look at the big, fluffy bunny hopping in the garden! Can you see its cute little nose and soft ears?""","""Look at the big, red car! It's ready to drive on the road and take you on fun adventures. Isn't it so shiny and new?""","""Come here, sweetie! Let's play with your soft teddy bear and the bright, bouncy ball!""","""Look at that beautiful bird, sweetie! It's like a flying rainbow with its colorful feathers. The bird is singing a lovely song just for us, and it's dancing in the sky. Isn't that amazing?""","""Look at the fluffy cat, sweetie! Its soft fur is as white as snow and its paws are as tiny as your little hands. Isn't it the cutest furry friend you've ever seen?"""
"""Look at the bright, colorful toys, sweetie! They're ready for you to play with and enjoy!""","""Look at the fluffy puppy, sweetie! That's a dog! Woof woof! Isn't he adorable with his big floppy ears and wagging tail?""","""Look, sweetie, these tiny pieces of apple are so soft and juicy. They're yummy and sweet. You can eat them when you're older and your teeth are ready!""","""Oh look, sweetie, you're holding the shiny, soft teddy bear. Give it a little hug, and let's play with it together!""","""Look at that pretty birdie! It's flapping its wings and singing a song. Isn't it lovely?""","""Oh, look at those colorful blocks, little buddy! Let's build a tall tower with them, one by one.""","""Look at mommy and daddy, sweetie! They love you very much, and you have a big, happy family with your sister, grandma, and grandpa!""","""Look, sweetie, there's a big red car! The wheels go 'vroom vroom' and the car takes us places!""","""Look at these yummy, colorful vegetables! Eat them and they'll make you strong and healthy!""","""Look, sweetie, we're in our cozy house! Let's go see the pretty flowers in our garden and feel the soft carpet on our feet!""","""Look at that beautiful birdie, sweetie! It has soft, fluffy feathers and it's singing a lovely song for us. Want to see if we can spot it again in the garden?""","""Look at all these fun toys! We have big teddy bears and little trucks that you can play with.""","""Come here, sweetie, look at this big, shiny car! The car goes 'vroom' when its engine roars, and it can take us on fun trips to the park or the grocery store. Isn't that exciting?""","""Look at the bunny hopping in the grass! The fluffy bunny is so cute, isn't it? Let's watch the bunny play with the flowers.""","""Look, sweetie, this is a dog! It's a furry friend that wags its tail and loves to play fetch with us. Isn't it so fluffy and happy?""","""Look at the cute bunny hopping around! It has soft fur and loves to eat carrots!""","""Look at all the fun toys we have here! We can play with the bouncy ball, push the soft car, and stack the colorful blocks. Let's make some happy noises and have a great playtime!""","""Look at all those fun toys, sweetie! Your little car is ready for a race and your blocks are waiting for you to build something amazing!""","""Come here, sweetie! Look at this beautiful house with its big windows and cozy rooms. See the roof that keeps us dry, and the doors that let us go inside and outside. Isn't it amazing? This is our special place where we feel safe and happy!""","""Come here, sweetie, let's play with your favorite cars and dolls, they're all ready for some fun!""","""Look at the fluffy cat, sweetie! It's meowing and purring because it's so happy to see us. Want to say 'cat' with me?""","""Look at the fluffy, cute cat with pointy ears and soft fur, little buddy! This furry friend loves to play and purr, just like when we cuddle and laugh together!""","""Look at all these amazing toys! Can we play with the big, colorful ball and stack the funny-shaped blocks?""","""Look at the fluffy bunny hopping around, sweetie! It's hopping like a tiny bouncing ball!""","""Look at the shiny red car, little buddy! It's so big and strong, zooming down the street. The wheels are round, like cookies, and the doors open wide, like a giant's arms, to let us in and out. Isn't it fun to pretend","""Look at all those bright, fun toys! Let's pick one and play together!""","""Look, sweetie, there's a little birdie outside! It's chirping a beautiful song. Isn't that cute? Can you say 'birdie' with me?""","""Look at that fluffy, cute kitty! Can you say 'cat'? Cats are soft and like to purr when they're happy. Let's touch the cat gently, okay?"""
"""Look at these soft, cuddly toys, little one! Want to play with the fluffy bear? Shh, the bear is sleeping, just like you.""","""Look sweetie, there's a friendly dog! Wags his tail and loves to play fetch with his favorite ball.""","""Look at this yummy, bright yellow banana, sweetie! Can you hear the crunch as I peel it? Let's take a small bite and enjoy the sweet taste!""","""Look at the bright, bouncy ball! It's ready to roll and bounce for you, my little one!""","""Look, sweetie, that little bird is singing a pretty song and flapping its wings to fly up high in the sky!""","""Look at all these fun toys, sweetie! You can play with the soft, colorful teddy bear, or the funny, spinning top that goes 'vroom-vroom'!""","""Look, sweetie, mommy and daddy are your family, and they love you so much!""","""Look at the big, shiny car, sweetie! It's so red and fast, zooming by the flowers and trees.""","""Look at the yummy-looking apple! Can you say 'apple'? Let's take a big bite and enjoy the sweet, crunchy taste together!""","""Look at the big, beautiful house where mommy and daddy live. The walls are painted pink and there are colorful flowers in the garden. Isn't it a lovely place to play and have fun?""","""Look, sweetie, that beautiful bird with the bright red feathers is singing a lovely song in the tree. Isn't it wonderful? Birds are such amazing creatures, aren't they?""","""Look at those bright, colorful blocks, little one! You can build so many amazing things with them. Let's play and create together!""","""Look at the bright red car, sweetie! It's so big and shiny, and the wheels are ready to zoom down the road. The car is going to take us on a fun ride to the park!""","""Look at the cute little puppy, sweetie! It has soft fur and wags its tail when it's happy.""","""Look at the cute puppy! The little dog has soft fur, and it loves to wag its fluffy tail when it's happy. Isn't that so adorable?""","""Look at the cute bunny hopping around in the garden, little buddy! It's soft and fluffy, and it loves to eat carrots. Would you like to play with it?""","""Look at all these wonderful toys! Can you find the soft, squishy teddy bear? It's as soft as a cloud and ready for you to cuddle.""","""Oh, look at those bright, sparkly toys! Want to pick one and play with it together?""","""Come here, sweetie! Let's go explore our cozy house, where we have a big, comfy bed, a yummy kitchen, and a fun playroom just for you!""","""Look at the fun, fluffy teddy bear! See how it has soft, fuzzy fur? Want to give it a gentle hug?""","""Look, sweetie, there's a fluffy, cute cat! Meow-meow, see how it's purring and cuddling?""","""Look, sweetie, that's a fluffy, cute, and playful cat! The cat is jumping up and down, and its fur feels so soft. Can you say 'cat'? Yes, that's right! The cat is so happy to see you!""","""Look, sweetie, we're going to play with your favorite toy cars and dolls now. Let's have lots of fun!""","""Look at the puppy, sweetie! It's fluffy and wags its tail when it's happy. Can you say 'puppy'?""","""Look at the big, shiny car! It's going to take us on a fun ride around the block. Isn't it red like your juice box?""","""Look at the bright, shiny cars in the toy box! Let's pick one and pretend we're going on a big adventure together!""","""Look, sweetie, there's a beautiful bird with feathers so colorful! It's singing a lovely song for us to enjoy. Let's listen to it together.""","""Look at that fluffy kitty cat, sweetie! She's so soft and cuddly, just like a big, cozy pillow. Isn't she the cutest little furball ever?"""
"""Look at the cute fluffy dog, sweetie! It's bouncing and wagging its tail because it's super happy!""","""Look at the cute little kitty cat, little one! Its fur is soft and fluffy, and it's purring so loudly, isn't it?""","""Look at the birdie, sweetie! It's a pretty blue bird with a big, round beak. The birdie is chirping and hopping around on the grass. Isn't it a lovely birdie?""","""Look at the cute puppy! See how it wags its fluffy tail and licks your face!""","""Hey sweetie, let's explore this big, cozy house where we have our favorite toys and cuddly blankets. Isn't it amazing?""","""Yummy apple, sweet and juicy, ready to make your mouth water and your tummy happy, little one!""","""Look, sweetie, there's Mommy and Daddy, and we all love you very much, just like your big brother and sister!""","""Look, baby, a fluffy, cute, little bunny hops over here. Bunny, bunny, bunny!""","""Look at your lovely family, sweetie! Mommy and Daddy are so happy to see you, just like how big brother or sister would love to play with you!""","""Look, sweetie, here comes the yummy carrot! Let's take a bite and see how crunchy and tasty it is, just like our favorite superhero!""","""Look at the cute, soft, fluffy cat with pointy ears and a pink nose! Can you say cat? Meow, meow!""","""Look at these yummy, bright, red strawberries! They're sweet and juicy, just like the juice you drink!""","""Hey there, little buddy! Look at that big, shiny car with lots of wheels. It's going to drive on the road and take people from place to place. Isn't it amazing how it can go so fast and make so much noise? Let's pretend we","""Look at the beautiful bird, sweetie! It's singing a lovely song with its little wings flapping!""","""Look at the big red car, sweetie! It's going to zoom by very, very fast. Just like your toy car!""","""Look at the pretty birdie with the bright feathers, little one! It's singing a sweet song, just for you.""","""Come here, little buddy! Let's explore our cozy house, with its fun rooms and yummy snacks in the kitchen. There are fluffy beds in the bedrooms and we love to read stories before you go to sleep. Our house is a safe and happy place just for us","""Look at the beautiful bird with its colorful feathers, sweetie. It's singing a lovely song for us to enjoy.""","""Look, sweetie, here's a fluffy, purring cat! It's soft and cute, and it likes to chase little yarn balls.""","""Look at the beautiful bird with colorful feathers! It's flying high up in the sky. Can you say 'bird'? That's right! This is a bird, and it loves to sing songs with its sweet voice.""","""Look at the fluffy, playful kitty, little buddy! That cute cat is purring and cuddling with a toy mouse. Isn't she a paw-some furry friend?""","""Look at the fluffy, cute cat with pink ears and whiskers, sweetie! It's a little kitty, just like you, who loves to purr and play with yummy toys!""","""Look, sweetie, this big, comfy house is where we live! It has a bright, sunny kitchen, a cozy living room with a big, fluffy sofa, a magical bedroom with a soft, fluffy bed, and even a sparkling bathroom with","""Look at the big, red car, sweetie! Can you say 'car'? The car is going fast on the road, zooming by. Want to say 'car' with me?""","""Look at all these fun toys, sweetie! The teddy bear is cuddly, the blocks are big, and the puzzle is pretty!""","""Hey sweetie, look at your big brother and little sister playing together. They're like a big, fun family, just like ours!""","""Look at all these fun toys, sweetie! We can play with the soft teddy bear and the shiny spinning top together.""","""Hey there, sweetie! Look at those juicy, red tomatoes. They're yummy and good for you. We can slice them up and make a fun salad together!"""
"""Look at the fluffy dog, sweetie! The dog is wagging its tail and barking. Isn't that adorable? Can you say 'woof woof' like the dog?""","""Look at the cute little cat, kitty! The soft fur is all fluffy and the paws are so tiny, isn't she adorable?""","""Look, sweetie, that beautiful bird is singing a happy song, flapping its wings up and down. It's so colorful and pretty, isn't it?""","""Look, sweetie, that fluffy bunny is hopping over the grass, just like when we hop on our little toys together!""","""Look at the big house, sweetie! It has a red roof and white walls, and inside, there are many rooms with fun things to play in, like a big comfy bed, a playful toy box, and a colorful kitchen.""","""Look at the yummy, bright yellow banana! It's so sweet and soft, and you can squeeze it with your fingers to make a little banana boat!""","""Hey sweetie, look at your big brother and your big sister, they're your family, and they love you just the way you are!""","""Look at the cute puppy, sweetie! The puppy is bouncing and wagging its tail because it's super happy to see you!""","""Look at the smiling family, sweetie! The mommy is holding the baby, the daddy is giving high-fives, and the big brother is tickling his little sister!""","""Look at the yummy carrots! They're orange and crunchy. We'll take a big bite together, sweetie!""","""Look at the cute fluffy cat, sweetie! Its soft fur is like a pile of little clouds, isn't it? The cat is purring and wagging its tail, saying 'hello' to you. Want to give the cat a gentle pat on its head?","""Hey there, sweetie! Look at all these yummy veggies! Can you say 'carrot'? Carrot, carrot! They're good for you and make you strong, just like you!""","""Look at the big, red car, sweetie! It's going to take us on a fun ride to the park. Isn't it exciting? Let's say 'car' together as it zooms by!""","""Look at the pretty bird, sweetie! Its feathers are so colorful, just like a rainbow in the sky. Do you see how it's chirping and hopping around? Let's watch it fly and see if it lands on a tree branch. Isn't that fun?""","""Look at the bright and shiny red car, sweetie! It's a fast little car that can zoom all around town, isn't it fun?""","""Look at that pretty bird, sweetie! It's hopping and singing, just like a little songbird. Let's listen closely to its lovely tune and watch how it flutters its wings.""","""Come here, sweetie! Let's explore the cozy, colorful house with the soft carpet, the inviting couch, and the big, friendly bed.""","""Look, sweetie, that beautiful bird with feathers like a rainbow is singing a lovely song. Want to see if you can spot the bird in the sky?""","""Look at that cute, soft kitty cat, little buddy! It's purring and playing with yarn. Do you see how it's moving its tail and ears? Let's say 'meow' together!""","""Look, sweetie, see that bird? It's a beautiful, colorful bird with feathers. The bird is singing a lovely song and flies up high in the sky. Can you say bird?""","""Look at the cute, soft, and fluffy cat, sweetie! It's a furry friend who loves to play with yarn, pounce on toys, and cuddle with us. Isn't that adorable?""","""Look at the fluffy, cute kitty cat! She's purring and playing with her toys. Isn't she the most adorable furry friend we have?""","""Look, sweetie! This is our cozy house, where we have a big blue bed, a soft carpet to play on, and windows to see outside. Let's go inside and find our favorite toys, okay?""","""Look at the big red car, sweetie! It has four wheels that help it go fast on the road. Isn't it exciting to see all the different cars we pass by?""","""Look at the big, fluffy teddy bear! He's ready for a big hug from you!""","""Hey there, sweetie! Your mommy and daddy love you very much. They're your family, and they're always there to hug and play with you.""","""Come here, sweetie, let's play with your big, colorful blocks. Can you build a tall tower together?""","""Look at these yummy, bright red apples! They taste so sweet and crunchy. Yum, yum! Let's enjoy them together, little one!"""
"""Look at the cute little dog, sweetie! The fluffy furry dog wags its tail and barks, don't you love it? Here comes the soft puppy, let's give it a gentle pat, baby!""","""Look at the cute little kitten, she's so fluffy and soft! Can you say 'kitty'? Meow, meow, that's right, she's a cuddly, playful kitty!""","""Look, sweetie, there's a beautiful bird! It has feathers and wings, and it's flying high in the sky.""","""Look at the cute puppy, sweetie! Puppies are soft and they love to play with us.""","""Come here, sweetie, let's play in our cozy, colorful home where we feel safe and loved, with big, soft beds and yummy snacks waiting for us.""","""Sweetie, look at the yummy-looking apple! Can you say 'apple'? Let's take a bite together!""","""Hey there, sweetie! Look at Mommy and Daddy, your amazing family! They love you so much and are always here to play and hug you.""","""Look at the fluffy bunny hopping around, little one! Isn't it so soft and cute? Can you say 'bunny'? Let's try together!""","""Hey there, little buddy! You know, mommy and daddy are the bestest family in the whole wide world, and we all love you very, very much!""","""Look at the yummy carrots! They are orange and crunchy. Let's eat some carrots together!""","""Look at the cute fluffy cat! The cat is soft and cuddly, just like your favorite teddy bear.""","""Look at the yummy apple, sweetie! It's red and crunchy, just like the ones in your favorite cartoon. Let's take a bite and enjoy its sweet and juicy taste!""","""Look, sweetie, this big, shiny car with its sparkly wheels and colorful paint. It's so much fun to see cars zooming down the road, and it's always nice to wave at them with your little hands. Just like how mommy and daddy drive safely in","""Look at the pretty bird with its big, colorful wings and beautiful feathers. It's hopping from branch to branch and singing a lovely song.""","""Look at the big, shiny car with the red roof! It's a car that goes 'vroom-vroom' when you push it, and it takes us on fun adventures to the park and the grocery store!""","""Look at the beautiful bird, sweetie! It's singing a lovely song with its chirpy chirps. Isn't it fun to watch it flutter and flap its colorful wings?""","""Hey sweetie, come look at our cozy, warm house with the red roof and the big, friendly door. There are lots of pretty windows that let the sunshine dance inside. And guess what? There's a lovely, comfy bed for you to snuggle up in","""Look at that beautiful bird, sweetie! It's a bright yellow canary singing a lovely song for us to enjoy.""","""Look at the cute kitty, little buddy! The kitty is soft and fluffy, just like your favorite blanket. Can you say 'cat'? Meow, meow! Cats are furry pets that love to play and purr.""","""Look, sweetie, that's a birdie! It's singing a beautiful song with its little chirpy voice, isn't it? Birds like this one can fly high up in the sky and make us happy with their lovely songs.""","""Look at the cute little cat, sweetie! It's purring softly, wagging its tail, and chasing after a fluffy butterfly. Isn't it adorable?""","""Look at the fluffy, cute kitty cat playing with a little ball of yarn, waving its soft, white paws and meowing happily.""","""Look, sweetie, we're going to play in our cozy home where we sleep, eat, and love. It's filled with lots of fun things like toys and a big, soft bed!""","""Look at the big, red car, sweetie! It's ready to zoom down the road and take us on a fun adventure.""","""Look at all these fun toys, little buddy! You can pick the red truck and give it a big, happy zoom!""","""Hey sweetie, do you see that big, warm, loving family we have? Your mommy and daddy, your big brother, and your little sister make up our family. They all love you very much, just like we love you. Let's go hug them and tell them we","""Look at all those yummy toys, sweetie! You can play with the fun ball, the pretty doll, and the bouncy hopping toy. Let's go and have lots of fun together!""","""Hey there, sweetie! It's time to eat your yummy veggies and fruits, they're super foods that help you grow strong and healthy!"""
"""Look sweetie, this is a dog! D-d-dooggie! Woof woof! The dog has soft fur and a cute little tail. Can you say dog?""","""Look at the cute kitty cat, little one! The soft fur and gentle purring make the fluffy kitten so friendly and adorable.""","""Look, sweetie, see that bird outside? It's chirping and hopping around, so beautiful!""","""Look at the fluffy bunny hopping around, little one. It's time to say 'bunny'!""","""Look, sweetie, we're in the big house with lots of rooms, soft beds, and cozy toys!""","""Look at those juicy, red strawberries! Yum, they're so sweet and soft, like little sweet treats for your tummy!""","""Come here, sweetie, let's talk about your family. You have your mommy and daddy, who love you so much. They are your best friends and they will always be there for you, just like your toys are there when you play.""","""Look at the bunny hopping by! It has soft, white fur and big, floppy ears. Let's say 'bunny' together, bun-bun. The bunny is playing with a little yellow duckling. Can you say 'duckling'?","""Look at the smiling faces of our family, sweetheart. Mommy and Daddy love you so much. And guess what? We're all going to have a fun picnic at the park this weekend!""","""Look at the yummy, bright red apple, sweetie! You'll get to eat it and it'll make your tummy happy and strong!""","""Look at the fluffy, cute kitty cat, little buddy! See how it purrs when you tickle its belly gently?""","""Yummy! These are carrots, little one. Look how bright and orange they are. They make your eyes see like superheroes!""","""Look at the shiny, big car! It's so pretty with red and white colors. See the doors and windows? Let's say 'car' together, 'car'!""","""Look, sweetie, a bird! It has feathers, wings, and can sing a pretty song for us. Want to watch it fly up high in the sky?""","""Look at the big, red car! Wow, it's so shiny and fast, just like the superheroes we love! Can you say 'car'? Let's go for a ride!""","""Look, sweetie, that beautiful bird is singing a happy song for us! It has feathers and wings to fly high in the sky.""","""Hey there, little buddy! Come on, let's explore our big, cozy house together. Look at the windows, they're like big, friendly eyes that let the sunshine peek in. And see, those stairs? They're like a magical ladder to","""Look at the beautiful bird with its bright feathers and melodious song, little one. Isn't it amazing how it can soar through the sky with its wings spread wide?""","""Look at the fluffy kitty, little buddy! The kitty is purring and playing with its toy mouse. Isn't it so cute and cuddly?""","""Look at that pretty birdie, sweetie! Its feathers are so soft and fluffy, like a big, flying teddy bear.""","""Look at the fluffy, cute, and cuddly cat with the soft, white fur. It's playing with its toy and looks like it's having so much fun!""","""Look at that fluffy, cute cat! Meow, meow, it's purring and playing with its yarn ball.""","""Come here, sweetie, let's go look at our cozy house, where our lovely bedrooms are waiting for us to snuggle up and dream sweet dreams, and the kitchen is where we get yummy breakfast!""","""Look, sweetie, that big red car is going to take us on a fun ride to the park!""","""Oh, look at all these wonderful toys! Can you grab the teddy bear? He's waiting for you to give him a big hug. And don't forget to reach for the colorful blocks, they're just for you to stack and play with.""","""Look at our family, sweetie! We are Mommy, Daddy, and you. We love you so much!""","""Look at the soft, fluffy teddy bear! Would you like to give him a gentle hug and play with his colorful blocks?""","""Hey sweetie, look at this yummy apple! It's red and shiny, just like a little star. Shall we take a bite together?"""
"""Look at the fluffy, soft fur of the dog, sweetie! Can you see the wagging tail and hear the barking? Isn't it a cute, playful little pup?""","""Look at that cute little cat, sweetie! It has soft fur and sharp claws. It's purring softly and it's playing with its toy.""","""Look, sweetie, that beautiful bird is singing a lovely song up in the sky, just for you!""","""Look at the bunny, sweetie! The bunny is hopping around and eating the carrots. Isn't he fluffy and soft?""","""Look at the pretty house, little one! It's so big and has a blue door and yellow flowers all around. Can we touch the soft carpet inside?""","""Look at the yummy carrots! They're orange and crunchy. Want to try some?""","""Look at us, sweetie! We're a big family with mommy, daddy, and me!""","""Look at the bunny hopping! See how it hops so fast? Can you hop like the bunny, little one?""","""Look, sweetie, this is mommy, and this is daddy, and these are your big sister and brother!""","""Look at these yummy carrots, sweetie! They're orange and crunchy, just like tiny orange treats you can munch on. Let's give them a try together!""","""Look at the cute, fluffy cat! She has soft fur and loves to purr when she's happy. Let's gently pet her and say 'Hello, little kitty!'""","""Yummy yummy apple! Eat it up, sweetie! You're growing big and strong with every bite.""","""Look, sweetie, that's a car! It's yellow and big, just like a school bus. Can you say 'car'? Let's go for a ride in our toy car!""","""Look at that beautiful bird! It has soft feathers and a pretty beak. See how it's flapping its wings? Birds can fly in the sky like a big, fluffy airplane. Isn't that amazing?""","""Look at the big, red car! It's so shiny and pretty, like a superhero. Can you say car? Let's go for a pretend ride in our toy car together!""","""Look at that beautiful birdie, sweetie! See how it's flapping its wings and flying high up in the sky? Birds are so fun to watch, aren't they?""","""Come here, little one, let's go explore the big, cozy house we live in. Look at those pretty windows and those soft, fluffy carpets. This is our special place, and I'm so happy we get to call it home!""","""Look at that beautiful bird with feathers like a rainbow! It's chirping and singing just for you to enjoy, sweetie.""","""Look at the fluffy kitty, sweetie! See how she purrs and loves to play with her little toy mouse. Isn't she the cutest, cuddly cat?""","""Look at that beautiful bird, sweetie! It has feathers that are as soft as a kitten's fur and it sings a sweet song for us to enjoy.""","""Look at the cute, soft, little cat with the fluffy fur! The cat is purring and wants a gentle hug, just like when we give mommy a big hug.""","""Look, sweetie, there's a fluffy cat! Meow, meow, it's purring. The cat is sleeping on the cozy, soft blanket. Can you say cat?""","""Come here, sweetie, let's look at our cozy home, where we have a big, fluffy bed, a comfy couch, and even a fun slide for playtime!""","""Look at the big, red car, little buddy! It's parked right here, and the wheels can roll on the road to take us for a fun ride.""","""Come here, sweetie! Look at all the bright, colorful toys waiting for you! Pick one to play with now, maybe the fun, soft teddy bear!""","""Hey there, sweetie! You know what? Your family is super special. Mommy and Daddy love you so much, and they're always there for you. Grandma and Grandpa, Aunt Sarah, and Uncle Mike are like your big brothers and sisters. They all play with","""Look, sweetie, those colorful building blocks are ready for you to stack them high and make a big tower!""","""Look, sweetie! Yummy apples, juicy oranges, and crunchy carrots are all tasty foods that make you strong and healthy!"""
"""Look at the puppy, sweetie! It's a fluffy, cute dog with a waggy tail, and it says 'woof woof' when it's happy!""","""Look at the fluffy, cute kitty cat with soft paws and twitchy whiskers, little one. It's so playful and loves to purr when you give it a gentle pat.""","""Look, sweetie, a bird is flying high in the sky! It has feathers, wings, and a beak. Can you say 'bird' with me?""","""Look at the cute little bunny hopping around, little one! The bunny is so fluffy and soft, and it loves to eat carrots.""","""Hey there, sweetie! Look at the big, beautiful house we live in. The house has a red roof, and it's covered with white shingles. It has a lovely front door, and inside there's a cozy kitchen where we bake yummy cookies. There are","""Look at the yummy red tomato, sweetie! It's juicy and crunchy. Yum!""","""Look at the family picture, sweetie! That's your mommy and daddy, and those are your big brother and sister. They love you so much and will always be there for you!""","""Look at the cute little puppy, sweetie! Can you say 'puppy'? The puppy is bouncing around and it's wagging its fluffy tail!""","""Look at Mommy and Daddy holding hands, sweetheart! They love you so much and that's why they always hold hands when they're together. Family means being close and helping each other, just like how you help me when I need it.""","""Look at this yummy apple, little one! It's so sweet and crunchy, and it's good for your tummy!""","""Look at the fluffy, cute cat! Its fur is so soft and it's purring quietly. Want to pet it gently?""","""Yummy! Look at all these bright, juicy strawberries! Let's count them together, one, two, three, four, five!""","""Look, sweetie, this big red car is zooming down the road! It's so fast, like a superhero on a mission to save the day. Can you say 'car'? Yes, that's right! The car is rolling along, making a 'vroom' sound.","""Look, sweetie, a pretty bird! It's singing a lovely song for us. Isn't it wonderful to hear?""","""Look, sweetie, this big car is zooming down the road, and it's going to take us to our grandma's house for a fun visit!""","""Look, sweetie, that beautiful bird is singing a lovely song for us to enjoy!""","""Come here, sweetie! Let's go see our cozy, lovely home, where mommy and daddy live, and it's filled with your favorite toys and books!""","""Look at the pretty bird with the colorful feathers flying up high in the sky, little one!""","""Look at the cute little kitty, little buddy! See how she's wiggling her tail and playing with her toys? She's a soft and fluffy cat, isn't she?""","""Look, sweetie, that beautiful bird has feathers just like the ones you love to touch, and it's singing a lovely song, just like when mommy sings to you!""","""Look at the cute little kitty cat, with soft fur and tiny paws. See how it's purring and rolling around? Isn't it the most adorable furball?""","""Look at the fluffy, cute cat, sweetie! The cat is purring softly, and its eyes are big and bright, just like you. See how it's waving its tail? Cats like to play with yarn, too. Isn't the cat ador","""Look at the big, beautiful house with a red door, little buddy! It has lots of rooms, a cozy kitchen, and even a funny-shaped chimney where smoke goes up.""","""Look at the shiny car, sweetie! The red car goes zoom-zoom on the road. Isn't it fun?""","""Look at all these wonderful toys, sweetie! The soft teddy bear is super fluffy, and the bright, bouncy ball is so fun to play with!""","""Look at our family, sweetie! We have Mommy, Daddy, and you, our little one. Mommy and Daddy are superheroes who love you very much!""","""Look at all the colorful toys, sweetie! Let's play with the soft teddy bear and the funny-shaped blocks together!""","""Look at these yummy carrots! They're orange and crunchy. Let's wash them and chop them up for a healthy snack!"""
"""Look at the cute little dog! It has soft fur, big brown eyes, and wags its tail when it's happy.""","""Look at the fluffy kitty cat, little one! She's soft and cute, isn't she? The kitty cat is purring and playing with her yarn ball.""","""Look at that beautiful birdie, sweetie! It's singing and dancing in the sky, just like you do when you're happy!""","""Look, sweetie, there's a little puppy! Woof woof! Puppies are so cute and soft.""","""Come here, sweetie! Look at this big house, it's so pretty with a red door and big windows. Let's go inside and explore together!""","""Yummy yummy, sweetie! Look at the juicy, red apple! Eat it, eat it, you're a big girl now!""","""Look at mommy and daddy, they are your family! They love you so much and will always be there for you.""","""Look at the fluffy bunny hopping in the meadow, little one! The bunny is so soft and loves to nibble on green grass.""","""Hey there, little buddy! Look at the smiling faces in our family. This is Mommy and Daddy, your superhero team, and there's your big brother, Tom. Isn't it wonderful to have all of you by our side?""","""Hey sweetie, look at this yummy apple! It's red and round, and it makes a nice crunchy sound when you eat it. Let's give it a little bite, okay? Yummy!""","""Look at the cute fluffy cat! See how it's purring and cuddling up with its soft fur? Cats are very friendly and like to play with little toys. Isn't it adorable?""","""Look at the yummy apple, sweetie! It's red and juicy, just like a tiny, delicious treat you can see and eat!""","""Hey sweetie, look at this big red car! It's going so fast! Want to watch as the driver puts the car into park, and we can play with the toy car together?""","""Look, sweetie, there's a beautiful bird flying in the sky, with feathers as bright as your favorite toy. Want to try and say 'bird' with me?""","""Look at the big, shiny car with the bumpy and smooth parts. It can take us on exciting adventures and we can sit inside, singing songs and telling stories together.""","""Look at the pretty bird with the colorful feathers. It's singing a lovely song for us to enjoy.""","""Hey there, little buddy! Look at our lovely home, where we have a cozy bed for sleeping, a big yummy kitchen for cooking, and colorful rooms for playing and laughing!""","""Look at the pretty bird! It has a colorful feather and a sweet little song. Let's watch it fly and sing for us.""","""Look at that cute, fluffy cat! It's purring and playing with a ball of yarn. The cat has soft fur and pointy ears. Isn't the cat very cute and cuddly?""","""Look, sweetie, there's a beautiful bird! Its wings are so fluffy and colorful, like a big, soft cloud. The bird is singing a lovely song just for us to hear.""","""Look, sweetie, this furry little cat is sleeping peacefully. Its soft paws and gentle meow make it the most lovely pet, don't you think?""","""Look at the cute fluffy cat, little buddy! See how it's purring? It's happy and soft, just like when we snuggle up together on the couch.""","""Come here, sweetie! Let's go see the pretty house with the colorful windows and the friendly mailman!""","""Look at the big, shiny car, sweetie! It has four wheels and a roof to keep us safe. The car's engine makes a roaring noise, but it's just going fast to get us to our destination. We can sit inside the car and see all the pretty colors and","""Look at these bright, colorful toys, sweetie! Your favorite teddy bear is here, and there's a shiny new truck to drive around. Let's play together and have lots of fun!""","""Look at your family, sweetheart! Mommy and Daddy love you, and they're always here for you, just like your brother or sister!""","""Come here, little one! Look at those bright, colorful toys over there. They're so fun to play with, aren't they?""","""Look, sweetie, here comes a yummy apple! Want to try some juicy slices? Yum, yum, delicious!"""
"""Look at the puppy, my little one! He's a cute, soft, and furry little dog, wagging his tail because he's happy!""","""Look at the fluffy cat, sweetie. See how it's purring and kneading its paws? Isn't that adorable?""","""Look at the pretty birdie, sweetie! It's flapping its wings and chirping like a little song. Isn't it amazing how it can fly so high up in the sky?""","""Look at the fluffy bunny hopping around, little one! It's so soft and cute!""","""Look at this big, cozy house! It has a red door and a blue roof. Come on, let's explore the pretty flowers and the green grass outside!""","""Yummy! Here's a yummy carrot, sweetie! Can you say 'carrot'? Look at this bright orange veggie! It's so soft and squishy, and it tastes super-duper good!""","""Look at mommy and daddy holding hands, they're your family who loves you so much, sweetie!""","""Look at the puppy, sweetie! It's wagging its fluffy tail because it's so happy to see you!""","""Look at us, sweetie, your mommy and daddy together, loving you and taking care of you. Isn't it wonderful to be with family?""","""Look at these yummy, bright, round, red apples, sweetie. They're so crunchy and juicy when you bite into them, just like little pillows!""","""Look at the fluffy, cute kitty cat! Meow, meow! The cat is purring softly and loves to play with its yarn toy.""","""Look, sweetie, here's a yummy peach. See how red and round it is? Let's take a big bite and enjoy the sweet, juicy taste!""","""Look at the big, shiny car, sweetie! It has four wheels, like your toy car, and it can take us on a fun ride to the park!""","""Look, sweetie, a little birdie! Can you say 'birdie'? It's like our word 'bird' but shorter and cute. Birdies fly high in the sky, singing songs. Isn't that fun?""","""Look at the shiny, big car! It has four wheels to roll on the road. Let's say 'car' together and watch it go vroom-vroom!""","""Look, sweetie, there's a beautiful bird with feathers, and it's singing a lovely song just for you!""","""Come here, sweetie, let's go look at the pretty flowers in our lovely house. See the big, soft couch where we sit and play? And there's the shiny, clean kitchen where Mommy makes yummy snacks for us. Our house is a safe and happy","""Look, sweetie, there's a beautiful bird up in the tree with feathers as soft as clouds and a lovely chirp! Can you say 'bird'? Let's try together: 'b-r-i-d.' Awesome job!""","""Look at the cute, fluffy kitty cat! See how she purrs and snuggles? Cats are soft and friendly, just like your favorite stuffed animal. Isn't she a lovely furry friend?""","""Look, sweetie, there's a pretty bird flying in the sky. It's a robin with a red breast and a friendly chirp.""","""Look, sweetie, there's a fluffy kitty cat with soft fur and tiny whiskers. Its name is Whiskers, and it's purring softly, just for you. Isn't Whiskers cute and cuddly?""","""Look at the fluffy, cute cat, little buddy! Its paws are soft like pillows, and it's tickling the grass with its tail!""","""Come here, sweetie! Let's play house together. Look at our cozy little bed, your special bookshelf, and your favorite toys.""","""Look at the big, shiny car, sweetie! Can you say 'car'? It goes 'vroom, vroom' when we drive it. Let's pretend to be drivers and go on a fun adventure!""","""Come here, sweetie, let's go play with your favorite colorful toys!""","""Look at the lovely family photo on the wall, sweetie! See the mommy and daddy holding the baby, and then there's your big sister with her favorite teddy bear, and oh, look at that adorable puppy! The family is always together and they love each other very","""Hey there, sweetie! Let's play with your colorful toys and have a ton of fun!""","""Yummy yummy cookies! Let's eat some crunchy crunchy chips with your fork, little buddy!"""
"""Look, sweetie, this is a dog! A cute, fluffy dog with big, brown eyes. Want to say 'woof woof' with me?""","""Look at the fluffy, playful cat, sweetie! The cat has soft fur and loves to chase yarn and pounce on little toys.""","""Look at the pretty bird, sweetie! It's flapping its wings and chirping. Isn't it so soft and cute?""","""Look at the cute little puppy! The puppy is running around and playing with its tail.""","""Hey sweetie, look at this beautiful house, with big windows and a red door, it's our cozy home, where we love and play every day!""","""Yummy, sweet apple! Look at the juicy red one, baby. Eat your apple bites, it's so yummy!""","""Look, sweetie, there's Mommy and Daddy. They love you so much, just like how we love the sunny sky and the pretty flowers.""","""Look at the cute little puppy! Puppies love to play fetch. Want to pet its soft fur?""","""Look at mommy and daddy smiling! They're our family, and they love you lots!""","""Yummy apples, sweet apples! Crunchy and juicy. Eat with me!""","""Look, sweetie, this fluffy cat is sleeping like a kitten. Its eyes are closed, and it's dreaming of catching butterflies.""","""Look at the yummy apple! It's red and crunchy. We're going to eat it together, and it's very good for you!""","""Look at the big, shiny car! It has four wheels and a bright red color. The car's windows are like looking through a window to see the world outside. Let's say 'car' together, 'car', 'car'.""","""Look, sweetie, that bird is singing a beautiful song. Its feathers are so pretty and colorful. Isn't it wonderful?""","""Come here, sweetie! Look at the shiny red car driving down the street, with its big round wheels and smiling sun on top!""","""Look at the bird, sweetie! It's sitting on the branch, singing a pretty song for us to hear!""","""Look at our big, cozy house, sweetie! The red door welcomes us in, and our blue windows let the sunshine peek inside. Let's go explore the green grass and the tall trees outside. We'll make our house the happiest home ever!""","""Look at the beautiful bird up high in the tree, sweetie! It's singing a lovely song with its little beak, isn't it pretty?""","""Look at the fluffy, cute, and soft cat! Its fur is white and it has a tiny, cute nose. Do you want to pet the kitty? Let's gently touch its soft fur.""","""Look at that pretty bird, little one! It's flapping its wings and singing a lovely song. Let's say 'bird' together, okay?""","""Look at the fluffy, cute cat! The cat has soft fur and big, twinkly eyes. The cat is playing with a ball of yarn. See, the cat's paw is holding the yarn tight. The cat is happy and purring, don't you","""Look at the cute little kitty, sweetie! The kitty is a fluffy, soft, and cuddly cat that purrs when you pet it gently.""","""Come here, sweetie, let's go inside our house, where we have a big, cozy bed, a yummy kitchen, and lots of fun toys to play with!""","""Look at the big, shiny car, sweetie! The car is red and has four wheels, just like the wheels on your tricycle. The driver is inside, and they're going to take us on a fun ride!""","""Look at all these bright, fun toys! Can we pick your favorite one to play with today?""","""Look at our big, happy family, sweetie! Mommy, Daddy, and little brother Timmy are all together, playing and loving each other, just like the sweet family in our storybooks.""","""Look at all these wonderful toys! Would you like to pick your favorite one to play with now?""","""Sweetie, it's time to eat your yummy apple. Crunch crunch, mmm, apple, yum!"""
"""Look at the cute little dog, sweetie! He's so fluffy and barks like a woof, woof. Want to play with the dog and give him a pat?""","""Look at the fluffy, cute cat, little one! The cat has soft fur and purrs when it's happy.""","""Look, sweetie, that beautiful bird with feathers and a beak is flying in the sky. Can you hear the gentle chirping sound it makes?""","""Look at the fluffy bunny, little one! See how it hops around? Bunnies like to eat carrots and hop like this.""","""Come here, sweetie, look at our lovely house, with its pretty red roof and colorful flowers on the front lawn!""","""Look at these juicy, red strawberries! Yummy, sweet, and so healthy for you! Let's take a little bite and enjoy their delicious taste!""","""Look, sweetie, that's your Mommy and Daddy holding hands, smiling at you. They love you so much, just like your big brother or sister.""","""Look at the fluffy bunny hopping around, little one! The bunny is so cute and soft, just like the clouds in the sky.""","""Look, sweetie, those are your mommy and daddy, and this is your big brother and sister, all holding hands and smiling at you!""","""Look at these yummy, brightly colored fruits and vegetables! They're so tasty and good for our tummies. Want to help me pick the juiciest apple for our snack?""","""Look at the fluffy, playful cat, sweetie! Its fur is soft like a pillow and it's purring because it's happy.""","""Yummy yummy, sweetie! Here's a tasty apple, crunch crunch! Enjoy the juicy goodness!""","""Come here, sweetie, let's look at this big, shiny red car! See how it has wheels to roll smoothly on the ground, and its windows let us see through to the people inside. Isn't it exciting? It's just like the one we see on the","""Look, sweetie, there's a beautiful bird flying high in the sky. It's chirping a lovely song for us to hear. Isn't it special?""","""Look at the shiny car, little buddy! See how it moves and goes fast, but we'll stay in the car seat to be safe.""","""Look, sweetie, there's a beautiful bird up in the sky! It's flapping its wings so fast, isn't it flying like a superhero?""","""Come here, sweetie! Let's go look at all the pretty windows and doors in our house. They make it so cozy and safe for you to play and sleep.""","""Look at that beautiful bird, sweetie! It's a bright yellow canary singing a lovely song. Want to hear it chirp and sing some more?""","""Look at the fluffy kitty cat, little one! The kitty's soft and furry, and it's purring like a little engine. Can you say 'kitty'? Kitty, kitty, cute!""","""Look at that pretty bird, sweetie! It's singing a lovely song and flapping its wings so fast. Can you say bird? Good job! That's right, bird.""","""Look at the fluffy, cute kitty cat with its soft, white fur and tiny whiskers. Isn't she purr-fectly adorable? Let's say 'meow' together like a kitty cat.""","""Look at the cute little kitty, sweetie! She's a fluffy, soft cat with pointy ears and a cute tail. Isn't she just purr-fect for cuddles?""","""Hey sweetie, let's go explore our beautiful home! Look at the colorful walls, the cozy bed, the yummy kitchen, and the lovely toys in the living room. We're going to have a fun time learning about all the rooms in our house together!""","""Look, sweetie, this is a car! It's red and shiny, with four wheels and a big smile on its face. The car can take us on fun adventures to the park, the zoo, and maybe even a trip to grandma's house!""","""Look at those cute little blocks, sweetie! Want to build a tall tower together?""","""Look at mommy and daddy, they love you so much and they're your family, always here to play with you and keep you safe!""","""Come here, little one! Look at all these colorful toys! Let's pick your favorite and play together!""","""Look at the yummy, juicy, ripe strawberries, sweetie pie! They're so pretty and taste like little bursts of sunshine!"""
"""Look, sweetie, there's a fluffy dog wagging its tail and it's saying 'woof woof' to make us smile!""","""Look, sweetie, there's a fluffy, purring cat with soft fur and twinkling eyes!""","""Look at the beautiful bird, sweetie! It has soft feathers, a cute beak, and it's singing a lovely song for us.""","""Look at the fluffy bunny hopping around, little one. Its soft ears are so cute!""","""Look at our cozy, warm house with its blue door and shiny windows. Can you see the pretty flowers in the garden? Let's go inside and explore!""","""Look, little one, yummy fruits and veggies! Mommy gives you a banana. Crunchy and sweet, crunchy and sweet!""","""Hey, sweetie! Look at the family here, mommy, daddy, and little brother or sister. We're all together, loving each other, and we're a special family just for you.""","""Look at the fluffy bunny hopping around, little one! The bunny is so soft and loves to play with the colorful flowers.""","""Look, sweetie, these are your mommy and daddy! They are your very own family, always there to love and take care of you!""","""Look, sweetie, we're having yummy bananas and mmm, delicious carrots! These foods are good for you and will make you strong and healthy!""","""Look at that fluffy, cute, caterpillar-like creature, sweetie! It's called a kitty, and it loves to purr and cuddle.""","""Hey there, sweetie! Look at these yummy carrots and crunchy apples! Would you like to try some? They're so good for you, and they'll help you grow strong and healthy!""","""Look at the big, red car, sweetie! It's going to take us on a fun ride around the neighborhood.""","""Look at that beautiful bird, sweetie! It has feathers like a rainbow and can sing so nicely for us. Isn't it fun to watch it fly high up in the sky and sing its lovely songs?""","""Look at the big, shiny car! It has wheels that roll on the road, and the driver sits inside with a steering wheel to help him drive.""","""Look, sweetie, there's a little birdie! It's fluffy and has feathers, just like you. The birdie is chirping a happy song for us to enjoy.""","""Look at this big, cozy house with a red roof, little buddy! It's where mommy and daddy live, and it has a lovely yard with lots of flowers for us to play in!""","""Look at that beautiful bird with its colorful feathers, little buddy! It's so fluffy and cute, like a big, chirpy little friend!""","""Look at the cute little kitty, sweetie! The kitty has soft fur, whiskers, and a purring sound that tickles your ears. Isn't she fluffy and cuddly?""","""Look, sweetie! A pretty bird is flying high up in the sky with its colorful feathers. It's singing a lovely song just for us to hear.""","""Look at the fluffy, soft, and cute cat, little buddy! Its paws are paw-some, and it's meow-ving so loudly, isn't it cute?""","""Look at that fluffy, cute cat! See how it's purring and playing with its toy mouse. Want to say 'hello' to the friendly feline?""","""Hey there, sweetie! Look at our big, cozy house with its colorful walls and fun windows. Let's go explore together, shall we?""","""Look at the big, shiny car with the red and yellow colors, sweetie! The car is so pretty and ready to drive on the road.""","""Look at those colorful toys, sweetie! Let's play with the soft teddy bear and gentle rattle together!""","""Hey sweetie, remember mommy and daddy are your loving family. They're always here for you, just like your favorite teddy bear, hugs, and kisses.""","""Hey there, little buddy! Look at all these fun toys! Let's pick one to play with and have a blast!""","""Yummy yummy, sweetie, today we're going to eat some crunchy carrots and juicy apples. They'll make your tummy happy and help you grow strong and healthy!"""
"""Look at the adorable puppy dog wagging its fluffy tail, little one! It's so soft and cuddly, and it's barking with all its tiny, puppy-dog joy!""","""Look at the fluffy, cute cat, little one! Its soft fur is like a cloud, and it's purring happily, wagging its cute little tail.""","""Look at the pretty birdie, sweetie! The birdie is flapping its wings and singing a happy tune!""","""Look at the cute little puppy! Want to pet it gently, sweetie?""","""Come here, little one! Let's see this big, beautiful house with a blue door and windows all around. The grass is green and the sky is so blue, just like the walls of our house!""","""Look, sweetie, here's your yummy apple, crunchy and red, just perfect for you to eat!""","""Look at our family, sweetie! We're all together. Mommy, Daddy, and even little brother/sister. We're like a big, happy puzzle piece, fitting together so well.""","""Look at the fluffy bunny, sweetie! The bunny hops around and nibbles on the carrots. Isn't she cute?""","""Look at the happy family, sweetie! Mommy and Daddy love you, and so do your big brother and sister!""","""Yummy, yummy food! This apple is red and sweet. You can bite and chew it, little one.""","""Look at that cute, soft, little kitty cat, sweetie! Can you say 'cat'? Meow meow!""","""Look at the bright, colorful carrots and crunchy, juicy apples, little one! They're going to make your mouth water and your tummy happy!""","""Look, sweetie, that big red car is zooming down the street. Its wheels are spinning fast like little round tops. Can you say 'car'? The car takes us to places, just like the one mommy drives to work.""","""Look at that beautiful bird, sweetie! It's so pretty with its colorful feathers and it's singing a lovely song just for you.""","""Look, sweetie, there's a big red car outside. It has shiny wheels and a bumpy seat for us to sit on when we go for a ride.""","""Look at that beautiful birdie, sweetie! It has feathers, wings, and it can sing and fly, isn't that amazing? Can you say 'birdie'? Let's go and find more birdies in the garden!""","""Come here, sweetie, let's explore the house together! See, we have a cozy bed, a big kitchen with yummy food, and a colorful living room with toys to play with.""","""Look, sweetie, that bird is singing beautifully. See how it flutters its wings and flies so high in the sky. Isn't it wonderful to watch birds like that?""","""Look, sweetie, here's a fluffy kitty, with soft fur and gentle purring, just waiting for you to pet her.""","""Look at that beautiful bird, sweetie! It's flying so high up in the sky, waving its little wings with all its might, and you know what? It's going to find the yummiest bugs for its lunch!""","""Look at the fluffy, soft cat, sweetie! The cat has pointy ears and a long, wiggly tail. It's purring and playing with a ball of yarn. Isn't it so cute and cuddly, little one?""","""Look at the fluffy, cute cat, sweetie! See how it's purring and playing with the yarn? It's so soft and cuddly, just like a big, warm teddy bear.""","""Come here, sweetie, let's go see the big house with the pretty flowers around it, where Mommy and Daddy live, and we'll have lots of fun playing in the big, comfy rooms!""","""Look, sweetie, this big and shiny car! It has wheels that go 'vroom-vroom' when you push it, and the driver wears a special hat and glasses to see the road.""","""Look at the colorful toys, little one! Your favorite teddy bear and soft, cuddly dolls are waiting for you to play and create fun stories together!""","""Look at the lovely family picture, sweetie! Your mommy and daddy, and your big brother, Alex, all smiling together.""","""Look, little buddy, here are your favorite toys! The soft teddy bear is ready for a cuddle, the colorful blocks can build a big tower, and the super fun puzzle pieces can make a picture together!""","""Hey sweetie, look at these yummy fruits! They're so juicy and colorful. Let's take a big, healthy bite together!"""
"""Look at the cute fluffy dog, sweetie! The dog has soft fur and wags its fluffy tail. Let's say 'woof woof' together, baby, just like the dog!""","""Look at the fluffy, soft, and cute cat with pointy ears, meowing softly to say hello!""","""Look at that beautiful birdie! It has soft, fluffy feathers and is chirping happily. Do you see how it's flying high in the sky, little buddy?""","""Look at the fluffy bunny hopping in the meadow, sweetie! It's so soft and gentle, just like a pillow.""","""Come here, little one! Look at this beautiful house with a big, red door and pretty flowers around it. Do you see the windows? They let the sunshine in, making the rooms warm and cozy. Isn't this house just wonderful? Let's go inside together, shall we?""","""Look at these yummy carrots, sweetie! They are orange and crunchy, and they make you strong like a superhero!""","""Look at mommy, sweetheart! It's your family. That's your mommy and your big brother, and me, your daddy. We're all a special team together!""","""Look at the bunny, sweetie! The bunny has soft, fluffy fur and hops around. Can you see how the bunny's ears move up and down like little bunny buns?""","""Hey there, sweetheart! Let's talk about our family. Mommy and Daddy are our big, loving parents, and we have your big brother and little sister too. They're our best buddies. We all love and take care of each other, just like a big","""Yummy, yummy food! Look at these bright, delicious vegetables. They taste so good and are good for your tummy.""","""Look at the fluffy, purring kitty cat! Meow, meow! See how it's scratching and then jumping on the soft blanket?""","""Yummy apple, sweet and juicy! Look how it rolls! You're going to love the crunch!""","""Hey sweetie, look at the big, shiny car! It's so red, like a juicy apple. Can you say 'car'? It's fun to see cars go zooming by, like they're playing tag with the road!""","""Look at the pretty birdie, sweetie! It's singing a lovely song and flying high in the sky!""","""Look, sweetie, that big, shiny car! It has four wheels to roll smoothly and makes a funny sound when it honks its horn. Want to pretend to drive it with me, just holding the steering wheel?""","""Look at the pretty birdie with the big beak and colorful feathers! Want to see if you can count how many wings it has?""","""Come here, sweetie! Look at our lovely house, with its bright windows, warm door, and cozy rooms where we play and sleep. Isn't it a magical place, full of love and laughter?""","""Look, sweetie! That's a beautiful bird with feathers like a rainbow. It's singing a lovely song for us.""","""Look at that cute cat! It's soft and fluffy, like a big, purring, fuzzy pillow. Want to pet the kitty and see its beautiful, sparkly eyes?""","""Look at the beautiful bird, sweetie! Its feathers are so pretty, like a rainbow. The bird is singing a lovely song for us to hear.""","""Look, sweetie, there's a fluffy, cute cat! The cat is purring and loves to play with yarn.""","""Look at the fluffy, cute cat! It's a feline friend with soft fur that tickles your nose when it purrs. Can you say 'cat'? Yes, just like that!""","""Hey there, little buddy! Come on over to the house, where we've got the coziest bed, the yummiest snacks, and lots of fun toys to play with. We're gonna make sure you have the best time at our house!""","""Look, sweetie, that big red car is zooming down the street, honking its horn, ready to take us on an exciting ride.""","""Look at all these colorful toys, little buddy! Let's choose your favorite one and play together!""","""Look at mommy and daddy! They love you so much and they're your family, always here to play with you and keep you safe.""","""Look at these wonderful toys, sweetie! Your big brother loves playing with the colorful blocks, and now it's your turn to build something amazing!""","""Sweetie, it's time to eat your yummy apple, it's so crunchy and juicy!"""
"""Look at this cute little puppy! Woof woof! The dog's fur is so soft and fluffy, just like your blankie. Can you see the little tail wagging? Let's go say 'hello' to our furry friend!""","""Look at the fluffy, cute kitty cat, little one. Its soft fur is as white as a cloud, and it's purring like a little engine. The kitty cat has tiny, twinkling eyes and a little nose to match. Isn't it ad","""Look at that beautiful birdie with its bright feathers, little one. Isn't it lovely? The birdie is flying up high in the sky.""","""Look at the fluffy bunny hopping over the flowers, little one. Isn't it cute and soft?""","""Come here, little buddy! Look at the pretty house with a red roof and green grass outside. Let's go inside and make some yummy snacks!""","""Yummy yummy apple, crunch crunch! Eat eat, sweetie pie, help little tummy feel happy.""","""Look, sweetie, this is Mommy and Daddy, your lovely family, and there's your big brother, Sammy, who loves to play with you!""","""Look at the fluffy bunny hopping around! Want to say 'bunny' with me?""","""Look at our family, sweetie! We have mommy and daddy, and we also have big sister Anna. She loves you and plays with you all the time.""","""Look at these yummy, colorful fruits! They're like rainbow treats for you. Let's take a little bite and enjoy their sweet, juicy goodness together!""","""Look at the fluffy, cute, and soft cat! It's purring and playing with a ball of yarn. Isn't it so adorable? The cat's fur is like little clouds, and it's very gentle when you pet it. Let's go","""Look at the yummy, juicy apple! It's so sweet and crunchy. Let's eat it together and enjoy all the goodness!""","""Look at that big, shiny car! It's going to drive us to the park, little buddy. See how the wheels roll on the road? The car's engine makes a loud 'vroom' sound, but it's just saying hello! We're going to have so","""Look, sweetie, there's a little birdie! Birdies are fluffy and can fly high up in the sky, just like you're going to do when you learn to fly on your bike!""","""Look at the big red car, sweetie! It's zooming down the road, going fast, but not too fast. It's taking us to places we want to go, like the playground where we can run and play, or the grocery store where we can pick out yummy","""Look at that beautiful bird, sweetie! It has soft feathers and is singing a lovely song.""","""Hey there, sweetie! Look at our beautiful, big house with a red door and a blue roof. Let's go inside and play with your toys!""","""Look, sweetie, there's a beautiful bird up in the tree. See how it's hopping from branch to branch? Its feathers are so colorful, like a rainbow! Isn't it amazing? Birds like this one can fly really high, up in the sky,","""Look, sweetie, this is a cat! It's soft and fluffy, with cute little ears and whiskers. Can you say 'cat'? That's right! Cats are wonderful pets that love to play and cuddle with us.""","""Look at that beautiful bird, sweetie! It's chirping and singing all day long, isn't it lovely?""","""Look at the cute, fluffy cat with its soft fur and cute little whiskers. Its paws are paw-some, and it loves to play with its favorite toy mouse.""","""Look, sweetie, there's a fluffy cat with soft fur and cute whiskers! The cat is purring and wants to play with you!""","""Come here, little buddy! Let's explore the big, cozy house with the fluffy carpet, the bright lights, and the funny-shaped chairs!""","""Look at the big, red car! It's shiny and fast, with wheels that roll and windows that wink at us. Isn't it fun to watch the car zoom by, little buddy?""","""Hey there, sweetie! Look at all these fun toys! The soft teddy bear is all fluffy and cozy, the big red truck can drive on the floor, and the shiny blue blocks can make a tall tower. Want to play with them?""","""Hey there, sweetie! Look at mommy and daddy holding hands, just like how we hold hands when we play. They are your family, and they love you very much!""","""Look at these bright, shiny toys, sweetie! Want to play with the soft teddy bear, the bouncy ball, or the colorful building blocks?""","""Come here, sweetie! It's time to eat your yummy, tasty, and healthy meal. Let's try the green beans first, then the nice, fluffy, and cheesy pancakes. Remember, we eat our vegetables to grow strong and"
"""Look at the cute little dog, sweetie! It's so fluffy and cuddly, isn't it? Want to say 'woof woof' like the dog?""","""Look at the fluffy kitty cat! See how it's purring and waving its tail? Isn't it so cute and cuddly?""","""Look at the bird, sweetie! It's chirping and flying high up in the sky, just like a little airplane. Isn't it lovely?""","""Look at the bunny, little one! Bunny is hopping and eating carrots. Isn't it cute and fluffy?""","""Hey there, sweetie! Look at our cozy home, with its warm, soft carpet and big, comfy bed. Let's explore the kitchen where yummy food is cooked and the living room where we play with toys.""","""Look at the yummy apple, little one! It's bright red and crunchy. Let's take a bite and enjoy the sweet, juicy taste!""","""Hey there, sweetie! We have a big, loving family, you know? Mama, Papa, and Auntie Lily are here to give you lots of hugs and snuggles, just like a big, warm blanket!""","""Look at the bunny, little one! The bunny has soft fur and hops around. Want to say 'bunny' with me?""","""Look at the smiling faces of mommy and daddy, they are so happy and proud of you, little one. We love you and are a big family together, just like a cozy and happy puzzle where everyone fits perfectly!""","""Look at this yummy apple! It's red and round. Can you say 'apple'? Yum, eat it up!""","""Look, sweetie, this is a fluffy, cute, and soft little kitty cat with big, round eyes and a tiny, white nose. It loves to play, purr, and sleep in warm, cozy spots. Isn't it adorable? Can you","""Yummy, sweet apple, crunchy carrot, and juicy orange! Can you say 'apple'? Look, I'm eating an apple!""","""Look at that big, shiny car with the red roof! The wheels are round, and they go 'vroom' when the car drives fast. Isn't it fun to watch?""","""Look, sweetie, that bird is so pretty! It has beautiful feathers and it's chirping like music in the sky. Isn't that amazing?""","""Look at the shiny, bright car, little buddy! It's so big and fast, but remember, we never play in cars. They're for grown-ups to drive, okay?""","""Look at that beautiful bird, sweetie! It's a robin with soft brown feathers and a big red breast. The robin is singing a lovely song just for you, little one.""","""Come on, sweetie, let's go explore our cozy and warm house. Look at our soft beds and colorful toys. Oh, and don't forget to say 'please' and 'thank you' when we ask you to help us with chores!""","""Look at that pretty bird, sweetie! It's chirping and hopping around, isn't it lovely?""","""Look at the fluffy, cute cat with big, round eyes, little buddy. The cat is purring and playing with a ball of yarn. Isn't it funny how the cat jumps and bounces?""","""Look at the little birdie! It's so pretty with its soft, fluffy feathers and bright, colorful wings. Can you say 'birdie'? Yes, that's right! The birdie is flying high up in the sky. Isn't it amazing?""","""Look at the fluffy, cute cat! It has soft fur, a pink nose, and tiny whiskers. It's playful and likes to purr when it's happy.""","""Look at the cute kitty, little buddy! It's a fluffy furball with big, round eyes, and it purrs when you tickle its tummy. The kitty has soft, white fur and it likes to chase little toy mice.","""Come here, sweetie! Look at this big house with a shiny red roof and friendly windows, where we live and have fun together.""","""Look at that big, shiny car! See how it rolls and moves? It's called a car, just like your toy car. Want to hear more about it?""","""Look at the bright, colorful toys, sweetie! You can touch the soft teddy bear and stack the pretty, round blocks together. Isn't it fun to play with your favorite toys?""","""Hey there, sweetie! Today, we're going to talk about our amazing family. You know, Mommy and Daddy are superheroes who love you so much. And you, my little star, are the most special gift they ever got. You've got Aunt","""Look at those cute little toy animals, sweetie! They're so soft and fluffy, just like when we hug our teddy bears.""","""Look at these yummy carrots! They're orange and crunchy, and we're going to eat them together, sweetie. Yummy yummy!"""
"""Look at the fluffy dog wagging its tail, little one! Isn't it adorable? Dogs are very friendly and love to play.""","""Look at the fluffy, cute cat! Meow, meow! This little kitty is so soft and playful, just like a big, cuddly teddy bear!""","""Look at that beautiful bird, sweetie! It has soft, feathery wings and can sing beautiful songs for us to enjoy.""","""Look, little one! See the cute kitten? It's playful and fluffy. Kittens are so soft and cuddly, aren't they? Can you say 'kitty'? Aw, look at the baby kitty!""","""Hey sweetie, look at our cozy house, with its lovely blue door and big, beautiful windows. Let's go inside and find a soft, fluffy pillow for you to snuggle with.""","""Look at these yummy, bright, and colorful fruits, sweetie! Would you like to try some juicy, sweet, and crunchy apple, or maybe a ripe, soft, and sweet banana?""","""Hey there sweetie, mommy and daddy are here to love you, just like you love us and we're a family that always looks out for each other, okay?""","""Look at the fluffy bunny, hopping around the garden! It has big, brown ears and loves to eat carrots. Can you say 'bunny'? Let's go find it together!""","""Hey there, sweetie! Come over here and see how mommy and daddy are holding hands. They're like two pieces of a puzzle that fit perfectly together to make our family, just like you and me!""","""Look at this yummy apple! It's so sweet and crunchy, just like your favorite juicy red toy. Let's take a big bite and enjoy the delicious taste together!""","""Look, sweetie, there's a fluffy cat. Its fur is soft like a kitty blanket, and it's purring because it's so happy to see you!""","""Look, sweetie, here comes the yummy apple. Crunchy, crunchy, so good!""","""Look at the big, red car, sweetie! The car has four wheels, just like your toy car, and it goes vroom-vroom when the driver starts it up. Isn't it cool? The driver sits inside the car and drives it on the road to go places like","""Look, sweetie! That's a pretty bird with feathers and wings. Birds like to chirp and sing beautiful songs. They love to fly high in the sky and eat yummy bugs.""","""Hey there, little buddy! Look at that big, shiny car zooming by! It's got four wheels and it's called a car. Isn't it awesome how it goes so fast on the road? Can you say 'car' with me? Ready to go with","""Look, sweetie! That beautiful bird is flying high in the sky. It has soft feathers and a tiny beak. Isn't it wonderful how it can flap its wings and glide so gracefully?""","""Come here, sweetie, let's go look at our beautiful house, with its bright windows and cozy rooms, where we live and have fun!""","""Look at the beautiful birdie with its bright blue feathers and pointy beak. It's singing a lovely song, isn't it? Want to say 'hello' to the birdie?""","""Look at the fluffy kitty cat, sweetie! It has soft, white fur and tiny paws that are perfect for cuddling.""","""Look, sweetie, there's a beautiful bird with colorful feathers flying in the sky! Isn't it fun to watch it soar high up like a tiny, winged airplane?""","""Look at the fluffy, cute kitty cat, little buddy! Meow, meow! Can you say 'cat'? Yes, it's a c-a-t, just like your name!""","""Look at the fluffy, cute cat! See how it's purring and rolling around with its paws? Meow meow! Want to pet its soft fur?""","""Look at the big, beautiful house, sweetie! It has a red roof, windows, and a door. Let's play pretend and go inside, just like we do when we're at home.""","""Come here, sweetie, look at the big, shiny car. It's red and it has four wheels. Do you see the doors? Let's go for a pretend drive together!""","""Oh, look at all those fun toys! The shiny red car is ready to zoom, and the fluffy blue bear is waiting for a hug. Let's play together, little buddy!""","""Look at mommy, she's holding the baby, and it's so tiny, just like you!""","""Oh look, sweetie, you're going to play with your favorite toy cars! Can you pretend to drive them in a big, big race?""","""Yummy yummy veggies! Look at the green beans, they're crunchy and full of good stuff to help you grow big and strong!"""
"""Look at the fluffy puppy, sweetie! The puppy has soft fur and big, wiggly ears. Let's say 'woof woof' together and gently pet the puppy.""","""Look at the fluffy kitty cat, little one! See how it's purring and playing with a ball of yarn. Isn't it soft and cute?""","""Look, sweetie, that beautiful bird is chirping its lovely song for us. Isn't it amazing how it can fly up high in the sky?""","""Look at the puppy, little one! It's a cute, soft, fluffy dog that barks and loves to play with you.""","""Come here, sweetie! Look at this big, beautiful house where Mommy and Daddy live, with its colorful walls and cozy bedrooms. This is where we all make memories and feel safe and loved.""","""Yummy yummy carrots, baby! Look how orange and crunchy they are. Eat them up, you'll have strong eyes and a happy tummy!""","""Look at our lovely family, sweetie! Mommy and Daddy are here, and we all love you so much!""","""Look at the cute little bunny, sweetie! It's hopping around the garden, munching on the green grass. Isn't it fluffy and cuddly? Just like a soft, furry pillow!""","""Look, sweetie, this is your mommy and daddy holding your little sister or brother, they love you so much!""","""Look at these yummy, colorful vegetables, sweetie! They're as bright as a rainbow and will make you strong like a superhero!""","""Look at the fluffy, cute cat with pointy ears and soft fur. It's purring and wants to cuddle with you. Can you say 'cat' with me?""","""Look at these juicy red strawberries! Yummy and sweet, perfect for our little snack today!""","""Look at the big, red car! It has four wheels and makes a beep-beep sound when it starts moving. Let's say 'vroom' like the car as it zooms by!""","""Look at that beautiful bird, sweetie! It's a robin, with soft feathers and a charming song. Isn't it lovely to see it hopping around, pecking at the worms?""","""Look at the big, red car! It's so shiny and fast, little buddy. It has four wheels to roll on the road and it's where mommy and daddy drive to take you to fun places!""","""Look, sweetie, that's a pretty bird! It's flapping its wings and singing a lovely song. Want to hear it chirp?""","""Hey there, sweetie! Look at our cozy house with its pretty blue door, and those big, friendly windows. Let's go inside and play with your favorite toys!""","""Look at the pretty bird up in the sky! It has beautiful feathers and chirps very sweetly. Let's wave our hands and see if the bird comes down closer to say hi!""","""Look at the fluffy, cute kitty cat with soft paws and a playful meow!""","""Look, sweetie, a beautiful bird! It's so pretty with its bright feathers and melodious song, isn't it?""","""Look at the cute, fluffy cat! See how it's purring and snuggling with its kittens? Let's say 'meow' together, sweetie!""","""Look at the cute fluffy cat, little one! See how it purrs and playfully chases its tail?""","""Look at the big, cozy house we live in, sweetie! It has a lovely red roof and four pretty windows to let in the sunshine. Let's go inside and explore our amazing home together!""","""Look at the big, red car, sweetie! It's going to zoom down the road. Isn't it shiny and fun? Let's play with our toy car and pretend it's going on an adventure too!""","""Look at all the colorful blocks, sweetie! Let's play with them together, stacking one by one, and we'll have a fun tower!""","""Hey there, sweetheart! Let's talk about our family. We have Mommy and Daddy, and we love you so much. We have a big, happy family that cares for each other and shares lots of fun moments together. Remember, you're a special part of our family","""Look at all these wonderful toys, sweetie! You can pick your favorite one and play with it together. Which toy do you want to choose today?""","""Look at the yummy apple! Can you say 'apple'? It's red and crunchy. Yummy, yummy!"""
"""Look sweetie, there's a fluffy, big dog with big, floppy ears. He's wagging his tail because he's happy. See his cute, floppy tongue?""","""Look at the cute fluffy kitty, sweetie! The little furball is a playful cat. Do you see how it purrs and cuddles?""","""Look at the pretty bird, sweetie! The bird has colorful feathers and can sing a sweet song for us.""","""Look at the big, fluffy bunny hopping over the grass, sweetie. The bunny's ears are so long, like two tiny pink carrots!""","""Come here, sweetie! Look at our beautiful, cozy house with a red door and a big, friendly yellow sun in the sky.""","""Yummy, sweet banana! Look, this is a banana! Can you say 'banana'? Mmm, banana, yummy!""","""Look at our family, sweetie! We have mommy, daddy, and little brother/sister, and we love each other very much.""","""Look at the fluffy bunny hopping and nibbling the carrots, sweetie, can you say 'bunny' with me?""","""Hey sweetie, look at your big brother playing with his toy cars, and Mommy is making a delicious apple pie for us all to enjoy together. Isn't it wonderful to have our loving family around?""","""Hey there, sweetie! Look at those yummy veggies on your plate. They're all crunchy and super good for you, like magic beans that give you lots of energy!""","""Look at the cute, soft cat, little one! The cat has pointy ears, a long tail, and soft paws. Do you see how the cat's eyes are wide and round? Let's say 'cat' together, one 'c' and two 'a's, '","""Look at the yummy carrots, sweetie! They are orange and crunchy, and they'll help you see better!""","""Look at the big red car, sweetie! It has four wheels, a shiny roof, and a sunroof. It's ready to zoom down the road with a loud, happy engine sound!""","""Look at that beautiful bird, sweetie! Its feathers are so pretty, like a bright rainbow in the sky. Let's watch it fly and sing a little song for us, okay?""","""Come here, sweetie, look at this big and shiny car, let's say 'vroom vroom' together, like it's going super-duper fast!""","""Look, sweetie, a beautiful bird with bright feathers is flying high up in the sky. Isn't it a lovely sight to see?""","""Look at the big, beautiful house with the blue roof, sweetie! It's where mommy and daddy live, and it's so cozy inside. Let's go explore it together!""","""Look, sweetie, there's a pretty bird with colorful feathers and a cute little beak. It's singing a lovely song just for you, so let's listen and say 'birdie' together!""","""Look at the fluffy cat, little one! It's soft and cuddly, and it's purring because it's happy and content. The cat's fur is so nice to touch, and it likes to play with its favorite toy mouse. Isn't","""Look at that beautiful bird, sweetie! It's so fluffy and it's singing a pretty song. Can you say bird?""","""Look at that fluffy, cute cat! See how it's waving its tail and purring? The cat is playing and having so much fun. Let's go say 'hello' to the cat, shall we?""","""Look at the cute fluffy cat, little one! Its soft fur is as white as snow, and it's purring softly while it nuzzles your hand.""","""Come here, sweetie! Let's walk into our cozy house where we live, with its big, warm windows and soft, fluffy carpets. There's a lovely kitchen with yummy snacks and a comfy bedroom where we can snuggle up in our","""Look at the big, red car, sweetie! It's zooming down the street. The car has four round wheels that go 'vroom-vroom' when they touch the ground.""","""Look at all these wonderful toys, sweetheart! The teddy bear is soft and cuddly, and the colorful blocks can stack up high for us to build tall towers together!""","""Look, sweetie, mommy and daddy are our family, and they love you very much!""","""Hey there, sweetie! Look at all the fun toys! You can play with your favorite teddy bear or stack those colorful blocks high. Let's have so much fun together!""","""Yummy! Look at these juicy, sweet strawberries. They're so red and yummy, let's eat some!"""
"""Look at the fluffy, wagging tail of the friendly dog. Can you say 'dog'? Woof, woof!""","""Look at the cute, fluffy kitty cat, little one! See how it purrs and plays with yarn? Meow!""","""Look, sweetie, see that bird? It's so pretty and it's chirping, just like you're doing. Let's watch the bird and see if it will come to our bird feeder. Yay, it's coming!""","""Look at the cute puppy, little one! It's a fluffy ball of fur, wagging its tail and enjoying a big, yummy bone.""","""Come here, sweetie! Look at our cozy house, with its big windows and pretty flowers outside. Let's go inside and see our lovely toys and feel the soft carpet under our feet!""","""Look at the yummy carrots and the juicy apple, little one! They're so colorful and tasty, just perfect for your little tummy to enjoy!""","""Hey there, little buddy! Look at our big, happy family! Your mommy and daddy love you so much, just like your little sister loves you. They play with you, read stories, and snuggle you tight. Everyone in our family is special, and together, we","""Look at the cute little bunny, little one! It's hopping around, and it's so fluffy and soft. Can you say 'bunny'? Let's try to make the sound together!""","""Look at our family, sweetie! We have Mommy, Daddy, and you, our little one. We love each other very much and always take care of one another.""","""Look at the juicy red apple, sweetie! Yum! It's crunchy and tasty, perfect for snack time!""","""Look at the cute little cat, sweetie! The cat is sleeping on the warm, cozy blanket. Do you see the fluffy tail wiggling?""","""Look at this yummy apple! It's red and crunchy. Yummy, isn't it? Let's eat our veggies and fruit to grow big and strong!""","""Come here, sweetie! Look at the big, red car driving by with the bumpy, black wheels. Isn't it fun to see the car go zooming past us? Do you see how the car honks when it waves at you? Let's play with the car toy","""Look at that pretty bird, sweetie! It's chirping and singing like a little songbird in the sky!""","""Look at the big, red car with the bumpy seats and the shiny wheels. Can you say 'car'? The car takes us on fun rides and makes us laugh with its funny noises. Isn't it exciting to see the car go zoom by?""","""Look, sweetie! That's a beautiful birdie with big, round eyes and soft feathers. It's singing a lovely song just for you!""","""Come here, little one! Look at this big, beautiful house with a shiny red door, where mommy and daddy live, and we play and sleep inside it every day.""","""Look at that pretty bird with feathers all colorful, little one! It's flapping its wings up in the sky, soaring and swooping around. Isn't it lovely to see birds in the park, singing and chirping happily?""","""Oh, look at that fluffy cat, sweetie! It's so soft and cuddly, just like a big, purring, pink teddy bear. The cat is playing with a toy mouse and chasing it around, isn't that fun?""","""Look, sweetie, there's a beautiful bird with feathers as soft as your blankie. It's flying high in the sky, singing a happy song just for you!""","""Look at the cute fluffy cat! See how it's playing with a ball of yarn? Want to pet it softly, sweetie?""","""Look at the cute, fluffy cat! The cat is purring, meowing, and it's playing with its toy. Let's watch the cute cat together!""","""Come here, sweetie! Let's walk through the cozy house, look at the pretty flowers, and say 'hello' to mommy and daddy!""","""Look at the big, shiny car, sweetie! It's red and has four wheels. The car goes vroom-vroom when it's driving. Do you like the car?""","""Look at the colorful toys, little buddy! Can you find the soft teddy bear for me? It's super cuddly and you can hug it tight!""","""Look at mommy and daddy, they are our family, and we all love each other very much, sweetie.""","""Look at the bright, colorful toys waiting for you to play with them! Let's pick your favorite toy and have lots of fun together!""","""Look at this yummy, ripe, juicy apple, little buddy! It's sweet and crunchy, just like candy. Let's take a big bite, crunch crunch, and enjoy its delicious, refreshing taste together!"""
"""Look at the cute little puppy! Puppy is a small dog. Puppy barks and plays with its tail. Let's say 'puppy' together!""","""Look at that cute little kitty cat, it's purr-ring and fluffy, isn't it?""","""Look at the beautiful bird! See how it's flying and singing? Birdie is happy up in the sky!""","""Look at the cute kitty, sweetie! It's soft and fluffy. Can we pet the kitty gently?""","""Look at the big, beautiful house with a red roof, little buddy! It has a lovely blue door and windows that let the sunshine come in. The grass is green and soft, and the flowers smell so sweet. Can we go inside and find the cozy bed and fluffy","""Look, sweetie, here's your favorite carrot. Yum, yum, eat it up, you're a big boy now!""","""Look, sweetie, that's your mommy and daddy! They are your family, they love you so much and always take care of you!""","""Look at the cute little bunny hopping around, don't you think? It's so fluffy and cuddly, just like your teddy bear!""","""Sweetie, in our family, Mommy and Daddy love you so much, and we all play and laugh together every day!""","""Yummy, sweet and juicy apple! Look at that shiny red color. Mmm, apple is so crunchy and yummy. Let's take a bite!""","""Look, sweetie, there's a fluffy cat with pointy ears. See how it's purring and playing with yarn? Cats are cuddly friends!""","""Hey there, sweetie! Would you like some yummy apple slices with your lunch today? They're crunchy and super tasty!""","""Look at the big, red car, sweetie! It's shiny and bright. The car goes 'vroom' when it moves. Isn't that fun?""","""Look at that beautiful bird! It's so colorful and singing its sweet song for us to enjoy.""","""Look at the big, red car, sweetie! It's going to take us on a fun ride, like a super-fast train! Want to count how many wheels it has?""","""Look, little buddy! That bird has bright blue feathers, just like your favorite superhero! Isn't it pretty? Birds fly high up in the sky and sing sweet songs for us to enjoy.""","""Hey there little buddy, let's go explore our cozy house! Look at all the colorful walls, soft carpets, and pretty furniture. Can you find the blue chair? Yay, you found it! Let's sit together and play with your favorite toy.""","""Look at that beautiful birdie, sweetie! It's chirping and flitting around the tree. Isn't it fun to watch how it dances in the air with its feathers?""","""Look at the fluffy, cute cat! The cat has soft fur and big, round eyes. See how it purrs when you pet it? Cats are friendly pets who like to play with toys.""","""Look at the beautiful bird flying in the sky, sweetie! It's so colorful with its bright feathers and it's singing a lovely song just for us to hear!""","""Look at the fluffy, cute cat, little buddy! It's purring softly and has big, round eyes that sparkle like the stars at night. Let's say 'meow' together, just like the cat, okay?""","""Look at the cute, fluffy cat with soft paws and pointy ears. The cat is meowing and purring, isn't it so funny?""","""Look at the big, beautiful house with the red roof and the friendly window that smiles at you. Let's go inside and find the soft carpet to walk on, and maybe we can discover some cozy toys to play with together!""","""Look, sweetie, this big red car goes 'vroom-vroom' when you push it. The car has four wheels to roll smoothly on the road. Isn't it exciting to see cars zoom by, like this one going so fast?""","""Hey there little buddy! Look at all these super cool toys! Can you point to the soft teddy bear? Yay, you found it! And what about this big, bouncy ball? Let's roll it together!""","""Hey there, sweetie! Look at the family in this picture. Can you see your mommy, daddy, and your big brother playing together? They're all happy and having fun. Your family loves you so much and you're part of their big, happy family too!""","""Hey there, little buddy! Look at all these awesome toys! Let's pick the soft, cuddly teddy bear and see if it has a yummy red bow for a happy face!""","""Hey sweetie, look at these yummy carrots! They're orange and crunchy, just like your favorite snack. Let's try some, okay?"""
