3 Months,6 Months,9 Months,12 Months,15 Months,18 Months,21 Months,24 Months,27 Months,30 Months,33 Months,36 Months,39 Months,42 Months,45 Months,48 Months,51 Months,54 Months,57 Months,60 Months,63 Months,66 Months,69 Months,72 Months,75 Months,78 Months,81 Months,84 Months
"""Look at the cute little kitty, sweetie! The cute fluffy cat is purring and playing with its toys. Can you see the cute kitty with the soft fur? Cute kitty is so cuddly, isn't it?""","""Look at the beautiful bird, sweetie! It's a pretty blue bird with big round eyes. The bird is singing a lovely song for us to hear.""","""Look, sweetie, there's a beautiful bird outside. It's chirping and flying high in the sky, just like a little airplane!""","""Come here, sweetie, let's go explore this big, beautiful house together! Can you find the fluffy pillows and the soft carpet? Let's touch the cool windows and the warm doors!""","""Look at those cute, little toys, sweetie! They're all shiny and fun, and we can play with them together!""","""Look at this beautiful house, sweetie! It's a big, cozy place where we live and play with toys and read books together.""","""Come here, sweetie! Let's go explore the cozy house together, where we have soft beds, yummy snacks, and lots of love!""","""Look at these bright, juicy apples! They're so red and crunchy. Yummy, isn't it? Let's pretend we're eating them together!""","""Look at mommy and daddy, they are our loving family! They always hug us and play with us, making us feel safe and happy.""","""Look, sweetie, there's a beautiful bird up in the sky, singing a lovely song for us!""","""Look, sweetie, here's a big, fluffy dog wagging its tail! Isn't it adorable? The dog's name is Max, and he loves to play fetch with his favorite ball!""","""Look at those colorful toys, sweetie! The soft teddy bear is cuddly, and the rattling blocks make such fun noises!""","""Look at that fluffy bunny hopping around, little buddy! It's so soft and cute, isn't it?""","""Look at the beautiful bird! It has feathers and wings, and it's singing a sweet song. Isn't it lovely?""","""Look at the yummy-looking fruits! They are so bright and tasty. You can pick the ones you like to eat.""","""Look at the bunny hopping around, little one. Can you say 'bunny'? Bun-ny, like this!""","""Look at all these fun toys, sweetie! The soft teddy bear is waiting for you to give it a big hug, and the colorful blocks are just perfect for building a tall tower. Let's play with them together!""","""Look at the big red car, sweetie! It's so shiny and fast, and it has a steering wheel that helps it go where we want it to. The car can take us to the park, the grocery store, or even on a fun family road trip! Isn't","""Look at the fluffy bunny hopping around! It's so soft and cute, isn't it? The bunny loves to eat carrots and play with its friends.""","""Look, sweetie, there's a big red car! The wheels go 'vroom' when it moves. Can you say 'car'? That's right, c-a-r! The car takes us to places like the park and the store.""","""Look, sweetie, that big yellow car is zooming by on the road, going super-duper fast! Isn't it fun to see how it moves? Can you say 'car' with me? Car, car!""","""Look at the fluffy, bouncy dog, sweetie! It's so happy to wag its tail and play with you.""","""Look, sweetie, there's a bird flying in the sky with its wings wide open. It's so beautiful, isn't it? Let's say 'bird' together, like this: 'b-i-r-d.' Can you say it with me?""","""Look at the fluffy bunny hopping over the grass, little buddy. Its soft fur is so warm and cute!""","""Look, little buddy, a beautiful bird is flying in the sky with its colorful feathers. Can you say 'bird'? Let's watch it together and listen to its sweet, chirpy song!""","""Look at the fluffy bunny hopping over the grass! The bunny's soft fur is so cuddly!""","""Look at the beautiful bird with the big, colorful feathers, little one. It's singing a lovely song, just like mommy does when she sings you a lullaby.""","""Look at these yummy fruits, sweetie! We're going to eat a juicy, sweet apple and a crunchy, red carrot. Isn't it exciting to try new foods and make your tummy happy?"""
"""Look at the fluffy kitty cat, little one! Meow, meow, the cat is purring, just like a soft, gentle lullaby.""","""Look at the little birdie, sweetie! Birdie is so small and fluffy, and it has such pretty feathers! Birdie is flying up high in the sky. Isn't Birdie a little birdie with wings?""","""Look at that beautiful birdie! It's flapping its wings and flying high, just like you do when you jump. Isn't it pretty? Birdies are special birds, they can sing and talk. Let's find more birdies!""","""Look at the pretty house, sweetie! It's where we live, and mommy and daddy are inside. Isn't it a lovely place?""","""Look at these bright, bouncy balls! They can roll all over the place, and you can gently squeeze them to make them giggle. Isn't it fun?""","""Come here, sweetie! Let's go visit the cozy house with the big, pretty windows, and the colorful flowers on the roof. Look at the pretty door, let's open it and peek inside, it's our house!""","""Look, sweetie, this is our cozy house! See the blue roof, the big windows, and the colorful flowers on the lawn. Isn't it a lovely place to live?""","""Look at these big, yummy apples! They're red and juicy. Shall we slice them up and make a tasty apple pie together?""","""Look at our lovely family, sweetie! You're surrounded by the best people in the world, like Mommy, Daddy, and little brother/sister. We love you so much, just like your teddy bear does!""","""Look at that beautiful bird, sweetie! Its feathers are so colorful and pretty. Can you say 'bird'?""","""Look at the cute little dog, sweetie! He's wagging his tail because he's happy and loves to play fetch with you.""","""Look at all these wonderful toys! Can you find the soft, plush teddy bear? It's as soft as your favorite blanket and ready for a big hug!""","""Look at the cute little puppy with the wagging tail, little one! The puppy is jumping around and playing with its toy. It's so adorable, isn't it?""","""Look at the pretty bird with the big, colorful feathers. It's singing a lovely song for us!""","""Yummy, sweet, and crunchy apple! Look, the red apple is juicy and yummy. Want to try a little bit?""","""Look at the cute, fluffy bunny hopping around in the garden. Isn't it so soft and gentle?""","""Hey, sweetie, let's play with your fun, colorful toys!""","""Look at the big, shiny red car! It's going so fast down the road. Can you say car?""","""Look at the bouncy bunny hopping around in the garden, little one! It's so soft and fluffy, just like a pillow!""","""Hey there, little buddy! Come see this shiny red car. It's got four wheels and a roof, and it can go zoom-zoom really fast. Let's pretend to drive it, and when we're done, we can put it back where it belongs.","""Look, sweetie! This is a car. See how it goes vroom-vroom when it moves? It's a big, shiny car, and it helps us go to fun places!""","""Look at the doggy, sweetie! The fluffy doggy is wagging its tail and barking because it's happy to see you!""","""Look, little buddy! See that pretty bird up high? It's singing a lovely song for us. Isn't it fun to watch and listen to it?""","""Look at the cute little puppy, sweetie! It's wagging its tail and it's so fluffy, isn't it soft?""","""Look at that beautiful bird, sweetie! It's singing a lovely song and flapping its wings to fly high up in the sky. Isn't it a pretty little bird?""","""Look at the fluffy bunny hopping around, it's so soft and cute, isn't it, sweetie?""","""Look, sweetie, there's a beautiful bird with feathers as bright as your favorite color. It's chirping and hopping around, enjoying the sunshine just like you do!""","""Sweetie, it's time to eat your yummy, crunchy carrots and delicious, juicy strawberries. They'll make you strong and healthy!"""
"""Look at the fluffy cat, little one! See how it's purring and playing with its tail? Isn't it the cutest furry friend?""","""Look at the beautiful bird, sweetie! It has feathers and wings. The bird is singing a lovely song for us to enjoy.""","""Look at the pretty birdie with its colorful feathers and beak, sweetie. The birdie is singing a lovely song and soaring high in the sky.""","""Come here, sweetie, let's go explore the big, beautiful house with the windows and doors, where we'll play and laugh together!""","""Look at all these colorful toys, sweetie! Your favorite teddy bear is ready for a cuddle and the blocks can build a tall tower together!""","""Look, sweetie, we're standing in our cozy house! See those windows? They let sunlight in. And those walls? They keep us safe. Can you see the colorful toys in the living room? They're all ours to play with. Isn't our house a","""Look, little one, this is a house! It has a roof to keep us dry when it rains, and it has windows so we can see outside. This is where mommy and daddy live with you, and we all get to make it a happy home together!""","""Look at the yummy, ripe, red apple! It's so juicy and sweet, just like your favorite juice. Let's take a big bite and enjoy it together!""","""Look at mommy and daddy, they love you so much! Can you say 'family' with me, sweetie?""","""Look, little one, there's a beautiful bird with soft feathers and a funny little beak. It's singing a sweet song just for you!""","""Look at the fluffy, friendly dog, sweetie! It's a big, cuddly puppy with soft, brown fur and tiny, wagging tail. Isn't it adorable?""","""Look at these bright, colorful toys! Want to play with the soft, plush bear or the shiny, bouncy ball?""","""Look at the cute puppy, little buddy! It's a fluffy friend who loves to play and cuddle.""","""Look, sweetie, that's a bird! It has beautiful feathers and can sing beautiful songs. Isn't it lovely?""","""Look at these yummy carrots, sweetie! They're orange and crunchy. Let's take a bite together and see how they taste!""","""Look at the cute little kitty, little buddy! The kitty has soft fur and big, round eyes. Can you say 'kitty'? That's right, kitty! Now, let's point to the kitty's paws, paws","""Come here, sweetie, let's play with your colorful building blocks. Look at this red one, and this blue one. Can you build a tall tower with them?""","""Look at that big, shiny car with the red roof, sweetie! It's going to zoom down the street with the wheels turning all fast, but it's safe because it's on the road and the grown-ups know how to drive it. Isn't that funny?""","""Look at the fluffy bunny hopping in the garden, sweetie! Isn't it hopping like a bunny should?""","""Look, sweetie, that big, red car is zooming by, waving hello to everyone!""","""Come here, little buddy! Let's go look at the big, shiny red car together. Isn't it pretty? The car has four wheels and it goes 'vroom' when it moves. Can you say 'vroom' with me? Let's go say 'vroom","""Look at the fluffy dog wagging its tail, darling! It's so happy to see you and wants to play fetch with its yummy bone.""","""Look at that beautiful bird with colorful feathers, sweetie! Can you say 'bird'? Birds love to sing pretty songs in the morning.""","""Look, sweetie, this is a fluffy bunny hopping around. Can you say 'bunny'? B-b-bunny! They like to eat carrots and hop around, don't they?""","""Look at that beautiful birdie up in the sky, sweetie! Its feathers are so pretty, and it's singing a lovely song just for you.""","""Look at that fluffy bunny hopping around, little one! Can you say 'bunny'? They're so cute and like carrots.""","""Look at the pretty bird with its bright feathers, chirping songs, and fluffy tail, little buddy! Can you say 'bird' with me? It's fun to watch birds fly and sing in the sky!""","""Look at the yummy, colorful fruits and veggies we're eating, little buddy! They're all healthy and tasty, and they'll make you grow big and strong!"""
"""Look, sweetie, here's a cute kitty! The kitty is soft and cuddly, with fluffy fur and pointy ears. The kitty's eyes are big and round, and it's purring softly. Isn't the","""Look at the beautiful bird, little one! See how it flaps its wings and flies high in the sky. Isn't it amazing how it sings sweet songs?""","""Look, sweetie, a little birdie is singing a lovely song in the tree. Want to watch it with me?""","""Look at our cozy house, sweetie! It's where mommy and daddy live, and we have a big, beautiful room with your favorite toys!""","""Look at those colorful blocks, sweetie! They're your new building blocks. Can you help me put them together?""","""Look, little one! That's a house. It has a big door, windows, and a roof to keep it safe. The people inside live and play. Let's pretend we're going inside and playing hide-and-seek!""","""Come here, sweetie! Let's go see our cozy, lovely house with its big, blue roof and colorful, friendly flowers around!""","""Look at those yummy carrots! They're orange and crunchy, and they taste like a little bit of sunshine!""","""Look at the happy family! There's Mommy, Daddy, and your big brother. They love you so much and are always here for you.""","""Look, sweetie, there's a pretty bird with colorful feathers! It's singing a lovely song and hopping around the tree, don't you think it's fun?""","""Look, sweetie, that cute furry friend is a dog! Wagging its fluffy tail, barking, and running around happily. Isn't it lovely to see how it's wagging its tail and playing with its furry friends?""","""Look at all these amazing toys! This big, soft teddy bear is going to be your best friend, and this fun, colorful puzzle will help you learn and play. Let's go have fun with them!""","""Look, little buddy, see the fluffy bunny hopping over to the big, green grass? Bunny is named Mr. Hoppy, and he likes to play hide and seek with the friendly bluebirds. Bluebirds are named Sky, and they love to sing happy songs","""Look, sweetie, there's a beautiful bird with big, colorful feathers and a melodic song. It's chirping happily in the tree. Isn't it a lovely little singer?""","""Yummy apple, sweet and crunchy, ready to be shared with mommy and daddy, good job eating!""","""Look at the big, fluffy bunny! The bunny is hopping around and eating green, leafy carrots!""","""Oh, look at all these fun toys! Let's play with the colorful blocks and the soft teddy bear, sweetie!""","""Look, sweetie, this big, shiny car goes 'vroom vroom' when its engine starts. See the wheels? They spin around and around, taking us on fun adventures to the park, the zoo, and the beach!""","""Look at the cute, little puppy with the soft, fluffy fur! Puppies are such friendly animals, and they love to play with their toys!""","""Look at the shiny, red car! It's going fast down the street, zooming by and waving hello to us!""","""Look, sweetie, this big yellow car is driving down the road. See how the wheels spin? It's taking us on a fun ride!""","""Look, sweetie, this fluffy furry friend is a doggy! It's wagging its tail and wants to play with you.""","""Look at that beautiful bird, sweetie! It's like a big, fluffy, colorful feathered friend flying in the sky.""","""Look at the fluffy bunny hopping over the grass, little buddy! Can you see the bunny's soft ears and fluffy tail? They hop so fast, don't they?""","""Look at that beautiful bird! Birds are our feathered friends, they sing sweet songs and build nests with twigs and leaves. Isn't it lovely to see them fly high in the sky?""","""Look at the fluffy bunny hopping around the garden! Isn't it soft and cute?""","""Look at that beautiful birdie, sweetie! It's flapping its wings so hard to fly high up in the sky. Isn't it a lovely blue bird with a yellow beak?""","""Look at the yummy, colorful fruits and veggies we're going to eat! They're so tasty and healthy for you, sweetie!"""
"""Look at the fluffy, soft cat, sweetie! The cat is meowing and playing with a little ball of yarn.""","""Look, little one! See the pretty bird outside? It's singing a lovely song. Birdie is so pretty, isn't it? Let's listen to its sweet melody together.""","""Look at the beautiful bird, sweetie! It has feathers and can fly in the sky. Isn't it a funny little bird?""","""Look at the big, beautiful house! It's where Mommy and Daddy live. The house has a red door, blue windows, and a green yard with flowers. Inside, there are lots of cozy rooms for sleeping and playing. Let's go inside the house together!""","""Look at the bouncy ball, sweetie! It's going to bounce up and down, and you can catch it with your hands. Want to try?""","""Come here, sweetie, let's go see the pretty house with the red roof and the big blue door!""","""Look, little buddy, this is our cozy house where we live together, with a big bed for sleeping, a kitchen for yummy snacks, and a colorful room just for you!""","""Look at this yummy apple, sweetie! It's so juicy and crunchy. Yummy, yummy!""","""Hey sweetie, let's talk about our family! We have Mommy, Daddy, and your big brother, Jake. Jake is always playing with you and he loves it when you tickle him!""","""Look, sweetie, that's a beautiful bird with soft feathers and a chirpy song. Can you say 'bird'?""","""Look at the fluffy, friendly dog, sweetie! It's a cute puppy that wags its tail when you give it a pat. Do you want to say 'hello' to our furry friend?""","""Look at the colorful blocks, sweetie! Can you build a tall tower with them? They are just the right size for you to stack!""","""Look at the puppy, sweetie! He's wagging his tail because he's happy and wants to play with you.""","""Look at the pretty bird, sweetie! It's chirping and hopping around. Isn't it a lovely, fluffy feathered friend wearing a little hat on its head?""","""Look at these yummy, colorful carrots, sweetie! Let's eat them together and make our tummy happy!""","""Look at the bouncy bunny hopping around, little buddy! Can you say 'bunny'? Bouncy bunnies love to eat carrots and hop around in the meadow. They have soft, fluffy fur and big, cute ears!""","""Look at these bright, fluffy toys! They're so soft and cuddly, and they're just waiting for you to play with them. Let's pick one and have fun together!""","""Look at the big, shiny car, sweetie! It has four wheels and goes 'vroom' when you press its colorful buttons!""","""Look, little one, see the bunny hopping! Bunnies are fluffy and hop very fast, don't they?""","""Look at the big, red car! See how it goes vroom-vroom? Let's pretend to drive it, little buddy!""","""Hey there, little buddy! Look at that big, shiny car! It's so pretty and fast, just like when we play with your red race car. Isn't it amazing how it can zoom down the street?""","""Look at the doggy, little buddy! He's a big, soft, furry friend. His name is Spot. Spot likes to run and play fetch. See his tail wagging? That means he's happy and wants to play with you.""","""Look, little buddy, see that bird up in the sky? It's so pretty with its colorful feathers, isn't it? The bird is singing a lovely song for us to enjoy.""","""Look, sweetie, those fluffy bunnies are hopping around in the garden, just like the bunnies in the storybook!""","""Look at that beautiful bird, sweetie! It has feathers and wings. Birds can fly in the sky and sing lovely songs for us.""","""Look, baby, those fluffy bunnies are hopping around in the garden, and the birds are singing their beautiful songs on the tree.""","""Look, sweetie, a beautiful bird is singing a happy song up in the sky. Isn't it lovely? The bird is using its colorful feathers to show off its pretty colors. Let's watch the bird and see what else it does.""","""Sweetie, would you like some yummy, juicy, ripe strawberries? They're bright red, squishy, and oh-so-sweet. Let's take a big, happy bite and enjoy this tasty treat!"""
"""Look at the cute kitty, sweetie! See how it's purring and cuddling? Let's give it a gentle smile!""","""Look at the pretty bird with colorful feathers, sweetie! It's chirping a lovely song for us to enjoy.""","""Look, little one! A beautiful bird with colorful feathers is flying above us. See how it's chirping and singing? Can you say 'bird'? Let's try to say it together.""","""Look at the pretty house with a red roof and white walls, sweetie! It's where mommy and daddy live and make sure we all have a cozy place to sleep and play.""","""Look at these colorful toys, sweetie! Can you reach for the red truck?""","""Look at the big, cozy house with the pretty red roof. Let's go inside and see all the fun things to play with!""","""Hey sweetie, let's go look at the pretty house with the red roof and the big windows, it's our home where we live and play together!""","""Look, sweetie, we're going to eat some yummy mashed carrots that are orange and sweet. They're good for your eyes and they're super soft for your little mouth to chew!""","""Look at our family, sweetheart! Mommy and Daddy are your superheroes, and your big brother and sister are here to play with you and teach you lots of fun things.""","""Look, sweetie, there's a beautiful bird with feathers of blue and green. It's singing a lovely song just for us.""","""Look at the fluffy, friendly dog, sweetie! The dog is wagging its tail, barking happily, and wants to play with you!""","""Come here, sweetie, it's time to play with your favorite toy cars and teddy bears. Let's have fun!""","""Look at the fluffy bunny hopping around, little buddy! Isn't it soft and cute?""","""Look at that beautiful bird, sweetie! Its feathers are so pretty, like a rainbow in the sky. Let's watch it fly and sing a lovely song for us.""","""Look at this yummy apple! It's red and crunchy, sweet and healthy! Would you like to take a big bite?""","""Look at the bunny, sweetie! The bunny has soft fur and loves to hop around.""","""Hey there, sweetie! Look at all those colorful toys, each one is unique and full of fun. Do you see the cuddly teddy bear? It's waiting for you to hug it tight. Or maybe you'd like to stack those blocks and watch them reach","""Look at the big, shiny car! The car is going to drive down the road, making a funny sound. See the wheels? They spin around to help the car move. Isn't it exciting to imagine where the car might go next?""","""Look at the cute little puppy! Want to say 'woof woof' with me?""","""Look at the big, red car, sweetie! It's zooming by, honking loudly, and making the wind whistle as it goes by. Isn't it exciting? The car is like a moving toy for grown-ups, taking them to places they love!""","""Look at the big, red car! It's so shiny and fast, just like when we zoom around the playground on our tricycle, little buddy!""","""Look at the friendly doggy wagging its fluffy tail, ready to play fetch with you! Isn't it so cute?""","""Look at the pretty birdie! The birdie has feathers and can fly high in the sky, just like how you soar high when you're on your toy plane!""","""Look, baby, there's a fluffy bunny hopping around in the meadow. See how it's jumping? The bunny is so soft and white, like cotton candy. Can you say 'bunny'? Yes, that's right! Anim","""Look at that pretty birdie flying high up in the sky! It's having so much fun, flapping its wings and singing a sweet little song for us to hear.""","""Look at the fluffy bunny hopping around, little one. See how it jumps and hops so high? It's a bunny, and bunnies like to eat carrots and hop around in the grass. Isn't it cute?""","""Look at that beautiful bird with colorful feathers and a sweet little beak, just like a butterfly, flying high up in the sky!""","""Yummy, sweet apple! Crunchy, yummy apple! Eat your apple, little one!"""
"""Look, sweetie, this fluffy little cat is playing with its favorite ball of yarn. See how it purrs and cuddles? Isn't it the cutest cat?""","""Look at the bird, little one! See how it's flying high up in the sky? The bird has wings to help it fly, just like you have arms to help you reach for your toys.""","""Look at the beautiful bird, sweetie! It's chirping and hopping around. Isn't it so adorable? Birds like this one have soft feathers and they love to sing.""","""Look, baby, this is our cozy, lovely house where we live. See the pretty, colorful flowers outside? They're like tiny, pretty butterflies. Inside, we have a soft, fluffy bed where you sleep, and there's a big, yummy breakfast","""Oh look, sweetie, the teddy bear is sleeping! Let's give him a gentle hug before bedtime.""","""Hey there, little one! Let's play hide and seek in our cozy house, with its soft carpets and fluffy pillows, where we can giggle and squeal with joy!""","""Look, sweetie, this is our cozy home where we live together. Can you see the pretty walls and soft carpet? Let's play and make our home even more fun and lovely!""","""Look at the yummy carrots! They're orange and crunchy. Let's try some, sweetie.""","""Hey, sweetie! Look at mommy and daddy holding you close, just like they do with your little sister, Emma. They love you so much, and they're always here for you, just like Aunt Lisa and Uncle Joe are for you.""","""Look, sweetie, there's a beautiful bird! It's singing a lovely song and flapping its wings so fast. Isn't it wonderful?""","""Look at the fluffy, cute puppy with the wagging tail! This furry friend is a dog, just like the one in our story. See how it's running around? It's playing and having so much fun!""","""Look at these bright, colorful blocks, sweetie! You can stack them up high like a tower, and then we'll knock them down gently together.""","""Look at the fluffy bunny, sweetie! It's hopping around, enjoying the grass.""","""Look at that beautiful bird, sweetie! It's singing a lovely song while fluttering its wings. Isn't it a little birdie that loves to sing and dance?""","""Look at this yummy apple, sweetie! It's red and crunchy. You can bite into it and taste how juicy it is. Yum!""","""Look at the fluffy bunny hopping over the green grass, little buddy. Can you say 'bunny'? B-b-bunny!""","""Come here, sweetie! Look at these bright, colorful blocks. You can stack them and build anything you imagine with them!""","""Look at the big, shiny red car! It has four wheels and goes 'vroom' when we push it. Let's pretend we're driving the car to the park and play together!""","""Look at the little fluffy bunny hopping around, let's say 'Bunny' together, and watch how it jumps over the green grass!""","""Look, sweetie, that big red car is zooming by, going fast, but remember, we never get in a car with a stranger, okay? Always with mommy and daddy, safe and sound!""","""Look at the big, shiny car! It has four wheels and a colorful paint job. Can you say car? Yes, car! Good job! The driver sits inside and drives it on the road. Would you like to pretend to drive a car with me?""","""Look at that fluffy dog, sweetie! The dog is wagging its tail because it's happy to see you. Dogs have soft fur, and they love to play fetch with their toys.""","""Look at the bird, sweetie! That's a beautiful blue bird flying high in the sky!""","""Look, baby! A cute, fluffy bunny is hopping happily in the garden. See how it hops? Bunnies hop around in the grass.""","""Look at that beautiful bird, sweetie! See how it's flying so high up in the sky with its tiny wings flapping? It's like it's dancing for us!""","""Look at the big, fluffy dog over there, sweetie! It's a waggy-tailed friend who loves to play with you!""","""Look, sweetie, there's a beautiful bird! It's so pretty with its colorful feathers and it's singing a lovely song for us to hear.""","""Look, sweetie, this yummy apple! Eat it up, it's so tasty and good for you!"""
"""Look at the cute little kitty cat, little one! See how it's purring and playing with its toy. Isn't it adorable? Kitty kitty!""","""Look at the pretty bird with feathers! The bird is singing a sweet song for you!""","""Look, sweetie, there's a beautiful bird outside! Its feathers are so colorful, like a rainbow. Isn't that amazing? The bird is singing a lovely song just for us.""","""Look, sweetie, there's our cozy house with a big blue door and pretty flowers around it. Let's go inside and explore together!""","""Come here, sweetie! Look at the colorful blocks! You can stack them up like a tower, just like we saw in your favorite cartoon!""","""Come here, sweetie! Let's explore the house together. Look, these are the big couches where mommy and daddy sit to rest. See the shiny window? That's where the sun plays hide-and-seek with us. And these pretty flowers are in the garden","""Look at the big, beautiful house, sweetie! It has a cozy kitchen, a big bedroom, and a playroom full of toys for you!""","""Look at the yummy red apple, sweetie! This apple is a tasty treat for you to eat. It's soft and juicy, perfect for your little hands to hold.""","""Look at our happy family, sweetie! We're a group of people who love each other and help one another.""","""Look at that pretty bird, sweetie! It's flapping its wings and singing a lovely song for us to enjoy.""","""Look at the happy dog wagging his tail, little buddy! Can you say 'woof woof' with me?""","""Come here, little one! Let's play with the soft, fluffy teddy bear and stack the colorful, bouncy balls!""","""Look at the cute puppy, sweetie! He's a little furry friend who loves to play and wag his tail when he's happy.""","""Look, sweetie, there's a bird! It's beautiful, with bright feathers and a chirpy voice. Let's say 'bird' together, like this: b-i-r-d. Bird, bird, bird!""","""Look at this yummy, juicy apple! It's red and crunchy, and it makes a sweet, fruity sound when you take a big bite. Want to try one with me?""","""Look at the bunny hopping around! Can you say 'bunny'? The bunny hops, hops, hops!""","""Look at all those colorful toys, sweetheart! The blocks are so tall and the cars are zooming really fast! Let's play with them together, okay?""","""Look at the shiny, red car, sweetie! It has four wheels and can take us on fun rides to the park or the zoo.""","""Look at the fluffy bunny hopping around, little buddy! Want to see it hop for us?""","""Look at the big, red car, sweetie! The car goes 'vroom' when its engine starts. Can you say 'vroom'? That's right, 'vroom'!""","""Look at the big, shiny car! The car has wheels that roll and make the car move. It's like when we roll a ball, but much, much bigger and has a roof to keep us safe inside.""","""Look at that furry doggy, sweetie! It's wagging its tail and wants to play with you. Can you say 'woof woof' like a doggy?""","""Look at the little birdie, sweetie! It's a pretty, colorful bird with feathers that sing beautiful songs when it's happy.""","""Look at the fluffy bunny hopping in the garden, sweetie! The bunny's ears are like little pink bunnies on top of its head.""","""Look at that pretty bird, sweetie! It's flapping its wings and flying in the sky. Isn't it lovely?""","""Look at the fluffy bunny hopping around, little one! See how it's running? Bunnies love to play in the grass and eat carrots. Do you want to pretend to be a bunny with us?""","""Look at that beautiful bird, sweetie! It's flying high up in the sky. See how it's flapping its wings and soaring through the air. Isn't that amazing? Birds are so special, aren't they?""","""Look at the yummy apple, sweetie! It's red and crunchy, perfect for a little bite!"""
"""Look at the fluffy, soft cat with pointy ears. The cat is purring and has little paws to play with.""","""Look at the pretty bird, sweetie! The bird has feathers and can fly high in the sky.""","""Look at that little birdie, sweetie! It has beautiful feathers and can fly high up in the sky. Isn't it fun to watch it hop around?""","""Look, baby! This big, beautiful house is where Mommy and Daddy live. See the blue sky outside the windows and the pretty flowers in the garden. Isn't it a lovely place?""","""Look at the bright red ball, sweetie! It's so soft and bouncy, you can roll it all over the floor. Want to pick it up and see how funny it looks when you bounce it?""","""Look at this beautiful house, sweetie! The walls are painted pink and the roof is as white as the clouds. Can you see the windows? They're like shiny blue eyes watching over us. Let's go explore and play in this lovely home!""","""Look, sweetie, we're in our cozy house, with soft carpets, pretty curtains, and warm blankets, just like a big, comfy teddy bear!""","""Look at this yummy apple, sweetie! Eat your fruit and grow big and strong!""","""Hey there, sweetie! It's time to wave goodbye to mommy and daddy, but remember, they're just around the corner, waiting for a big hug and some giggles from you!""","""Look, sweetie, there's a pretty bird sitting on that branch. It's singing a lovely song just for you!""","""Look at the fluffy dog wagging its tail! Isn't it adorable? The dog is happy and playful. Can you say 'dog'? Great job! The dog is very friendly and loves to play fetch with us.""","""Look at those cute little cars! Want to play with them and see them zoom around?""","""Look at the cute little bunny hopping around, little buddy! The bunny is so fluffy and it loves munching on carrots.""","""Look at that beautiful bird, sweetie! Its wings are so big, it can fly high up in the sky. Birds are amazing creatures, aren't they?""","""Yummy yummy, little one! Here comes a colorful apple pie! Mmm, can you smell the sweet, juicy apple filling? Let's take a tiny bite together!""","""Look at the bouncy bunny hopping around, it's so fluffy and cute, isn't it? Let's go and give it a little tickle!""","""Oh look, sweetie, it's time to play with your favorite toys! Let's start with your colorful blocks and fun puzzles. What toy would you like to play with first?""","""Come here, sweetie! Look at the big, shiny car. It has four wheels and a red roof. Isn't it funny how it goes 'vroom' when the engine turns on?""","""Look at the puppy, sweetie! He's so fluffy and cute, isn't he? He loves to play with his ball and gives big wet kisses.""","""Look at the big, red car, sweetie! It's going to zoom down the street. Can you say 'car' with me?""","""Look, sweetie, a big, bright car is zooming by! See how shiny and colorful it is? The car's wheels spin fast, like when we spin our toy car, and it's taking us to places like the playground and the grocery store!""","""Look at the fluffy dog! It's wagging its tail because it's super happy to see you, sweetie!""","""Look at the beautiful bird with its feathers, little one! It's flying high in the sky, singing sweet songs for us to hear.""","""Look at the fluffy bunny hopping around in the meadow! Isn't it cute and soft? Let's watch it hop and play, little one!""","""Look, sweetie, there's a bird with colorful feathers flying in the sky! Want to see if we can spot it?""","""Look at the cute little puppy playing with the fluffy kitten. They're best friends, aren't they? Let's say 'puppy' and 'kitten' together.""","""Look at that beautiful birdie up in the sky, sweetie! It's flapping its wings and chirping, just like the little bird in our picture book. Want to say 'hello' to our feathered friend?""","""Yummy yummy! Look at these bright red strawberries, sweetie pie! They're so juicy and delicious. Let's take a little bite and enjoy the yummy taste together."""
"""Look at the fluffy, cute cat with the soft paws and twinkling eyes. The cat is so cuddly and playful. Can you see how the cat's fur feels so soft and warm?""","""Look, little one, see that beautiful bird with the colorful feathers? It's flying up high in the sky, singing sweet melodies. Isn't it lovely?""","""Look, sweetie, that little birdie is so pretty with its feathery wings, isn't it? It's flying up high in the sky, chirping and singing just for you!""","""Look at the pretty house, little one! Can you see the big windows and the small door? The house has a roof to keep us dry and walls to protect us from the wind. It's warm and cozy inside, and it's where mommy and daddy live with you. Isn'","""Look at the soft, bouncy ball! Want to gently squeeze it and feel its squishy bounce?""","""Look, sweetie, this is our home where we feel safe and snug, with the softest carpet under your feet and a warm fireplace for when it's chilly outside!""","""Come here, sweetie, let's go look at the pretty flowers in our lovely house. See how the sun makes the curtains shine? Our house is a cozy little home where we all feel safe and happy.""","""Look at the juicy, red apple! Want to try some apple slices, sweetie?""","""Look at our family, sweetie! Mommy and Daddy love you so much, and we are a big, happy family together!""","""Look at that beautiful bird! See how it's flapping its wings and flying in the sky? Isn't it so cute? Want to pretend you're a bird too?""","""Look at the fluffy, cute dog! See how it wags its tail and licks your face? Let's go say hello to our furry friend and give it a gentle pat, okay?""","""Look at all those bright, fun toys! Let's play with the soft, fluffy teddy bear together!""","""Look, sweetie, there's a fluffy bunny hopping by the meadow! Isn't it hoppy and cute?""","""Look at that beautiful bird, sweetie! It's hopping around, singing its lovely song. Isn't it fun to watch it flutter its wings and fly high in the sky?""","""Look, sweetie, these are some crunchy red apples. They are yummy and good for you! Would you like to try one?""","""Look at the bunny, sweetie! See how it hops? Hoppity hop, hop, hop!""","""Come on, let's go play with your favorite toy cars and dolls! I bet they're having so much fun together.""","""Look at the big, shiny car! The car goes vroom-vroom on the road, and it has a place for mommy and me to sit.""","""Look at the bunny, my little friend! The bunny has soft, fluffy fur and loves to hop around. Isn't it adorable?""","""Look at the shiny, red car, sweetie! It has four wheels and big, round tires that will help it zoom down the street.""","""Hey there, sweetheart! Look at that big, shiny car! It has four wheels and can take us on fun trips. Isn't it exciting? Maybe we can pretend it's going on a grand adventure with us!""","""Look at that fluffy, cute dog! He has big brown eyes and wags his tail when he's happy. Let's go say hello to his friendly, barky voice!""","""Look at that beautiful bird, sweetie! It's like a tiny flying rainbow in the sky, and it's chirping a lovely song just for us!""","""Look at the fluffy bunny, little one! See how it hops around and loves to eat carrots.""","""Look, sweetie, there's a pretty bird with feathers and wings, and it's chirping a lovely song just for you!""","""Look at the fluffy bunny hopping over the green grass, hopping and hopping, don't you think it's so cute?""","""Look, little buddy, there's a beautiful bird with feathers that are all different colors, singing a lovely song in the tree. Isn't that amazing?""","""Yummy yummy food! Look, these juicy red apples are so sweet and crunchy, perfect for biting and chewing. Let's take a big bite together, little one!"""
"""Look at the fluffy cat, sweetie. The cat's fur is soft and purrs when it's happy. Can you say 'cat'?""","""Look at the little birdie outside, sweetie! See how it's hopping around and chirping? The birdie is happy to be outside.""","""Look, sweetie, there's a little birdie up in the sky! It's chirping and hopping from tree to tree. Isn't it cute?""","""Look at the pretty house with a big red door! The windows are like your eyes, and they let the sunshine in. Come on, let's go inside and find some toys to play with!""","""Look at those bright, bouncy balls! Can you say 'bounce' as they go up and down? Let's play with them together!""","""Hey there, little buddy! Let's go look at the pretty house with the red roof and the blue door. Can you see the windows? They let the sunshine in and make the rooms feel warm and cozy. Oh, and don't forget to say 'hello' to the","""Come here, sweetie! Let's go inside our lovely house where we have a cozy bed, a yummy kitchen, and lots of fun toys to play with!""","""Look at this yummy apple! It's so crunchy and sweet. Do you want to take a bite?""","""Hey there, sweetie! Do you know who we are? We're a family! Mommy and Daddy, your big sister, and me. We love you so much and always have fun together!""","""Look, sweetie, there's a beautiful bird flying up high in the sky! It's flapping its wings and chirping happily. Isn't it fun to watch it?""","""Look at the cute puppy, sweetie! It's a furry friend with a waggy tail that loves to play and cuddle. Let's say 'dog' together, 'd-o-g.' Good job!""","""Hey there, little buddy! Look at all those cute, colorful toys. Can you find the soft, bouncy ball? Let's give it a good toss and see how high it goes!""","""Look, sweetie, a fluffy bunny hopping over the grass, isn't it adorable? Can you say 'bunny'?""","""Look at the pretty bird with the colorful feathers! See how it's singing its sweet song and flying around the tree? Isn't it wonderful to watch nature's little friends like this?""","""Look, sweetie, it's a yummy apple! Crunchy and red. Yummy! Want to try some?""","""Look at the cute little kitten, sweetie! It's purring softly, and it has a fluffy tail that twitches when it's happy. Can you say 'kitten'? Let's point to the kitten together!""","""Hey there, little buddy! Look at those colorful toys over there, and let's go play with them together!""","""Look at the big, shiny car, sweetie! It's going to take us on a fun ride to the park.""","""Look at the cute little bunny hopping around, little one! Do you see how fluffy its tail is? Want to count how many bunnies we see today?""","""Look at the shiny red car, little buddy! Can you hear the engine rumble? Let's wave to the car as it zooms by!""","""Come here, sweetie! Look at the big, shiny car. It has four wheels and a red roof. Can you say 'car'? Great job! The car is going to take us for a fun ride!""","""Look at the fluffy, friendly dog with big, brown eyes! Want to pet it gently?""","""Look, sweetie, a beautiful birdie with feathers as bright as a rainbow!""","""Look at the fluffy bunny hopping by the garden, little one! It has long ears and likes to eat carrots.""","""Look at the beautiful bird flying high up in the sky, with its colorful feathers and chirpy songs!""","""Look, sweetie, a fluffy bunny hopping by! Bunny says 'hop hop!' and has big, long ears!""","""Look at the pretty bird, sweetie! It's a beautiful blue bird with bright, shiny feathers. Birds have wings to help them fly high up in the sky, just like a superhero. Can you say bird?""","""Look at these juicy, red strawberries, sweetie! They're yummy and good for you! Would you like to try some with your spoon?"""
"""Look at the fluffy, cute little cat with big, sparkly eyes. She's purring and seems so happy, doesn't she? Let's say 'meow' together, baby. Meow, meow!""","""Look, sweetie, a beautiful bird is singing its sweetest song, with its feathers fluttering in the air like little rainbows. Isn't it pretty?""","""Look at the pretty bird, sweetie! It's flying high in the sky with its colorful feathers. Isn't it amazing? Birds are so fascinating, don't you think?""","""Look at the big, cozy house with a lovely red roof. It has a shiny door and windows that let sunlight come in. Can we go inside and see the pretty walls and soft carpet?""","""Look at the pretty, colorful toys, sweetie! You can pick up the soft, fluffy teddy bear and give it a big hug!""","""Come here, sweetie, let's go visit the big, beautiful house where Mommy and Daddy live. Look at those pretty windows and tall trees outside.""","""Look at this big house, sweetie! It has many rooms for us to play and sleep, with soft beds, comfy couches, and beautiful flowers on the windowsills. Let's explore it together!""","""Look at the yummy banana! Can you say banana? Yummy banana, banana, yummy!""","""Look at Mommy and Daddy, they are our family. Mommy takes care of us, and Daddy helps us too. We love them very much, don't we?""","""Look, sweetie, there's a pretty bird flying high up in the sky! It's singing a lovely song, just like your singing. Isn't it fun to watch?""","""Look at the cute dog wagging its fluffy tail, little buddy! Dogs are friendly pets that like to play and cuddle with us.""","""Look at all the bright, colorful blocks! Let's put them together to build a big, tall tower, just like the one mommy built!""","""Look at that cute little puppy, sweetie! It's a puppy, and it has soft, fluffy fur and a waggy tail. Puppies are friends for us to play with and love.""","""Look, sweetie, there's a beautiful bird with colorful feathers and a chirpy song. Isn't it lovely?""","""Look at the yummy carrots, sweetie! They're orange and crunchy, and they'll make you strong just like a superhero!""","""Look at the big, fluffy bunny hopping around, little buddy! See how it hops with its strong legs? Bunnies like to eat carrots and are very gentle.""","""Look at all these wonderful toys! Can we pick one to play with, sweetie? How about we start with the fluffy bear? He's so soft and cuddly!""","""Look, sweetie, there's a big, shiny car parked over there! The car has four wheels, and it's red, just like your favorite crayon. Can you say car? That's right, 'car'! Cars take us on fun adventures to","""Look at the cute little puppy with the fluffy tail wagging happily, sweetie. This puppy loves to play with its soft, bouncy ball.""","""Hey sweetie, look at that shiny red car! See how it goes 'vroom, vroom' when we pretend to drive it? Let's say 'roll, roll' as we pretend to push the car, just like mommy or daddy does!""","""Look at the big red car, sweetie! It's going to take us for a fun ride. Can you say car?""","""Look at the big, fluffy dog wagging its tail and how it's barking happily, little buddy! Isn't it the best dog ever?""","""Look at the beautiful bird, sweetie! It has colorful feathers and can fly high in the sky, just like you can jump really high!""","""Look at the fluffy bunny hopping around, little one! Isn't it cute? The bunny's ears are floppy, just like when you wave your hands.""","""Look, sweetie! That bird is so pretty! It has beautiful feathers and is chirping like a song. Want to say 'bird' with me?""","""Look at the cute little bunny, hopping around in the garden, wiggling its fluffy ears and munching on some fresh green grass!""","""Look at that beautiful bird with its colorful feathers, little buddy! The bird is flying high in the sky, singing a lovely song just for us.""","""Look, sweetie, here's your yummy apple, crunchy and red. Take a big bite, chew slowly, and enjoy the sweet taste. Yum!"""
"""Look at the fluffy, cute, and cuddly little cat with big round eyes, soft fur, and tiny paws. The cat is meowing and wagging its tail, and it's so playful and curious. Let's watch the cat together, my sweet","""Look at the pretty bird, sweetie! It has feathers and wings, and it's singing a lovely song for us to enjoy.""","""Look at the pretty birdie, sweetie! It's flapping its wings and singing a lovely song for us!""","""Come here, sweetie! Let's go look at the pretty house with a big red door. See all the windows? They're like little eyes watching us!""","""Come here, little one! Look at all the fun toys waiting for you to play with!""","""Look, sweetie, this is our cozy house, with big windows and a friendly red door, where we all live happily together!""","""Look, sweetie, we're inside our cozy house with lovely walls, a big, soft bed for you to snuggle up in, and a beautiful kitchen where mommy and daddy cook yummy food for us!""","""Yummy! Look at these juicy red apples, sweetie. They are so crunchy and delicious!""","""Look at mommy, little one! Mommy is here to hold you tight and love you. Daddy is right here too, and he's always there for you. Your family is the best, sweetie!""","""Look, little one, up in the sky there's a beautiful bird with bright blue feathers. It's singing a lovely song just for us. Let's see if we can spot it together!""","""Look at the fluffy, friendly dog wagging its tail and rolling in the grass. Isn't he a paw-some friend to have?""","""Look at all these colorful toys, sweetie! The soft teddy bear is waiting for you to cuddle, and those fun blocks are perfect for stacking towers high!""","""Look at the cute, little bunny hopping around, honey! Isn't it fluffy and soft? Let's watch it hop and play in the meadow!""","""Look, sweetie, a bird is chirping in the tree, its wings are so colorful and pretty, just like a rainbow!""","""Yummy, sweet apple! Crunchy and juicy, you can take a big bite. Mmm, that's the best!""","""Look at the cute little bunny hopping around, it's so fluffy and cuddly!""","""Hey there, little buddy! Look at all these colorful toys! Want to play with the soft teddy bear or the fun puzzle?""","""Look, sweetie, there's a big, shiny car! The car has four wheels, just like your bike, and it's ready to go on an exciting adventure!""","""Look, sweetie, this is a fluffy bunny hopping around, and see how it has long ears and a twitchy nose?""","""Look at the big, shiny car! It's red and fast. Want to count how many wheels it has? Let's do it together!""","""Look at that big, red car! It's shiny and fast. Would you like to pretend you're driving it and take a fun ride around the playground?""","""Come here, sweetie! Look at this fluffy dog, with soft fur and a wagging tail, waiting for you to give him a big hug and a gentle pat!""","""Look, sweetie, see the beautiful bird? It has bright feathers and it's singing a lovely song. Let's say 'tweet-tweet' together, like the bird is singing for us.""","""Look at the fluffy bunny, little buddy! It's hopping around, eating green grass. Isn't it soft and cute? Animals are amazing, aren't they?""","""Look, little buddy, there's a beautiful bird! It has feathers that are as soft as your blankie and it can sing sweet songs just like mommy does. Isn't that amazing? Birds are like flying, chirping friends!""","""Look at the cute little puppy! It has soft fur and loves to play with toys. See how it wags its tail and barks happily? Let's say 'woof woof' together!""","""Look, sweetie, there's a beautiful bird up in the sky with its colorful feathers, singing a lovely song for us!""","""Look at the yummy apple, sweetie! It's red and round, just like your favorite ball. We're going to eat it together and make it tasty!"""
"""Look at the cute fluffy cat, little one! See how it's purring softly, wagging its tail and twitching its little nose. Isn't it so cuddly and cute?""","""Look at the beautiful, colorful bird, sweetie! See how it's flapping its wings and chirping so cheerfully!""","""Look, sweetie, there's a bird with beautiful feathers! It's chirping and flying high up in the sky. Isn't it amazing how it can fly so far?""","""Look, little one! This is our house, with a big roof, colorful walls, and a happy door that keeps us safe.""","""Look at the pretty blocks, sweetie! Want to build a tower with us?""","""Look at the big, beautiful house! It's where Mommy and Daddy live, and it has a cozy bed for you and a yummy kitchen for making cookies!""","""Hey there, little one! Come on, let's explore our cozy home, where we have our favorite snacks, soft cuddly toys, and big, comfy beds. Look at all the beautiful colors of our walls, and remember, we always keep our lovely","""Look at the yummy, ripe, red apple on the table, sweetie! It's so crunchy and juicy, let's give it a little bite to see how it tastes!""","""Hey sweetie, let's talk about our lovely family. You know, mommy and daddy are your special parents who always love you and make sure you have everything you need. We're all part of the same big happy family, and we look out for each other.""","""Look at that beautiful bird, sweetie! It has bright feathers and a lovely song. Want to see if we can spot it again?""","""Look, sweetie, this is a cute little dog. It has soft fur and a waggy tail. The dog is friendly and loves to play with you.""","""Look at the soft, cuddly teddy bear! It's ready for a hug, isn't it? Let's pick a fun toy to play with together!""","""Look at the fluffy bunny hopping around, little one! Can you say 'bunny'? They eat carrots and like to sleep in the sunshine!""","""Look, sweetie! That's a beautiful bird with feathers and wings. It's singing a lovely song and flapping its wings. Isn't it fun to watch the bird fly in the sky?""","""Look, sweetie, this yummy banana is a superfood that can make you strong and healthy!""","""Look at the fluffy bunny hopping around, little buddy! It's so soft and gentle, isn't it?""","""Look at all these wonderful toys, little buddy! Let's see what adventures we can have with your favorite truck and blocks!""","""Look, sweetie, there's a big, shiny car! It has four wheels and goes vroom-vroom when it starts. The driver sits in the driver's seat, and the passengers sit in the back seats. The car needs gas to drive, just like we need food","""Look at the fluffy bunny hopping in the garden, sweetie! Isn't she adorable with her long ears and tiny paws?""","""Hey sweetie, look at the big red car going by! The car has four wheels and goes 'vroom' when we press the pedal. Isn't that fun to see?""","""Come here, sweetie! Look at the big, shiny car with the red color. The car has four wheels and it helps people go places. Isn't it amazing? Let's pretend we're driving it and going on a fun adventure together!""","""Look at that fluffy, cute dog! The dog is wagging its tail because it's so happy to see you. Do you want to say hello to the dog?""","""Look at the beautiful bird with its colorful feathers, chirping happily in the tree. It's fluttering its wings and singing a lovely song for us to enjoy!""","""Look at the cute little kitty cat! She's so soft and fluffy, and she's purring because she's happy and content.""","""Look at the little birdie! It has a big, beautiful red beak and it's singing a lovely song for us to hear.""","""Look at the fluffy bunny hopping around, little buddy! It's a bunny, and it's hopping to find its yummy carrots!""","""Look at that beautiful bird, sweetie! It's singing a lovely song, isn't it? Let's go closer and see how it's waving its feathers!""","""Sweetie, it's time for your yummy fruit snack! Here's a juicy apple for you to enjoy, crunch and munch!"""
"""Look at the fluffy kitty, sweetie. See how she's purring and playing with her toys. Isn't she just the cutest little furball, darling?""","""Look at the beautiful bird, sweetie! It has feathers and wings that help it fly high in the sky. Isn't that amazing?""","""Look at that beautiful birdie! It's so pretty, isn't it? The birdie is singing a lovely song. Birdies are such cute creatures, aren't they?""","""Look, sweetie, this is a house! It's where mommy and daddy live, and it has a big roof to protect us from the sun and rain.""","""Look at all the pretty toys! You can touch the soft teddy bear and stack the colorful blocks. Let's play together!""","""Come here, sweetie! Let's play in our cozy house with your soft blanket and your favorite teddy bear!""","""Come here, sweetie, let's go explore the cozy house with its big windows, soft carpets, and lovely smells. We can look at the pretty flowers in the garden and play hide and seek in the living room!""","""Look at those yummy carrots! They're orange and crunchy. Would you like to try some?""","""Look, sweetie, mommy and daddy are so happy together, and they love you so much!""","""Look at that pretty birdie! The birdie is so fluffy and it's singing a lovely song. Want to watch it fly?""","""Look at the cute puppy, sweetie! The little dog is running around and playing with his favorite ball. He's so fluffy and soft, just like your teddy bear. Isn't he adorable? Oh, the puppy is barking because he's excited","""Look at those fluffy teddy bears, sweetie! Can you find the one with the red bow?""","""Look at the cute little puppy! It's running so fast, just like you do when you play tag with your friends.""","""Look, sweetie, that beautiful bird is singing a lovely song in the sky! It has colorful feathers and a pretty beak. Isn't that amazing?""","""Look at these yummy carrots, sweetie! They're orange and crunchy, just like a little orange sun. Mommy's gonna help you eat some, and they'll make you strong and healthy!""","""Look at the fluffy bunny hopping around, little one! It's time to say 'mama' and 'dada' while we watch the bunny together.""","""Look, sweetie, those are your favorite toys! The big red truck goes 'vroom,' and the little blue ball bounces up high!""","""Look at the big, shiny car, sweetie! It's red, and the wheels are round. Can you say 'car'? Good job! This car takes us to places, just like when mommy and daddy drive us around.""","""Look at the fluffy bunny hopping by! Can you say 'bunny'? It's a cute animal with big ears and a wiggly tail.""","""Look at the big, red car, sweetie! It has wheels that go round and round, and it goes zoom-zoom down the street. Isn't that exciting?""","""Look, sweetie, there's a big, shiny car! See how it has four wheels? It's so colorful, with red, blue, and yellow! The car can go really fast and take us to fun places, like the park or the ice cream shop. Isn'","""Look at that fluffy dog, sweetie! It's wagging its tail and wants to say hello. Can you say 'dog' with me?""","""Look at that beautiful birdie! It's a pretty little birdie, isn't it? Can you say 'birdie' with me? Let's both say 'birdie' together. That's right! A 'birdie' is a funny word for a bird, don'","""Look at the fluffy bunny hopping in the grass, sweetie! It's so soft and loves to hop around in the meadow.""","""Look, sweetie, that beautiful bird is singing its lovely song. Do you see how it's hopping around, looking for yummy bugs to eat? Isn't it so fun watching it fly and play in the sky?""","""Look at the bunny hopping around, little one! The bunny is so fluffy and happy.""","""Look, sweetie, there's a beautiful bird in the sky. It's singing a lovely song and flapping its wings so fast. Isn't it amazing how it can fly?""","""Yummy, sweet and yummy, crunchy carrots, crunchy carrots, making your tummy happy!"""
"""Look at this cute little kitten, sweetie! See how it's purring and playing with its yummy ball of yarn. Isn't it the cutest little fluffy furball you've ever seen?""","""Look at the pretty birdie with feathers, sweetie! The birdie is singing a lovely song, isn't it? Birds have wings to fly up high and eat yummy bugs.""","""Look at that pretty birdie, sweetie! It has soft feathers, chirps a lovely song, and flies high in the sky. Isn't it beautiful?""","""Look at the big, colorful house with the shiny roof and pretty flowers, little buddy! Let's play peek-a-boo with the house's windows!""","""Look at the bright, colorful toys, sweetie! Can you grab the red truck and give it a big, happy hug?""","""Come here, sweetie, look at this big, beautiful house! See all the windows? They let the sunshine in and make everything bright and happy. We live here with mommy and daddy, and we get to play and learn every day.""","""Hey sweetie, look at this beautiful house! It has a big red door, a blue roof, and windows that let the sunshine in. Let's go inside and see the colorful rooms!""","""Yummy, look at those bright, red apples! They're so crunchy and sweet. Let's give them a big, happy bite together!""","""Look, sweetie, that's mommy and daddy at the park with our big brother, Tommy! They're all smiling and playing together. We're a happy family, just like you!""","""Look at the pretty birdie! It's singing a sweet little song for us.""","""Look at the cute little puppy dog! Puppy dogs are so soft and friendly. They wag their tails and love to play with you. Isn't it wonderful?""","""Look at all the pretty toys! Can you pick one that makes you happy to play with?""","""Look at the big, fluffy bunny hopping around in the garden, sweetie! The bunny is so soft and cute, isn't it?""","""Look at that pretty birdie with the big red beak! Wanna count how many feathers it has? One, two, three, four!""","""Yummy yummy apple, crunch crunch, sweet and juicy! You're a little fruit superhero!""","""Look at the fluffy bunny hopping by, little one! It's so soft and loves to hop around in the grass.""","""Hey there, little buddy! Look at those fun toys! The soft teddy bear is ready for a big hug, and the shiny blocks are waiting to build a tower as tall as the sky!""","""Look at the big, red car! The car goes vroom-vroom on the road. Can you say car? Good job! Let's say 'car' together, C-A-R, car!""","""Look at the cute little puppy, sweetie! He's so fluffy and loves to play with his favorite ball!""","""Look at the shiny car! It has wheels that roll on the ground and helps us go from one place to another. Isn't it fun to watch it go zoom?""","""Look, sweetie, this big car is taking us for a ride, just like the superheroes in your cartoons. Let's sit in our cozy car seats and watch the beautiful scenery go by!""","""Look at the fluffy dog, sweetie! The dog is wagging its tail because it's happy to see you!""","""Look at the beautiful bird, sweetie! It's flying up high in the sky, with its bright feathers shining in the sun. Isn't it amazing how it can fly so high?""","""Look at the cute bunny hopping around, little buddy! Want to watch it with me?""","""Look, sweetie, there's a beautiful bird in the sky with its wings spread wide, like a colorful butterfly, singing a lovely song for us to enjoy.""","""Look, sweetie, there's a cute little bunny hopping around in the garden. Bunny is a funny name for an animal that hops around so quickly!""","""Look at that beautiful bird, sweetie! It's singing a lovely song with its sweet, sweet voice.""","""Look at the yummy, red tomatoes on the plate, sweetie. They're ripe and ready to munch on. Yum yum!"""
"""Look at this cute little kitten, my sweet baby! See how it's purring and playing with its toy? Isn't it adorable? Let's smile at the kitten together!""","""Look at the pretty birdie! It's so chirpy and fluffy, isn't it? The birdie is flying up high, looking for yummy bugs to eat. See, the birdie is hopping and skipping, singing sweet songs. Isn't the birdie the","""Look at the pretty birdie with the red feathers! Can you see it flying high in the sky?""","""Come here, sweetie, let's go look at the big, beautiful house where Mommy and Daddy live and we play and sleep every night!""","""Look at those bright, colorful toys! Can you pick your favorite one to play with?""","""Look at the big, beautiful house, sweetie! It has a red roof, green grass, and lovely flowers. Let's go inside and see the cozy rooms where mommy and daddy sleep and play.""","""Come here, sweetie, let's look at this big, beautiful house with the blue door and the pretty flowers outside!""","""Look at these bright, round apples, sweetie! They're just perfect for making a yummy, crunchy snack!""","""Hey there, sweetie! Can you meet your big brother, James, and your big sister, Emily? They're going to play with you, and guess what? They have a little brother, too!""","""Look, sweetie, there's a little birdie! Can you say 'birdie'? Birdies are so pretty with their colorful feathers, chirping sweet songs, and they love to hop and fly around. Let's watch it fly up high and soar in the sky.""","""Look at the fluffy, cute dog wagging its tail happily! Isn't it so friendly? Do you want to say 'hello' to the dog and maybe give it a gentle pat?""","""Look at all these fun toys! Can you find the soft teddy bear for me?""","""Look at the fluffy bunny hopping around! Can you say 'bunny'? Let's watch it hop together!""","""Look at the bird, sweetie! It's flapping its wings and flying up high. Isn't that amazing? The bird is so pretty with its colorful feathers!""","""Look at these big, juicy apples, sweetie! They're red and yummy, and they'll make your tummy happy!""","""Look at the puppy, sweetie! It's wagging its fluffy tail because it's so happy to see you!""","""Look at these amazing toys, sweetheart! They're so colorful and fun to play with. Let's pick your favorite one to have some wonderful time together!""","""Look, sweetie, there's a shiny, red car parked over there. It has big round wheels that will roll and roll when someone pushes it. Isn't that fun? The car can take us on an adventure, zooming down the street, and maybe even to the","""Look, sweetie, that fluffy bunny hopping over there is called a bunny, and it has soft ears and long, floppy tails. Isn't it cute?""","""Look at the big red car! It has wheels that go 'vroom' and it helps people go to different places. Isn't it fun to see cars zooming by?""","""Look at the big, shiny car, sweetie! It has four wheels, and people sit inside to drive it to places like the park or the grocery store.""","""Look at the cute little dog wagging its fluffy tail, little buddy! Isn't it a happy puppy with its big, brown eyes and soft fur? It's time for the dog to play and run around!""","""Look at the beautiful, chirpy bird with its bright feathers! It's hopping around, singing sweet songs for us to enjoy.""","""Look at the fluffy bunny hopping around, little one! It's hopping because it's happy and wants to play!""","""Look at that beautiful bird, sweetie! It's flapping its wings and chirping happily in the tree. Isn't it so cute? The bird is singing a lovely song for us.""","""Look at the big fluffy bunny hopping around, sweetie! Can you say 'bunny'? Bunny goes 'bunny'!""","""Look, sweetie, that beautiful bird is called a robin, and it has a red breast and loves to hop around in the grass and eat worms.""","""Look at the yummy-looking apple, sweetie! It's so red and juicy, just like a little fire truck. Let's eat it together!"""
"""Look at the cute, cuddly, fluffy kitty cat! She's so soft and warm, just like your favorite blankie!""","""Look, little one! This is a beautiful bird. Its colorful feathers and sweet chirping sounds make it a lovely little friend.""","""Look at the pretty bird, sweetie! It has soft feathers and can fly high up in the sky, singing a beautiful song just for you.""","""Look at the house, sweetie! It's big and cozy. The windows are like sparkly eyes that let the sunshine in. Isn't it beautiful? Let's go inside and see all the pretty colors and smells together.""","""Oh look, sweetie, those are your favorite stuffed animals! Let's pick your teddy bear and give it a big hug, and then we can cuddle with your soft, cuddly bunny together!""","""Come here, sweetie, let's go see our cozy, comfy house where mommy and daddy love to read bedtime stories to you.""","""Come here, sweetie! Let's go see the big, cozy house with the blue roof and the pretty flowers outside.""","""Yummy yummy, sweetie! Look at the banana! It's yellow and soft. Let's eat it together!""","""Look at those big smiles, sweetie! They're your mommy and daddy, always there to hug you and take care of you.""","""Look, sweetie, that's a beautiful bird with wings, it's called a robin. It's chirping and hopping around the tree, and it has a red breast. Isn't it lovely to see the bird?""","""Look at the doggy, sweetie! He's so cute and fluffy. The doggy wags his tail and barks when he's happy. Want to say 'hello' to the doggy with me?""","""Come here, sweetie, look at these colorful, fun toys that we can play with together!""","""Look, little buddy! See that fluffy bunny hopping around? Bunny is an adorable animal that loves to hop and eat carrots. Want to see if you can spot the bunny hopping with me?""","""Look at that beautiful bird with its bright feathers, sweetie! It's so soft and fluffy. Can you say 'bird'? Great job! This little birdie is singing a lovely song just for you.""","""Look at the juicy, red tomato, sweetie pie! It's time for some yummy tomato soup, just for you!""","""Look at the fluffy bunny hopping and the bright blue bird singing in the tree, sweetie, they're both animals living in nature's big playground!""","""Look at all these fun toys, sweetie! We've got a soft teddy bear, a colorful set of blocks, and a shiny, new toy car. Would you like to play with the teddy bear first?""","""Look at that big, red car, sweetie! Can you say 'car'? It goes 'vroom' when we push it. Let's play pretend and imagine we're driving it!""","""Look at the cute little puppy, sweetie! It's a puppy! Puppies are so playful and love to wag their tails when they're happy!""","""Hey there, little buddy! Look at the big, shiny car! It has four wheels, a red roof, and we can sit inside it to go on adventures. Isn't it cool?""","""Come here, sweetie! Let's look at this big, shiny red car together. See how it has wheels to go fast on the road? We're going to pretend it's our special car, and I'll drive it around our pretend park!""","""Look, sweetie, this is a happy, barking dog wagging its tail and playing with a bouncy ball. The dog is so soft and furry, and its big, friendly eyes are smiling at you!""","""Look, little one, see that beautiful bird with colorful feathers soaring high in the sky? It's called a parrot, and it can talk just like you!""","""Look at the cute little kitten! It's soft and fluffy, and it loves to play with yarn. See how it pounces and leaps? It's a lot of fun to watch!""","""Look at the bird, sweetie! It's a pretty birdie with colorful feathers and a funny chirp.""","""Look at the fluffy bunny hopping around, sweetie. It's so cute and soft!""","""Look, sweetie, that beautiful bird with feathers is flying up high in the sky, singing a lovely song for everyone to hear!""","""Look at the yummy, colorful apple! It's so juicy and sweet. Can you say 'apple'? Apple, apple, apple!"""
"""Look at the cute, soft cat with pointy ears and a fluffy tail, it's purring and cuddly, isn't it darling?""","""Look, sweetie, see the beautiful bird with colorful feathers soaring high in the sky, chirping and singing songs for everyone to enjoy!""","""Look, sweetie, a birdie! The birdie is up in the sky, wiggling its wings and singing pretty songs!""","""Look at the big, cozy house with a red roof. It has a sweet little door and a pretty window. Inside, there are cuddly couches and fun toys. Let's go explore together!""","""Look at all these fun toys! You have so many colors and shapes. Let's pick one and play together!""","""Come here, sweetie! Let's look at the pretty house with the red roof and the big windows. Can you see the little birds flying around the blue door?""","""Hey, little buddy! Come look at our cozy house, where we have a big, soft bed, a yummy kitchen, and lots of colorful toys to play with!""","""Yummy, sweet apple! Crunchy and yummy. Mmm, that's yummy, sweet apple. You eat it, you get happy!""","""Look, sweetie, that's mommy and daddy smiling at you. They love you very much!""","""Look at that beautiful bird with its colorful feathers, sweetie! Isn't it amazing how it can fly up high in the sky? Birds are so cool, aren't they?""","""Look at the fluffy, friendly dog wagging its tail! Let's say 'dog' together, okay? Dog, doggy, doggy!""","""Look at these soft, cuddly teddy bears! They're so fluffy and friendly, and they can't talk, but they're here to make you giggle and hug!""","""Look at the fluffy bunny hopping around, little buddy! Can you say 'bunny'? B-b-bunny!""","""Look at that beautiful bird, sweetie! It's a robin. Can you hear it chirp? The robin has red and white feathers and it's so cute. Let's say 'robin' together, okay?""","""Look at these yummy, colorful veggies, sweetie! Let's eat some tasty, healthy carrots and crunchy, juicy apples together!""","""Look at the fluffy bunny hopping around, little one! The bunny is so soft and loves to hop in the grass.""","""Look, little buddy! The toy car is zooming down the track, and the stuffed teddy bear is sitting up high on the shelf, waiting for you to come and give it a big hug!""","""Hey there, sweetie! Look at that shiny red car outside, it's going super-duper fast, zooming and zooming, and making a funny sound. Isn't it cool?""","""Look at the fluffy bunny, little buddy! It's hopping around the garden, nibbling on the green grass. Isn't it a little fluff ball?""","""Look at the big, shiny car! It has four wheels and can take us on fun adventures. Let's wave goodbye to the car!""","""Look at the big, shiny car, sweetie! Can you say 'car'? It goes 'vroom vroom' when we drive it. We should always hold onto the car seat when we're in the car, okay?""","""Look at that cute fluffy dog, little buddy! See how it's wagging its tail, ready for a friendly pat?""","""Look, sweetie, a beautiful bird with colorful feathers is singing a lovely song for us to enjoy!""","""Look at the fluffy bunny hopping through the meadow, little one! The bunny's ears are like little pillows to keep it warm, and it loves to nibble on the green, green grass. Isn't it a bunny?""","""Look, sweetie, there's a beautiful bird up in the sky with wings spread wide. It's flapping them really fast to fly. Isn't it lovely? We call it a birdie, and it's having a wonderful time soaring high above us.""","""Look at the puppy, sweetie! It's wagging its fluffy tail because it's happy and wants to play with us.""","""Look at the pretty bird, little one! It's singing a sweet song and flapping its wings up high in the sky. Isn't it a lovely, fluffy bird with feathers that look like a rainbow?""","""Hey there, little buddy! Look at these bright, juicy apples, they're like little red balls of yummy goodness. Let's take a tiny bite and see how sweet and crunchy they are!"""
"""Look at this cute, soft kitty cat, sweetie! It has soft fur and big, round eyes, doesn't it? The cat is purring and playing with its toy mouse.""","""Look, sweetie, a birdie! It's flapping its wings and flying up high in the sky. Isn't it pretty? Let's watch it together.""","""Look at that beautiful bird, sweetie! It's a pretty little birdie with colorful feathers, isn't it? Let's listen to its chirpy song, honey. Birdie is happy singing for us.""","""Look, sweetie, this is our cozy home where we live. See the big sun shining outside? It makes our house warm and bright, just like the hugs we give each other!""","""Look at those pretty colorful blocks, sweetie! Want to stack them up high with me?""","""Come here, sweetie! Look at this big, cozy house with a red roof and a friendly mailman.""","""Look at our cozy, colorful house, sweetie! It's big and warm, with a roof overhead and a door to open. Can you say 'house'? Great job! Our house has a lovely living room with soft pillows and a comfy couch. Can you find","""Look, sweetie, these are some yummy carrots. Crunch crunch, they're so good for your eyes and health!""","""Look, sweetie, mommy and daddy are your loving family who always take care of you and give you lots of cuddles!""","""Look, sweetie! There's a pretty bird up in the tree. It has beautiful feathers and it's singing a lovely song for us.""","""Come here, sweetie, let's see this adorable fluffy dog! Look at its big, wagging tail and soft, friendly fur. Isn't it lovely? Oh, you want to pet it, don't you? Let's give it a gentle pat on","""Look at all the colorful toys! Do you see the fluffy teddy bear? Let's play with the toy cars, shall we?""","""Look at the fluffy bunny hopping around! Its little ears are like little carrots, and it loves to nibble on green grass. Isn't it cute?""","""Look, little buddy! See that beautiful bird with the big wings? It's so pretty! Its feathers are bright and shiny, and it's going to fly up high into the sky. Isn't that amazing?""","""Look at the yummy-looking fruit, sweetie! It's a juicy, ripe apple. Yummy!""","""Look at the cute little puppy playing with his toys. He's running and jumping, wagging his fluffy tail. The puppy is so happy and full of energy!""","""Look at those colorful toys! They are so much fun. Let's play with them together, shall we?""","""Look at the big, shiny car with the red color! Do you see how it has four wheels and goes vroom vroom when it starts? The car needs to stop at the red and yellow traffic lights, so we always have to wait our turn. Let's say 'hello' to the","""Look at the cute little puppy, sweetie! It's a cute fluffy ball of fur, and it wags its tail when it's happy. Want to say 'puppy'?""","""Look at the big red car! It has four wheels and goes 'vroom' when you press its pedal. Isn't it fun? Let's say 'car' together, and then we can pretend to drive it when we're at the playground.""","""Come here, sweetie, let's go for a ride in our magical car! Can you hear the engine humming? It's going to be fun, just sit on my lap and hold my hand, okay?""","""Look at the fluffy, cute dog! It's wagging its tail because it's happy to see you, sweetie. Can you say 'woof' like the dog?""","""Look, sweetie, that beautiful bird is flying high in the sky, with its colorful feathers and wings flapping softly. Isn't it amazing how it can soar up there?""","""Look at the fluffy bunny hopping around, little one! It's so soft and hoppy, isn't it? Animals are so cute and fun!""","""Look, sweetie, there's a beautiful bird flying up high! It has pretty feathers and can sing beautiful songs for us to hear.""","""Look at the puppy, sweetie! It's bouncing around with its fluffy tail, and it's so happy to see us!""","""Look at that beautiful bird, sweetie! It's singing a lovely song and has soft feathers all over.""","""Sweetie, it's time to eat your yummy peas and carrots. They'll make you strong like a superhero!"""
"""Look at the cute, fluffy dog! The dog is barking happily. Do you see how the dog wags its tail? Let's gently pat the dog's soft fur together. Isn't the dog so soft and cuddly?""","""Look at those bright, colorful blocks, sweetie! They're so fun to stack and knock down!""","""Look at the bird, sweetie! It's a beautiful bird with feathers and wings. Birds fly high up in the sky and sing pretty songs.""","""Look at mommy and daddy, they love you so much and always want to play with you!""","""Look at the fluffy bunny hopping around, little one! Isn't it so cute when it hops like that?""","""Look at the cute puppy! Puppies are soft and playful animals. They love to wag their tails and bark when they're happy.""","""Look at our lovely family, sweetie! Mommy and Daddy love you very much, and we all play together, eat together, and hug each other!""","""Look at the fluffy, cute cat, sweetie! The cat is soft and purrs when you pet it gently.""","""Look, sweetie, here comes a big, yummy carrot! Let's eat it together, just like mommy and daddy do!""","""Look, sweetie, those colorful blocks are your new toys. You can build them into a big, tall tower or a little, cozy house. Let's give them a try!""","""Look at those juicy red tomatoes, sweetie! They're like little fireballs of goodness that we can chop up and mix with our tasty lettuce for a yummy salad. Let's make our taste buds dance with flavor!""","""Yummy, sweet banana! Want to eat the banana?""","""Look at these yummy, bright red strawberries! They're so sweet and juicy, and they make a yummy snack for us to enjoy together.""","""Look, sweetie, here's a yummy apple. It's red, round, and super crunchy! Do you want to take a bite and see how juicy it is? Yum!""","""Look at all the happy people in our family, sweetie! Your mommy, daddy, and little brother all love you so much.""","""Look at our lovely family, sweetie! We have mommy, daddy, and your big sister. Mommy and daddy love you very much, just like your sister does. Isn't it wonderful to have family?""","""Hey sweetie, come here! Let's explore the big, beautiful house together. We can touch the soft pillows on the cozy couch, and maybe we'll find a fun toy to play with. The house is like a big, comfy home where we can have lots","""Come here, sweetie! Look at all the fun toys! Let's pick out your favorite one and play together!""","""Hey sweetie, let's go explore our cozy home! Look, these big pillows are for our bed. See the pretty curtains? They're like magical windows to show us the lovely sunshine. And look at these colorful books on the shelf; they","""Look at our lovely family, sweetie! We have Mommy, Daddy, and your big sister, Lily. They all love you very much and are always there for you.""","""Look at that fluffy, cute cat! Its fur is so soft and it has big, cute paws. Do you want to pet the cat, sweetie?""","""Look at the cute dog, sweetie! The fluffy, furry friend wags his tail and loves to play with you.""","""Yummy yummy peas! Mommy is going to cook them with some tasty carrots. Eat up, little one, so your tummy gets happy and you grow strong!""","""Look at that beautiful bird up high, sweetie! Its feathers are so colorful, just like a rainbow. Birds like to sing and fly, don't they? Can you say 'bird'? Bird, bird, bird!""","""Look at that beautiful bird, sweetie! It's a robin with a bright red belly and it's singing a lovely song for us to hear!""","""Look at the cute little cat, sweetie! Its soft fur feels nice, doesn't it? The cat is playing with its yarn ball, just like we play with our toys!""","""Look at the fluffy, cute kitty cat, little buddy! The cat's paws are soft and cuddly, just like your favorite blanket. Isn't it adorable when the cat purrs and rubs its head against your hand?""","""Look at these yummy carrots! They're orange and crunchy. Let's eat them together!"""
"""Look at this cute little puppy, sweetie! See how it's wagging its fluffy tail and licking its paws? Puppies are so playful and love to cuddle with us.""","""Look, sweetie, the teddy bear is soft and cuddly, and the colorful blocks are fun to stack and play with!""","""Look at that beautiful bird, sweetie! Its feathers are so soft and pretty, and it's singing a lovely song for us to hear.""","""Look at mommy and daddy, sweetie! They love you so much and they're your family.""","""Look at the fluffy bunny hopping and playing, little one! Can you say 'bunny'?""","""Look at the cute little puppy with big, floppy ears and a wagging tail; let's say 'woof woof' together to make it happy!""","""Look at Mommy and Daddy, sweetie! They are your loving family, just like you are the best part of our big family!""","""Look, sweetie, this fluffy, cute little kitty cat is playing with a ball of yarn. It's so soft and cuddly, isn't it?""","""Look, sweetie, here comes your favorite yummy mashed banana! It's soft and sweet, perfect for you to eat and help you grow strong!""","""Come here, sweetie! Let's play with your favorite colorful blocks. Stack them up high and see how tall we can make it!""","""Look at those yummy carrots, sweetie! They're orange and crunchy. Let's try one together, and it's okay if it's not perfect!""","""Look, sweetie, here's a yummy apple. It's red and crunchy. We can slice it up and put it on your plate for lunch!""","""Look at those juicy, red tomatoes, little buddy! They're like tiny, round, red orbs of deliciousness. Want to help me slice some for our tasty tomato sandwich? Yummy!""","""Look at the yummy, colorful fruits and veggies on your plate! They're super tasty and help you grow strong and healthy. Let's eat them together, sweetie!""","""Look at mommy and daddy, they're our special family, always loving and caring for us, just like when we cuddle together under the blanket at bedtime!""","""Hey there, sweetheart! Look at your big brother and sister playing with your favorite toys. They're your family, and they love you very much!""","""Look, sweetie, this big house is where mommy and daddy live, and there are lots of rooms with comfy beds and fun colors, just for you to play and make friends!""","""Look at these cute little cars! Want to help me push them together and make a big train?""","""Hey there, sweetie! Come on over here, we're going to explore the house together! Look at the pretty walls, and then we'll find the cozy bed for a nice nap. Let's see if we can spot any fun toys in the living room, and don'","""Hey sweetie, today we're going to tell you all about our family. We're your mommy and daddy, and we love you so much. We also have your big brother, who's 9 years old, and your big sister, who's 7 years old.","""Look at the fluffy, cute kitty cat with soft fur, wiggling its little paws and purring, isn't it adorable?""","""Look at that adorable puppy! See how it wags its tail and barks with such big, happy sounds? Its fur is soft and fluffy, just like your favorite blanket. Do you want to pet it and say 'woof woof'?""","""Look at this yummy apple, sweetie! Can you say 'apple'? Yummy apples are so good for you and make you strong!""","""Look, little buddy, there's a beautiful bird in the sky, flapping its wings and singing sweet songs for us to enjoy!""","""Look, little buddy! See that big, beautiful bird with all the colorful feathers? That's a parrot. Parrots are amazing because they can talk and sing just like us!""","""Look at the fluffy, cute cat with big ears, kitty! The cat is purring and playing with a ball of yarn.""","""Look at the fluffy, cute cat with pointy ears and soft fur, little one! Can you say 'cat'? Let's gently touch its fur and feel how cuddly it is!""","""Yummy! Look at those bright, juicy apples, sweetie. Would you like to take a big bite and make them even more yummy?"""
"""Look at the cute little puppy! Puppy is a baby dog, isn't he? Can you say 'puppy'? The puppy's soft fur is so fluffy, and it wags its tail when it's happy!""","""Look at those bright, shiny toys, little one! Want to grab the soft, fluffy teddy bear?""","""Look, little buddy, there's a pretty bird with big, colorful wings. Its feathers are so soft and fluffy, like a cloud in the sky. The bird is singing a sweet song, don't you hear? It's singing just for you. Isn't it","""Hey sweetie, look at all the loving faces in our family! Mommy and Daddy, your big sister Emily, and Aunt Lily. We're all here to love and care for you.""","""Look at the fluffy bunny hopping over the grass, little one! The bunny's soft and white fur makes it look like a fluffy cloud in the meadow.""","""Look at the fluffy bunny hopping by, little one! It's so cute and soft to touch, just like your favorite teddy bear.""","""Hey there, little buddy! You know what? Your family is the best bunch of people. Mommy and Daddy are always there to hug you and make you feel loved, just like your favorite teddy bear. You have your siblings, too, who are like your superhero","""Look at the fluffy kitty, sweetie! The cat is purring and cuddly, and it's so soft to touch.""","""Look at these yummy carrots, sweetie! They're orange and crunchy. Let's try some together!""","""Look at all the cuddly teddy bears, sweetie! Let's play together and have so much fun!""","""Look, sweetie, the juicy red apple is so yummy and healthy! Want to eat some apple slices with your fingers?""","""Sweetie, it's time to eat your yummy apple and carrot, it's delicious and good for you!""","""Hey there, sweetie! Let's take a look at this yummy, juicy, red apple. It's as big as a fist! Want to help me slice it into pieces for our snack?""","""Yummy, sweet, juicy apple! Crunch, crunch, let's take a big bite, my little foodie!""","""Look at our family, sweetie! We have Mommy, Daddy, you, and your big brother, little sister, and me. We love playing, eating, and laughing together. Isn't it special to be part of this wonderful family?""","""Look, sweetie, your mommy and daddy are holding your big brother and sister. They love you very much, just like how I love you!""","""Look, sweetie, this is our home! It's where we live and have fun together. We have a cozy bedroom for sleeping, a lovely kitchen for making yummy snacks, and a big living room where we play and cuddle. Isn't it amazing","""Look at all these fun toys! Let's play with the soft, bouncy ball together. Can you bounce it gently for me?""","""Hey there, sweetie! Come on, let's go explore the lovely house, where we have cozy beds, yummy food, and lots of fun toys!""","""Look at mommy and daddy, we're a happy family that loves and cares for each other!""","""Look at the fluffy, cute cat with pointy ears and soft fur; it's purring and playing with its yarn ball.""","""Look at the fluffy dog wagging its tail and ready to play with us, sweetie. It's so happy to see you!""","""Look at these bright red apples, sweetie! They taste so yummy and crunchy when you take a big bite, just like a little tree!""","""Look, sweetie, that beautiful bird is singing a lovely song. See how it's flapping its wings up and down? Birds are so fun and colorful, aren't they?""","""Look at that beautiful birdie, sweetie! It's a fluffy, feathered friend flying high up in the sky!""","""Look at the fluffy, cute cat! The cat is sleeping on the soft, pink couch. Do you see the cat's big, round eyes? The cat's fur is as white as snow, and the cat's paws are soft and furry. Can you","""Look at the cute, fluffy cat! The cat is purring softly and has pointy ears. Can you say 'cat'? Good job! The cat is so soft and loves to play with yarn. Isn't that fun?""","""Hey there, sweetie! Look at all the yummy fruits and veggies on your plate. They are so bright and colorful, just like a rainbow. Eating them is like giving your tummy a big, healthy hug. Let's take a big bite and"
"""Look sweetie, see the puppy? Puppy is a cute furry friend. Puppy has soft fur and big, round eyes. Puppy barks when it wants to play or say hello.""","""Look at the bright, colorful toys, sweetie! Want to play with the soft, fluffy bear or the bouncy ball?""","""Look at that little birdie! It has feathers like a fluffy teddy bear and it's singing a sweet song. Isn't that so cute?""","""Look at mommy and daddy, sweetie. They love you so much, just like I do. You're my precious little one, and we are all a happy family!""","""Look at the fluffy bunny hopping around, little one! See how it jumps so high? Let's say 'hoppity bop' together when it hops!""","""Look at the fluffy bunny hopping around in the garden, sweetie! It's so soft and cute, isn't it?""","""Look at the big, smiling faces of our family! Mommy and Daddy love you so much, just like the way Grandma and Grandpa love you too. You're our special little one!""","""Look at the cute little cat, sweetie! The cat is furry and soft, and it loves to play with yarn. Can you say 'cat'? That's right, cat! The cat says 'meow.' Isn't the cat adorable?""","""Look, sweetie, here's a bright red apple. It's so crunchy and yummy, and we can bite into it together. Would you like to try some apple slices?""","""Look at the big, fluffy teddy bear! It's soft and cuddly, just like your mommy's hugs. Want to give it a gentle squeeze and hear the 'hug' sound it makes?""","""Yummy apples, sweet and crunchy, we'll eat them all together, little one!""","""Look at the yummy-looking apple, little buddy! It's as sweet as candy, but we eat it to stay strong and healthy. Mama will slice it up for us, and we'll all eat together with our big, lovely fork. Isn't it fun to","""Hey there, little buddy! Today we're going to eat yummy peas and carrots. They're super green and orange, and they make you strong and healthy!""","""Look at these yummy little carrots, sweetie! They're crunchy and orange, and they're going to make your mouth water. Want to try one? It's so good!""","""Hey there, little buddy! You know what? Family is super special. It's like a big, warm hug that keeps us all together, just like how mommy and daddy and your sister all hug you when you're feeling a bit shy or scared.""","""Look at our family, sweetie! There's Mommy, Daddy, your big brother, and your little sister. We love each other so much and always share our toys and laugh together.""","""Look at our beautiful house, sweetie! It's where we live, play, and eat yummy snacks. Let's go inside and find our cozy bed to sleep in!""","""Hey there, little buddy! Look at all these awesome toys! Wanna play with the fluffy teddy bear or the shiny, colorful blocks?""","""Look at the big house with lots of windows and doors! The roof is shaped like a triangle, and the walls are all painted blue and yellow. Inside, there are cozy beds, yummy food, and lots of fun things to play with!""","""Hey sweetie, guess what? Mama, Daddy, and Big Brother love you so much. They're like your favorite superheroes, always protecting and playing with you!""","""Look at the fluffy, cute cat, sweetie! Can you say 'cat'? The cat is purring and playing with a ball of yarn.""","""Look at the cute dog! It's barking and wagging its fluffy tail. Let's give it a big, friendly hug, little buddy!""","""Yummy yummy food! Look, sweetie, these juicy red tomatoes are just for you to eat and they make your tummy happy and full!""","""Look at the beautiful bird, sweetie! It's sitting on a branch, singing a lovely song with its tiny beak. Isn't it pretty?""","""Look, sweetie, there's a beautiful bird up in the sky, with its feathers all colorful and pretty, just chirping a lovely song for us to enjoy!""","""Look at that cute fluffy cat, sweetie! See how it's purring and playing with its favorite toy mouse?""","""Look at the fluffy, cute cat with pointy ears and soft fur. It's purring softly as it loves to play with its yarn ball.""","""Yummy, sweetie! We're going to have a juicy red apple. It's as crunchy as a crunchy crunch. Do you want to hear the apple sizzle as it goes into the sizzling pan?"""
"""Look at the fluffy, friendly dog wagging its tail and playing with its toy, little one!""","""Look at those bright, bouncy bubbles! They're ready to pop and play. Shake them gently and watch them dance!""","""Look at the beautiful birdie! See how it flaps its wings and flies up high in the sky, just like we do when we fly with our airplane toys. Isn't that amazing?""","""Look at our family, sweetie! Mommy and Daddy love you very much, and we are all together to keep you safe and happy.""","""Look, sweetie, there's a fluffy bunny hopping over! Bunny, bunny, wiggly wiggly!""","""Look, sweetie, that fluffy bunny hopping over! Can you say 'bunny'? Fluffy bunny, hopping!""","""Hey sweetie, look at mommy and daddy holding hands! They're your family, and they love you so much!""","""Look at the cute, cuddly kitty cat, little buddy! Its fur is as soft as a cloud and it's purring happily. Can we say 'meow' like the cat?""","""Look at the yummy apple! This is red and crunchy. You can take a big bite and see how sweet and juicy it is!""","""Look at all those bright, fun toys, sweetie! Let's pick your favorite car and play together!""","""Yummy yummy, sweetie! This apple is so crunchy and juicy. Would you like to take a big bite?""","""Yummy yummy food, sweetie pie! Here's a big, colorful apple, so crunchy and juicy, just perfect for you to eat and make your tummy happy!""","""Look at these bright red strawberries, sweetie! They're yummy and good for you, just like your favorite superhero fruits. Would you like to try one?""","""Look at these yummy apple slices, sweetie! Let's take a big, healthy bite together!""","""Sweetie, it's time to say hi to our mommy and daddy, and remember, you're their super special little one!""","""Hey there, sweetie! You know, mommy and daddy love you so much. We're your family, just like how your favorite toys are your friends. Remember, we're always here for you, no matter what!""","""Come here, sweetie! Look at this big, beautiful house where we all live. The roof is like a cozy blanket keeping us warm, and the walls are like soft hugs around us. Isn't it wonderful to have a safe and happy home?""","""Look at all these amazing toys, sweetie! You can play with the big, soft teddy bear, or stack the colorful blocks to make a tower. Let's pick one and have a fun playtime together!""","""Come here, sweetie! Let's go look at the pretty house with the big windows and the friendly door. We'll see the pretty flowers in the garden and maybe even some birds flying by!""","""Look at our beautiful family, sweetie! We have mommy, daddy, grandma, grandpa, and you. Everyone loves each other, just like we do.""","""Look at the cute, cuddly kitty cat with soft, fluffy fur, and remember, she says 'meow' when she's happy!""","""Look at the big, fluffy dog! He's so playful and loves to wag his tail when he's happy. Isn't he a cute and friendly pup?""","""Yummy, sweetie, look at the colorful vegetables on your plate. Eat them up, they're good for your strong body and healthy bones!""","""Look, sweetie, there's a beautiful bird in the sky! It has feathers and a funny little beak. Can you say 'bird'? Let's watch it fly and sing.""","""Look at the pretty bird, sweetie! It has colorful feathers and loves to sing sweet songs in the sky.""","""Come here, sweetie, look at this fluffy cat. Its fur is soft like a cloud and it's purring softly, just like a little engine going 'vroom-vroom'.""","""Look at the fluffy, cute, little kitty cat, purring and playing with its yarn toy, isn't it so cuddly and fun?""","""Look at the bright, yummy carrots! They're crunchy and good for your eyes, sweetie!"""
"""Look at the puppy, sweetie! This cute little fluffy dog wags its tail and barks when it's happy.""","""Look at the colorful blocks, little one! You can stack them up high!""","""Look at the beautiful bird, sweetie! The bird is so colorful and chirpy, isn't it?""","""Look at us, sweetie! We are family. Mommy and Daddy love you very much and we're all together like a big, happy team.""","""Look at the cute little puppy, sweetie! It's barking happily in the yard, isn't it so fun?""","""Look at the bouncy bunny hopping around, little one! It's so soft and fluffy, just like your favorite teddy bear.""","""Hey sweetie, do you see our family? Mommy and Daddy love you so much, and we're all together, just like a big, happy puzzle with you!""","""Look at the fluffy cat, sweetie! It's purring and playing with a ball of yarn. Isn't it cute and cuddly?""","""Look, sweetie, here's a yummy apple, just like the ones in your picture book. This one's a little ripe and will taste super sweet and crunchy!""","""Oh, look at those soft, cuddly teddy bears! Let's gently lift one up and pretend it's our friend for a hug.""","""Look at these yummy, colorful fruits and vegetables! We're going to eat a juicy, sweet apple and some crunchy, crisp carrots together.""","""Look, sweetie, here's a yummy apple. It's red and crunchy, and it's good for you! You can take a bite when we're ready!""","""Look at those yummy, bright red tomatoes! They're so juicy and sweet, just like the fresh strawberries we had for dessert. Can you smell how delicious they are? Let's help mommy wash them and make a yummy salad together!""","""Look at this yummy apple, sweetie! It's red and crunchy. Let's take a big bite, and I'll show you how to chew it into little pieces.""","""Look at our family, sweetie! Mommy and Daddy are here, and we all love and take care of each other, just like the stars in the sky.""","""Look at the smiling family! There's Mommy, Daddy, and your big sister. They love you so much and always play with you.""","""Hey there, sweetie! Let's go on a little adventure through our magical house, where the soft couch is just for cuddling, the tall bookshelf holds all of your favorite stories, and the big kitchen helps make yummy snacks for us to enjoy together!""","""Look at these bright, bouncy balls! They're ready for you to toss and catch. Isn't it fun to play with them together?""","""Look, sweetie, we're inside the house, a big and cozy place where we have lots of space to play and where Mommy and Daddy live with us.""","""Look at our lovely family, sweetie! We have Mommy, Daddy, and your big brother, Ethan. They love you very much, just like I do!""","""Look at the cute little cat, sweetie! Its fur is soft as a fluffy cloud and it's purring, which means it's super happy to see you.""","""Look at the happy dog, little one! The dog has soft fur, wags his tail, and loves to play with you. Isn't he a cute and friendly friend?""","""Hey sweetie, look at these yummy, colorful veggies on your plate. Try them and you'll see they taste so good!""","""Look at the beautiful bird, sweetie! It has feathers and it can fly. Isn't that amazing? Can you say bird?""","""Look at that pretty bird, sweetie! It's flapping its wings and singing a lovely song. Isn't it fun to watch?""","""Look at that fluffy, cute kitty! The cat is purring softly and playing with its yarn toy.""","""Oh look, sweetie! That's a fluffy, cute cat! See how it's purring and playing with a ball of yarn. Isn't it a little furball with soft whiskers and a tiny tail? Isn't it wonderful how it's always","""Look at this yummy, ripe, juicy apple, sweetie! It's red and shiny, and it tastes so good when you take a big bite!"""
"""Look at this cute little puppy! Woof woof, do you see its soft fur? Let's say 'dog' together. D-o-g, dog!""","""Look at this bright, colorful teddy bear, sweetie! It's soft and fluffy, and it's here just for you. Let's give it a gentle hug together!""","""Look, little one, see that bird up in the sky? It's a pretty little bird with feathers and wings. The bird is singing a happy song for us to enjoy.""","""Look at those big, smiling eyes, sweetie! Those are your lovely family members, like Mommy and Daddy, who are always there for you.""","""Look at the fluffy bunny hopping around, little one! Isn't it so soft and cute?""","""Look at the fluffy bunny hopping around, little one! See how it hops and eats carrots? Bunnies are so soft and cute, aren't they?""","""Hey sweetie, look at our big, beautiful family! We have Mommy, Daddy, and your little brother or sister. They all love you so much, just like we do!""","""Look at the cute, fluffy cat! It has soft fur, tiny ears, and a long, pointy tail. The cat says 'meow' and loves to play with its toys. Can you say 'cat'?""","""Look at these yummy, ripe, red strawberries, sweetie! They're as soft as a pillow and taste like a little bit of sunshine on your tongue!""","""Look at the big, colorful teddy bear! Want to give him a hug? He's so soft and fluffy!""","""Look at those yummy cookies, sweetie! They're so soft and chewy, and they make us feel happy when we eat them together.""","""Yummy! Here's some bright red apples, little buddy. They're crunchy and sweet. Eat them carefully, one bite at a time. You're so strong, you can chew it all!""","""Look, sweetie, we have some delicious apple slices to eat! They're red and crunchy, and we can munch on them slowly together.""","""Hey there, little buddy! Do you want to eat some yummy apple slices with your favorite peanut butter? They're sweet and crunchy, and they make you strong and healthy!""","""Look, sweetie, there's Mommy and Daddy, your loving parents, who always keep you safe and happy. They love you more than all the stars in the sky!""","""Hey there, little buddy! Look at those happy faces! Those are your mommy, daddy, and grandma! They love you so much and always play with you. Can you say 'family' with me?""","""Look at our lovely, cozy house, sweetie! It's painted bright yellow and has a big, fluffy roof to keep us warm and dry.""","""Look at all these wonderful toys, sweetie! This big, soft teddy bear is ready for a cuddle, and these colorful blocks can build a grand castle together!""","""Look at our lovely house, sweetie! It's a big, warm place where we all live together, and we have cozy rooms just for sleeping and playing.""","""Look at all these lovely people in our family, sweetheart! This is Mommy and Daddy, and this is your big brother/sister. We all love you very much!""","""Look, sweetie, this is a fluffy, cute, and playful kitty cat, with soft fur and purring sounds when it's happy and content.""","""Look at the cute little puppy, sweetie! It's a dog. Dogs like to play fetch with their favorite toy, and they give us lots of love and cuddles. Let's watch the puppy together!""","""Look at the yummy, colorful fruits and veggies on your plate, little one! Eat up to be strong and grow big and tall!""","""Look at that beautiful bird with its colorful feathers! Birds fly high in the sky and sing sweet songs for us to enjoy.""","""Look at that beautiful bird, sweetie! It's called a robin. Robins are bright red birds with a sweet little song. They love to hop around and find bugs to eat. Isn't that fun to watch?""","""Look at the cute, fluffy kitty cat! This little furry friend is purring softly and likes to play with yarn balls.""","""Look at the cute, fluffy kitty with soft, striped fur, little buddy. It's a cat and it likes to purr and play with yarn, just like we play with your toys.""","""Look at these bright, crunchy carrots! Eat them up, sweetie, they'll make you strong and healthy."""
"""Look at the adorable little puppy, my sweetie! Puppies are so cute and fluffy. They wag their tails and bark to say hello, just like when you giggle and coo at me. Isn't it wonderful when a little furry friend comes","""Look at the bright, colorful toys! They're so fun to play with, sweetie!""","""Look at the beautiful birdie, sweetie! It's chirping a lovely song, isn't it? Can you hear how happy it is to sing for us?""","""Hey, sweetie, it's your time to play with your family! Mommy loves you, and so does Daddy. Your little sister is here too, and we all play and laugh together.""","""Look at the cute little bunny hopping around, hoppity-hopping!""","""Look at the fluffy kitten, sweetie! It's so soft and cuddly, just like a tiny ball of yarn!""","""Hey there, sweetie! It's time to say hello to mommy and daddy! They love you so much, just like I do. We're all a big happy family!""","""Look at the cute little kitty cat, little one! The caterpillar cat is purring and wants a friendly pat.""","""Sweetie, it's time to try some yummy carrots. They're orange and crunchy, just like the sun! Yummy yummy!""","""Look at those colorful blocks! Want to play with them? Let's build a tower together!""","""Look, sweetie, this yummy apple is red and crunchy. It's a superhero fruit that gives you energy to play!""","""Look, sweetie, here's your yummy apple! It's red and crunchy, perfect for your teeth to munch on!""","""Look, sweetie, these are carrots! Carrots are crunchy and orange, and they make your eyes see better!""","""Look at the yummy yummy food! It's tasty and good for you, little one!""","""Hey sweetie, look at all the love we have in our family! Mommy and Daddy, your big brother and sister, and we all stick together like a big, happy family!""","""Hey sweetie, guess what? Today we're going to talk about our family. Do you remember how many people are in our family? That's right, there's Mommy, Daddy, and your two big brothers. We're all a big, happy family, and we","""Come here, sweetie! Let's explore the house, where the cozy bed is for sleeping and the shiny fridge keeps our yummy snacks cold.""","""Hey there, sweetie! Look at all these wonderful toys! Would you like to play with the soft teddy bear or the shiny, colorful building blocks? They're waiting for you to have fun!""","""Look at the big, beautiful house, sweetie! It's where Mommy and Daddy live and we play with your toys inside!""","""Look at the smiling faces of mommy and daddy, sweetie! They love you so much, just like a big, cozy blanket keeps you warm and safe.""","""Look at that fluffy, purring kitty, sweetie pie! Its soft fur is as white as snowflakes, and it loves to play with its yarn toys. Let's give our kitty a gentle pet, and maybe it'll purr a","""Look, sweetie, there's a fluffy dog wagging its tail and ready to play with you! It's a big, happy dog that loves to be your friend.""","""Sweetie, it's time to eat, let's have some yummy fruit and crunchy veggies, yum!""","""Look at that beautiful bird, sweetie! It's singing a lovely song and flying high in the sky. Isn't it fun to watch it twist and turn through the air?""","""Look, sweetie, there's a pretty bird with colorful feathers and a cute little beak. It's singing a lovely song just for you!""","""Look at the fluffy, cute cat! See how it purrs and cuddles? Cats are soft and playful, just like your favorite teddy bear!""","""Look at the cute, fluffy kitty cat, little buddy! It's soft, warm, and loves to purr and play.""","""Hey there, little buddy! Want to try some yummy carrots? They're orange and crunchy, just like a little orange stick. And look, there's a big, juicy apple. It's red and crisp, just like a red apple in your"
"""Look at the fluffy, cute dog wagging its tail! The dog is so friendly and playful, let's say 'woof woof' together.""","""Look at the cute little bunny toy, sweetie! Want to play with it together?""","""Look at that beautiful bird with its bright feathers, little one. It's singing a lovely song for us.""","""Look at mommy, your favorite person, holding you tight in her arms. You're a happy baby, and you're part of our lovely family!""","""Look at the bunny, my love! See how it hops around so fast? The bunny is soft and fluffy, and it has long ears. Isn't it so cute?""","""Look at the cute puppy! He's so soft and fluffy. Can you say 'woof woof' like the puppy? The puppy says 'woof woof'!""","""Look at those big smiling faces! That's mommy and daddy, and that's you with your big, beautiful smile, my little sunshine!""","""Look at the fluffy, cute kitty cat, little one! See how it purrs and playfully jumps around with its soft, white fur?""","""Look at these juicy red apples, little buddy! They're so sweet and crunchy, and we can cut them into fun shapes for you to eat!""","""Look at the pretty, colorful blocks, sweetie! Can we stack them together like a tower? Let's put them here, and we can knock them down together. Oh, what a fun game!""","""Yummy yummy food, sweetie! Let's try some fun, crunchy carrots today. They are orange and super healthy for you.""","""Hey there, sweetie! Look at the juicy red tomatoes. They're like little suns that make our salads yummy!""","""Look at the yummy red apple, sweetie! It's so juicy and crunchy. Yum!""","""Look at these bright red tomatoes, sweetie! They are so juicy and yummy, just like the strawberries we shared yesterday!""","""Hey sweetie, guess what? Today we're going to meet grandma and grandpa! They're our family's superheroes, always giving us lots of love and fun stories to share!""","""Look at our happy family, sweetie! Mommy, Daddy, and little brother are all here, and we love playing together and snuggling up for bedtime stories!""","""Look, sweetie, our cozy house is filled with fun colors, big windows, and a sweet smell from the kitchen!""","""Oh, look at these big, fluffy stuffed animals! Let's play and make them dance together, shall we?""","""Come here, sweetie! Let's look at this big house where Mommy and Daddy live. Can you see the windows? They let the sunshine come in and make it bright. Oh, and look at the doors! They open and close to let people in and out. And this","""Hey sweetie, it's time to see mommy and daddy again. We're family, and that means we love each other very much.""","""Come here, sweetie, let's see this fluffy kitty cat. Look at those cute little paws and ears. Isn't it fun to watch her play and purr?""","""Look at the adorable little dog, sweetie! He has soft fur and a fluffy tail. The dog is wagging his tail because he's happy and wants to play with you!""","""Yummy, look at those bright, juicy red tomatoes! They're going to make our sandwich extra tasty. Can you say 'tomato' with me? Tomahto, tomahto, let's enjoy our healthy snack together!""","""Look, sweetie, there's a beautiful bird! It's a robin, and it has a red breast and is singing a lovely song for us!""","""Look at the beautiful bird with its bright feathers, little one! Can you hear its cheerful chirping as it flies high up in the sky?""","""Look at the cute little cat, sweetie! It's so soft and fluffy, just like a big, furry pillow. The cat is chasing its tail, isn't that funny? Can you say 'cat'?""","""Look, sweetie, this fluffy little kitty is purring softly, like a gentle tummy rub, while it plays with its toys.""","""Look at this yummy apple! Can you say 'apple'? Yummy apple!"""
"""Look at the cute puppy, little one! See how it wags its tail and barks so happily? It's a funny little dog, isn't it?""","""Look at this pretty ball! Can you say 'ball'? It's soft and round, and we can roll it together. Want to play with the ball?""","""Look at the pretty bird with the big beak and colorful feathers! The bird is singing a lovely song for us.""","""Look at our family, sweetie! We're your mommy and daddy, and we love you so much. We have big brother Tom and little sister Lucy. They're both so funny and playful. We're a team, just like you!""","""Look at the cute little kitten, sweetie! It's soft and fluffy, just like a big, cuddly pillow. Do you see how it purrs when you pet it? Animals are so special, aren't they?""","""Look at the cute little puppy, sweetie! Puppies are such fun animals, don't they? They like to play and run around. Let's say 'puppy' together and watch it wag its tail!""","""Look at you, little one! You have a big family that loves you so much, with mommy, daddy, and your cuddly toys.""","""Look at the fluffy, cute cat, sweetie! Its soft fur is as white as snow, and its paws are paw-some for playing with you. Isn't that a cute little kitty?""","""Look at these yummy carrots! They are orange and crunchy, and they taste like little suns. You can help me eat them!""","""Look, sweetie, we have your favorite soft bear and colorful blocks to play with. Let's go and pick your favorite one!""","""Look at the yummy apple, little buddy! It's red and crunchy. Want to take a bite? Yum!""","""Look at the yummy, red apple, sweetie! It's juicy and crunchy, perfect for taking a big bite and chewing with your strong teeth. Yum!""","""Look, sweetie, these are some yummy apples. Let's eat them together!""","""Yummy yummy, sweetie! This is a crunchy carrot. It's orange and good for your eyes! Let's eat it together, shall we?""","""Look at mommy and daddy, they are our family. We love them and play with them every day.""","""Look at your big brother, he's holding your favorite teddy bear. Can we give him a big hug and tell him we love him?""","""Hey sweetie, let's play 'House'! Look, this is a cozy little bed for sleeping, this is a big comfy couch to sit on, and this is a yummy kitchen where we make delicious snacks. Remember, there's a warm fire","""Look at those colorful toys, sweetie! There's a soft teddy bear, a shiny ball, and a funny robot. Let's play with them together!""","""Come here, sweetie! Let's play with your toy blocks and build a big, beautiful house for our stuffed animals to live in.""","""Look at us, sweetie! We are your family, and we love you so much, just like the sun loves to shine and make everything bright and happy!""","""Look, sweetie, that cute little cat is sitting right there. See how it's purring and curling up into a cozy ball? Isn't it adorable?""","""Look, sweetie, there's a friendly dog wagging its tail and ready to play with you!""","""Yummy, sweet, and crunchy carrots! They are like orange sticks that you can chew and help your eyes see better!""","""Look at the bird, sweetie! It's singing a beautiful song and flapping its wings so fast, just like you do when you wave goodbye to me!""","""Look at that beautiful bird, sweetie! It has soft, fluffy feathers, and it's hopping around on the branch, singing a happy song for us to listen to.""","""Look at the cute, soft furry cat, little one! The cat is so fluffy and white, just like your favorite teddy bear!""","""Oh look, little buddy! There's a cute, fluffy cat sitting on the windowsill. The cat is soft, purring, and has pointy ears. Isn't it cute? Can you say 'cat'?""","""Look at the yummy, ripe, red apple on the plate, sweetie! Shall we take a big, juicy bite together?"""
"""Look at this sweet puppy, little one! It's a cute, cuddly furry friend who loves to play and wag his tail when he's happy. Can you say 'puppy'?""","""Look at the pretty, colorful toys, sweetie! Let's play with them together, okay?""","""Look at that beautiful bird, sweetie! It's a robin, and it's singing a lovely song just for you!""","""Look at our lovely family, sweetie! You have mommy, daddy, and little brother/sister who all love you so much. Isn't it wonderful having all of you together?""","""Look at the cute little puppy, sweetie! It's so fluffy and wants to play with you.""","""Look, sweetie, this is a bunny, and it's hopping around the garden. See how it hops? The bunny is so fluffy and cute!""","""Hey sweetie, let's go visit grandma and grandpa. They're going to hug you and read you a fun story together!""","""Look at the fluffy cat, sweetie! See how it purrs and plays with its yarn ball. Want to say 'kitty' with me?""","""Look at those yummy, bright red tomatoes! Want to try some for your tummies? Yummy, yummy, yummy!""","""Look at all these fun toys! This one is a shiny red ball and it's very bouncy. The teddy bear is soft and cuddly. We're going to play with them together!""","""Yummy yummy fruit! The red apple is sweet and crunchy, and the green grapes are juicy and yummy too!""","""Look, sweetie, here's a yummy banana for you! It's soft and squishy, perfect for a little tummy.""","""Yummy, sweet, juicy apple! Can you help me eat it, little buddy?""","""Look at the yummy carrots on your plate! They are orange and crunchy, and they will make your eyes see better!""","""Hey sweetie, look at mommy and daddy, your loving family, taking care of you and always being there for you.""","""Look, sweetie, this is mommy and daddy, and we are your family, and we love you so much!""","""Hey sweetie, look at our beautiful home! The house has a big, cozy living room where we love to play, and the kitchen is where yummy snacks are made. There's a tall, shiny chimney where smoke goes, and a friendly garden outside with pretty flowers and squ","""Look at these colorful blocks! Want to stack them up high and build a tower? You can place the red block on top of the blue one!""","""Look, sweetie, this is your cozy house! It's got a big, warm bed for sleeping, a kitchen with yummy food, a bathroom for splashing, and lots of rooms to play in. Let's go explore, okay?""","""Hey there, sweetie! Look at the big, happy family we have. Mommy and Daddy are right here, and we're all here together like a big, warm hug!""","""Look at the fluffy cat, sweetie! The cat has soft fur and cute whiskers. It's purring and wants to play with us. Isn't it cute?""","""Look at the cute little dog, sweetie! It's so soft and fluffy, and it wags its tail when it's happy. Can you say 'dog'? Yes, that's right! Good job! The dog is a great friend and we can play with it together","""Hey there, sweetie! It's time to eat your yummy veggies, because they're like superheroes for your body, helping you grow strong and healthy. Let's have some fun with our food and make it colorful on your plate!""","""Look at that beautiful birdie! It's flying up high in the sky. Its feathers are so colorful, like a rainbow!""","""Look at the pretty birdie, sweetie! It's flapping its wings and singing a lovely song!""","""Look at the fluffy cat with pointy ears and soft fur, kitty, it's purring and wants to cuddle with you!""","""Look at the fluffy, cute cat! See how it's purring and cuddling? Let's say 'meow' together and give it a gentle pat on the head.""","""Look at the yummy, colorful fruits and veggies! They're so tasty and good for you, little buddy. Let's try some fun, healthy foods together!"""
"""Look sweetie, there's a fluffy, playful dog with wagging tail and soft fur, saying 'woof woof' for us!""","""Look at those bright, colorful toys! They're so soft and fun to touch, aren't they? Let's see which one you like best, sweetie!""","""Look, sweetie, there's a pretty bird flying in the sky. Its wings are flapping, and it's singing a lovely song. Can you say bird?""","""Look at mommy and daddy, sweetie! They are your family, and they love you so much!""","""Look at the bunny hopping! Hoppity, hop, hop! Do you see how soft its fur is? Shh, bunny, it's sleeping now.""","""Look at the puppy, little one! It's so soft and cute, wagging its fluffy tail!""","""Look, sweetie, these are our family members. Your mommy and daddy are here, and they love you so much. We are a big happy family!""","""Look at the fluffy, cute cat! The cat is soft like a pillow and has pointy ears. Can you say 'cat'? The cat is meowing for our love and playtime.""","""Look, sweetie, here's a big, red apple! It's yummy and crunchy. Do you want to try a little piece? Yummy, yummy!""","""Look at all the soft, colorful teddy bears! They're ready for you to snuggle and play. Can you find the one with the shiny buttons?""","""Look, sweetie, here's a yummy carrot, it's bright orange and crunchy! Eat it, and you'll grow strong and healthy, just like a superhero!""","""Hey there, sweetie! Look at these bright, red tomatoes! Yummy yummy! Let's pick them and make a delicious, juicy sandwich together!""","""Yummy, sweetie! Look at these juicy, red strawberries, all ripe and ready for you to taste. Can you say 'strawberries'? They're so yummy!""","""Hey there, sweetie! Do you want to eat a yummy banana?""","""Look, sweetie, Mommy and Daddy are your family. We love you and always here for you.""","""Sweetie, guess what? Grandma and Grandpa, your Nana and Poppy, are coming to visit us next week! They're going to bake us some yummy cookies and tell us some fun stories!""","""Come here, sweetie! Let's go look at the big, beautiful house with the pretty flowers and the cozy living room. Can you say 'house'? Awesome job!""","""Look at those bright, fluffy teddy bears and see the colorful, bouncy balls waiting for us to play with!""","""Hey sweetie, look at our cozy house! It's big and bright, with lots of room for you to play and grow. Inside, we have our own special place to sleep, a kitchen where we cook yummy food, and lots of toys for fun. And don't forget","""Look at our happy family, sweetie! We have Mommy and Daddy, and we all love you so much!""","""Come here, sweetie! Look at this fluffy cat, so soft and cute, with tiny paws and big, round eyes, wagging its tail to say hello!""","""Look at that cute little dog, sweetie! See how it's wagging its tail? That's because it's happy and wants to play with you!""","""Hey there, sweetie! Time to eat some yummy, crunchy carrots. They're orange and super healthy for your eyes!""","""Look at the pretty bird with colorful feathers. It's singing a sweet song for us to enjoy!""","""Look at the birdie, sweetie! It's so fluffy and soft. The birdie is singing a lovely song for us to hear. Isn't it amazing how the birdie can fly high up in the sky?""","""Look at the fluffy, cute cat, sweetie! Its fur is so soft, and it has a little nose and big ears. Can you say 'cat'?""","""Look at the cute little cat, sweetie! It's fluffy, soft, and purring loudly. The cat's tail is wagging and it's playing with its favorite toy. Isn't the cat so adorable?""","""Look at these yummy, colorful carrots! Eat them up, sweetie, they'll make your eyes sparkle like the stars!"""
"""Look at the cute little puppy, sweetie! It's a fluffy, furry friend with big, round eyes and a wagging tail.""","""Look at these pretty, shiny toys, sweetie! The soft, fluffy teddy bear is your new friend, and the colorful blocks are ready for you to stack and knock down. Let's play and have fun together!""","""Look, sweetie, a beautiful birdie! It has pretty feathers and a chirpy song. Let's watch it fly high up in the sky and sing a happy tune for us!""","""Look at us, little one! We're your family, mommy and daddy, and we're here to love and care for you every day!""","""Look, sweetie, this is a cute little puppy! Puppies are furry, and they love to play with balls. Can you say 'puppy'?""","""Look, little buddy, see the fluffy bunny hopping around? Bunnies love to hop and eat carrots, just like you love to hop on your tiny feet and munch on your yummy veggies!""","""Hey sweetie, you know mommy and daddy are our family. They love you so much, just like your favorite teddy bear.""","""Look at the fluffy, cute cat! The cat has soft fur and paws to play with. Can you say cat?""","""Look at the yummy apple, sweetie! It's red like your favorite toy. We're going to bite into it together and feel the crunchy goodness!""","""Look at all the colorful toys, sweetie! Want to play with the soft teddy bear or the bouncy ball?""","""Look at these bright, juicy red strawberries! They're so sweet and soft. Let's give them a gentle bite and taste how yummy they are!""","""Look, sweetie, we have yummy carrots here! They're orange and crunchy. Let's try some together, okay?""","""Yummy yummy, look at the juicy red tomatoes on our plate! They're so soft and squishy, and they taste just like sunshine on your tongue!""","""Look at the yummy yumpy yellow banana! It's just the right size for your hands, sweetie! Peel it carefully, and enjoy your tasty treat!""","""Hey sweetie, you know how we're all a part of our family, right? Just like mommy, daddy, and you. We all love and care for each other, just like we share our toys and laugh together. That's what makes our family so special!""","""Look at our family, sweetie! We're Mommy, Daddy, and your big brother, little sister, and you, our precious little one. We love you so much!""","""Look at our beautiful house, sweetie! It's big and cozy, with a lovely red door. Come, let's play hide-and-seek in our warm, comfy living room, surrounded by your favorite toys!""","""Look at all these bright, fun toys! Let's play together, sweetie. Which one do you want to pick up first?""","""Hey there little buddy, do you want to go on a little adventure around our house? Look, there's the kitchen where we cook yummy food, the living room with all our toys, and the bedrooms where we sleep. Let's start at the front door and explore each","""Hey there, sweetheart! You know, our family is like a big, loving team, just like superheroes. Mommy and Daddy, that's us, are here to help you grow and play. Your big brother, Max, and sister, Lily, are like","""Look at that fluffy, cute cat! See how it purrs and loves to play with yarn? Let's go gently say 'hello' to our new furry friend.""","""Look, little buddy, here's a fluffy, happy dog wagging his tail because he loves you!""","""Look at these yummy, bright red apples! They're so crunchy and sweet, just like your favorite snack!""","""Look at that beautiful bird, sweetie! It's chirping and hopping around with its fluffy feathers. Isn't it just the cutest thing?""","""Look, sweetie, there's a pretty bird up high in the sky! It has colorful feathers and a beautiful song. Want to hear it chirp?""","""Look at the cute little kitty, sweetie! This furry little fluffy ball is called a cat, and it purrs and meows. Can you say 'cat'? C-A-T, just like meow!""","""Oh, look at the fluffy, cute kitty cat! Meow! Can you say 'cat'? Meow, cat!""","""Look at this yummy, colorful, and tasty fruit salad, sweetie! It has juicy, sweet, and crunchy apples, ripe, soft, and juicy strawberries, and bright, crisp, and tangy oranges. Isn't it"
"""Look at the fluffy, friendly dog wagging its tail, sweetie. The dog is barking and running around, and it's so happy to see us.""","""Look at the colorful teddy bear, sweetie! This soft, fluffy toy is waiting for you to give it a gentle hug. Want to play with your favorite bear now?""","""Look at the beautiful bird, sweetie! It's chirping and flitting around. Let's wave hello to our feathered friend!""","""Hey there, sweetheart! Look at mommy and daddy, your favorite family! They love you so much and always hold you close. You're our little bundle of joy, aren't you? Let's hug them tight and tell them we love them too!""","""Look at the bunny hopping, little one! The fluffy bunny is so cute and playful!""","""Look at the fluffy bunny hopping around, little buddy! The bunny is so cute with its soft ears and twitchy nose.""","""Look at the family picture, sweetie! Mommy, Daddy, and you, all together, happy and strong!""","""Look at the cute little cat, sweetie! The fluffy furry cat is purring and playing with a ball of yarn.""","""Sweetie, it's time to eat, let's have some yummy carrots and delicious peas.""","""Look at the pretty, fluffy teddy bear, sweetie! Want to give it a big, huggable hug?""","""Hey there sweetie, let's eat yummy carrots and juicy apples. Yum, yum!""","""Look at those yummy carrots, sweetie! They're orange and crunchy, and they're good for your eyes. Want to try one and see if you like it?""","""Look at the yummy fruit, sweetie! It's a juicy red apple, perfect for taking a big crunchy bite!""","""Sweetie, look at these yummy carrots and peas! They are so good for you, just like the superheroes you love!""","""Oh, look, sweetie, there's Mommy and Daddy! They're your family, and they love you so much, just like I do. They're always there for you and always ready to play with you. Isn't that wonderful?""","""Look at mommy and daddy holding hands, sweetie. They're your parents who love you very much and will always be there for you!""","""Come here, sweetie! Look at our beautiful home, where we have a cozy bed, fun toys, and yummy food to eat. Let's go inside and play together!""","""Look at all the colorful toys, little buddy! You can play with the soft teddy bear, stack the colorful blocks, or hop on the bouncy ball. Let's make sure we put them away when we're done, so our toys stay happy and tidy.""","""Look at the big, beautiful house we live in, sweetie! It has a red door, a white roof, and lots of windows. Let's go inside and explore!""","""Look at our family, sweetie! We're all special, just like you. Mommy loves you, and Daddy loves you, and we love you too!""","""Look, little buddy, this is a soft and cuddly cat. It has furry fur, tiny paws, and a cute little tail. The cat is purring because it's happy and content.""","""Look, sweetie, there's a fluffy, cute, playful dog over there! The dog has soft, brown fur and a big, wagging tail. Isn't it so fun to watch it run and play?""","""Look at the bright red tomatoes on the plate, sweetie! They're yummy and juicy, perfect for making a yummy tomato sandwich!""","""Look at that beautiful bird, sweetie! It's a pretty parrot with bright colors and a funny beak. Can you say 'parrot'? Awesome job! Birds like this one can sing and talk just like us!""","""Look, little buddy! See the pretty bird with colorful feathers and a chirpy song? Birds love to fly high in the sky, just like you're going to learn to do when you grow up!""","""Look, sweetie, this is a kitty cat, and it's soft and furry, just like your plushie. It's meowing, and it's purring because it's happy and cuddly. Isn't it cute?""","""Look at that cute little cat, sweetie! The fluffy furry feline is purring and playing with a ball of yarn.""","""Look at the yummy-looking fruits and veggies, sweetie! Let's eat some bright red apples, green broccoli, and purple grapes to grow strong and healthy!"""
"""Look at the fluffy, friendly dog wagging its tail and saying 'woof, woof!' Isn't that cute? The dog is so happy to see you, and it's ready for a big, gentle hug.""","""Look at the pretty, fluffy ball! Can you grab the soft, squishy ball? Yay, you did it! The ball is so fun!""","""Look at the beautiful birdie with its colorful feathers. It's singing a sweet little song for us. Isn't it lovely?""","""Look, sweetie, mommy and daddy are here for you, always holding and loving you so much, just like how you love to hold mommy's finger and daddy's nose.""","""Look at the bunny hopping around, little one! See how it hops so fast? The bunny is our fluffy friend with big ears!""","""Look at the bunny hopping around, little one! See how it bends its ears? That's the bunny saying hello!""","""Hey sweetie, look at Auntie Mia! She's a special lady in our family, and she loves to hug us and read us stories. Isn't Auntie Mia wonderful?""","""Look at the fluffy cat with soft fur, it's purring and playing with a ball of yarn!""","""Yummy, sweet apple! Look how red and yummy it is, want to try some?""","""Look, sweetie, here are your favorite toys, the cuddly teddy bear and the soft, fluffy bunny. Can we play with them together?""","""Look at this yummy-looking apple, sweetie! It's so red and shiny. We're going to take a big bite and enjoy its sweet and juicy taste together!""","""Yummy, yummy, sweet, sweet apple, crunch, crunch! Eat, eat, little one, all the healthy goodness for your growing body!""","""Look, sweetie, these are carrots! They're orange and crunchy, and they taste like sunshine on your tongue. Let's eat them together!""","""Look at the bright, juicy apple! It's red and crunchy, just like your favorite toy car. Eat it up, and your tummy will be happy!""","""Look at our family, sweetie! We have Mommy, Daddy, and our little brother Billy. We love each other very much, just like a big, warm hug. Isn't it nice having each other?""","""Look at our lovely family, sweetie! We have Mommy, Daddy, and your big brother, who's always ready to play with you.""","""Look, sweetie, we're going to the cozy house with the red roof where we play and eat our yummy snacks!""","""Look at all these wonderful toys, sweetie! Can you find the red ball? It's as round as a tiny moon in our toy box. Let's play with it together!""","""Look at our cozy, comfy house, sweetie, where we live, play, and snuggle together with our lovely family.""","""Look, sweetie, that's your big brother or sister. They're your family. Your family loves you very much and takes care of you every day.""","""Look at the fluffy, cute cat, sweetie! The cat has soft, white fur, and it's purring while it snuggles up close to you.""","""Look at the fluffy dog wagging its tail and ready to play with you, sweetie!""","""Look at the yummy carrots, sweetie! They are orange and crunchy, and they make you strong and healthy!""","""Look at that beautiful bird! Its feathers are so colorful, just like your favorite crayons. See how it's hopping on the branch? Birds love to hop around and find yummy bugs to eat!""","""Look, sweetie, there's a beautiful bird flying in the sky with its bright feathers. Can you say 'bird'? Birds are fun to watch and listen to.""","""Look at the cute fluffy cat, sweetie! The cat is purring and playing with its favorite ball.""","""Look at that fluffy kitty, little buddy! It's a cute, cuddly cat. See how it's purring and twitching its tail? Isn't it just the cutest thing ever? Cats are friendly pets that like to c","""Look at the yummy apple, sweetie! Crunch it up and enjoy the juicy goodness!"""
"""Look, sweetie, this is a dog! Woof woof, he's so soft and fluffy, isn't he cute?""","""Look at the cute, little car! Want to see it go zoom? Let's play a fun car game!""","""Look at the pretty birdie with its colorful feathers, flapping its wings and chirping sweet melodies!""","""Look at us, little one! We're your family, and we love you so much. We're mommy and daddy, and we're always here for you.""","""Look at the fluffy bunny hopping in the grass, little one. It's so soft and cute!""","""Look at the big, fluffy bunny! See how it hops around the garden, eating fresh green lettuce. Want to count the bunny's ears with me? One, two, three, four!""","""Look at the beautiful smiling faces of our family! We are your loving mommy and daddy, and we have a big, happy family that includes you, your cuddly sibling, and our funny cat, Whiskers.""","""Look, sweetie, this is a fluffy, cute kitty! The kitty is purring and kneading its paws, just like how you might do with your favorite blanket.""","""Look at the yummy yogurt, sweetie! It's cold and creamy, just like a fluffy cloud, and it tastes so good!""","""Look at all these wonderful toys! Let's pick our favorite one, we can play with it and have so much fun together!""","""Look, sweetie, here's a yummy carrot! It's orange and crunchy. Crunchy means it makes a fun sound when you chew it. Let's try to chew it together. Yum, that was delicious!""","""Yummy, sweet banana! Peel it and let's have some fun with it!""","""Yummy, yummy! Here comes a big, juicy, red apple. Do you see how shiny it is? Let's take a big, crunchy bite and enjoy its sweet taste together!""","""Look at the yummy, colorful fruit salad! It's filled with juicy, sweet strawberries, crunchy apples, and golden bananas. Let's take a little bite, and I bet it will make your taste buds dance with joy!""","""Hey sweetie, do you see mommy and daddy? They're our family! They love you so much!""","""Look at the happy family, sweetie! Daddy is holding your brother, Mommy is hugging your big sister, and you're right there with us!""","""Look at our beautiful house, sweetie! It's made of strong bricks and has a lovely roof to keep us dry. Inside, we have a cozy bed, a big kitchen for yummy snacks, and lots of rooms with toys and books to play with!""","""Hey there, little buddy! Look at all the bright and fun toys waiting for you to play with! Let's pick up your favorite teddy bear, and then we can build a tall tower with those colorful blocks!""","""Look at this beautiful house, sweetie! It's a big, cozy home where mommy and daddy live. Isn't it amazing? Let's go inside and make it even more special with our loving touch.""","""Hey sweetie, look at our lovely family! Mommy, Daddy, and me, we are like puzzle pieces that fit together to make a big, happy family picture!""","""Look at that fluffy, cute cat, sweetie! The cat is purring and snuggling in the warm sunshine.""","""Look at the cute little dog, sweetie! See how it wags its tail and licks your hand? It's so friendly, and it loves to play and cuddle!""","""Hey sweetie, it's time to try some yummy, juicy apples and crunchy, delicious carrots for your snack!""","""Look at that pretty bird, sweetie! It's a robin, and it has red feathers and a little beak. Do you see it?""","""Look at that beautiful bird, sweetie! It's a pretty blue bird, isn't it? Want to watch it fly high in the sky and sing a lovely song?""","""Look, sweetie, this fluffy little kitty is a cat. Its fur is as soft as your blankie. Can you say 'cat'? That's right, 'cat'! Cats are very cute and playful, just like your favorite toys.""","""Oh, look at that fluffy cat, sweetie! It's a soft, cuddly little kitty, with big, round eyes that are just so cute, aren't they? The cat is purring and it's feeling very happy and content. Just imagine","""Look at this yummy, juicy apple, sweetie. It's red like a fire truck and crunchy, perfect for a healthy snack. Would you like to try a little bite?"""
"""Look at the cute little puppy dog wagging his tail! Isn't he so adorable, sweetie? The fluffy dog's soft fur is so nice to touch. Can you see how he jumps and barks? The playful dog wants to play with you,","""Look, sweetie, these soft, cuddly toys are so fun to play with. Let's see if we can find your favorite bear and cuddle it together.""","""Look at the bird, little one! See how it has feathers and a beak. Birds can fly high up in the sky. Isn't that amazing?""","""Look at the happy faces of your family, sweetheart! Mommy and Daddy love you so much, just like the big, warm hugs you give to all your family members!""","""Look at the fluffy bunny hopping over the grass, little one! It's soft and cuddly!""","""Look at the fluffy bunny hopping around, little one! Isn't it adorable how it hops and hops?""","""Hey there, sweetie! Look at our happy family, mommy, daddy, and your little brother/sister. We love you so much and we're all here for you!""","""Look at the cute little cat, sweetie! See how it purrs and snuggles up? Isn't that a fluffy ball of joy?""","""Look at the yummy, bright red apple! It's so crunchy and sweet, we're going to eat it together!""","""Look at these bright, shiny toys, sweetie! Want to pick one to play with now?""","""Sweetie, it's time to eat! Look at these yummy carrots, they're so crunchy and orange, just like the sun!""","""Look at these yummy, ripe, red strawberries! They are so sweet and juicy. Let's have some fun and try them together!""","""Hey, little buddy! Look at all these yummy fruits and veggies! They're so good for you and help you grow strong. Want to try some apple slices?""","""Look, sweetie, the apple is red and round. It's juicy and yummy. Let's take a big bite and enjoy the sweet taste together!""","""Look at mommy and daddy, they're our family. They love us and take care of us.""","""Look at our family, sweetie! We have Mommy, Daddy, and little you. We love spending time together playing and laughing.""","""Hey, sweetie, let's look at our cozy house with a big, beautiful door that we open to go inside where we play and learn.""","""Oh, look at all the colorful toys on the shelf, sweetie! They're so much fun to play with. Would you like to choose one to bring to your playtime today?""","""Look, sweetie, this is a house! It's a big, cozy place where people live. Can you say 'house'? Good job! It has a roof to protect us from the sun and rain, and walls to keep us safe and sound. And guess what? Inside, we have","""Hey there, sweetie! Look at your big brother and sister playing together. They're your family and they love you very much.""","""Look at that fluffy kitty, sweetie! Can you say 'cat'? C-A-T, cat. The kitty is soft and cuddly, just like a big, cozy teddy bear. Let's give it a gentle pat, but remember,","""Look at the fluffy, playful dog wagging its tail and saying hello! Want to give it a gentle pat and play with it?""","""Look at the yummy yogurt, sweetie! It's as creamy and tasty as your favorite snack, and it's full of goodness for your growing body!""","""Look, sweetie, there's a beautiful bird! Can you say 'bird'? The little birdie is flying high in the sky with its wings up, just like you when you're soaring up on your swings!""","""Look, sweetie, there's a pretty bird up in the sky! It's called a robin, and it has a red belly and soft feathers. Isn't it lovely?""","""Look at the cute little cat, sweetie! It's soft and fluffy, and it loves to purr and cuddle with us. Isn't it a purr-fect friend?""","""Look at the fluffy, soft, and cute cat! She has pointy ears and soft fur, and she likes to purr and play with her toys.""","""Yummy, sweet, juicy apple! Crunch crunch, little one. Here's a red, round, delicious apple for you. Eat it up and enjoy the yummy taste!"""
"""Look at this cute little puppy, sweetie! It's a dog, and it has soft fur, big eyes, and wags its tail when it's happy!""","""Look at all the pretty, colorful toys! Let's pick up the soft, stuffed teddy bear and give it a gentle hug!""","""Look at that beautiful bird, sweetie! See how it's flapping its wings? It's flying high up in the sky, soaring like a little birdie. Isn't that adorable? Birds have feathers that help them fly and they sing lovely songs. Let'","""Look at me, sweetie! I'm talking to you now. You have a big brother and a big sister. They love you very much and are always here for you.""","""Look at the cute puppy, sweetie! Can you say 'puppy'? The puppy is wagging its tail because it's happy to see you!""","""Look at the bunny, little one! It's hopping around in the grass, and it has soft ears and fluffy tail.""","""Hey there, sweetie! Let's say hello to your big sister, Mommy, and Daddy. They're your family, and they love you very much!""","""Look, sweetie, this is a cute little cat. Its fur is soft and fluffy, and it meows when it's happy. Let's say 'meow' together and see if we can make the cat purr.""","""Look at the yummy-looking apple! Want to try a bite of this sweet, juicy treat?""","""Look, sweetie, here are your favorite toys! The ball is bouncy and fun, and the teddy bear is soft and cuddly for snuggling.""","""Look at this yummy carrot! It's orange and crunchy. Let's eat our veggies, sweetie!""","""Look at the yummy, ripe, red apple on the table. Can you help me pick it up? It's sweet and crunchy, and we can all enjoy eating it together!""","""Look at these yummy, bright carrots! They're crunchy and tasty, just like the ones we eat together. Let's take a bite, sweetie!""","""Look at these bright, juicy red strawberries! They're sweet and yummy. Would you like to try some?""","""Look at our family, sweetie! We have mommy, daddy, your big brother, and me. We love each other very much and always help each other.""","""Look at mommy, sweetie! She's your mommy. And there's your daddy, too. Your daddy is your big brother. We're your family, my love. And we all love you very much.""","""Hey there, little buddy! Come over here and look at our beautiful house, where we have a cozy bed, a yummy kitchen, and a fun playroom for you to explore.""","""Look at these bright, colorful blocks, little buddy! You can build so many amazing things with them, and I bet you're going to make something super cool!""","""Hey there, sweetie! Let's play with your toy house, where the little teddy bears and cars live in their cozy rooms. See how the red door opens and closes? We can pretend to go inside and make a yummy snack for your stuffed animals.","""Hey sweetie, look at mommy and daddy, your family, they love you so much and will always be here to hold you and hug you tight!""","""Look at the fluffy, cute cat, sweetie! Its soft fur is so nice to touch, and it purrs when you pet it gently. Isn't that adorable?""","""Look at the cute, fluffy dog wagging its tail! Want to give it a gentle pat, sweetheart?""","""Look, sweetie, these are yummy apples! They're red and juicy, and they taste so good!""","""Look at that beautiful bird! Its feathers are so colorful and fluffy, just like a big, soft teddy bear flying in the sky.""","""Look, sweetie, there's a pretty bird with feathers of blue and brown, and it's chirping a lovely song for us to hear!""","""Look at the fluffy, cute kitty cat with soft fur and paws. The kitty cat is playful and loves to purr and cuddle when you hold it.""","""Look at the fluffy, cute cat, sweetie! Its soft fur is so pretty and playful kittens are so much fun!""","""Look at this yummy apple! It's red and crunchy. Do you want to try some? Yummy, sweet and juicy!"""
"""Look at the soft and fluffy dog, sweetie! It's a big, happy dog with big, brown eyes. Can you say 'woof woof' like the dog?""","""Look at these bright, funny toys, sweetie! Want to play with the ball?""","""Look at the little birdie, sweetie! It has fluffy feathers and chirps a pretty tune for you!""","""Look at the beautiful family in the picture! Mommy, daddy, and little baby are all together, playing and smiling at each other.""","""Look at the fluffy bunny hopping around, little one! It's so soft and bouncy, isn't it?""","""Look at the cute puppy! See how it wags its fluffy tail? Let's say 'puppy' together and watch it play with its friends in the yard!""","""Look at our big, happy family, sweetie! Mommy and Daddy, your Auntie Jenny, and our funny little cousin, Alex, are all here to love and play with you!""","""Look at the fluffy, cute kitty cat with soft fur. The cat is purring and wants to be petted gently, like this. Isn't the cat adorable?""","""Look at these yummy, colorful vegetables! Crunchy carrots, sweet corn, and juicy tomatoes. Let's try some fun shapes and mix them together for a tasty, healthy snack!""","""Look at all these fun toys, little buddy! This one is a big, fluffy bear; it's so soft and cuddly. Want to play with it?""","""Look at the yummy broccoli! It's going to make your tummy happy and strong!""","""Yummy apple, sweet banana, crunchy carrot, and yummy yogurt. Time to eat and grow big and strong!""","""Yummy yummy, sweetie pie, we are eating yummy carrots and apples, and they are so good for your growing tummy!""","""Look at these bright, juicy apples! They are so sweet and crunchy. Let's cut them into small pieces for your yummy snack!""","""Look at mommy and daddy, we're a family! We love you and we're always here to play with you and make you happy!""","""Look at the family photo, sweetie! See mommy and daddy, and there's little brother/sister, and guess what? We're all here, playing together and loving each other just like you do!""","""Come here, little one, let's go look at our beautiful house with the big blue door and the cozy windows!""","""Look at all these fun toys, little buddy! Want to play with the colorful blocks and soft teddy bear?""","""Look at the big, cozy house where we live, sweetie! The house is painted blue and has a green door. Can you say house?""","""Look at your mommy and daddy, sweetheart! They're your family, just like how the sun is the sun, and the moon is the moon!""","""Look, sweetie, this cute, fluffy cat has soft, gray fur and big, round eyes. It's playful and likes to purr and cuddle. Isn't it just the cutest furry friend you've ever seen?""","""Look at the fluffy, cute dog, sweetie! Can you say 'woof woof' like the dog? The dog is bouncing around, wagging his tail, and playing fetch with his big, floppy ears!""","""Sweetie, here's your yummy peas! Crunchy and green, just for you!""","""Look at that beautiful bird, sweetie! It has feathers and wings, and it can fly up high in the sky. Isn't that amazing? Birds like this one make pretty sounds and eat little bugs. Would you like to pretend to be a bird and sing a little song?""","""Look, little one, there's a beautiful bird up in the sky. Its feathers are all blue and it's chirping sweetly, like it's singing just for us.""","""Look, sweetie, there's a fluffy, soft kitty cat sitting on the window sill. Its fur is as white as snow, and its paws are tiny and cute. See how it purrs and kneads its paws? Cats are very special animals,","""Look, sweetie, this fluffy and cuddly furry friend is called a cat, and she's purring because she's happy and content!""","""Look, little one, here comes the yummy carrot! Want to try some crunchy, orange veggie?"""
"""Look at the fluffy, playful dog wagging its waggy tail, little one! Isn't it a funny, cute furry friend?""","""Look at the bright, bouncy ball, my little one! It's ready to roll and tumble, just like a little playful bunny.""","""Look at the pretty birdie, sweetie! The birdie is singing a lovely song while it's sitting on the branch, isn't it?""","""Look at our beautiful family, sweetie! Mama and Daddy love you so much, and we all play together. Can you say 'family'?""","""Look at the cute little puppy! The puppy is wagging its fluffy tail and barking happily.""","""Look, little buddy, see the fluffy bunny hop and the big, strong elephant walk slowly. They're all animals, and they're so fun to watch!""","""Hey there sweetie, look at Mommy and Daddy together, they are your family, and they love you very much!""","""Look at the cute, fluffy cat! See how it's purring and cuddling its little kittens, just like it's a warm, fuzzy blanket for you to snuggle with. Isn't it so soft and cuddly,","""Look at the yummy carrots and peas! They're going to make you super strong and healthy!""","""Come here, sweetie, look at all the colorful toys! Do you see the soft teddy bear? Let's give it a gentle hug!""","""Yummy yummy food! Here's some sweet, crunchy carrots for you, sweetie. Crunch crunch!""","""Look at the yummy bananas! They're so sweet and easy to peel. Want to try some?""","""Hey, sweetie, it's time to eat your yummy vegetables! They'll make your tummy happy and strong!""","""Look at those bright, yummy carrots! They're orange and crunchy, perfect for munching with your strong little teeth. Let's count them together, one, two, three, and eat them one by one.""","""Hey there, sweetie! Look at all the people in our family. That's mommy and daddy, and they're the best! Then there's Auntie and Uncle Bob who come to visit us and play with you. And let's not forget Grandma and Grandpa","""Look at mommy and daddy, sweetheart! They're our family, and they love you so much. You're the most wonderful little baby, and we're so happy to have you with us!""","""Look at our big, beautiful house, sweetie! It has a lovely blue door, cozy rooms, and a comfy bed where we all sleep at night. Can you say 'house'? Good job!""","""Look at those bright, colorful blocks, sweetie! They're waiting for you to build tall towers or make fun shapes!""","""Hey there, sweetie! Let's go look at the big house, where mommy and daddy live. See all those windows? They let sunshine come in. And look at the door, it's the magic way to go inside and outside. Oh, what fun we have in","""Look at the smiling family, sweetie! Mommy, Daddy, and your little brother, Sammy, are all here to love you and take care of you.""","""Look at the fluffy, cute kitty cat with its soft fur and cute whiskers, it's so playful and fun to watch, isn't it?""","""Look at the fluffy, playful dog with the wagging tail, sweetie! Its soft fur is so warm and cuddly. Let's say 'woof woof' together, and watch it bark happily. Isn't it a funny little creature, w","""Look at these bright, yummy apples, sweetie! They're so juicy and crunchy. You can take a little bite and taste how sweet and delicious they are!""","""Look at the beautiful bird, sweetie! It has feathers, wings, and a beak. The bird is singing a lovely song, isn't it?""","""Look at the little bird, sweetie! Its feathers are all soft and pretty, and it's singing a lovely song just for you!""","""Look at the fluffy cat, sweetie! The cat has soft fur, big ears, and a cute little tail that wags when it's happy.""","""Oh, look at that fluffy cat! The cat is so soft and cute, isn't it? The cat has big green eyes and purrs when it's happy. Let's go pet the cat gently.""","""Look at these yummy, colorful fruits and vegetables! We can make a rainbow plate with some tasty apple slices, juicy orange segments, and crunchy carrot sticks. Let's eat them together, and we'll have lots of energy to play and run"
"""Look, sweetie, a little kitten is sleeping on the cushion. Isn't it fluffy and cute? Animals are so fun to watch.""","""Look, little one! See the beautiful bird flying high in the sky. It's so pretty with its colorful feathers. Birds like this one are really fun to watch.""","""Look at the pretty, red car, sweetie! The car goes 'vroom, vroom' and takes people to fun places, just like we go places together!""","""Look at that beautiful birdie, little one! Its feathers are so pretty, aren't they? Birds are fun and fluffy friends that fly in the sky.""","""Look at the cute puppy, sweetie! The puppy's wagging its tail because it's happy. Let's say 'woof woof' together, like the puppy says.""","""Look, sweetie, this big red car is zooming down the street! Can you say 'car' with me? Car, c-a-r. Yes, that's right! The car is so pretty, isn't it? Want to give it a gentle bump like this?""","""Look at the shiny red car, sweetie! The wheels spin around and go vroom, vroom, vroom. Isn't it a big, fun car to watch and play with?""","""Look at mommy and daddy! They love you very much. We are a family, and we all play together and eat snacks. Yummy!""","""Look at the big, shiny car, sweetie! It has wheels that go round and round, and it's so much fun to watch it drive on the road!""","""Look, sweetie, there's your Mommy and Daddy, and guess what? They love you so much and you're their little bundle of joy!""","""Look, sweetie, this is our cozy, happy house, with a lovely blue door and big, bright windows!""","""Look at all the fun toys, sweetie! You can touch the soft teddy bear and the shiny blocks!""","""Look, sweetie, there's a fluffy, cute cat! The cat is purry and meows. The cat has soft fur and tiny paws.""","""Look at the fluffy bunny hopping in the garden, little one! Do you see the bunny's ears and fluffy tail? Bunnies love to hop and nibble on green grass!""","""Look at our lovely house, sweetie! It has a big roof to keep us dry, windows to let the sunshine in, and a door to open and close. Let's count the windows together, one, two, three!""","""Look at the fluffy, cute dog! It has soft fur and waggy tail. Can you say 'dog'? Let's pretend we're the best dog friends, and I'll gently pat the dog's head.""","""Hey sweetie, let's enjoy some yummy apple slices, crunchy and juicy, just for you!""","""Look at that beautiful birdie! It has bright feathers and chirps so sweetly. Can you say 'birdie'? Yes, you can! Isn't it wonderful to see such a lovely bird outside our window?""","""Look, sweetie, there's a shiny red car parked outside! Can you say 'car'? It goes 'vroom-vroom' when it moves fast, just like the one we saw at the toy store!""","""Look at the doggie, sweetie! The doggie has soft fur, barks, and loves to play. Isn't he cute and fun?""","""Look at the big, cozy house with lots of windows and a friendly red door. The roof keeps us safe and dry from the sun and rain. Inside, we have a fun kitchen where we cook yummy food, and a comfy bedroom to sleep in.""","""Look at that beautiful bird, sweetie! It's singing a lovely song and has feathers that are so pretty, just like your pretty dress!""","""Look at the fluffy bunny hopping over the green grass, little buddy! Can you see the bunny's soft ears and long floppy tail? Isn't it cute? Animals are our friends!""","""Look, sweetie, there's a little birdie outside, chirping and hopping around on the branch, waving its wings so high up in the sky!""","""Come here, sweetie! Let's see the big red car together. Look, it has four wheels and makes a 'vroom vroom' sound. Do you like the shiny color, little buddy?""","""Look, sweetie, there's a big red car zooming by, with wheels that spin round and round!""","""Look at the bunny hopping over the grass, it's hoppity-hopping!""","""Look at the cute little puppy, sweetie! It has soft, furry fur and loves to play fetch with us."""
"""Look, sweetie, there's a fluffy bunny hopping around in the grass. It's so cute, isn't it?""","""Look at that little birdie, sweetie! It's chirping and hopping around, waving its wings. Isn't it soooo cute?""","""Look at the shiny, red car! The wheels spin fast as it goes zoom, zoom! Let's wave to the car and say 'hello' together, sweetie!""","""Look at the beautiful bird, sweetie! It's a pretty bird with big feathers and a tiny beak. Can you say 'bird'? The bird is singing a lovely song.""","""Look at the cute little kitten, it's playful and soft. Want to see it? Kitty, kitty, meow!""","""Look at the big red car, sweetie! It has four wheels and can go zoom, zoom, zoom down the street!""","""Look at the big, red car zooming by, little buddy! Wow, it's going so fast, like when we play tag! Can you say 'car' with me? Car, car, car! Good job, sweetie!""","""Look, sweetie, mommy and daddy are your family. They love you very much and will always be there for you.""","""Look at that big red car, sweetie! It has shiny wheels that go round and round. Can you say car? Good job, little one! This car takes us to fun places and helps mommy and daddy go to work.""","""Hey there, sweetie! Look at our family, mommy, daddy, and you. We are all together, just like pieces of a puzzle, and we love each other very much!""","""Hey sweetie, look at our lovely house, with its big red roof and pretty white walls. The windows let in lots of sunlight and make the rooms feel warm and bright. Let's go explore the cozy living room, where we can find our favorite stuffed animals and a soft,","""Hey there, little buddy! Look at all these fun toys! Which one would you like to play with first, the soft teddy bear or the shiny, colorful blocks?""","""Look at the cute, fluffy kitty! The little cat is playing with its yarn ball, and it's so soft and cuddly!""","""Look at the cute little kitten, sweetie! It's so soft and fluffy, just like your favorite teddy bear. Kittens like to play and purr, just like you purr when you're happy and cuddling your teddy. Isn't it","""Come here, sweetie, let's go see the big, comfy house where Mommy and Daddy sleep and eat, and where we play and laugh together.""","""Look at the fluffy dog, little buddy! It's wagging its tail and barking happily. The dog is a big, friendly friend who loves to play with us.""","""Look at the juicy red tomato, sweetie! It's yummy and healthy, like a little piece of sunshine for our tummies!""","""Look at the beautiful bird, sweetie! It's so colorful with its bright feathers. The bird is chirping a lovely song, just like you sing when you're happy.""","""Look, sweetie, this big yellow car! Want to hear a funny joke? Why did the car go to school? To get better at driving!""","""Look at the fluffy, bouncy dog, sweetie! See how it wags its tail and barks with joy, just like when we play together.""","""Come here, sweetie! Let's go look at our cozy, warm house with the beautiful blue roof and colorful windows!""","""Look at the beautiful bird, sweetie! Its feathers are so pretty, like a rainbow in the sky. Listen to the lovely sound it makes when it sings.""","""Look, sweetie, there's a fluffy bunny hopping around in the grass, and a big, strong elephant trumpeting in the zoo!""","""Look at the beautiful bird, sweetie! Its feathers are so colorful and pretty, and it's singing a lovely song.""","""Come here, sweetie! Look at this big, red car. See the wheels? They help the car move forward. Want to pretend you're driving it?""","""Look at the big, red car, sweetie! It's going fast on the road, zooming by the houses and the trees!""","""Look at the fluffy bunny hopping through the grass, little buddy! See how it twitches its nose and ears?""","""Look at the fluffy bunny hopping in the garden! Bunny, can you hop over to me?"""
"""Look, baby, the fluffy kitten is playfully chasing the bouncy bunny, and they're having so much fun together, aren't they?""","""Look at that little birdie! See how it's hopping around on the branch? It has such pretty feathers, don't you think? Let's watch it fly and see where it goes!""","""Look at the shiny red car, sweetie! Can you see how it has four wheels? Wheels help the car go vroom-vroom on the road!""","""Look at that beautiful bird! It's so pretty and colorful. The bird is singing a sweet song, just like a little angel.""","""Look at the fluffy bunny hopping around, little one! It's so soft and cute, isn't it?""","""Look at the big, red car! It has four wheels and a shiny roof. See how it goes 'vroom' when it moves? Let's count how many wheels it has together, sweetie!""","""Look at the big, shiny car with four wheels, sweetie! It's ready to go on a fun ride and take us to places!""","""Look at those smiling faces, sweetie! That's your family: your mommy, your daddy, and your little brother, Sammy. They all love you so much!""","""Look at the big, shiny car! It's so red, just like your favorite toy truck. Can you say 'car'? Good job! The car goes 'vroom' when it drives fast. Let's play with your toy car and pretend to drive it!""","""Look at our family, sweetie! We are Mommy, Daddy, and you! We love each other very much and always have fun together!""","""Come on, little buddy! Let's go explore the big, comfy house where mommy and daddy live, with lots of rooms and a cozy bed to sleep in!""","""Look at the bright, shiny toy cars, little buddy! They're ready for a fun, zooming race. Let's pick your favorite car and push it gently across the floor. Wheee!""","""Oh, look at that fluffy, cute cat, sweetie! It's purring and playing with its yarn ball, isn't it adorable?""","""Look at the big, fluffy bunny hopping around. Want to see the bunny hop, too?""","""Look at our lovely house, sweetie! The blue roof shines bright like the sky, and the big windows let sunshine dance inside. Isn't it cozy and warm, just like a big hug?""","""Look at the cute little dog, sweetie! It's wagging its tail because it's so happy to see you! See how it's running around and playing? Dogs are our furry friends who love to play and cuddle.""","""Look at the juicy, red apple, sweetie! It's so yummy, just like your favorite fruit snack!""","""Look, sweetie, there's a beautiful bird up in the sky, with feathers that are so pretty, like a rainbow!""","""Look at the big, red car, sweetie! It has four wheels and moves so we can go on fun adventures together!""","""Look, sweetie, there's a big, fluffy dog! His name is Buddy, and he's super soft and friendly. He likes to play and fetch. See how he wags his tail when he's happy? Would you like to pet him too?""","""Look, sweetie, we're going to visit your cozy house, where you'll find fluffy pillows, soft carpets, and your favorite toys waiting for you to play.""","""Look at that beautiful birdie! It's flapping its wings and flying high up in the sky, just like when you stretch out your arms and pretend to fly, isn't that fun?""","""Look at the fluffy bunny hopping over the grass, little buddy! It's hopping so fast, just like you're running at the park!""","""Look, little one! A pretty bird with colorful feathers is singing and hopping around. Isn't it cute? Let's try to say 'bird' together. Bird, bird, bird!""","""Look, sweetie, this big and shiny car zooms down the road to take us on fun adventures and deliver groceries to our home!""","""Look at the big, shiny red car, sweetie! Can you say 'car' with me? This is what grown-ups use to drive to places. Isn't it amazing?""","""Look at the fluffy, cute bunny hopping around in the garden, little buddy! Isn't it lovely?""","""Look at the bunny hopping around, little one! The bunny has soft fur and loves to munch on carrots."""
"""Look, sweetie, a fluffy bunny hops by! Can you see the bunny's soft ears and long ears?""","""Look at the pretty bird, sweetie! It's flying in the sky, flapping its wings. Can you say 'bird'? That's right, it's a bird!""","""Look at the shiny, red car, sweetie! It's moving down the street, with wheels turning round and round. Can you hear the engine humming, just like our car at home? Let's clap our hands and make a happy noise for the car, my love!""","""Look at that pretty birdie! It's singing a lovely song with its sweet little voice!""","""Look at the puppy, sweetie! It's wagging its fluffy tail, and it's so cute. Want to say 'woof' with me?""","""Look at the big, shiny car! It's red like your favorite candy, and it's so loud when it honks its horn. The driver is wearing a yellow hat and is smiling at us. Would you like to pretend you're driving a car too?""","""Look at the big red car! It's going so fast, zoom! Want to count how many wheels it has? One, two, three, four! The car has four wheels. That's right, four wheels!""","""Look at the happy family, sweetie! Your mommy and daddy, and the little baby, that's you. You and mommy and daddy love each other very much!""","""Look at the big red car! See how it has wheels to roll and makes a funny sound when it goes fast? It's very pretty, isn't it? Want to wave hello to the car?""","""Hey there, sweetie! Look at all the love in our family. We have mommy, daddy, and our little brother. We're all a big, happy family!""","""Hey there, little buddy! Let's take a look around our cozy house, where we have a soft bed for sleeping, a yummy kitchen for eating, and a warm living room for playing and cuddling with mommy and daddy.""","""Hey there, sweetie! Look at all the colorful toys waiting for you to play. Let's see if we can find your favorite teddy bear!""","""Look, sweetie, this furry, cuddly cat is jumping and playing, waving its paws in the air like it's dancing just for you.""","""Look at the puppy! It's wagging its fluffy tail. Want to say 'woof woof' like the puppy?""","""Come here, sweetie! Let's walk to our cozy house where Mommy and Daddy live, and we'll have a yummy snack together!""","""Look at the cute puppy, sweetie! He's a furry dog, just like a teddy bear, but he can bark and run around. Isn't he adorable?""","""Look at the yummy, crunchy apple! It's red and shiny, and when you take a bite, it's so sweet and juicy!""","""Look, sweetie! A beautiful bird is singing its lovely song on that tree. Isn't it funny how it's dancing with its wings? Let's listen to its happy tune together.""","""Look, sweetie, this big and shiny car! It has four wheels, like your toy car, and it goes really fast. The driver sits inside and drives on the road to take people to different places, like the grocery store or the park. Isn't that neat?""","""Look at that cute little dog! He's so fluffy and playful. Let's go pet him and watch him wag his tail.""","""Look at this big house, sweetie! It has a blue door, and the windows are like big eyes, watching over us. Can you say 'house'? Great job!""","""Look at that beautiful bird with its bright feathers and colorful wings, little one! It's called a parrot, and it's very smart and can say lots of funny words!""","""Look at the cute little puppy, sweetie! The puppy is running around, wagging its fluffy tail, and it's so happy. Can you say 'puppy' with me?""","""Look at the pretty birdie, sweetie! It's a blue jay, and it's singing a lovely song for us!""","""Look at the big, red car, sweetie! See how the wheels roll and the car goes 'vroom' when we push it!""","""Look at the big, shiny car, sweetie! It's red like your juice box. The car goes 'vroom' when it moves fast. Let's go see it drive by!""","""Look at that fluffy bunny hopping around! Can you say 'bunny'? Bunnies love to eat carrots and hop around in the sunshine!""","""Look at the bunny, little one! It has soft, fluffy fur and loves to hop around in the grass. Do you see the bunny's ears? They're long and floppy, just like the carrots it likes to nibble on."""
"""Look at the cute little puppy, sweetie! See how it wags its tail and barks happily?""","""Look at the pretty bird, sweetie! The bird has soft feathers and a chirpy little voice. Isn't that cute?""","""Look at the big, red car! It's going fast on the road. The car has four wheels, and it goes beep-beep when you press the button. See the smiley face on the car? That's the car's happy face.""","""Look, sweetie! That's a pretty bird, isn't it? It's flapping its wings and singing a lovely song!""","""Look at the fluffy kitty, sweetie! Meow meow, little one. The kitty has soft fur and paws to play with. Isn't it paw-some?""","""Look, sweetie, there's a big, red car! Can you say 'car'? The car goes 'vroom-vroom' when we press the pedals. Want to help me pretend to drive the car with me?""","""Look, sweetie, this big yellow car goes vroom-vroom when you press the pedal, just like in the pictures. Can you say 'car'? Great job!""","""Look at the smiling family here! Mommy and Daddy are hugging little brother, and sister is giggling too. Isn't family love sweet, sweet like honey?""","""Look at the big red car! It's going so fast down the street. Can you see the car's shiny wheels spinning?""","""Look, sweetie, these are your mommy and daddy, and these are your siblings, your big brother and big sister. We are a big family, just like you.""","""Look, sweetie, there's our cozy, lovely house! See the big, blue door? It's where Mommy and Daddy come home. Inside, there's a big, soft bed for sleeping, and the kitchen is where we make yummy food. Isn'","""Look at all the fun toys! We're going to play with your favorite colorful blocks and bouncy ball!""","""Look at the fluffy, cute cat! Meow, meow! Its whiskers are so soft, sweetie. Can you say 'cat'?""","""Look at the fluffy bunny hopping over the grass. Can you say 'bunny'? That's right, it's b-b-bunny!""","""Come here, sweetie, let's go look at the pretty house with the blue door and the green garden. The house has a big window with lots of colorful birds flying by!""","""Look, sweetie, there's a friendly dog! He's wagging his tail because he's happy to see you. Isn't that cute? The dog is bouncing around, just like how we jump on the bed. We can say 'hello' to the dog by","""Look at these yummy carrots, sweetie! They're orange and crunchy, and they make you super strong like a superhero!""","""Look at that beautiful birdie, sweetie! See how it's hopping and singing with its bright feathers? It's like a little flying butterfly, isn't it?""","""Look at that big, shiny car! It has four wheels, and it can take us places. See how it honks when it wants to go?""","""Look at the cute, fluffy dog! Can you say 'doggie'? Dogs are furry friends who love to play and cuddle. Isn't the dog's tail wagging happily?""","""Look at the big, cozy house we live in, sweetie! It has a blue door, a red roof, and a friendly green garden out front!""","""Look, sweetie, that beautiful bird is called a robin! It's so pretty with its red chest and beady black eyes. Isn't it lovely?""","""Look at the fluffy bunny hopping around, little one! The bunny's ears are so soft and its paws are so tiny.""","""Look at the beautiful bird with its bright feathers, sweetie. It's flying high in the sky, singing a lovely song for us to enjoy.""","""Look at the big red car! It's zooming down the street so fast, just like a superhero!""","""Hey sweetie, look at that big, shiny car! Wow, it's so cool! Do you see the wheels? They go round and round when the car drives!""","""Look at the fluffy bunny hopping around, little one! Its soft fur is as white as snowflakes, and it loves to hop and nibble on the green grass. Isn't it a little furry friend we're sharing our garden with today?""","""Look at the cute little bunny hopping around, isn't it fluffy and soft? Want to touch it gently when mommy says it's okay?"""
"""Look at the fluffy bunny hopping around, sweetie. See how it's jumping and hops? Bunny likes to hop and play in the grass.""","""Look, little one, a beautiful bird is flying up high, with its colorful feathers and chirpy song, it's like a little flying musician for us to enjoy!""","""Look, sweetie, this big, shiny car zooms by! It goes 'vroom' when it moves, and the driver sits inside to drive us safely to fun places.""","""Look, sweetie, there's a bird with bright feathers flying high in the sky. Can you say bird?""","""Look, sweetie, a fluffy bunny hops right here! Do you see how it hops? Bunnies are so soft and cute!""","""Look at the big, shiny car, sweetie! It's going to take us for a fun ride. Can you say 'car'?""","""Look at the shiny, red car, sweetie! It has four wheels, and when we press the horn, it makes a funny noise. Let's pretend to drive it together and see how it moves, okay?""","""Look at us, sweetie! We're your mommy and daddy, and we're here to love you and keep you safe!""","""Look at the big, red car! See how it zooms and beeps? It's so fast and fun, like a superhero on wheels!""","""Hey sweetie, look at your big sister and her beautiful smile. She's your mommy's daughter. Mommy loves you and Daddy loves you too. Isn't that wonderful?""","""Hey sweetie, let's go see the pretty house with the red door and the big windows, where Mommy and Daddy live and make us happy!""","""Look at the big, fluffy teddy bear! It's time for our favorite stuffed animal to have its cuddle time. Let's give the teddy bear a gentle hug!""","""Look, sweetie, this is a cute little kitty cat with soft fur, paws, and a long, fluffy tail. The kitty cat is meowing, and it's playtime. Watch how it jumps and chases its tail, it's so","""Look at the fluffy bunny hopping over the grass! The bunny has soft ears and loves to eat carrots. Do you see how happy the bunny looks?""","""Look at the big house we live in, sweetie! The red door says 'Welcome Home' to all our friends. We have a cozy bedroom with lots of fluffy pillows for naps. Can you find the yellow cupboard with our favorite toys inside?""","""Look at the cute puppy! It's a soft, fluffy dog with big, round eyes and a wagging tail. Isn't it lovely? Do you want to pat its soft fur and hear its happy bark?""","""Look, sweetie, this yummy peas are green and tiny, like little green balls. Let's take a tiny bite, and you'll taste the deliciousness!""","""Look at that beautiful bird, sweetie! It has feathers, a beak, and it can sing songs for us to enjoy.""","""Look, sweetie, a big, shiny car! It has four wheels and takes us on fun trips. Can you say car?""","""Look at the cute, fluffy dog! Wag your tail like it's wagging, sweetie, because that's what dogs do when they're happy and want to play!""","""Look at the big, cozy house we live in! It has a lovely blue door, green grass outside, and pretty flowers to smell. Let's go inside and find the softest carpet for you to play on, sweetie!""","""Look at that beautiful bird, sweetie! It's chirping and hopping around in the tree, isn't it lovely?""","""Look at the fluffy bunny hopping over the grass. It's so soft and cute, isn't it? The bunny has little ears that hear everything around them.""","""Look, sweetie, there's a bird! It's singing a lovely song for us. See how its feathers are so colorful? Birds can fly high up in the sky like a little airplane!""","""Look at the big, red car! It's ready to go on a fun ride with mommy and daddy, and we'll buckle up our seatbelts to stay safe and happy.""","""Hey sweetie, look at this big red car! It's ready to go on a fun adventure. See how it moves? Let's say 'vroom vroom' together, okay?""","""Look at the fluffy bunny hopping over the green grass! Can you say 'bunny'? They're so cute and soft, just like when you hug me tight!""","""Look at the bouncy bunny hopping around, little one! The bunny is so soft and fluffy, just like a cloud!"""
"""Look, little one, there's a cute little puppy! The puppy is wagging its fluffy tail and loves to play fetch!""","""Look at that beautiful bird, sweetie! See how it's flapping its wings and flying high in the sky. Isn't it a wonderful bird?""","""Look, sweetie, this big yellow car goes 'vroom' and it can take us on fun rides!""","""Look, little one, there's a bird! It's chirping and hopping around, isn't it lovely?""","""Look at the fluffy bunny hopping over the grass, little buddy. Can you see how soft and cute it is?""","""Look at the big, shiny car! It's red like a ripe apple. Do you see the wheels? They go 'vroom-vroom' when the car moves. Want to see the car go faster?""","""Look at the big red car, sweetie! See how the wheels spin round and round? It's so fun to watch it go zoom-zoom!""","""Look, sweetie, Mommy and Daddy are your family. They love you very much, just like I do!""","""Look, sweetie, here comes a big, red car, ready to zoom and take us on a fun ride!""","""Look at mommy and daddy, they're our special family, sweetheart. They love you so much, just like I do!""","""Look, sweetie, this is your cozy house, where you play, eat, and sleep, and mommy and daddy are always there to love you!""","""Look at all these amazing toys, sweetie! We've got a big, colorful teddy bear, a soft and fluffy ball, and a super cool truck that can zoom all around!""","""Look at that fluffy cat, sweetie! It's so soft and cuddly, just like a big, purring teddy bear.""","""Look, sweetie, there's a fluffy bunny hopping in the grass, with soft ears and a cute little nose!""","""Look at the pretty house, sweetie! It's got a big roof and colorful windows that shine in the sun. Isn't it a happy place for us to live and play?""","""Look at the big, furry dog wagging its tail! It's so happy to see you, sweetie! Let's say hello to the friendly doggy together.""","""Look at the yummy, bright red apple on the table. It's so sweet and crunchy! Can you say 'apple'? Let's take a big bite and enjoy the tasty fruit together!""","""Look, sweetie, there's a pretty bird with colorful feathers flying high up in the sky. Isn't it amazing how it can soar so gracefully, like a little angel?""","""Look at the big, shiny car! It's yellow like the sun and has four wheels, just like your toy truck. The car's door is open, and you can pretend to drive it just like Mommy does!""","""Look at the cute dog, sweetie! The dog is wagging its fluffy tail because it's happy to see you!""","""Come here, sweetie, look at this big, beautiful house where we live. It has a lovely red door, a shiny roof, and pretty windows with curtains. We sleep in a cozy bedroom with soft blankets and stuffed animals. Let's go inside and explore every","""Look at the pretty bird, sweetie! It has feathers all over its body and it's flying high in the sky, singing a lovely song!""","""Look at the fluffy bunny hopping around, little buddy! Its soft fur is as white as snow and it's so happy with its little paws.""","""Look at the beautiful bird with the bright blue feathers, sweetie. The bird is chirping and singing its lovely song.""","""Look at the big red car, sweetie! It has shiny wheels that roll and make a fun, happy sound when it goes zooming by. Isn't that exciting?""","""Look at the big, shiny car, sweetie! It has four wheels and goes 'vroom-vroom' when it moves. Isn't it fun to see cars zooming by?""","""Look at the fluffy bunny hopping around, little buddy! See how it's so soft and white with its little ears?""","""Look at the fluffy bunny hopping in the garden, sweetie. It's so happy with its big, soft ears."""
"""Look, sweetie, a little puppy is playing with its fluffy tail, wagging it happily!""","""Look at the beautiful bird, sweetie! See how it's hopping on the grass and singing a lovely song.""","""Look, sweetie, there's a big, shiny car! It's red like your blanket and it goes 'vroom' when it moves!""","""Look, sweetie, see the beautiful bird flying in the sky! It's so pretty with its bright feathers. Want to say 'bird'?""","""Look at the fluffy bunny hopping by the garden, little one! See how its ears stand up when it's happy?""","""Look at the big, shiny car, sweetie! It has four wheels and can go very fast on the road. Isn't it exciting?""","""Look, sweetie! That big, shiny car is rolling by. See how its wheels go round and round? The car's going on a big adventure with its passengers. Let's watch it zoom by and say 'Hi, car!' together.""","""Look at our happy family, sweetie! Your mommy and daddy are right here with you, and we love you so much!""","""Look at that big, shiny car! It's so colorful and fast, like a race car. Do you see the wheels? They help it go around and around, just like when we play with our toy cars. Let's watch the car go by and maybe we can pretend","""Look at us, sweetie, we're a family! We have Mommy and Daddy, your big sister, and your adorable cousin. We love spending time together and making memories!""","""Look, sweetie, this big house is where we live. See the red roof? That's on top. And see the windows? They let the sunshine in. And these big doors, we open them to go in and out. Isn't it a lovely house?""","""Look at all these amazing toys, sweetie! This big truck can drive us to the park and this soft bear can cuddle with us when we nap!""","""Look, sweetie, this is a cute little cat. Can you say 'cat'? See how it purrs when you pet it? Want to pet the cat together?""","""Look at the puppy, sweetie! He's wagging his fluffy tail because he's super happy. Puppies are such cuddly little friends, aren't they?""","""Come here, sweetie, let's go look at our cozy house with a big, red door. See how the sun shines through the windows, making everything bright and happy!""","""Look at the cute little dog, sweetie! This is a puppy, and it's named Buddy. Buddy has soft fur and loves to play fetch. Can you say 'Buddy'?""","""Yummy, sweetie! Look at the juicy red apple on your plate. It's as big as a tiny toy and as yummy as a hug from mommy. Let's take a big bite together and enjoy the sweet crunch!""","""Look, sweetie, there's a little birdie up high, singing its sweetest song, with feathers as soft as your blankie.""","""Come here, sweetie, let's look at the big red car! Look at its shiny wheels, see how it moves on the road. Isn't it fun to pretend to drive it, just like mommy and daddy?""","""Look at that fluffy dog, sweetie! It's so soft and cuddly, just like a big, furry teddy bear. Dogs are very friendly and love to play with us.""","""Come here, sweetie! Let's go see the big, cozy house where Mommy and Daddy live. Look at the blue walls and the green grass outside. Isn't it a lovely home for everyone to play in?""","""Look at that beautiful bird with its colorful feathers and wings flapping so high up in the sky, little buddy. Can you hear the sweet, melodic chirping it's making?""","""Look at the fluffy bunny hopping around, little one. It has soft ears and cute little paws to hop with!""","""Look at that beautiful birdie up in the sky! It's fluffy and has bright feathers. Want to see if we can find more birdies together?""","""Look, sweetie, there's a big, shiny car driving by with a friendly driver! Isn't it amazing how the wheels spin and the car moves?""","""Look at that shiny, big red car! It's going to zoom and honk like a happy bunny, waving its wheels!""","""Look, sweetie, those fluffy bunnies are hopping around, just like our soft kitty, Mittens, who purrs when she's happy!""","""Look at the fluffy bunny hopping and eating carrots. Isn't it so cute and cuddly?"""
"""Look at the fluffy bunny hopping around; see how it hops and twitches its nose?""","""Look at the beautiful birdie, sweetie! It's singing a lovely song with its pretty feathers.""","""Look, sweetie, see that big, shiny car outside? It's ready for a fun ride!""","""Look at the pretty birdie up in the sky, little one! It's singing a lovely song for us.""","""Look at the big, fluffy bunny hopping over the grass, little buddy. See how it twitches its nose? Bunnies are very soft and they love to hop around!""","""Look at the big, shiny car, sweetie! See how the wheels spin round and round? The car is ready to go on a fun ride with you!""","""Look at the big, shiny car! It's so colorful and fast, isn't it, sweetie? The car goes 'vroom vroom' when it moves, just like when we're going on fun adventures together!""","""Look at mommy, sweetie! Mommy loves you very much, and she's here to keep you safe. Daddy is a strong helper too, like a superhero. Oh, and there's your brother or sister, just like you, sharing fun moments with us!""","""Look, sweetie, there's a big, shiny car outside! It has four wheels and looks like a fun toy. Do you see the color? It's red, like your favorite red crayon. Cars are loud and they go 'vroom-vroom' when","""Hey there, sweetie! Look at mommy and daddy, they love you so much and are your best friends!""","""Hey there, little buddy! Come on, let's go peek inside the house! It's a fun place where we have cozy beds, yummy food, and lots of toys to play with!""","""Oh look, sweetie, it's your favorite red truck! Want to give it a gentle pat? Let's see if it's ready to play with us!""","""Look at that cute kitty cat, little buddy! Can you say 'meow' like a fluffy furry friend?""","""Look at the cute little puppy, sweetie! The puppy's name is Max. Max loves to play with his friends in the park. See his fluffy tail wagging? Tails are so fun, aren't they? Puppies like Max can be your best","""Hey there, sweetie! Look at our cozy, beautiful house, with its bright, sunny windows and comfy, soft couch for us to snuggle up on. Isn't it amazing how we can make a big, happy family here?""","""Look, little buddy, there's a playful puppy running around. The puppy is so soft and fluffy, and it's wagging its tail really fast, isn't it? Let's go say hi to the puppy together, okay?""","""Hey there, sweetie! Let's have some yummy carrots and crunchy apples. They're super-duper good for you and they make your tummy happy!""","""Look at that beautiful bird, sweetie! It's singing a lovely song and its feathers are so pretty!""","""Look at the big, shiny car with the red roof! It's like a huge toy car! Want to play a pretend car game with me?""","""Look at the cute, fluffy dog wagging its tail. It's a friendly puppy and wants to play with you!""","""Hey sweetie, let's explore the house together! See, this is the cozy bedroom where we sleep, and these are the big, fluffy pillows and soft, warm blankets. Look at that shiny, colorful toy box! And yay, we're","""Look at that beautiful bird, sweetie! See how it's flapping its wings and flying high in the sky? Want to say 'bird' with me?""","""Look at the fluffy bunny hopping around, little one! It's called a rabbit, and it has soft fur and big, cute ears. Isn't it adorable?""","""Look at that beautiful birdie, sweetie! Its feathers are all colorful and pretty, just like a rainbow in the sky. It's chirping and singing to us, isn't it a happy bird?""","""Hey there, sweetie! Look at the big, shiny car outside. See how it moves? It's like a rolling toy, but it's a real car. The car needs gasoline to go, just like how we need food to grow big and strong. Isn't it","""Look at that bright red car, sweetie! It's shiny and can take us on fun trips to the park!""","""Look at the cute little kitty, sweetie! It's a fluffy, white cat. Can you say 'cat'? Meow, meow, just like the kitty!""","""Look, little one, see the fluffy bunny hopping over to the bright yellow butterfly. Can you say 'bunny' and 'butterfly'?"""
"""Look at the fluffy bunny hopping by, little one! Hoppy, hoppy!""","""Look at the pretty birdie! It's singing a sweet song and flapping its wings so fast, just like you when you wiggle your arms!""","""Look, sweetie, that big, shiny car zooms by with a honk, waving hello to you and the pretty flowers on the sidewalk!""","""Look at the birdie, sweetie! It has beautiful feathers and chirps a lovely song. Want to watch it fly and sing for us?""","""Look at the fluffy bunny hopping around! It's a bunny, isn't it sweet? Let's go say 'Bunny' together!""","""Look, sweetie! That's a car, a big, bright red car. Can you say 'car'? Yes, that's right! The car goes vroom vroom when you push it!""","""Look at the shiny, red car, sweetie! It's big and fast, like a superhero zooming by!""","""Look at mommy and daddy, sweetie! They're your family, and they love you so much. They're here to take care of you and make sure you have everything you need.""","""Look at the big, shiny car! Can you say 'car'? It goes 'vroom vroom' when we drive it!""","""Hey sweetie, guess what? We're a big family with mommy, daddy, grandma, grandpa, and your siblings, and we all love you very much!""","""Look at the big house, sweetie! It has a red door, a blue roof, and lots of windows where the sun shines and the birds can sing!""","""Look at all these amazing toys! They're ready for you to play and have fun with. Let's pick the softest one and start a wonderful playtime adventure!""","""Look at the fluffy, cute cat! It's so soft and purring, like it's saying 'I love you.' Isn't it the cutest?""","""Look at the bunny hopping by! Hoppity hop, little one, just like the bunny jumps!""","""Hey there, little buddy! Let's go inside our house, where the walls are made of fluffy clouds and the floors are made of candy!""","""Look at the cute dog! This fluffy, friendly pup wags its tail and loves to play. It's called a dog, and it's a kind of animal we call 'paw'.""","""Look at the yummy apple, sweetie! It's red and round, and if you eat it, you'll get all the vitamins to make your body strong and healthy!""","""Look, little one, there's a beautiful bird with bright feathers! See how it's hopping from branch to branch? It's a lovely little birdie!""","""Look at the big, red car zooming by! Wow, isn't that fast? The car's wheels spin so quickly, like a merry-go-round, but much faster!""","""Look at the cute, soft, and fluffy puppy! Want to say 'hello' to our new furry friend?""","""Look at our cozy house with its big blue door and pretty flowers in the garden! Can you find the house with the little green door?""","""Look at that pretty birdie! It's singing a lovely song with its little beak. Let's watch it fly up high in the sky, waving its wings gently.""","""Look at the fluffy bunny hopping around, sweetie! Bunnies are so soft and cute, aren't they?""","""Look, sweetie, that cute little birdie is sitting on a branch and singing a lovely song for us!""","""Look, sweetie, that big red car outside! It's so shiny and fast. Daddy is driving it, and he's going to take us for a fun ride!""","""Look at the big, shiny red car, sweetie! It has four wheels and can take us on a fun ride to the park.""","""Look at the fluffy bunny hopping around, little one! Want to see it hop too?""","""Look at the bunny hopping around, it's so cute and fluffy!"""
"""Look, little one, here comes a fluffy bunny, and it's hopping all around, like a little bouncy ball, isn't it?""","""Look at that pretty birdie with feathers so fluffy, it's like a big, fuzzy cloud in the sky!""","""Look at the big, shiny car, my sweet little one! The car is red and fast, and it goes vroom, vroom when the grown-ups press the pedals.""","""Look, little one! A beautiful bird is singing in the tree. Isn't it so pretty and sweet?""","""Look at the fluffy bunny hopping around! Can you see how soft and white its fur is? Bunnies are cute and like to eat carrots!""","""Look, sweetie, this big red car goes zoom zoom on the road, just like the ones we see outside. Isn't it exciting?""","""Look at the big, red car, sweetie! It has four wheels and makes a funny sound when it goes vroom-vroom! Want to pretend you're driving it with me?""","""Come here, sweetie! Look at mommy and daddy! We're your family, and we love you so much!""","""Look at the big, shiny car, sweetie! The car has wheels that roll on the road, and the windows let us see the world outside. Isn't it fun to imagine going for a drive in the car with your family?""","""Look, sweetie, Mommy and Daddy are your loving family. They are here to take care of you and make sure you're happy and safe!""","""Come here, sweetie! Let's go look at our cozy house, where mommy and daddy love to cook yummy meals and where you get to play with your favorite toys.""","""Look at all these fun toys, sweetie! Can we play with the colorful blocks and the soft teddy bear together?""","""Look at that fluffy, cute kitty cat! It's purring and playing with its favorite toy, just like when we play with your favorite stuffed bear. Isn't that a cute kitty cat?""","""Look at the cute little bunny hopping around in the garden, little one! Bunnies love to eat fresh green grass and hop around so quickly!""","""Look at the big, beautiful house with the red roof, little buddy! It's where Mommy and Daddy live, and where we all get to play and have fun together!""","""Look at the happy dog, little buddy! It's barking and wagging its tail, just like a playful puppy!""","""Look at the juicy, ripe apple! Let's take a big, yummy bite and enjoy the sweet, crunchy taste together, my little food explorer!""","""Look, sweetie, a bird! It's so fluffy and colorful, like a little furry rainbow flying in the sky. Isn't it amazing how it can fly so high and sing such beautiful songs?""","""Look at the big, red car, sweetie! Can you say 'car'? It's so fast and shiny, just like your mommy's smile!""","""Look, sweetie, there's a furry friend! That's a cute puppy. Wags his tail and barks. Want to see him play?""","""Look, sweetie, this big place is called a house, where we live together with mommy, daddy, and you, and it has a roof, walls, and windows to keep us safe and cozy!""","""Look at that beautiful birdie, sweetie! It has such colorful feathers and it's singing a lovely song. The birdie is flapping its wings and flying high up in the sky. Isn't that so fun to watch?""","""Look at the fluffy bunny hopping around, little buddy! It's hopping to find yummy carrots to munch on, just like you munch on your favorite snacks!""","""Look at that beautiful birdie! Its feathers are so soft and colorful, like a pretty rainbow flying in the sky. Isn't it a wonderful bird friend we have?""","""Look, sweetie, there's a big, shiny car! The car has four round wheels that go 'vroom-vroom' when we push it. It's so fun to watch it go zooming by, isn't it? Let's wave at the car next time","""Come here, sweetie, let's take a look at the big, bright car outside. It has four wheels that roll on the road and takes us from one place to another. Can you say 'car'?""","""Look, sweetie, that fluffy bunny is hopping around, and those big, brown bears are sleeping peacefully in the woods!""","""Look at the cute little puppy, sweetie! Puppies are fun and soft, just like your favorite stuffed toy."""
"""Look, sweetie, that little puppy is so soft and fluffy, and it's wagging its tail because it's happy to see you!""","""Look at the pretty birdie with the big, round eyes and soft feathers. It's singing a lovely song, isn't it? Let's watch it fly and chirp, my little one!""","""Look at the big, red car, sweetie! The car goes 'vroom, vroom' and takes us on fun rides. Isn't it a lovely car?""","""Look at that beautiful bird, little one! It has feathers and a cute beak. Let's watch it fly and sing.""","""Look at the fluffy bunny hopping around, little one! The bunny is so cute and hopping happily, just like when you bounce on the floor!""","""Look at the shiny car, sweetie! It's big and red, and it's going to take us for a ride. Isn't it exciting? Let's go see the car, my little adventurer!""","""Look at the big, red car! It has shiny wheels and a happy smiley face on the roof. See how it moves? It's going to take us on a fun ride to the park!""","""Look at mommy and daddy, they're your loving family! They're always here for you and love you very much.""","""Look at the big, red car, sweetie! It's rolling down the road so fast, zoom zoom! Isn't that exciting? The car's wheels are turning and going all the way to the park where we can play!""","""Look, sweetie, this is mommy and daddy, and they're your special family, always there to love and protect you.""","""Hey there, little buddy! Come on, let's go check out our cozy house with its colorful walls and soft carpet, where we have a fun little kitchen, a snuggly bedroom, and a big, beautiful backyard!""","""Look at all these bright, colorful toys! Want to play with the soft, fluffy teddy bear and the shiny, bouncy ball?""","""Look at the fluffy, playful kitty with soft fur, little one. It's a cute, purring cat that loves to chase its tail and pounce on toys.""","""Look at the fluffy bunny hopping around, little buddy! The bunny is so soft and cute, isn't it?""","""Look at our big, cozy house with a lovely red door, sweetie! Can you hear the birds singing outside? Let's go open the windows and let the fresh air in!""","""Look at that cute dog! Want to pet its soft, fluffy fur? Dogs are such friendly pets, don't you think?""","""Yummy yummy, sweetie pie, here's your apple, crunchy and oh so tasty, let's eat and make our tummies happy!""","""Look, little buddy, see that bird up high? It's singing sweet songs just for us to enjoy!""","""Come here, sweetie! Look at this big, red car. See how it has wheels that roll on the ground? That's how cars help us go places, like to the park or the store. Isn't it wonderful?""","""Look at that fluffy, playful puppy, sweetie! It's a cute dog wagging its tail and barking happily!""","""Hey sweetie, let's go visit our cozy house with the colorful walls and soft carpet. There are lots of rooms to explore and toys to play with!""","""Look, sweetie, there's a beautiful bird in the sky! It's so pretty with its colorful feathers and it's singing a lovely song just for us!""","""Look at the bunny, sweetie! The bunny is jumping around and has soft, white fur. It's hopping so fast!""","""Look, sweetie, there's a pretty bird up high in the sky. It's singing a lovely song with its little chirpy voice. Want to see if we can spot more birds like this one?""","""Look, sweetie, here's a shiny, red car! Can you say car? It goes 'vroom' when it moves. Let's pretend we're driving it together!""","""Look, sweetie, this big red car is ready to zoom on the road! See the bumpy tires? They help it roll smoothly. Wheee!""","""Look at the fluffy bunny hopping around! Isn't it adorable?""","""Look, little buddy, see those fluffy bunnies hopping around? They're called bunnies, and they like to eat carrots. Isn't it funny how they have such long ears?"""
"""Look at the little bunny hopping around, bouncing with its soft, fluffy tail. Isn't it hoppity and happy to play with its friends?""","""Look, sweetie, that beautiful bird is chirping and hopping in the sky. Isn't it lovely?""","""Look at the big, shiny car, little buddy! It has wheels that spin and takes us to fun places. Isn't it a cool car?""","""Look, sweetie, there's a little birdie up in the sky, chirping and singing, isn't it pretty?""","""Look at the fluffy bunny hopping around, little one! Isn't it soft and so cute? Can you say 'bunny'?""","""Look, sweetie, this big red car goes 'vroom vroom' when its engine starts. It's so shiny and has four wheels that help it move around smoothly. Can you say 'car'? Let's watch the car go down the street together!""","""Look at the bright red car, sweetie! It has shiny wheels that go 'vroom, vroom' when you press the little button on the steering wheel. Would you like to pretend to drive it with me?""","""Look, sweetie, that's your mama and your papa holding your little brother or sister. They love you very much and they are your family.""","""Look, sweetie! This big red car drives on the road, and it has a shiny roof and four wheels. It's so fun to watch cars go by, isn't it?""","""Look, sweetie, this is mommy and daddy, and we're your family! We love you so much and we're here to take care of you and make sure you have everything you need.""","""Hey there, sweetie! Look at our cozy house, with its colorful walls, comfy bed, and lovely windows that let in the sunshine. Isn't it a wonderful place to play and learn?""","""Look at those bright, fun toys! They're shaped like animals and ready for a little playtime adventure. Let's grab them and see what makes them tick!""","""Look at the fluffy, cute cat, sweetie! The cat's soft fur feels nice to pet, doesn't it? The cat is purring happily, just like a little kitty friend for us!""","""Look at that cute little puppy, sweetie! It's called a 'dog' and wags its tail when it's happy. Let's say 'dog' together, one, two, three, four!""","""Come here, little buddy! Let's explore our cozy house with its big, soft couch, colorful paintings, and yummy snacks in the kitchen!""","""Look at the big, fluffy dog wagging his tail and going 'woof, woof'! Isn't he cute? Let's say 'hello' to the dog and watch him play fetch!""","""Look at this yummy banana, sweetie! It's ripe and ready to give you lots of energy to play with your friends!""","""Look at the beautiful bird with its bright feathers and chirpy song. It's singing just for you, little one!""","""Look, sweetie! That's a big, bright car with four wheels, just like our toy car. The car's doors open wide so the driver can go inside, just like when we open the door to go outside.""","""Look at the cute little dog, sweetie! See how wiggly his tail is? Let's say 'woof woof' together, okay?""","""Come here, sweetie! Let's go look at the big, beautiful house we live in. Can you see the big windows and the green door? We're going to explore the inside, and maybe find our favorite toy!""","""Look at the pretty bird, sweetie! It has beautiful feathers and it's chirping a lovely song just for us!""","""Look at the big, friendly dog, sweetie! The dog's wagging its tail, which means it's happy and wants to play!""","""Look at that pretty bird, sweetie! It's singing a lovely song for us to listen to. Can you hear it? Birds are so cute and fluffy, just like a soft teddy bear!""","""Come here, sweetie, let's look at the big red car. See how shiny it is? The car drives on the road and takes people where they need to go. Isn't it wonderful?""","""Look, sweetie, this big yellow car goes 'vroom-vroom' when it moves, and it has shiny wheels to help it roll on the road, just like your toy car!""","""Look at the cute little kitten, sweetie! It's soft and fluffy, just like a little ball of yarn. The kitten is purring, which means it's very happy and content.""","""Look, sweetie, that fluffy bunny is hopping over the grass, and those big brown elephants are playing in the water!"""
"""Look, little one, see the fluffy bunny hopping around, so soft and cute!""","""Look, sweetie, a pretty little bird is flying up high in the sky, singing a lovely song for us to enjoy!""","""Look at the big, shiny car! It has four wheels, and it goes 'vroom-vroom' when you push it. The car is so bright red and has a little bumper for safety. Isn't it fun to pretend we're driving it?""","""Look, sweetie, there's a birdie! It's singing a beautiful song and flapping its wings so gently. Isn't it just the cutest little birdie in the sky?""","""Look at the cute puppy wagging its tail! It's so soft and fluffy, like a big, furry teddy bear. Can we say 'puppy' together?""","""Look at the big, shiny car, sweetie! It has four wheels, just like your toy car, and it goes 'vroom-vroom' when it moves fast!""","""Look at the big, red car! It's zooming down the street. Let's wave to the driver as the car zooms by, sweetie!""","""Look at the happy faces of mommy and daddy, my precious little one. They love you so much and want to make you happy every day.""","""Look, sweetie, this big, shiny car has four wheels and it goes 'vroom-vroom' when we make it go forward. Let's say 'car' together, 'car'!""","""Hey sweetie, do you see those two hearts in your mommy's chest? They're her family hearts. And those eyes in your daddy's face? They're his family eyes. We're all a part of your family, just like those hearts and eyes!""","""Come here, sweetie, let's explore our lovely house together. See these fluffy pillows on the sofa? They're so soft, just like clouds! And look at the bright sunshine through the window, it's so warm and bright, just like your smile!""","""Look at these amazing toys! Can you point to the soft teddy bear? Oh, and there's a big, colorful truck. You can pretend it's a race car!""","""Look at the cute little kitty cat, she's purring and playing with her yarn ball!""","""Look at the fluffy bunny hopping around, sweetie! It's so soft and loves to play in the grass.""","""Come here, sweetie! Let's go to our cozy home, where we have a soft bed, a warm blanket, and colorful toys to play with. Our house is safe and loving, and we always have yummy snacks waiting for you!""","""Look at the fluffy dog, sweetie! The dog is wagging its tail because it's happy to see you. See how it barks softly when you pet it? Isn't the dog adorable?""","""Look at these delicious, bright red apples! They are yummy and good for you. Let's take a big bite together!""","""Look, sweetie, there's a pretty bird up in the sky with bright blue feathers. The bird is singing a lovely song for us to enjoy.""","""Look at the big, shiny car, sweetie! It has four wheels and can take us on a fun ride. Let's say 'car' together, 'car', like this. Wow, what a cool car!""","""Look at the cute puppy, sweetie! This little dog is very playful and loves to fetch the soft, squishy ball!""","""Look, sweetie, there's our cozy house with a red roof and big blue windows. Let's go inside and feel the soft carpet under our feet!""","""Look at that beautiful bird, sweetie! Its feathers are so pretty and it's singing a lovely song for us.""","""Look at the fluffy bunny, my little one! It's hopping around and eating yummy carrots in the garden. Want to count how many bunnies we see?""","""Look, sweetie, that beautiful bird with feathers so bright, it's singing a happy tune. Isn't it a lovely sight?""","""Look, sweetie, there's a big, shiny car! It has four wheels and can take us on a fun ride to the park!""","""Look at the big, shiny car! It's red and fast, like a superhero! Can you say 'car' with me, sweetie?""","""Look at the fluffy bunny hopping in the meadow, sweetie! It's so soft and cute, isn't it? Animals are amazing, aren't they?""","""Look, sweetie, see the fluffy bunny hopping around? Bunnies are super cute and love to hop!"""
"""Look at the cute little puppy wagging its tail! The puppy is so soft and fluffy, and it's going to play with you when you're ready.""","""Look at the beautiful bird flying in the sky, sweetie! It's flapping its wings so fast and singing a pretty song for us.""","""Look at the big, red car zooming by, little buddy! Wow, see how fast it goes? That's called speed, and this car is super fast!""","""Look at the beautiful bird! It's singing a lovely song, isn't it? Can you say 'bird'?""","""Look at the cute little kitten playing with its fluffy ball of yarn, aren't they adorable?""","""Look, sweetie, this big, shiny car goes 'vroom-vroom' when we're driving. See how it moves on the road? The wheels go round and round, making the car go forward. Let's wave to the car next time we see one!""","""Look, sweetie! See that big, shiny car? It's red like your favorite ball. The car has four round wheels that go 'vroom, vroom' when it moves. Would you like to pretend to drive it with me?""","""Hey there, little buddy! Look at mommy and daddy, they're your family. We're all so special and unique. Mommy and daddy love you very much.""","""Look at the shiny, big car with four wheels, sweetie! It's yellow and has a bumpy top, just like a turtle's shell! Can you say 'car'? Let's point to it together.""","""Look, sweetie, Mommy and Daddy are your family. They love you very much and are always here for you!""","""Hey sweetie, let's go play in our cozy house, where we have fun toys and a big, comfy bed to sleep in!""","""Look at all these colorful toys, little buddy! They're ready for us to play with and have lots of fun together!""","""Oh, look, sweetie, there's a fluffy, soft kitty cat! Can you say 'cat'? Meow, meow, it's a cat!""","""Look at the cute puppy, sweetie! Can you say 'woof woof'?""","""Hey sweetie, let's go explore our cozy house with its warm, inviting rooms and snug, comfy beds where we can play and dream!""","""Look at the cute puppy, sweetie! It's a dog. The dog is wagging its tail because it's happy to see you!""","""Yummy, sweet banana, crunchy apple, tasty cheese, yum!""","""Look at the pretty bird, sweetie! Its feathers are all colorful, like a rainbow. Isn't it funny how it can fly up in the sky? We can listen to its soft chirping sounds, just like a little song for us to enjoy.""","""Look at the big, red car! It has wheels to roll on the ground and it goes 'vroom' when it goes fast. Isn't that so exciting?""","""Look at the fluffy, playful dog, sweetie! It's wagging its tail and ready to run and fetch!""","""Come here, little buddy! Let's go inside our cozy, comfy home where we can play, sleep, and snuggle up together.""","""Look at that beautiful bird, sweetie! It's like a big, fluffy, feathery friend waving at us with its tiny, colorful wings!""","""Look at that cute little bunny hopping around, little buddy! Isn't it fluffy and soft like a cloud? Animals can be so fun to watch and cuddle, don't you think?""","""Look at the beautiful bird, sweetie! It's flying high up in the sky, with its feathers all colorful and pretty!""","""Look, sweetie, there's a big, shiny car! It has wheels and goes zoom-zoom, just like your toy cars. The car's color is red, just like your favorite candy. Isn't it fun to imagine the car driving to the park and playing","""Look, sweetie, this is a car! The car goes vroom-vroom when the driver presses the gas pedal. The driver sits in the driver's seat and looks at the road. The car has wheels that turn and make it move. Isn't it exciting to","""Look, little one, see that fluffy bunny hopping over the grass! It's so soft and cute, isn't it?""","""Look at the bunny hopping around in the meadow, little one. See how it's all soft and fluffy, just like a big, furry cotton ball?"""
"""Look at the cute puppy, sweetie! It's a soft, little furry ball that barks and loves to play. Isn't he adorable?""","""Look, sweetie, that's a bird! It has feathers and wings, and it's flying up high in the sky. Birds make beautiful chirping sounds, and they love to eat seeds and bugs. Isn't that amazing?""","""Look at the big, red car, sweetie! It's zooming down the street with wheels that go round and round. Isn't that fun?""","""Look at the beautiful bird, sweetie! It's chirping and flying in the sky with its colorful feathers.""","""Look at the fluffy bunny hopping in the garden! Can you say 'bunny' with me?""","""Look at the big, red car! The wheels are round and it goes vroom-vroom when we play 'car'.""","""Look at the big, shiny car, sweetie! It's red like your favorite apple. See how it goes vroom vroom when the driver makes it move? Isn't that fun?""","""Hey sweetie, let's wave goodbye to mommy and daddy as they go to work, they'll be back home for dinner and bedtime storytime, isn't that nice?""","""Look at the shiny red car, little one! It has wheels to roll and goes fast on the road. Isn't it a fun car?""","""Look at our family, sweetheart! We have mommy and daddy, and we love you so much!""","""Look, sweetie, here's our cozy, comfy house where we live, with a big, blue sky outside and pretty flowers in the garden.""","""Look at the bright, bouncy ball, sweetie! It's so soft and round, perfect for rolling and giggling!""","""Look, sweetie, there's a fluffy kitty with soft whiskers and pointy ears, just like a little fuzzy pillow that purrs and loves to play with yarn!""","""Look at the bouncy bunny hopping over the yellow flowers, little one! Can you say 'bunny'? They're so fluffy and fun!""","""Look, sweetie, this is our cozy house, with colorful walls and a big, comfy bed for you to sleep in. The windows let in lots of sunshine, and the door is always open for you to come and go as you please.""","""Look, sweetie, here's a cute, fluffy dog wagging its tail happily. Isn't it so soft and cuddly? Let's say 'hello' to our furry friend together!""","""Look at these yummy carrots! They're orange and crunchy, sweet and good for you. Let's eat them together, little one!""","""Look at the beautiful bird, sweetie! It has a pretty blue feather on its head and it's singing a lovely song.""","""Look at the shiny, bright car with the big, round wheels, little buddy! It's so fast, it zooms by like a rocket. Isn't it fun to imagine going for a fun ride in a car like this one?""","""Look at the big, fluffy dog, sweetie! Can you say 'woof woof'? Dogs like to wag their tails and run around in the park with their furry friends.""","""Come here, sweetie! Let's play with your favorite toys in the cozy, colorful house where we have a big, soft bed for sleeping and a yummy kitchen where Mommy and Daddy make delicious food!""","""Look, sweetie! That's a beautiful bird with feathers, wings, and a little beak. It's singing a lovely song just for us to enjoy!""","""Look at the cute puppy! The puppy is wagging its fluffy tail and barking happily.""","""Look, sweetie, there's a beautiful bird with bright feathers and a lovely song. Let's watch it fly and sing together!""","""Look, sweetie, here's a big red car! It's very fast, but remember we don't play with cars on the road, only in our toy box or with our daddy's help.""","""Look at the big, shiny car! It has four wheels and goes 'vroom vroom' when we push it along the road. Isn't it exciting, little buddy?""","""Look at the little puppy, sweetie! Puppies are so cute and love to play fetch. Can you say 'puppy' with me?""","""Look at the puppy, sweetie! It's so soft and fluffy, isn't it? The puppy is playing with its tail in the grass. Can we give it a gentle pat?"""
"""Look at the fluffy bunny hopping around, little one! The bunny has soft, white fur and big, round ears.""","""Look at the pretty bird with its big blue wings and colorful feathers. It's singing a sweet song just for you, little one.""","""Look at the big, red car, sweetie! See how it goes vroom-vroom? Want to pretend to drive it with me?""","""Look at that beautiful bird, sweetie! It's chirping and hopping around in the tree. Isn't it lovely?""","""Look at the fluffy bunny hopping around! Bunny's name is Fluffy, and she loves to hop and eat carrots!""","""Look, sweetie, there's a big, shiny car! The car goes vroom-vroom when we press the gas pedal, and it stops when we press the brake pedal. Isn't that fun? Let's say 'car' together now, c-a-","""Look at the shiny, red car! Wow, that's a big, fast car with four wheels! Do you see the smiling sun on its roof?""","""Look at mommy and daddy holding each other. They love you so much!""","""Look at the big, shiny car! It has wheels that go round and round, and it can take us on a fun ride!""","""Hey sweetie, look at mommy and daddy! They love you so much and they're your family. You're their little one!""","""Come here, sweetie! Look at this beautiful house, with its big, cozy rooms and bright, sunny windows. Let's take a walk and explore every nook and cranny together!""","""Hey there, sweetie, look at all these fun toys waiting for you. Can you pick your favorite one and show me what you're going to play with?""","""Look at the fluffy, cute cat! It's soft and cuddly, just like a little teddy bear. Can you say 'cat'? Let's say it together, 'c-a-t, cat!'""","""Look at the fluffy bunny hopping around, little buddy! The bunny has soft white fur and big, round ears. Can you say 'bunny'?""","""Come here, sweetie! Let's explore the colorful house together. Look at the pretty red door and the big green window. There's a cozy bed for sleeping, and yummy snacks in the kitchen. Isn't it a wonderful place to live?""","""Look at the big, fluffy dog, sweetie! It's wagging its tail and it loves to play fetch. Let's say hello to the friendly dog!""","""Yummy, look at these bright, ripe apples! They're red and crunchy. Let's take a big bite, and they'll make your tummy happy!""","""Look at that beautiful bird, sweetie! It's flying so high up in the sky, waving its wings like a big, friendly butterfly. Isn't that just the cutest thing you've ever seen?""","""Look, sweetie! A big, shiny car is driving by. See how its wheels turn? The car's tires are like your toy car's, but this one can take us places!""","""Look at the cute little puppy dog wagging its tail, sweetie! It's a fluffy friend who loves to play and cuddle.""","""Hey there little buddy! Let's go on a fun adventure inside our house. Look at all the pretty walls and cute furniture. We can even have a little picnic on the soft carpet and count all the colorful toys!""","""Look, sweetie, that's a big, fluffy bird with feathers, a beak, and two little wings. It's called a duck, and it likes to swim in the water and eat little fish. Isn't it amazing how it quacks and sw","""Look at the fluffy bunny hopping around, little one! It's so soft and cute, isn't it?""","""Look at the pretty bird up in the sky! It's chirping and hopping around like it's having a fun dance party!""","""Look at the shiny car, sweetie! It's big and red like a big, juicy apple. Can you say 'car'? That's right, 'car'! The car is going so fast on the road. See the wheels spin? Wheels go round and round,","""Look, sweetie, here's a big, shiny car! It's red, like your favorite toy, and it goes vroom vroom on the road!""","""Look, sweetie, this is a fluffy bunny! Bunny's like a little, soft bouncy ball with long ears.""","""Look at the bunny hopping around, little one! The bunny is so soft and fluffy. Can you see the butterfly with the colorful wings? Let's say 'butterfly' together, baa-baa!"""
"""Look at the little puppy! It's so cute and fluffy, wagging its tail. Can you see the puppy's paws? They are soft and furry, just like little bunnies. Oh, look at the baby rabbit! It's hopping","""Look at the beautiful bird, sweetie! It's singing a lovely song for us. Isn't it fun to see how it flaps its wings so fast?""","""Look at the big, shiny car! It's red and fast, just like your favorite toy car!""","""Look at the beautiful bird, sweetie! Its feathers are so colorful and it can fly high up in the sky like a little airplane.""","""Look at the fluffy bunny hopping around! The bunny's name is Thumper. Can you say Thumper? Let's clap for Thumper!""","""Look at the shiny, red car with the bumpy tires, sweetie! The car can go vroom-vroom and take us on fun adventures!""","""Look, sweetie, there's a car! A big, red car is driving by, going 'vroom vroom'. The car has a shiny body, four wheels, and a windshield. It's like a big, round toy that takes us places. Isn't","""Look at the family, sweetie! There's mommy, daddy, big brother, and little sister. They love you very much.""","""Look, sweetie, that big red car outside. It's zooming by so fast, waving waving waving at you. Isn't it funny how it goes 'vroom' when it moves? Let's go see it!""","""Look at our family, sweetie! We're a group of love and laughter. I'm your mommy/daddy, and we have you and your big brother/sister.""","""Look at our cozy, little house with its blue roof and yellow door. Inside, we have fun toys, sweet beds, and yummy snacks!""","""Look at those fun toys! The ball is round and bouncy, and the teddy bear is soft and fluffy. Let's play with them together!""","""Look at the fluffy, cute cat, sweetie! The cat is purring, playing with its yarn ball, and snuggling up for a nap. Isn't it adorable?""","""Look at the cute puppy, sweetie! It's so soft and fluffy, just like a big, furry teddy bear.""","""Look at the pretty house, sweetie! It's big and has a red door. The windows let the sunshine in and make it bright inside. Let's go explore the rooms and see all the fun things we can find!""","""Look, sweetie, there's a playful little puppy wagging its fluffy tail and barking happily. It's time for our friend, the dog, to run around and play with its toys!""","""Look at the yummy, bright, red apple, sweetie! Shiny, crunchy, and oh so juicy, it's time to take a big, crunchy bite and enjoy the tasty, tasty goodness!""","""Look at that beautiful bird, sweetie! It's chirping a lovely tune. The bird is flying so high in the sky, just like a little airplane. Isn't it amazing?""","""Look at the big, red car, sweetie! It's so shiny and fast, just like the superheroes you love. Let's watch it zoom by, but we'll stay safe in our stroller. Isn't it exciting to see all the cars on the street","""Look at that cute puppy! It's wagging its tail because it's so happy to see you! Let's say 'woof woof' together, and maybe the puppy will come say hi!""","""Come here, sweetie! Look at this big, beautiful house with a red roof and green grass outside. Isn't it wonderful? Let's go inside and see the cozy living room and the yummy snacks we'll have later!""","""Look, sweetie, there's a beautiful bird in the sky. It has feathers, a beak, and it's singing a lovely song just for us.""","""Look at the fluffy bunny hopping and nibbling the carrots in the garden! Would you like to pretend you're a bunny too?""","""Look at the bird! It's so pretty, isn't it? The bird is singing a lovely song for us to listen to.""","""Look at that big, shiny car! It's so red, like a juicy strawberry. Oh, that car's name is Benny, and it can go, go, go really fast on the road!""","""Look at the big, shiny car, sweetie! It has four wheels and makes a fun 'vroom vroom' sound when it goes fast!""","""Look, sweetie, see the cute bunny hopping and the fluffy kitten purring. They're so soft and gentle. Want to say 'bunny' and 'kitten' with me?""","""Look at the bouncy bunnies hopping happily in the meadow! They have soft, fluffy fur and tiny, twitchy noses."""
"""Look, sweetie, this cute little puppy wagging his tail happily. Isn't he so fluffy and playful? Let's give him a gentle pat and a happy smile, my love.""","""Look at the beautiful birdie up in the sky, sweetie! It has feathers, a beak, and it's singing a lovely song just for you.""","""Look at the big, shiny car, sweetie! It has four wheels and is so colorful. When it moves, it goes 'vroom vroom'!""","""Look, sweetie, a beautiful bird with bright feathers is flying in the sky. It's singing a lovely song just for you!""","""Look at the fluffy kitten, sweetie! The kitten's fur is soft like cotton candy, isn't it cute?""","""Look at the big, shiny car, sweetie! See how it goes vroom-vroom and has four round wheels? It's going to take you and mommy on a fun ride to the park!""","""Look at the big red car, sweetie! The car goes 'vroom, vroom' when we press the pedal. Do you see the car's wheels that turn and make it move? Let's count the car's windows together!""","""Look at the smiling faces of mommy and daddy, sweetheart! They love you so much, just like grandma and grandpa love us!""","""Look at that shiny, big car! It's going to take us on a fun ride around the block. Isn't it exciting, sweetie?""","""Look, sweetie, this is your mommy and daddy, and these are your big brothers and sisters. They all love you very much, just like I do!""","""Come here, little buddy! Let's go look at the pretty house with the red roof and the big, blue windows. Isn't it just like a giant teddy bear?""","""Look at all the pretty blocks! Let's stack them together and make a tall tower!""","""Oh, look, sweetie! There's a fluffy, cute cat over there. Its fur is as soft as your blanket, and its eyes are as round as your favorite toy. Let's say hello to the friendly feline, kitty!""","""Look, sweetie, that cute little fluffy bunny is hopping over the grass, and it's so cuddly!""","""Look at the big, beautiful house we live in, sweetie! It's where Mommy and Daddy sleep, and we eat yummy food. The house has a door, windows, and even a little garden outside. Isn't it wonderful?""","""Look at the fluffy dog, sweetie! He's wagging his tail and wants to play. See how he's barking with his big, round eyes? He's so cute and cuddly, just like our toy dog!""","""Yummy apple, sweet and crunchy, let's take a big bite and enjoy the yummy taste!""","""Look at the beautiful bird with feathers that are as soft as your favorite blanket. Can you hear its cheerful chirping? Let's name our new bird friend 'Tweetie' and watch it hop and fly in the garden!""","""Look at the big, red car! It's so shiny and loud. It goes, 'vroom vroom' when it moves. Isn't it fun to see it zoom by? Can you say 'car' with me?""","""Look, sweetie, this is a dog! A big, furry friend who loves to play and cuddle. See how it wags its tail and licks your hand? Dogs are so friendly and love to be petted. Isn't he a cute, cud","""Look, sweetie, this big, beautiful house has many rooms! Let's go to the kitchen where we can bake yummy cookies together!""","""Look, little buddy, see that beautiful bird? It's a robin! Robins have red breasts, chirpy voices, and love to hop on the ground looking for yummy worms.""","""Look at that big, fluffy bunny hopping around. It's so cute and cuddly, just like when we snuggle our soft teddy bears together!""","""Look at the bird, sweetie! It's fluffy and has feathers all over its body. Birds like to sing pretty songs and fly high up in the sky, don't they?""","""Look at the big, shiny car! It has four wheels and takes us on fun adventures. Can you say 'car'? Let's say it together: 'Car!'""","""Come here, sweetie! Look at the big, red car! It's so shiny and cool, isn't it? The wheels are round and it goes 'vroom' when you push it. Let's play with the toy car and pretend we're going on a","""Look at the cute little kitty cat, sweetie. Its soft fur feels so fluffy, like a cloud, and it meows in a way that sounds like it's saying 'I love you.'""","""Look at the bunny, little one! The fluffy bunny is hopping around, and it likes to eat carrots!"""
"""Look, sweetie, the fluffy bunny is hopping and the cute little kitten is purring, isn't it adorable?""","""Look at that pretty birdie! The birdie has soft feathers and loves to sing sweet songs. Isn't it a lovely birdie?""","""Look at the big, shiny car, sweetie! See how it goes vroom-vroom when we play the car game? Can you say 'vroom-vroom' with me?""","""Look at the birdie, sweetie! It's fluffy and chirpy, and it's flying high up in the sky. Isn't it pretty?""","""Look at the fluffy kitten, little one! It's purring and playing with yummy cat food!""","""Look, sweetie, this big yellow car! The car goes vroom-vroom when it moves, and it can take us on fun rides around town.""","""Look at that big, shiny car, sweetie! It's red and yellow, and it goes 'vroom vroom' when it drives down the road. Want to imagine the car going fast on the street?""","""Look, sweetie, there's mommy and daddy taking care of you. They love you so much, just like how I love you.""","""Look at the big red car, sweetie! It's rolling down the street, zooming by with its shiny windows and cool wheels!""","""Hey sweetie, look at mommy and daddy! They are our family, and we all love each other very much!""","""Look at this pretty house, sweetie! See how the windows are like our eyes, letting in all the sunshine, and the door is like our mouth, where we say hello to friends and family. This house is our safe, cozy home where we play, sleep, and eat yummy food","""Come here, sweetie, let's play with your favorite teddy bear and the shiny new blocks! Look, it's time to build a big, tall tower together!""","""Look at the fluffy, cute cat, sweetie! The cat is purring softly and has soft fur that feels nice to pet. Isn't it cute when the cat jumps and plays with its toy?""","""Look at the fluffy bunny hopping over the grass, little buddy! Can you say 'bunny'?""","""Come here, sweetie, let's go inside where it's cozy and safe, with soft cushions and pretty pictures on the walls.""","""Look at that fluffy, cute dog wagging its tail! Let's say 'dog' together, sweetie. Dog. Can you say 'dog'? Good job!""","""Look at these yummy, colorful carrots, sweetie! They're crunchy and will make your eyes sparkle!""","""Look, sweetie! See the beautiful bird with its colorful feathers and wings? The bird is flying high in the sky, just like you when you take off on your swing!""","""Look at that big, red car! Can you say car? It's like a circle with wheels that roll and take us on fun rides. See how it moves? Let's say 'car' together!""","""Look, sweetie, there's a cute little dog over there, wagging its fluffy tail and ready to play. It's a super fun friend for us to make new memories with!""","""Hey sweetie, come on over here, let's explore our lovely house together, where we have a cozy bedroom, a yummy kitchen, and a big, beautiful living room with lots of toys to play with!""","""Look at that beautiful bird, sweetie! It's flapping its wings so fast and singing a lovely song.""","""Look at that fluffy bunny hopping around! Can you say 'bunny' with me?""","""Look, little buddy! See that beautiful bird up high? It's singing a sweet melody, and its feathers are all bright and colorful, just like your favorite superhero cape!""","""Hey sweetie, look at that big, shiny car! The car is red like your favorite crayon and it goes 'vroom' when it moves. Isn't it fun to watch?""","""Look at the bright red car, sweetie! It's ready to zoom on the road, beep beep!""","""Look at the cute little kitten playing with the ball of yarn. She's purring and having so much fun, isn't she?""","""Look at the cute little puppy wagging its tail, isn't it adorable? Let's play with the puppy together!"""
"""Look at the pretty, colorful, fun toys waiting for you! Let's play with the soft, fuzzy, cuddly bear together!""","""Look at our beautiful family, my sweetie pie! We are all together, just like a big, happy group of flowers in a garden.""","""Look at the fluffy, cute kitty cat, baby! She's purring and playing with her yarn ball. Isn't she adorable?""","""Look at the cute, fluffy dog! Can you say 'dog'? This furry friend loves to play with his tail and wag it when he's happy.""","""Look at the big, shiny car! It's red and fast like a rocket! Wheels go 'vroom' when it goes zooming by. Isn't that fun?""","""Look at the bunny, little one! The bunny hops and eats carrots. It's soft and fluffy, isn't it?""","""Sweetie, look at these yummy carrots! They're orange and crunchy, just like a little orange snack for us to munch on!""","""Look at the yummy fruit, sweetie! It's a juicy, bright red apple. Can you say 'apple'? Let's take a big bite and enjoy this delicious, crunchy snack together!""","""Look, sweetie, those are your mommy and daddy, and they love you so much. They're your family, and they'll always be here for you.""","""Look at mommy and daddy, sweetheart! They are your mommy and daddy, and they love you very much!""","""Look at the fluffy dog, sweetie! The dog is wagging its fluffy tail because it's super happy to see you. Isn't it just the most cute and friendly dog you've ever seen? The dog loves to play with you and is always ready for","""Look, sweetie, these yummy carrots are orange and crunchy. They help you grow strong and see better, just like superheroes!""","""Look at that cute bunny, sweetie! The bunny hops and eats carrots, just like a bunny in the storybook!""","""Look at those big, bright, colorful blocks, sweetie! They're perfect for you to build tall towers with. Let's play and make some wonderful creations together!""","""Look, sweetie, there's a big, red car coming down the street, waving its little wheels and going 'vroom-vroom' to take people to fun places!""","""Look at the big, shiny car, little buddy! It has four wheels and takes us on fun rides to the park!""","""Come here, sweetie! Let's look at all the pretty windows in our cozy house, and don't forget to touch the soft carpet under your tiny feet!""","""Look at these bright, colorful toys, sweetie! The soft teddy bear is ready for a hug, and the funny, wiggly ball is waiting to roll across the floor. Let's play together!""","""Look at the big, cozy house we live in, sweetie! It's where Mommy and Daddy stay, and we have our own special room with lots of soft pillows and a big, fluffy bed to snuggle up in every night.""","""Look at the shiny red car! It's so pretty and fast, just like a little race car!""","""Look at the fluffy cat, sweetie! The cat is purring because it's happy and content, just like when you smile and purr with me!""","""Look at the shiny, red car! The wheels are round and help the car move fast, just like when we roll our ball. Can you say 'car'?""","""Look at all the fun toys we have, sweetie! Let's play with the soft, cuddly bear and the colorful blocks together.""","""Yummy, sweet and crunchy apple! Look how it shimmers in the sunlight. Can you say 'apple'? Let's all say 'apple' together!""","""Look at the big, cozy house, sweetie! It's where mommy and daddy live, and we have a lovely little room for you to play in, with a soft, fluffy bed and a big, comfy couch.""","""Look, sweetie, there's a beautiful bird with big, colorful feathers! It's flapping its wings and flying high in the sky. Can you say 'bird'? That's right, bird! Let's point at it together.""","""Look, sweetie, this big house has lots of rooms for sleeping, playing, and eating yummy snacks!""","""Yummy apple! Here comes a big, juicy red apple for you to take a bite and enjoy!"""
"""Oh, look at those bright, colorful blocks! They're so fun to play with, aren't they, little one?""","""Look at mommy and daddy, sweetie! They are your big, loving family. Mommy and daddy hold you close and love you very much.""","""Look, sweetie, this fluffy kitty is a cat! The cat has soft fur and purrs when you pet it. Isn't that adorable?""","""Look at the fluffy dog wagging his tail! Isn't he cute and cuddly? Let's say 'dog' and watch him bark, bark!""","""Look at the big, red car! It's rolling down the street and making a happy 'vroom' sound, isn't it fun?""","""Look at the fluffy bunny, little one, hopping around the garden! See how it hops? Bunnies hop like that because they love to play.""","""Yummy, sweet, and yummy! Look at these bright red strawberries, baby! They're so soft and juicy, just like a little red ball!""","""Look at the yummy, juicy, bright red apple! Let's eat it together, little buddy!""","""Look, sweetie, Mommy and Daddy are your special family! They love you so much and always take care of you.""","""Hey sweetie, look at mommy and daddy hugging! They're your super strong family team, always here for you.""","""Look at the doggy, sweetie! It's wagging its tail and barking happily. Let's say 'doggy' together, okay?""","""Look, sweetie, this is a big, yummy banana! Can you mimic me as I say 'banana'?""","""Look, sweetie, this fluffy bunny is hopping around, and it's so soft to touch. Can you say 'bunny' with me?""","""Look at all these wonderful toys! They're so much fun to play with. Let's go and pick your favorite one!""","""Look, sweetie, this big and shiny car is ready for a fun ride with you and mommy or daddy. Isn't it amazing how the car moves and takes us to our favorite places, like the park or the grocery store? Let's hop in and go for a","""Look at the big, red car, sweetie! It's so shiny and loud, it's like a superhero driving us to the park!""","""Look at our lovely house, sweetie! It's big and cozy, with lots of windows to let the sunshine in, and a roof to keep us dry when it rains. We have a comfy bed, a warm kitchen where mommy and daddy make yummy food","""Look at all these wonderful toys, sweetie! The teddy bear is soft, and the colorful blocks are perfect for building. What's your favorite toy to play with?""","""Come here, little one! Let's walk through our pretty house with its colorful rooms and soft beds where we can snuggle up and read our favorite stories!""","""Look at the big, shiny car, sweetie! It has four wheels and can take us on fun rides to the park or the zoo.""","""Look at the fluffy, cute cat with the pointy ears and soft fur. See how it's purring? Let's say 'meow' together and pretend to be a friendly cat!""","""Look, sweetie, there's a big red car! See how it zooms by and makes a loud 'vroom' sound? It's so fun to watch it go down the road and see all the other cars!""","""Hey there, little buddy! Look at those bright and colorful blocks! They're so fun to stack and build. Want to give them a try?""","""Look at these yummy carrots, sweetie! They are orange and crunchy, perfect for making your eyes super smart and strong!""","""Hey there, little buddy! Let's go and play in the big, happy house where mommy and daddy live. Look, the colorful paint on the walls makes it feel like a rainbow, and the comfy beds are waiting for you to take a nap in them.","""Look at the beautiful bird, sweetie! It's singing a lovely song for us to hear.""","""Hey there, sweetie! Come on and let's look at all the beautiful colors of your house. The walls are painted blue, the door is red, and the windows are shiny and clear. We can see our lovely garden outside, where the pretty flowers and the funny squirrel","""Look at this yummy banana! It's ripe and sweet. Let's peel it together and make a yummy banana milkshake!"""
"""Look at those soft, squishy toys! They're so fun to touch and make all sorts of happy noises when you play with them!""","""Look, sweetie, these are your family members. Your mommy and daddy love you very much. We're all here together, just like you are!""","""Look at the cute kitty cat, little one! Meow meow, that's what cats say when they're happy and want to play.""","""Look at the fluffy, barking dog! Woof woof, he's so happy and cute!""","""Look at the big, shiny car! It's so pretty and it goes 'vroom vroom' when we pretend to drive it.""","""Look at the bunny hopping, hopping, hopping! Can you say 'hopping'? The bunny is so fluffy and soft!""","""Look at those yummy, colorful fruits and veggies! They're so healthy and tasty, sweetie. Can you say 'apple'? That's right, apple! Yummy!""","""Look at the yummy apple, sweetie! Can you take a big bite and eat it?""","""Look, sweetie, these are your mommy and daddy, and over there are your big sister and brother playing together.""","""Hey there, sweetie! Today we're talking about our family. We have mommy, daddy, your sister Emily, and your grandma, Aunt Lisa. Isn't it wonderful to have so many loving people around us? We love you so much, and we're","""Look at the adorable puppy, sweetie! He's a soft, furry little dog with big, bright eyes. His wagging tail shows he's super happy, and he loves to play fetch with his favorite ball. Let's say 'dog' together, okay?""","""Look at these yummy red tomatoes, sweetie! They are juicy and delicious. You can eat them raw or cooked in your favorite dish. Isn't that fun?""","""Look, sweetie, a little puppy is playing with a ball of yarn. The puppy's fur is soft and fluffy, just like your blanket. Want to pet it gently when we go to the park?""","""Look at these fun toys, sweetie! See the teddy bear? It's soft and cuddly, just like a hug from mommy and daddy. And look at those colorful blocks! You can stack them up to build tall towers!""","""Come here, sweetie! Look at the shiny red car with big wheels. See how it moves when the person in the driver's seat presses the pedals? Isn't it fun to watch?""","""Look at that bright red car, sweetie! It's so shiny, like your smile. Can you say 'car'?""","""Come here, sweetie! Let's explore the house together. See the cozy bed? That's where we sleep. And look at the big, beautiful windows? They let in the sunlight. Oh, and the kitchen, it's where yummy food is made. Isn't the","""Look at all the colorful toys you've got! Let's play with the fluffy teddy bear and the shiny, spinning top together!""","""Hey sweetie, look at this big, beautiful house where we live, with its lovely blue door and pretty flowers in the garden!""","""Come here, sweetie! Look at this big, shiny car. It has wheels that go 'vroom' when we push it. Isn't it fun? Let's play with it together!""","""Look at the cute little cat, sweetie! The cat is soft and furry, and it has a fluffy tail that it wags when it's happy. Cats like to play with toys and purr when they're cuddled. Isn't the cat ad","""Hey sweetie, look at the big red car zooming by on the road. Isn't it fun to watch? Just like when we play with your toy car, it goes vroom-vroom when you push it, right? But remember, we need to always cross the road safely with","""Look at all those colorful toys, little buddy! You can play with the soft teddy bear or the shiny cars. Let's pick one to have so much fun!""","""Look at the yummy, bright red strawberries! They're as sweet as candy, and we'll eat them together!""","""Look at our lovely house, sweetie! It's big and has a red door. We sleep in a cozy bedroom and eat yummy food in the kitchen.""","""Look at that beautiful bird, sweetie! It's called a parakeet, and it has bright blue feathers and a funny little beak. The parakeet is chirping a lovely song for us to hear!""","""Look at this beautiful house, sweetie! It has a big door, a cozy bed, and lots of colorful windows. Isn't it nice to live in such a happy home with you?""","""Look at the yummy apple! It's bright red and crunchy. You're growing up so fast, my little one. We're going to eat some apple slices together!"""
"""Oh, look at the colorful toys! They're so soft and fun to touch. Let's see if they make any fun noises when we play together.""","""Look at mommy, sweetie! Mommy loves you very much. You're part of our family, just like daddy and big brother.""","""Look, sweetie, this fluffy feline is a cat! It has soft fur, big eyes, and loves to purr when it's happy. Isn't it adorable?""","""Look, sweetie, there's a cute dog! Woof woof! The dog is bouncy and wagging its tail because it's so happy to see you.""","""Look at the big, red car go by! Want to sit in the backseat and watch it zoom by?""","""Look at the fluffy bunny hopping over the grass, let's wave our hands for the bunny to come closer!""","""Yummy yummy, sweetie! Look at these delicious, ripe, juicy apples. They're so red and crunchy. Crunch, crunch! Eat up! It's healthy and good for you.""","""Yummy, sweetie, these little strawberries are bright red and juicy, just perfect for your tiny hands!""","""Look at the happy family, sweetie! Daddy, mommy, and little brother are all here together, giving us big, loving hugs and playing fun games with us.""","""Look at us, sweetie, we're a family! Mommy and Daddy love you so much, and we all play and laugh together, just like a big, happy, cozy blanket.""","""Look at the cute dog, sweetie! The fluffy dog is wagging its tail and wants to play with you!""","""Hey sweetie, it's time to eat your yummy carrots! They're crunchy and orange, just like the sun. You'll grow big and strong with every bite!""","""Look at the fluffy bunny hopping around! The bunny has soft, white fur and little ears that wiggle when it listens.""","""Hey there, sweetie! Look at all these wonderful toys! Do you see the soft teddy bear, the colorful blocks, and the shiny spinning top? We're going to play with them, and you can choose which one you'd like to pick first!""","""Look at the big, shiny car with four wheels, little buddy! Can you say 'car'? It's so fast and takes us on fun rides!""","""Come here, sweetie! Look at the big red car with four wheels. It's so shiny and fast, just like a rocket. Can you say 'car'? That's right, car! Let's pretend to drive it together and go on a fun adventure,","""Look at the big, cozy house with the blue roof and the pretty garden outside. It's where Mommy and Daddy live, and where we all feel safe and happy. Isn't it amazing how the sun shines on the walls and makes everything bright and warm?""","""Look at all the soft, fluffy teddy bears! They're so cuddly and ready for you to hug and play with!""","""Look at our beautiful home, sweetie! It's where we play, sleep, and eat yummy snacks. See the blue bedroom? That's where we sleep, and the kitchen is where we make tasty treats!""","""Look at the shiny, bright red car, sweetie! The car has four round wheels that go vroom vroom when you press the big red button. It's so fun to watch it go zoom, zoom, zoom!""","""Look at the cute, fluffy cat playing with its favorite ball of yarn. Isn't it purr-fect?""","""Look at the big, red car, sweetie! It's zooming by with the wind blowing in your hair.""","""Come on, let's pick up the blocks and stack them up, just like we're building a big tower together!""","""Sweetie, it's time to eat your yummy apple! Yummy apples are red and crunchy, and they make your tummy happy!""","""Look at the big house, sweetie! It's where mommy and daddy live, and they have a cozy bed for you to sleep in. Can you see the pretty flowers around the windows? They're like little smiley faces!""","""Look at the beautiful bird, sweetie! It has feathers and it's singing a lovely song for us to hear!""","""Look, sweetie, this big, cozy house is our special home where Mommy and Daddy love to play and make delicious meals together. The roof is like a giant triangle and the walls are like tall hugs keeping us safe. Let's explore more!""","""Look at the yummy carrots, sweetie! They're orange and crunchy. Let's give them a big bite and enjoy the delicious taste!"""
"""Look, sweetie, the soft teddy bear is waiting for you to hug it, and the colorful blocks are there to stack and play with. Isn't it exciting?""","""Look at our family, sweetheart! We have mommy and daddy, and look, there's you, my precious baby. We're all so special together.""","""Look at the fluffy, playful cat, sweetie! Meow, meow! Can you say 'cat'? The cat is so soft and cuddly, just like when mommy hugs you.""","""Look at the cute dog, sweetie! The dog is wagging its tail and barking happily. Isn't it so fun to see the dog play and run around?""","""Look at the bright and shiny car, sweetie! It's a red car that goes 'vroom, vroom' when we push it. Let's play and pretend we're driving to the park!""","""Look at the bunny hopping in the grass! See how fluffy and soft its fur is? Can you say 'bunny'? Let's talk about the bunny and all the other fun animals we can find outside.""","""Look, sweetie, here's your favorite mashed banana. Yummy, isn't it? Let's eat together!""","""Look at the juicy red apple, sweetie! It's time to take a big bite and enjoy the yummy taste!""","""Look, sweetie, your family is made up of Mommy and Daddy, your big brother, and your big sister. They love you very much and they are all together to play and have fun with you!""","""Look at the big, happy family, sweetie! We have Mommy and Daddy, your big brother, and your little sister. They all love you so much, just like I do!""","""Look at the adorable puppy! It's a fluffy little dog with soft, brown fur and the cutest little nose. The puppy wags its tail and barks happily when it sees you. Isn't it a wonderful furry friend?""","""Look, sweetie, those juicy red tomatoes are ready to be picked for our yummy spaghetti dinner. Isn't it fun to help mommy and daddy in the kitchen?""","""Look at the fluffy bunny hopping in the grass, sweetie. The bunny has soft ears and loves to eat carrots just like you enjoy your peas!""","""Look at these colorful toys! Want to play with the soft teddy bear? It's so fluffy and huggable!""","""Look, sweetie, this is a car! It's big and red, just like a juicy apple. See how the wheels go round and round, just like your toy car? It's going to take us on a fun ride!""","""Look at the big, red car! See how the wheels spin? The car goes fast, but remember to always hold mommy's hand when we're near cars. Can you say 'car'? Let's pretend to drive the car together!""","""Hey there little buddy, do you see our cozy, lovely home where we all feel safe and snug? Our house has many rooms, each with its own special colors, furniture, and fun things to play with. Isn't it wonderful to live in such a warm, happy place","""Look at the colorful toys, sweetie! Can you grab the soft teddy bear and give it a hug? You're going to have so much fun playing with them!""","""Look, sweetie, this is our cozy house where mommy and daddy love to cook yummy food for us and we sleep in our soft beds every night.""","""Look, sweetie, a big, shiny car! It's red like a cherry and has four wheels to roll down the street. Want to pretend you're driving it with me?""","""Look at the fluffy, soft cat, little one. Its fur is as white as snow, and it's purring quietly while curling up for a nap. Isn't that adorable?""","""Hey sweetie, look at the big red car outside! It has four wheels and goes vroom-vroom when you press the pedal. The driver in the car is wearing a hat and sunglasses, and there's a little puppy sitting next to him. Isn'","""Look at all these amazing toys, little buddy! You can build a big tower with those blocks, and maybe we can paint a rainbow on the colorful ones. What's your favorite toy to play with?""","""Hey there, little buddy! Look at this yummy, bright red apple. It's so sweet and crunchy. Can you take a big, happy bite? Mmm, yum! Isn't it a tasty treat?""","""Hey sweetie, let's go on a magical adventure through our amazing house, where we find cozy rooms, soft beds, and friendly furniture waiting for us!""","""Look, sweetie, a bird! The bird is flying in the sky with its wings wide open, singing a beautiful song!""","""Hey there, sweetie! Let's look at our cozy house, with its bright yellow roof and big, welcoming front door. Inside, we have our soft, fluffy carpet where we can play, and our lovely, colorful bedroom where we sleep. Isn't","""Look, sweetie, it's a big, yummy apple! Yummy apples are so crunchy and make your mouth water. Let's say 'apple' together and take a big bite!"""
"""Look at the bright, colorful, fun toys! Can you reach up and grab the soft, fluffy, cuddly toy? I'm so proud of you for trying!""","""Look at you, little one! Your mommy and daddy are your family. They love you very much.""","""Look at the fluffy cat, sweetie! The cat is purring and cuddling on the soft couch.""","""Look at the fluffy, playful dog! See how it wags its tail and jumps around, ready for a fun, fun time!""","""Look at the shiny, red car, sweetie! It's going to zoom by super-duper fast, but it won't come near us. Isn't it a beautiful car? Say 'car' with me!""","""Look at the little puppy wagging its tail and barking happily, it's so cute and playful!""","""Yummy apples, crunchy and sweet! Want to help me cut some for a yummy snack?""","""Look at the yummy carrots, sweetie! They're orange and crunchy, and they're good for your eyes. Can you try to eat one with me?""","""Look, sweetie, that's mommy and daddy. Mommy cooks yummy food and daddy takes you to the park. They love you very much, just like I do!""","""Look at the family picture, sweetie! There's Mommy, Daddy, and you, my favorite little one. They love you so much and always take care of you. Isn't it wonderful to be a part of such a happy family?""","""Look at the fluffy, friendly dog with the wagging tail! He's so excited to play with you and he's very good at fetching your favorite toy.""","""Look at the yummy, colorful fruit! This is a sweet and juicy apple. We can eat it together and it will make us feel happy and healthy.""","""Look at the cute little kitten playing with a ball of yarn, sweetie! It's soft and fluffy, isn't it?""","""Look at all these colorful toys, little buddy! The teddy bear is soft and cuddly, and the blocks are super fun to stack and build tall!""","""Look, sweetie! This big red car is rolling down the street. It has four round wheels, just like a ball. Isn't it funny how it zooms past us, going so fast?""","""Look at the big, shiny car, sweetie! The car has wheels that roll on the road, and it takes us places far and wide. The car is our special friend on wheels.""","""Hey sweetie, let's go inside our cozy house, where the walls are so soft and the floor is warm. We can play hide and seek, or maybe build a big, big tower with our blocks!""","""Look at all the colorful toys, sweetie! Can you pick your favorite one to play with now?""","""Come here, sweetie, let's go inside the house where we have our cozy bed, yummy snacks, and lots of fun toys to play with!""","""Look at the big, shiny car with the bumpy seats, sweetie! This car will take us on fun adventures and drive smoothly on the road.""","""Look at that fluffy, cute cat, little one! It's a meow-meow kitty and it's very friendly. The cat's tail is wagging, wagging, just like your little finger when you wiggle it!""","""Look, sweetie, this big, shiny car has four wheels and it goes vroom-vroom when we push it, just like a friendly rocket!""","""Hey there, little buddy! Look at all these wonderful toys! Let's pick one and have fun playing together!""","""Look at these bright, round carrots! They're yummy and good for our eyes, just like the superheroes!""","""Come here, sweetie! Look at our lovely home with its colorful walls, cozy beds, and delicious food we make together!""","""Look at that pretty bird, sweetie! It has a bright yellow belly and lovely blue feathers. Want to see if it can hop like a bunny?""","""Come here, sweetie! Let's explore the big, beautiful house with its lovely rooms, cozy bed, and yummy kitchen where we can make tasty snacks!""","""Yummy yummy food! These carrots are orange and crunchy, just like a superhero's shield!"""
"""Look at the bouncy ball, my little one! It's going to bounce high when we give it a gentle push. Isn't it fun?""","""Hey sweetie, look at mommy and daddy! They are your family, and they love you so much. They are your big brothers and sisters, and they will always be there for you.""","""Look at the fluffy, cute cat with soft fur, meowing and purring, ready to play and snuggle with you, little one.""","""Look, little one! This is a dog. Woof woof! It's a cute, furry friend who likes to play and go for walks with us.""","""Look at the big, red car go vroom, vroom! See the wheels spin and the seats are so comfy for you!""","""Look at the bunny, little one, it hops so fast and its soft fur feels so cozy!""","""Sweetie, let's eat some yummy yogurt. It's creamy and tastes like strawberries!""","""Look at the yummy, colorful carrots! Let's try some crunchy, sweet carrots!""","""Look at our beautiful family, sweetie! Mommy and Daddy love you very much, and we're all together like a big, happy group of stars in the sky!""","""Look at the smiling faces of your family, sweetie! They love you so much, just like your mommy and daddy.""","""Look at the puppy, sweetie! It's a cute little dog that barks and wags its tail when it's happy.""","""Look at the yummy, juicy, red apple, sweetie pie! Do you want to see the big, crunchy, green cucumber too? It's time to eat our tasty, colorful, yummy snack!""","""Look, little buddy! See that fluffy bunny hopping around? It's called a bunny, and it likes to eat carrots and hop in the grass. Can you say 'bunny'?""","""Hey there, sweetie! Want to play with your favorite toy truck? It's ready for a big adventure!""","""Look, sweetie, a car! That's a big, shiny car. The wheels go 'vroom, vroom' when it drives on the road. Want to see more cars? Let's go!""","""Look at the big, shiny car! It's red like your favorite crayon, sweetie! The car can take us on a fun ride to the park, and the driver inside will make sure we get there safely. Isn't that exciting, little buddy?""","""Look at the big, cozy house with the red roof and the pretty windows, little buddy. This is where Mommy and Daddy live, and where we play and make lots of fun memories together!""","""Look at all the colorful toys, sweetie! These fun blocks are perfect for stacking. You can build a tall tower and then knock it down to play. Let's play together!""","""Look at our lovely home sweet home! See all the colorful rooms, comfy beds, and yummy kitchen where we make tasty snacks!""","""Look at the shiny, big car! It's red like an apple. The car goes 'vroom' when you press the pedal and it drives on the road.""","""Look at the cute, soft cat, little buddy! Its fur is as white as snow and its eyes are as bright as stars. The cat is purring happily and it's saying 'meow' because it's very friendly and wants to be petted.""","""Look, sweetie! See the big red car? It goes vroom-vroom when the driver pushes the pedals. Isn't it fun? Maybe we can pretend to drive it together when we're playing at the park!""","""Look at all the fun toys, sweetie! Let's pick one and play together. How about we choose a soft teddy bear, or a shiny car? We can roll the car, pat the bear, and giggle a lot!""","""Sweetie, would you like to try some crunchy carrots? They're super yummy and good for you, just like your favorite apple snack!""","""Hey sweetie, look at our lovely house! It's big and has a roof on top, walls around, and a door to open. Inside, we have rooms like the kitchen, where mommy cooks, the bedroom for sleeping, and the living room for playing.""","""Look, sweetie, there's a little birdie flying up high in the sky. See how it's waving its wings? It's like it's giving us a big, beautiful hello!""","""Come here, sweetie! Let's see the beautiful house with the big windows, the cozy bed, and your favorite toys waiting for you inside. Isn't it a lovely place?""","""Look, sweetie, these are some juicy red strawberries! They taste so yummy and make you smile!"""
"""Look at the soft, colorful teddy bear! It's time to play and cuddle our new toy friend!""","""Look, sweetie, this is mommy and daddy, your loving family who will always be here to cuddle you and play with you.""","""Look at the fluffy, cute cat, kitty! The cat is purring and cuddling. Can you say 'cat'? Good job! The cat is soft and cozy to touch.""","""Look at the adorable puppy! It's wagging its fluffy tail and barking with joy. Let's say 'woof woof' together and give it a gentle pat on the head!""","""Look at the big, red car go vroom-vroom, sweetie! Want to see it zoom by?""","""Look at the bunny hopping around, little one! See how fluffy and soft its fur is? The bunny is jumping so high, just like you when you jump on the trampoline!""","""Look, sweetie, here's your yummy carrots. Eat up, we're having a fun snack time!""","""Look at this juicy, red apple, my little one! It's so sweet and yummy, just like the treats we'll eat together soon!""","""Hey there sweetie, guess what? Mommy and Daddy are here, just like you, and they're so happy to see you. They're your family, always loving and taking care of you. You know how we all hug and say 'I love you'? Well","""Look at our family, sweetie! We have mommy, daddy, and your big brother, all together, just like a little team!""","""Look at the cute dog, sweetie! He's wagging his tail because he's happy to see you! Do you want to say 'hello' to the puppy too?""","""Look at the yummy apple, sweetie! It's red and crunchy, perfect for biting and munching. Do you want to try a bite?""","""Look at the cute little bunny hopping around, little one! It's so fluffy and soft, isn't it? Bunnies love to eat carrots and hop in meadows. Can you see the bunny's ears? They're really big!""","""Look at all those bright, colorful toys! Would you like to play with the soft teddy bear or the shiny, spinning top?""","""Look, sweetie, a big shiny car! It goes, vroom vroom, and it has a roof for us to sit under and windows to look out of. Isn't it fun?""","""Look, sweetie, this is a big red car! It has wheels that roll on the ground, and it takes us for a fun ride.""","""Hey there, sweetie! Come here and let's explore the big, cozy house with its many rooms, colorful walls, and soft, comfy beds!""","""Look at those big, soft teddy bears! They're waiting for you to give them a big hug and cuddle them tightly. Let's go and play together, little buddy!""","""Look at our lovely house, sweetie! It's a big, cozy place where we live together. See the bright yellow sun shining outside? That's what makes our house so warm and inviting. And look at our pretty blue carpet under our feet. We have our own special","""Look at the big, shiny car, little buddy! It's a red toy car with big, bouncy wheels. Can you see how it rolls and goes vroom vroom?""","""Look at the fluffy cat with pointy ears and soft fur, kitty. She's playing with her toy mouse, purring quietly and watching birds fly by in the sky.""","""Look at the big, shiny car with the bumpy tires, sweetie! This car takes us on fun rides and lets us see new places. Isn't it exciting?""","""Look at those big, colorful blocks, sweetie! Can you stack them up for me?""","""Yummy yummy, sweetie pie! Look at these bright red strawberries, they're so soft and juicy. Want to give them a little taste?""","""Come here, sweetie! Let's look at the big house, with the red roof and the white walls. Inside, we'll find rooms full of toys and a big, cozy bed where we can sleep!""","""Look at that pretty bird with its bright feathers, little one! Birds are amazing creatures that can fly high up in the sky, singing beautiful songs just for us.""","""Hey sweetie, look at the big, beautiful house with a red roof and lots of windows, just like a big, warm blanket where Mommy and Daddy live with you!""","""Look at these juicy, red tomatoes, sweetie! They're yummy and can make your salad crunchy and tasty!"""
"""Look at the bright, colorful toys, sweetie! You'll play with them when you're bigger.""","""Look at the smiling faces, sweetie! This is mommy and daddy, and they love you very much.""","""Look at the fluffy, cute, and cuddly kitty with pointy ears and soft, white fur! Can you say 'cat'? That's right, cat! The cat is so playful and fun. Let's give it a gentle pat, sweetie.""","""Look, sweetie, this furry friend is a dog! It's wagging its tail and sniffing around. Isn't it so soft and cute?""","""Look at the big, red car, sweetie! It's ready to go on a fun ride. Want to wave to the car as we walk by?""","""Look at the cute little puppy! Puppies are soft and love to play. They bark and wag their tails when they're happy.""","""Look at the juicy red apple, sweetie! It's so crunchy and yummy, and we can take a little bite together. Yummy!""","""Look at these yummy carrots, sweetie! They're orange and crunchy. Let's take a big bite together!""","""Hey sweetie, mommy and daddy are your loving family, just like how your teddy bear is your special family friend!""","""Sweetie, let's talk about our family. You know mommy and daddy are your mommy and daddy, right? We love you so much and always keep you safe. Your big brother is funny and he plays with you a lot. Your little sister is the best snuggle","""Look at the fluffy doggy! He's so cute, isn't he? The doggy is wagging his tail and has a big, smiley face.""","""Look, little one, the yummy carrot is orange and crunchy, and it's good for your eyes. Shall we eat it together?""","""Look at the cute little puppy! It's bouncing around like a little ball. Let's say 'woof woof' together and watch it wag its tail!""","""Look at those soft, fluffy teddy bears over there! They're ready for you to hug and play with. Want to pick one and give it a big, gentle pat?""","""Look at the big, red car, sweetie! It has four wheels and can take us on a fun ride around the block.""","""Look at the big, shiny car with the bumpy seats, sweetie. Can you say 'car'? Yes, that's right, it goes vroom-vroom when we play the car game together!""","""Come here, little one! Let's go explore the big, cozy house with our lovely toys, yummy snacks, and fun stories in each room.""","""Come on, sweetie, let's find your favorite teddy bear and play with him together. Teddy is so soft and fluffy!""","""Come here, sweetie! Let's go see the big, cozy house where we live. Look at all the pretty windows and the shiny red door. The house has a lovely garden with flowers and butterflies. We can play hide and seek inside the house, in the living room","""Look at the big, shiny car! Wow, it's so fast, just like your toy car! Can you say 'car' with me, sweetie?""","""Look at that cute little cat, sweetie! See how it's purring and playing with a ball of yarn. Isn't it so fluffy and soft? The cat is so friendly, just like you and me. Let's say hello to the cat together!""","""Look at that big, shiny car, sweetie! It has four wheels and it's so colorful! The car will help us go on a fun adventure to the park.""","""Look at all these wonderful toys, sweetie! The bunny can hop, the car can zoom, and the teddy bear is waiting for you to give him a hug!""","""Sweetie, it's time to eat your yummy veggies. Mommy loves that you're trying new foods!""","""Look, sweetie! This big house is where we live. It has many rooms, a kitchen, and a garden where we can play. The walls are painted with pretty colors, and there's a door we use to come and go.""","""Look at that beautiful bird, sweetie! It's chirping and singing its lovely song, just like you sing with me!""","""Look at the big, beautiful house, sweetie! It has a blue door and a shiny red roof. Isn't it wonderful to live in such a cozy and safe place?""","""Look at these yummy, bright, rainbow-colored fruits and vegetables! They're so sweet, crunchy, and tasty. Let's have some fun and eat them together, my little helper!"""
"""Look at all the fun shapes, little one! See the round ball, the triangle block, and the colorful toy car!""","""Look at the smiling family in the picture! The mommy and daddy are so happy holding their baby, and they have a big, beautiful smile just for you.""","""Look at the fluffy, cute kitty cat with the pointy ears, little buddy! Can you say 'cat'? That's right! The purr-fect furry friend with soft whiskers and sharp claws.""","""Look at the fluffy dog, sweetie! Its tail is wagging happily. Oh, it's so soft and cuddly, isn't it? The dog is barking with joy because it sees you.""","""Look at the big, red car, sweetie! Can you say 'car'? It's rolling by! Whee!""","""Look at the bunny hopping around! The bunny has soft, fluffy fur and tiny little ears.""","""Yummy apples! Here's one for you. See how it's red and sweet? Yummy, yummy!""","""Look, sweetie, these are carrots! They're orange and crunchy. Crunch, crunch, yum! Carrots are good for you because they help you see better in the dark!""","""Sweetie, look at our lovely family. Mommy and Daddy are your favorite people, and they always love you and take care of you. And look, there's your big brother and sister who play with you and make you laugh with funny faces and silly voices!""","""Hey sweetie, guess what? Today we are going to meet Grandma and Grandpa. They are our family's special superheroes, always helping and loving us!""","""Look at the doggy, sweetie! That fluffy, cute puppy is wagging its tail, happy to see you!""","""Look at these yummy, juicy, red strawberries! They're so sweet and squishy. Let's eat them together!""","""Look at the fluffy bunny hopping and playing in the meadow, little one! The bunny is so happy, isn't it?""","""Look at all these wonderful toys, sweetie! This colorful ball can roll away, so we must always put it back where we found it, and this fun puzzle has pieces to fit together just right.""","""Look, sweetie, there's a big, red car on the street! It's going to take us to the park. The car has four wheels and makes a 'vroom' sound when it moves.""","""Look at the big, shiny car, sweetie! The car has four wheels, and the driver sits inside to take us places.""","""Come here, sweetie! Let's explore our lovely home, where we have a cozy bed, yummy food, and lots of fun toys to play with!""","""Come here, little buddy! Look at all these wonderful toys! Can you pick out your favorite one to play with? It's so exciting to have so many to choose from!""","""Hey sweetie, look at this big, beautiful house with lots of windows and a red door, just like ours! Inside, we have our cozy, colorful rooms where we play and sleep. Isn't it a lovely house?""","""Look at the bright and shiny car, sweetie! It has wheels that go 'vroom vroom' when you push it. Isn't it wonderful?""","""Come here, sweetie! Look at this fluffy and cute cat with soft fur. It's so cuddly and purrs when it's happy. Can you say 'cat'? C-A-T, cat!""","""Look, sweetie, there's a big, shiny car driving by! Isn't it red like your favorite candy? The car's wheels are round, just like your toy car's. Daddy can drive this car to take us on fun adventures!""","""Hey there, sweetie! Let's play with your favorite toys now. Can you grab the colorful blocks and stack them up like a tall tower? I'll help you make it even higher!""","""Look at those bright, juicy apples! They're so sweet and crunchy. Can you say 'apple'?""","""Look at our cozy, warm house where we all play and snuggle together! It's a big, happy place with lots of rooms and special spots for each of us to enjoy.""","""Look at that beautiful bird! It has bright feathers and a big, happy beak. Isn't it lovely?""","""Look at our lovely, cozy house, sweetie! It has a big, beautiful roof to keep us safe and dry. Can you see the shiny windows? They let the sunshine in and let us see the pretty flowers in our garden. We have a soft, fluffy carpet","""Yummy, sweet, delicious bananas! You can peel them and eat them with your hands, little one. They're so soft and yummy!"""
"""Oh look, sweetie, the pretty toys are waiting for you! Let's play with the colorful blocks together!""","""Look at the smiling family, little one! Mommy and Daddy are your big, loving family. They hold you close, give you hugs, and always make you feel safe and happy.""","""Look at the fluffy kitty, sweetie! The cute little cat is purring and playing with a ball of yarn.""","""Look at the fluffy dog wagging its tail! The dog is so friendly and loves to play with you, my little one!""","""Look at the big, red car go zoom! Wheee! The car is moving fast, and we're all safe in the car seat.""","""Look at the cute little kitten, sweetie. It's purring softly. Want to see the kitten's fluffy tail?""","""Look at these yummy red tomatoes, little one! They're so juicy and sweet, and they grow right on the vine. Would you like to help me pick some and make a delicious salad?""","""Look at the yummy apple, sweetie! It's red and crunchy, perfect for your little teeth. Can you say 'apple' with me?""","""Look at the happy family, sweetie! Mommy, daddy, and your little brother are all here with you, playing and laughing together. They love you so much, just like I do!""","""Look, sweetie, these are your family members, Mommy and Daddy, and Auntie. We love you so much!""","""Look, sweetie, there's a fluffy dog! The dog is wagging its tail because it's happy to see you!""","""Look at this yummy apple, sweetie! It's so crunchy and juicy. Yummy, yummy!""","""Look at the big, friendly elephant with the long trunk! It's so fun to watch the elephant gently pick up food with its trunk. Do you want to say 'trunk' with me?""","""Look at all the fun toys, sweetie! The teddy bear has soft fur, the truck is big and red, and the ball is bouncy. Let's play with them together!""","""Look, sweetie, this is a car! It's a big, red toy car that goes 'vroom-vroom' when we push it!""","""Look, sweetie, a car! A big, shiny red car that goes 'vroom-vroom' when it moves. It has four wheels and a nice, friendly driver inside. Would you like to pretend to drive a car too?""","""Look at our cozy home, sweetie! It's where mommy and daddy love to be, where we all sleep in our comfy bed, and where we make yummy snacks together. Isn't it lovely?""","""Look at those soft, bouncy bunnies! They're so cuddly, aren't they? Let's give them a gentle hug and watch them hop around like little furry friends.""","""Look at the big, beautiful house with lots of rooms, sweetie! The house has a cozy bedroom with your favorite toys, a kitchen with yummy snacks, and a playroom with all your favorite games and books!""","""Look at the bright red car, sweetie! The car has four shiny wheels and a big, round bumper to keep us safe. The car's windows are clear so we can see outside. The car can drive on the road, but it needs a grown-up to help it move","""Look, sweetie, there's a cute little cat! The cat is soft and fluffy, with furry paws and a purr that sounds like 'meow-meow.' The cat's whiskers are long and tickle the air. Oh, the cat is very","""Look at the big, shiny car! It's so red and fast, like a rocket! Do you see the bumper stickers on it? They're like pictures on our walls! The car can take us on fun adventures, just like we do with our toy cars.""","""Look at all these amazing toys, little buddy! They're so much fun to play with and help us learn new things. Let's start with the teddy bear, and we can take turns playing with it. I'll show you how to hug it, and then you can","""Look at these yummy, ripe, red strawberries, sweetie pie! Let's pick them up and eat them, one at a time, like little juicy gems!""","""Look, sweetie, we're standing in our cozy house, with soft walls and colorful windows, where we all snuggle up and feel safe, isn't that lovely?""","""Look at the bird, sweetie! It has beautiful feathers and it's singing a pretty song.""","""Come here, sweetie! Look at this big, beautiful house where Mommy and Daddy live, with a lovely garden and a cozy little room just for you!""","""Look at these yummy carrots! They are orange and crunchy, and they help us see better and grow strong!"""
"""Look at those colorful, fun toys! They're ready for you to play with and discover all the different shapes and sounds they make.""","""Look at our family, sweetie! Mommy, Daddy, and you are all together, just like a little team of love.""","""Look, sweetie, this cuddly little kitty has soft, white fur. See how it purrs when you pet it? It's so fluffy and cute!""","""Look at the cute little dog! Woof woof, see how it's wagging its tail? Dogs are so fluffy and fun to play with!""","""Look at the big, shiny car! Can you say 'car'? It's red and has wheels that go 'vroom'!""","""Look at the puppy, sweetie! The puppy has soft fur and wags its fluffy tail when it's happy.""","""Yummy! Look at the bright red apples, little buddy! They're so sweet and crunchy, perfect for a tummy like yours!""","""Yummy! These little peas are so good for you, sweetie. They help make you strong and healthy!""","""Hey there, sweetie! Look at all the family members we have around us. Daddy is fixing the car, Mommy is making a yummy snack, and our puppy is running around playing. It's like a big, happy family where we all love and care for each other","""Look, sweetie, that's your mommy and daddy. They love you so much and always keep you safe.""","""Look at the adorable puppy, sweetie! It's wagging its fluffy tail and barking so happily. Oh, and it's time for our puppy's dinner, isn't it? Let's feed him some yummy dog food.""","""Look at these juicy red strawberries! Can you help me pick them? They're sweet and yummy, perfect for making a yummy dessert!""","""Look at the bunny hopping around, little one! The bunny's soft fur is so fluffy, and it loves to munch on fresh green lettuce from the garden.""","""Look at those cute little toys! The soft teddy bear is ready for a big hug, and the shiny cars are zooming around the play mat.""","""Look at the big, shiny red car! It's going to zoom down the road, honking like a bunny, and you can wave your little hands as it drives by!""","""Look at that big, red car! Can you say 'car' with me? Let's wave our hands like the car's wheels are turning and go 'vroom, vroom' like the engine is running.""","""Look, sweetie, this is our lovely house! It has a cozy bed for us to sleep, a big kitchen for mommy and daddy to cook yummy food, and lots of windows that let in the sunshine and birds singing!""","""Hey there, little buddy! Look at those big, colorful blocks over there. Let's go play with them together!""","""Hey sweetie, come here! Let's look at the pretty house where mommy and daddy live. See the big windows? They let sunshine in. And look at the chimney, where we see smoke when mommy bakes cookies. Isn't it a lovely house?","""Look at the big, shiny car! It has four wheels and goes vroom-vroom when you press the gas pedal. Isn't that fun? Let's pretend to drive the car together!""","""Look at the cute little cat, sweetie! This fluffy furry friend has soft whiskers and paws that are as soft as kitty's toys. It's called a cat, and it loves to cuddle and play with yarn. Isn'","""Look at the big, shiny car with four wheels and a roof, sweetie! It's ready to take us on a fun ride to the park!""","""Look at the big, red ball! It's time for you to roll it and see how fast it goes!""","""Look, sweetie, the yummy yellow banana is ready for you to eat. It's soft and sweet, and it'll make you super strong and happy!""","""Look, sweetie, this is a house where we live. See the roof, it's like a big hat for the house. And this is a door, we open it to go inside or come out. The windows let in the sunshine, making it feel warm and cozy. The walls","""Look at that beautiful bird, sweetie! It's singing a lovely song with its bright, colorful feathers. Isn't it pretty?""","""Hey sweetie, do you see our cozy house with its pretty blue walls? Let's go inside and make a yummy snack!""","""Yummy, sweetie, let's eat some crunchy carrots and juicy grapes for a healthy snack!"""
"""Oh, look at the pretty, shiny, soft toys! They're so soft, you can touch them and they feel nice. You can play with them, sweetie. They're fun!""","""Look, sweetie, that's mommy and daddy, and there's your big brother, and we all love you so much!""","""Look at that cute little cat, my sweetie! See how it's playing with yarn? Want to see it wag its fluffy tail too?""","""Look at the cute, fluffy dog, little buddy! See how it wags its tail when it's happy and barks when it wants to play!""","""Look at the big, shiny car! The car is so colorful, isn't it? It goes 'vroom' when we turn the key, and it takes us on fun trips to see new places.""","""Look at the fluffy bunny hopping over the soft, green grass, little one! Can you say 'bunny'? They're so cute with their little paws.""","""Look at the yummy banana! It's bright yellow and soft. Let's eat it together!""","""Look at the yummy carrots! They are orange and crunchy, and they're good for your eyes!""","""Come here, sweetie! Your big brother and sister are playing with your toys. Let's give them a big hug!""","""Hey sweetie, guess what? We have a big, happy family with mommy, daddy, and all your siblings, and we love you so much!""","""Look at the cute little dog wagging its tail and ready to play!""","""Look at these yummy, juicy, ripe strawberries! They are so sweet and red, just like a little ball of sunshine. Let's pick some and eat them together!""","""Look at the cute little kitten, sweetie! Its fluffy fur is as white as a snowflake, and it loves to purr when you pet its soft head. Let's go and say 'hello' to our little furry friend, okay?""","""Look at all the pretty, fun toys you have to play with today, sweetie! Let's pick one and see what makes you smile.""","""Look, sweetie, there's a big, shiny car! See how it has four wheels? The car goes vroom-vroom when the grown-up drives it!""","""Look at the big, shiny car, sweetie! The car has four wheels and goes 'vroom, vroom' when we press the gas pedal, and it stops when we press the brake pedal.""","""Come here, sweetie! Let's go look at all the pretty colors on the walls, feel the soft carpet under our feet, and see the big windows that let sunshine fill our room. Our house is so safe and warm, just like your favorite teddy bear.""","""Look at all those colorful toys, sweetie! You can play with the soft, fuzzy bear or the shiny, spinning top! Want to pick one to play with?""","""Look, sweetie, this is our cozy house where we live and play. Can you see the colorful walls and soft carpet? We have a big, comfy bed where we sleep, and there are lots of windows to let in sunlight and let us watch the birds fly by. This","""Look at the big, shiny car! It's so bright red, like the juiciest apple. The car is ready to go on a fun adventure with us, and we'll sit safely inside, just like we sit in our cozy, soft car seat.""","""Look at the fluffy, cute cat, sweetie! This little kitty has soft fur, pointy ears, and big round eyes just for you to see.""","""Look at the big, red car! It has four wheels and makes a honk honk sound when we drive by.""","""Oh, look at those colorful blocks! You can stack them high, and when they fall, we can count them together!""","""Look at the yummy apple pie! Can you say 'apple pie'? Let's take a big bite and enjoy this sweet and crispy treat!""","""Look at the big, beautiful house, sweetie! It has a roof to protect us from the sun and rain, and windows to see outside and let the sunshine in. The walls keep us cozy and safe, and the floor lets us walk and play without tripping. Isn't it amaz","""Look, sweetie! See the pretty bird with colorful feathers flying high in the sky?""","""Come here, sweetie! Let's go visit the pretty house with the colorful windows and cozy rooms, where we can play with your toys and make new friends!""","""Look at those yummy, colorful vegetables on your plate, sweetie! They're like a rainbow, and each one is a delicious treat for your tummy to enjoy!"""
"""Look at those bright, colorful toys! They're so fun to reach for, sweetie!""","""Hey sweetie, look at mommy and daddy together. They are your parents who love you so much!""","""Look, sweetie, there's a cute little cat. The cat is purring and cuddling. Do you see the fluffy cat? Let's say 'meow' together.""","""Look at the cute fluffy dog wagging its tail, sweetie! It's a soft and gentle puppy.""","""Look, sweetie, here's a shiny red car! See the windows? Wide-eyed, watch the wheels spin! Yay, car goes 'vroom' when it moves!""","""Look at the fluffy bunny hopping around, little one! Can you say 'bunny'? The bunny likes to eat carrots and play in the sunshine.""","""Look at these juicy, ripe strawberries, little buddy! They're so sweet and yummy. Let's crunch them and taste their deliciousness together!""","""Look at the yummy apple, sweetie! It's red and crunchy. Would you like a bite?""","""Look, sweetie, your family is so special! Mommy and Daddy love you and grandma and grandpa are here to tickle you with fun stories.""","""Come here, little one! Let's give mommy and daddy a big hug, just like this!""","""Look at the cute little puppy! It's wagging its fluffy tail because it's so happy. The puppy says 'woof woof' when it wants to play with you. Isn't it adorable when it licks your hand? Let's give","""Hey there, sweetie! Look at those yummy carrots, they're orange and crunchy! Let's have some fun crunching on them together, okay?""","""Look at the fluffy bunny hopping in the meadow! Isn't it cute? Let's say 'bunny' together and watch it hop around. The bunny is so soft and loves to play!""","""Look at all these colorful toys! The soft, bouncy ball is perfect for rolling and the blocks can be stacked high to make a tall tower. You can play with them and have so much fun!""","""Look, sweetie, this big, shiny car with the red color! It has four wheels and can take us on a fun ride to the park.""","""Look at the big, red car, little buddy! It has shiny wheels that go vroom-vroom when we push it. Want to say 'car' with me?""","""Come here, sweetie, let's go visit our house, where we have a cozy bed, a funny table, and a big, beautiful bathroom for playing with our toys!""","""Look at all the colorful toys! Can you find the soft, fluffy teddy bear for me, sweetheart?""","""Come here, sweetie, let's look at this big, cozy house with a red roof and pretty flowers in the garden!""","""Look at the big, red car! It's going to zoom down the road, and we'll sit in the back seat, just like mommy and daddy do. Isn't it exciting to imagine driving our own car one day, little buddy?""","""Look at the fluffy, cute cat, sweetie! The cat is soft and gray, just like a cloud in the sky. The cat says 'meow' when it wants to say hello, and it loves to play with yarn and chase little bugs.""","""Look at the big red car, sweetie! It has four wheels and it's going to take you on a fun ride around the park!""","""Come here, sweetie! Look at these fun, colorful toys we've got for you to play with. You'll love the bouncy ball and the soft teddy bear!""","""Hey there, little buddy! Look at this yummy apple. It's crunchy and sweet, perfect for your juicy teeth!""","""Come here, sweetie! Let's go explore our cozy home, with all the fluffy pillows and the warm blanket on the bed!""","""Look at that beautiful bird, sweetie! It's called a robin. See how it's sitting on that tree? Birds are so fun to watch, don't you think?""","""Look at our beautiful, cozy house, sweetie! The walls are painted with soft blue and sunny yellow, just like your favorite toys, and there are big, comfy pillows waiting for you to snuggle with when you're tired.""","""Yummy yummy, sweetie! It's time for some apple slices. They are crunchy and juicy. Let's eat our apple slices together!"""
"""Look at the colorful blocks, sweetie! Want to play with them together?""","""Hey sweetie, look at mommy and daddy holding your favorite teddy bear together, isn't that love?""","""Look, little one, a fluffy cat is sleeping on the soft, warm couch.""","""Look, sweetie, this is a fluffy, bouncy dog. It's wagging its tail and wants to play with you.""","""Look at the big, red car, sweetie! It has four wheels and can go really fast. It's so fun to watch the cars zoom by, isn't it?""","""Look at the fluffy bunny hopping and playing in the green meadow, little buddy! Isn't it cute how it hops around and loves to eat the tasty grass?""","""Sweetie, it's time to eat your yummy peas! They're green and soft, just like tiny little peas in a pod!""","""Look at the yummy apple, sweetie! It's a juicy red fruit. Do you want to try some slices? It's crunchy and tasty!""","""Look at the smiling family in our picture, sweetie! There's mommy, daddy, and your big brother/sister. They love you very much and are always there for you.""","""Look, sweetie, these are your family! Mommy, Daddy, and your big brother or sister. They all love you very much.""","""Look, sweetie, this is a fluffy, cute dog! Dogs are so friendly and love to play fetch. They wag their tails and give us big, wet kisses!""","""Look at these bright, yummy carrots! Crunch, crunch, they're so tasty and good for you!""","""Look, sweetie, this is a fluffy bunny hopping around, and it says 'bunny' with a little hop. It's so soft and wants to cuddle.""","""Look at all these wonderful toys! Which one do you want to play with first, sweetie? Let's pick your favorite toy together!""","""Look, sweetie! This big, shiny car is going to take us on a fun ride to the park. The car has four wheels and it's made of red and silver colors, just like your toy cars. It's very fast, but remember, cars need a grown-up","""Look at the big, shiny car! The car is red and has four wheels that go 'vroom-vroom' when it moves. Isn't it pretty?""","""Look at our lovely house, sweetie! It's big and cozy, with lots of colorful rooms, just like your favorite storybook. Come on, let's go explore the kitchen where yummy food is made!""","""Hey there, little buddy! Look at all these fun toys! Let's play with the colorful blocks together.""","""Come here, sweetie! Let's go explore the cozy house with the fluffy carpet and the big, comfy bed where we can snuggle up together.""","""Look, sweetie, this big red car is going to take us on a fun ride. We'll sit in the back seat and hold onto the seatbelt, and the driver will make sure we stay safe and have a great time zooming down the road!""","""Look at the fluffy, soft cat, sweetie! This adorable little furball has a pink nose, whiskers, and pointy ears. It's a cuddly, cute, and cuddly cat, isn't it? Let's go","""Look at the big, shiny car! It has four wheels that go vroom-vroom, and it takes us on fun trips to the park, the zoo, and the grocery store!""","""Look at the colorful blocks! Can you put them in the big box, sweetie? It's so much fun to stack them up and watch them reach the sky!""","""Look, sweetie, here are some yummy carrots for you to munch on. They're orange and crunchy and they're really good for you!""","""Look at the big house, sweetie! It has a shiny roof, a bright window, and a friendly door. Let's play peek-a-boo with the house!""","""Look at that beautiful bird, sweetie! It's a robin, with red-breast feathers. Isn't it pretty? Birds love to sing, just like your mommy and daddy sing songs for you.""","""Look, sweetie, this big cozy house is our special place where mommy and daddy make love, where we sleep in our soft, fluffy beds, where we play with our toys, and where we have yummy meals together!""","""Yummy! This delicious apple is crunchy and sweet, perfect for you to munch on and make your tummy happy!"""
"""Look at the cute little teddy bear! Want to see the pretty pink duck? They're soft and fun to touch!""","""Look at mommy and daddy smiling at you, sweetie. They love you so much and want to spend time with you every day.""","""Look at the fluffy, cute cat! It's purring and playing with a ball of yarn. Isn't that adorable, little one?""","""Look at the cute puppy, sweetie! It's a fluffy dog that barks and loves to play fetch with you. Isn't it so adorable?""","""Look, sweetie, this big, shiny car! See the red wheels? The car goes vroom vroom!""","""Look at the cute bunny hopping over the flowers, it's soft and fluffy, isn't it? Let's say 'bunny' together.""","""Sweetie, you're going to love this! Here's some mashed banana for you to try. It's yummy and it's good for you!""","""Look at the yummy apple, sweetie! Can you say 'apple'? Let's all pretend to bite into this juicy, red fruit together!""","""Look at mommy and daddy smiling at you, sweetie! They're so happy to see you, just like a big, warm hug!""","""Look at our family, sweetie! We have Mommy, Daddy, and your big brother. They love you so much!""","""Look at the fluffy dog wagging its tail, sweetie! It's so happy to see you. Want to pet the dog gently?""","""Look, sweetie, the juicy apple is ready for you to take a big bite, and guess what? It's going to taste like a sweet, crunchy rainbow in your mouth!""","""Look at the fluffy bunny hopping around! Isn't it cute? The bunny's ears are so soft and it's really fast, just like you when you're playing tag!""","""Look at all these amazing toys, sweetheart! There's a big, fluffy teddy bear with soft ears, a shiny red truck that can zoom down the street, and a colorful ball that rolls so fast, it's like magic!""","""Look at that big, shiny car, little buddy! It has wheels that roll on the road, and people sit inside to drive to fun places. Can you say 'car' with me?""","""Look at the big, red car! It's so shiny and fast, just like superheroes on a mission. Can you say 'car'? Great job! This car has wheels that go 'vroom' and it takes us on fun adventures. Let's pretend to","""Look at our cozy, comfy house, sweetie! It has a bright blue door and a sweet smelling kitchen where we cook yummy food together!""","""Look at all the colorful toys, sweetie! There's a soft teddy bear, a shiny car, and a big, funny ball to play with!""","""Come here, sweetie, let's explore our cozy house together! We have a big, beautiful bed where we sleep, a soft carpet under our feet, and lots of colorful toys to play with!""","""Look at the big, shiny car, sweetie! It's like a red firetruck that goes vroom-vroom when we drive it.""","""Look at the fluffy, cute cat! The cat has soft fur and purrs when it's happy. Let's say 'meow' together!""","""Look, sweetie, there's a big, shiny car! It's a red one with bumpy seats and a loud engine that goes 'vroom-vroom' when it moves. It has four wheels and takes people to places like the park, the store, or even on","""Look at these big, colorful blocks, sweetheart! They're perfect for you to stack high, and I can't wait to see how tall you make your tower!""","""Look at the yummy carrots! Let's take a big bite and enjoy their sweet, crunchy taste.""","""Come here, sweetie, let's look at the big, pretty house with a red door, where we live and make lots of happy memories!""","""Look, sweetie, there's a beautiful bird with bright feathers and a long, curvy tail flying in the sky. Isn't it amazing how it flaps its wings so fast to glide and swoop? We can watch it together and see how high it can fly!""","""Look at our beautiful house, sweetie! It has a big cozy bed for you to sleep, a lovely kitchen where mommy and daddy make yummy food, and lots of colorful rooms to play and explore!""","""Look at this yummy apple! It's red and sweet, and you can eat it with your hands. Eat it slowly and chew well, okay?"""
"""Look at the cute little teddy bear! It's soft and fluffy, just for you to snuggle with!""","""Look at the family picture, sweetie! Mommy, daddy, and big brother/sister are smiling at you. They love you very much!""","""Look at the cute, fluffy cat, sweetie! It has soft fur and big, round eyes. Can you say 'cat'? Meow!""","""Look at the fluffy dog wagging its tail happily! See how it licks your face? Let's pet the soft fur and say 'woof woof' together!""","""Look at the big, shiny car! Can you say car? It's so fast and it's ready to drive us places. Isn't it exciting?""","""Look at the fluffy bunny hopping over the grass, little one. Bunny's a cute animal with soft ears and long ears. Can you say 'bunny'? Great job!""","""Look at the yummy-looking banana, sweetie! Want to try a tiny piece with me?""","""Look at the yummy, red apple! This apple is very sweet and crunchy, and it will make you happy and healthy!""","""Hey sweetie, look at the lovely family here! We have mommy and daddy, and your sister. Everyone loves you very much!""","""Look at mommy, she's holding baby brother/sister. Isn't he/she so cute and cuddly? Let's give a big hug to mommy and baby brother/sister, okay?""","""Look, sweetie, there's a friendly dog! He's a big, fluffy puppy who loves to play with his toy bone and gives big, wet kisses. Isn't he just the cutest, cuddly furry friend we've ever seen","""Look at the yummy, colorful vegetables on your plate! They're so fresh and juicy, perfect for your tummy to feel happy and full of energy. Yum!""","""Look at that fluffy bunny hopping over the grass, little one. See how its ears flop and its fur is so soft? Want to giggle like a bunny with us?""","""Look at all these wonderful toys, sweetie! The teddy bear is so soft and huggable, and the colorful blocks are perfect for building tall towers. Let's play with them and have so much fun together!""","""Look at that big, red car, sweetie! It's so shiny and pretty. Do you see how the wheels spin around when it moves? That's how cars go, just like when we ride our bikes!""","""Look, sweetie, a big, shiny car! The car goes 'vroom vroom' when its wheels turn fast and it moves on the road. Isn't it a beautiful car with red paint and shiny windows?""","""Come here, sweetie! Look at this big, beautiful house with a red roof and a green door. Can you say 'house'? Yes, it's 'house.' This house has a cozy bed, a fun kitchen, and a playful garden for you to explore!""","""Look at those bright, colorful blocks! Let's stack them together to make a tall tower!""","""Come here, sweetie! Let's go see the big, beautiful house where we live. It's got a tall, pointy roof and windows with pretty patterns. The house is so cozy and warm, just like a big, soft blanket.""","""Look, sweetie, there's a big, red car! It's shiny and it goes 'vroom-vroom' when it moves. Isn't that fun?""","""Come here, sweetie! Look at this cute, fluffy cat. See how it purrs and snuggles when you pet it softly. The cat has big, round eyes and a long, fluffy tail. It's a friendly cat, just like you!""","""Look at the big, red car! See how the wheels spin? Wheels help the car move forward, little buddy! Isn't it cool how it takes you on fun rides to the park?""","""Look, sweetie, here's your new cuddly bear. Can you say 'bear'? Yes, that's right, it's a bear! Let's play with it, we can make it dance or go on a big adventure together!""","""Look at those yummy, crunchy carrots! Let's eat them together and enjoy the sweet, juicy taste!""","""Look at our big, cozy house with a blue door, sweetie! We have a lovely, soft bed inside, a comfy couch, and lots of colorful toys for you to play with. Isn't it a wonderful place to live?""","""Look, sweetie, there's a pretty bird with colorful feathers up in the sky, wiggling its wings and singing a lovely song for us to hear.""","""Look at this beautiful house, sweetie! It has a cozy bed for us, a big kitchen for yummy food, and lovely windows that let in the sunlight.""","""Look at those yummy carrots on your plate, sweetie! They're orange and crunchy, and they'll make you strong like a superhero!"""
"""Look at the bright, colorful teddy bear! It's so soft and cuddly! Want to give it a gentle squeeze?""","""Look, sweetie, that's mommy and daddy, and they love you so much. They're your family, and they'll always take care of you.""","""Look at that cute kitty cat, little one! It's fluffy and playful, purring softly as it snuggles in the sun.""","""Look at the cute little dog, sweetie! The dog has soft fur, barks when it's happy, and loves to play fetch with you.""","""Look at the big, shiny car! The car is red and has four wheels, just like your toy car. Can you say car? Let's make the 'c' sound together!""","""Look at the little puppy! Want to say 'puppy'?""","""Look at these yummy apple slices! You can chew and swallow them easily, sweetie!""","""Look at the juicy, red apple, sweet little one! This is a yummy, crunchy snack you can bite into, and the taste will make your smile grow bigger!""","""Look at our family, sweetie! We are a team, just like in your favorite cartoon. Daddy works hard to provide for us, Mommy takes care of us, and you're our little superstar. Isn't it wonderful that we all love and support each other?""","""Look, sweetie, this is mommy and daddy, and this is your big brother and sister, and they love you so much and want to play with you!""","""Look at the fluffy, happy dog, sweetie! See how it wags its tail and licks your hand. Want to say 'woof woof' with me?""","""Look at these yummy, ripe, red apples! They're so crunchy and sweet. Yum yum, can you try one?""","""Look at the fluffy bunny hopping around, little buddy! Isn't she so soft and cute?""","""Look at all the colorful toys, sweetie! They're so fun to play with. Which one do you want to choose first today?""","""Look at the big, red car! It's ready to go on a fun ride with us. Can you say 'car'? Yes, that's right! 'Car'!""","""Look at the big, red car! It's rolling down the street, honking its horn, going vroom-vroom!""","""Look at the big, cozy house where Mommy and Daddy live, sweetie! The house has a blue door and it smells like cookies baking inside. Let's go peek through the window and say hi to the friendly neighbors!""","""Oh, look at those fun shapes! We have a red ball, a blue teddy bear, and a yellow duck! Would you like to play with them?""","""Look at our beautiful house, sweetie! It's warm and cozy, just perfect for us. See the big, blue sky outside? Let's go play with Mommy and Daddy.""","""Look, sweetie, a shiny red car! It has four round wheels and it goes 'vroom-vroom' when you press the gas pedal. Isn't it fast and fun? Let's pretend to drive it together!""","""Look at that cute little kitty, sweetie! The fluffy cat is purring softly, and it's feeling all warm and fuzzy inside, just like a big, cuddly teddy bear.""","""Look, sweetie, there's a big, shiny car parked over there! See the wheels spinning? Cars are so fun to watch, aren't they?""","""Look at all these fun toys, sweetie! Let's play with the soft, cuddly bear together.""","""Sweetie, here's some yummy peas for you to munch on and help you grow strong and healthy!""","""Come here, sweetie! Look at our cozy house with its bright red roof and fluffy white walls. See the big blue door? That's where we go in and out. Inside, we have a comfy bed, a funny yellow chair, and lots of yummy snacks","""Look at that beautiful bird, sweetie! It's called a blue jay, and it has colorful feathers and a funny beak. Can you say 'blue jay'? The blue jay loves to sing songs in the sky, just like we sing songs together.""","""Come here, sweetie, let's look at our cozy house together, with its pretty red roof and friendly windows!""","""Come here, sweetie! Let's have some yummy, crunchy carrots and juicy, ripe apples to eat."""
"""Look at those bright, colorful blocks, sweetie! They're shiny and soft, just perfect for stacking and playing with. Want to touch and feel the soft fur on the stuffed bear? It's so soft and cuddly!""","""Look at our family, sweetie! Mama, Dada, and Granny are all here, holding you in their loving arms. We're a special team, just like you.""","""Look at the fluffy cat, sweetie! The cat is purring and snuggling up to the cozy bed. Isn't the cat so soft and cuddly?""","""Look at the adorable dog, sweetie! See how it wags its tail and licks your hand when you pet it. Isn't it a friendly furry friend?""","""Look at the big red car, sweetie! It has shiny wheels and a pretty blue color, just like your favorite toy truck!""","""Look at the cute, little bunny hopping around. Bunny, see how soft and fluffy you are? Want to give bunny a gentle pat?""","""Look, little buddy, these are carrots! They're bright orange and super yummy, just like your favorite sweet potato fries!""","""Look at the yummy apple, sweetie! It's red and round and tastes so juicy when you take a big bite!""","""Look at our family, sweetie! Mommy, daddy, and your big brother, Sammy, are all part of our lovely family. They all love you very much.""","""Look, sweetie, mommy and daddy are your family. They love you so much and will always take care of you!""","""Look, sweetie, this is a doggy! Woof woof! Can you say dog? D-A-G! That's right, we call this furry friend a dog. Dogs are so cuddly and fun, and they love to play fetch with their toys","""Look at the yummy, juicy red tomato! Eat your healthy veggies and enjoy your tasty meal!""","""Look at the cute little puppy playing with its ball, sweetie. Puppies are such friendly animals that love to play and cuddle!""","""Look at the soft, fluffy teddy bear! See how the sunlight makes the colors sparkle? Shall we play with the colorful blocks and stack them high?""","""Look at the big, shiny red car, sweetie! It has wheels that go round and round, and it takes us on fun adventures to the park, the zoo, and grandma's house. Isn't it a wonderful, friendly car that makes our journey so much fun?""","""Look at the big, shiny car! Can you say 'car'? It goes 'vroom' when it moves, and it takes us on fun rides. Let's wave hello to the car!""","""Look at our beautiful home, sweetie! The walls are painted a pretty color, and there are many fun and cozy rooms for us to play in together!""","""Come here, sweetie! Let's play with your colorful blocks and fun toy car. Look, this big teddy bear loves a good cuddle!""","""Come on, sweetie, let's go explore our cozy, comfy house with its soft, warm blankets and beautiful, colorful walls!""","""Look at the big, red car! It's going to take us on a fun, bumpy ride, sweetie. Let's hold on tight to the colorful seat belts!""","""Look at the fluffy, cute cat, sweetie! The cat is purring and playing with its yarn toy.""","""Look, sweetie, that big car is going to take us on a fun ride to the park, where we'll have a wonderful time playing and laughing together!""","""Look at all these fun toys, little buddy! We can play with the soft teddy bear, the colorful building blocks, and the cool, noisy drum!""","""Look at these yummy, colorful fruits and vegetables, sweetie! They taste so good and make you strong and healthy. Let's eat them together!""","""Come here, sweetie, let's go to our cozy, warm house where we have a big, soft bed to sleep in, and yummy, healthy food to eat!""","""Look at that beautiful bird! It's like a bright yellow sun flying high in the sky. Want to see it fly again?""","""Look, sweetie, here's our lovely house where we all live together, filled with fun rooms, cozy beds, and the most delicious food!""","""Yummy yummy, sweetie! These colorful fruits are like nature's candy. Look, these are apple slices, they taste just like juicy apples. And these are banana slices, they're super soft and so sweet. Let's eat them together!"""
"""Look at the soft, colorful blocks, sweetie! They're so fun to press and stack. Let's play together and build a pretty tower!""","""Look, sweetie, these are your big sister and brother. They love you so much and always play with you.""","""Look at the cute fluffy cat, little one! It's soft and cuddly, and it loves to purr and play with yarn.""","""Look, sweetie, this furry dog wagging its tail is so happy to see you. It's a soft, cuddly friend with barking sounds and bouncy legs!""","""Look at the big, shiny car! It's going to zoom by really fast, and we'll wave as it zooms past us!""","""Look at the fluffy bunny hopping in the garden, little buddy! The bunny is so soft and cute, isn't it?""","""Look at those yummy apple slices, sweetie! They're so crunchy and juicy, just like a little piece of nature's candy!""","""Yummy, sweetie! Look at these bright, red strawberries! They're super yummy and healthy for you. Crunch, crunch, that's how we eat them, right?""","""Come here, sweetie! Let's see your big brother and sister. They love playing with you and helping you build a tall tower of blocks.""","""Look at our big, loving family, sweetie! Mama, Dada, Grandma, and Grandpa are here with us to shower you with lots of hugs and love!""","""Look, sweetie, that cute little puppy! See how he wags his tail when he's happy? Dogs are friendly and love to play with us, don't they?""","""Look at those yummy carrots, little buddy! They are orange and crunchy, perfect for chewing and giving you strong teeth and a big smile!""","""Look at the fluffy bunny hopping around, little one! It's a baby rabbit, and it likes to eat carrots and play in the meadow.""","""Come here, sweetie, look at this bright, colorful puzzle. It's so fun to put all the pieces together just like superheroes building their fortress. Let's start with the square one, okay?""","""Look at the big, red car zooming by, sweetie! The car has wheels that spin round and round, and it's taking us on a fun ride down the road!""","""Look at the big, red car, sweetie! Can you say 'car'? This car takes us for a ride, just like your toy car. Isn't it amazing how it can move all by itself?""","""Look, sweetie, this is our cozy home, where we have lots of fun and feel safe. It's got a big bed for you, a kitchen where we make yummy snacks, and a colorful living room for playing with your toys!""","""Look at all these beautiful toys, sweetie! Which one do you want to play with first? Maybe we can push this big red truck or tickle the puppy with the ball. I bet you're going to have so much fun!""","""Look, sweetie! This is our house. See the big door? It's where we go in and out. And those windows, they let in sunshine and let us see outside. Our house has a roof to keep us safe and warm, and the walls are made of strong bricks.","""Look, sweetie, there's a big, red car! It's so shiny and it goes 'vroom, vroom' when we press the button. Want to see the car drive?""","""Look at that cute little cat, sweetie! The fluffy furry feline is purring softly, and its whiskers are twitching with excitement!""","""Look at the big, red car, sweetie! The car is zooming down the road with its wheels rolling smoothly. Want to hear how fast it goes? Just like when you race your toy cars!""","""Look at all these amazing toys, sweetie! The big, fluffy teddy bear is ready for a hug, and the tiny, colorful blocks can help you build the biggest tower ever!""","""Look, sweetie, here are some yummy carrots! They're orange and crunchy, just like a little toy. Let's eat them together and make our tummies happy!""","""Look at our big, cozy house with a red door, sweetie! See the blue windows? They let in the sunshine so we can play and have fun inside!""","""Look, sweetie, a bird is flying up high, with wings spread out, like it's saying hello to the sky!""","""Hey there, little buddy! Let's go explore our lovely home, where we have comfy beds, yummy snacks, and lots of fun toys!""","""Yummy apple, crunchy carrot, sweet banana, tasty yogurt!"""
"""Look at those bright, happy toys! They're so soft and fun, little one! Can you hear them squeak and giggle? Let's play together!""","""Look at all these fun toys, sweetie! The little teddy bear is soft and cuddly, and the bright rattle makes a lovely noise when you shake it.""","""Look, sweetie, this is a car! It's big and yellow, like your favorite banana. The wheels go round and round, just like when we spin and giggle together. Can you hear the car's engine hum, like when we listen to your favorite lullaby?""","""Look at those bright, colorful blocks, sweetie! They're shaped like animals, and they're all stackable. Let's put them together and see how tall we can make our tower!""","""Look at the beautiful bird, sweetie! The bird has feathers, a beak, and wings to fly up high in the sky. Isn't it pretty?""","""Look at this big, pretty house where we live, sweetie. It's filled with lots of yummy food, cozy blankets, and soft, fluffy toys for you to play with. Every room has a special story, and mommy or daddy are always here to keep you","""Look at that adorable puppy, sweetie! Its soft fur is so fluffy, and it's wagging its tail because it's super happy to see you!""","""Yummy, look at those juicy red apples, sweetie! They're so crunchy and yummy!""","""Look, sweetie, a little birdie with wings! Its wings are so pretty and soft. Can you say 'birdie'? Birdie is flying up high in the sky!""","""Look at the cute little bunny hopping around! Want to see if we can find it? Let's use our ears to listen for its soft thumping sound.""","""Come on, sweetie, let's go look at the pretty house! See the blue door and the windows? Let's walk through the door and look at the pretty flowers outside!""","""Look, sweetie, a bird! It's so pretty with its feathers, like a little rainbow in the sky. Can you say 'bird'? That's right, bird! Birds like to sing and fly very high. Want to hear its song?""","""Look at the yummy carrots, sweetie! They're orange and crunchy. Would you like to help me pick some for a delicious snack?""","""Sweetie, it's time to eat your yummy fruit! Look at the bright, juicy red apple. Can you hear it crunching? Yum!""","""Look, little buddy, this is a fluffy, cute kitty cat. See how it purrs and plays with its favorite toy? Cats are soft and cuddly, just like your teddy bear!""","""Come here, sweetie! Look at this big house with a red roof and pretty windows. Let's go inside and find where we're sleeping.""","""Look at the cute little kitten! It's soft and fluffy, just like a cloud. Can you say 'kitty'?""","""Look at these big, colorful blocks! They are going to be so much fun to stack and build with. You're going to be a great builder!""","""Hey sweetie, guess what? It's time to say hello to our family. Mommy and Daddy are here, just like you. We have Auntie Lily who's so kind, and Grandpa Joe who loves to tell us stories. We're all together,","""Look at the fluffy bunny hopping over the grass, little one! The bunny is so soft and cute, isn't it?""","""Look at the yummy apple, sweetie! It's red and crunchy. Crunch it up and then take a big bite!""","""Hey there, sweetie! Look at our cozy house, with its big blue door and pretty windows. It's our special place to play, sleep, and have fun together!""","""Look at mommy, sweetie! She's your big sister. She loves you very much and we're a happy family together!""","""Look at the shiny, red car! It's big and fast, with four round wheels that go 'vroom, vroom' when we push it along the sidewalk.""","""Hey sweetie, look at our cozy house with its pretty blue roof and green grass outside. Isn't it just the loveliest place to live and play with your favorite toys?""","""Look at our happy family! Mommy, Daddy, and little brother or sister love playing and laughing together.""","""Hey sweetie, guess what? Today we are going to have a special family dinner with Mommy, Daddy, Grandma, Grandpa, and all your cousins!""","""Look at the big, beautiful house with a red roof and blue walls, sweetie! The windows are like eyes watching over us, and the doors are like friendly friends waiting to welcome us inside."""
"""Look, little one, here comes your favorite soft teddy bear and the bright, colorful blocks. Want to play with them?""","""Oh, look at those bright and bouncy balls! They're so pretty and fun to play with, aren't they? Let's pick them up and give them a gentle shake, my little one!""","""Look at the big, shiny car, sweetie! The car has wheels that roll and a roof to keep us dry. Isn't it amazing? See the car go by?""","""Look at those bright, shiny toys, sweetie! Want to play with them together?""","""Look at the pretty birdie flying high up in the sky, sweetie! It has soft feathers and it's singing a lovely song for us.""","""Hey there, sweetie! Come over here and see our big, cozy house with a lovely garden where we grow yummy vegetables. Let's go inside and make some more fun together!""","""Look at the big, fluffy dog wagging its tail and playing with the ball. Isn't he the cutest furry friend ever?""","""Look at this yummy apple, sweetie! It's red and crunchy, and it makes your tummy happy when you eat it.""","""Look at the birdie, sweetie! It's chirping and hopping around. Isn't it so pretty and fun?""","""Look at the cute little bunny hopping around! Want to say 'bunny' with me?""","""Look at the big, beautiful house with a red roof, sweetie. It has a door, windows, and a lovely garden where we can play together!""","""Look at the beautiful bird, sweetie! It's singing a lovely song. Can you hear its sweet melody?""","""Yummy, sweet, juicy apple! Eat up, little one, your tummy needs all the good food to grow big and strong!""","""Yummy yummy apple, look at the red color, sweet sweet taste, apple, apple, good for you!""","""Look at the cute little cat, sweetie! Its fur is soft and fluffy, and it's purring when it's happy. Can you say cat?""","""Look at this cozy little house, sweetie! It has a big, blue door that we open to go inside, and inside there are lots of soft, fluffy pillows for us to cuddle with when we play. Let's go inside and make a fun, happy home!""","""Look, sweetie, those fluffy bunnies are hopping around in the meadow, and those big elephants are using their long trunks to drink water!""","""Look at the colorful toys, sweetie! The teddy bear is soft, and the blocks are great for stacking. Let's play together!""","""Look at the smiling family, little buddy! Mommy and Daddy are your superheroes, and they love you so much. Your sister is as sweet as a honeybee, and together, you're all a big, happy family!""","""Look at the cute little kitten, little one! She's soft and fluffy and likes to play with yarn. Isn't she just purr-fect?""","""Would you like to eat a juicy, red apple? It's crunchy and sweet, perfect for your big, strong teeth!""","""Come here, sweetie, let's explore the cozy, warm house with the bright windows and soft, fluffy carpet, where we'll find fun toys and yummy snacks!""","""Hey sweetie, let's talk about our family. You know, Mommy and Daddy are your superheroes, always protecting you, just like the superheroes in your favorite cartoons. They love you more than anything in the world. And guess what? You","""Look at the big, shiny red car! It's going so fast down the road. Want to pretend to drive the car and go on a fun adventure together?""","""Hey sweetie, let's play house! Come on, sweetie, let's make our own little home with this block house, and pretend to have a yummy dinner with mommy and daddy in the kitchen!""","""Look, sweetie, these are your big siblings, and they love you very much. They're your family, and we all stick together like a big, happy, snuggly family bear hug!""","""Sweetie, mommy and daddy love you so much, just like how your toy bear loves you. We are your family, always together, just like you and your toy bear.""","""Come here, sweetie! Let's go explore the big, beautiful house where mommy and daddy live, with its cozy bedrooms and fun playroom!"""
"""Look at the pretty little teddy bear, sweetie! Want to see the bouncy ball roll? Can you see the colorful blocks to stack up?""","""Oh look, sweetie, your favorite red ball is bouncing up and down, ready for you to play with and throw it to Mommy or Daddy!""","""Look at the shiny, red car! Wow, it's so fast and loud, but don't worry, we'll be careful around it.""","""Look at those bright, colorful toys, little one! Want to play with the soft, fluffy teddy bear or the shiny, squeaky toy?""","""Look at that beautiful bird, sweetie! It's hopping around and singing a lovely song. Want to see it up close? Let's go!""","""Look, sweetie, this is our cozy house with a big, fluffy bed, a little kitchen with yummy toys, and a colorful living room with lots of fun stuff to play with!""","""Look at that cute little puppy! It's a fluffy dog that barks and wags its tail. Would you like to pet it gently and make it happy?""","""Look at the juicy, red apple! It's time to eat this yummy, crunchy treat and make your tummy happy!""","""Look, sweetie, there's a bird! It's so pretty, with its colorful feathers and chirpy song. Isn't it lovely?""","""Look at the fluffy bunny hopping around, little buddy! It's soft and it loves carrots just like we love our snacks!""","""Look, sweetie, we're going to a big house with lots of colorful rooms, comfy beds, and yummy snacks in the kitchen!""","""Look at the bird, sweetie! The bird is sitting on a branch with its beautiful feathers and soft chirps. It's so tiny and fluffy, just like a little ball of feathers.""","""Yummy, sweet, delicious, fruity apple! Crunchy, yummy, tasty, crunchy apple! Want to try? Yummy, yummy, yummy apple!""","""Look, sweetie, the juicy apple on your plate is red and crunchy. Would you like to take a big, healthy bite and make your smile grow even bigger?""","""Look at the fluffy, cute cat! It's purring and has soft fur. See how it's playing with a little ball of yarn? Isn't it a funny little cat?""","""Hey there, sweetie! Let's look at our big, comfy house, with its blue roof and yellow door. See the pretty flowers in the garden? They're growing right outside, right by our window. And guess what? We have a big, fluffy bed to sleep","""Look at the cute puppy! Puppies are so fluffy and love to play fetch with their yummy treats.""","""Look at these bright, colorful toys! They're waiting for you to play and have fun. Let's pick one and start our adventure together!""","""Look at our family, sweetie! Mommy and Daddy love you so much, and we're all here together, just like the family in your favorite book!""","""Look at the cute little bunny hopping around, don't you think it's fluffy and soft like a pillow?""","""Yummy! These veggies will help you grow strong and tall like a superhero. Mommy's making your favorite carrot soup, and I can't wait for you to try it!""","""Hey there, sweetie! Look at this big, cozy house we live in. It has lots of rooms and colorful windows, and I'm so proud that we have a warm, safe home together!""","""Look at our family, sweetheart! Mommy and Daddy are your favorite people, and they love you so much. You have Grandma and Grandpa too, who give you the best hugs and read you wonderful stories. And guess what? You're a big brother or sister now, and","""Look at the big, shiny red car with the bumpy roof! The car goes 'vroom-vroom' when the driver pushes the gas pedal. Let's go for a ride in the car when you're older, sweetie!""","""Come here, little one! Let's go explore our cozy house. Look, the walls are painted pink and the curtains are super soft and fluffy. Oh, and don't forget to say 'hello' to the lovely teddy bear on the sofa!""","""Oh, look at our big family, sweetie! Mommy and Daddy, your two loving parents, together with your playful big brother, your kind sister, and your cuddly dog, make up our wonderful family!""","""Look at our lovely family, sweetie! Mommy and Daddy are here to hold you, and Grandma and Grandpa are always nearby to give you big hugs and fun stories to make you smile!""","""Come here, little buddy! Let's explore our cozy home together. Look at these pretty flowers on the table, and see that fluffy couch where we snuggle up. Isn't it wonderful living here with Mommy and Daddy?"""
"""Oh look, sweetie, there's a soft teddy bear! Want to see? It has cuddly ears and a friendly smile. Want to touch and squeeze it?""","""Look, sweetie, the pretty doll has a pink dress and soft fur, and the funny train goes 'choo-choo' and rolls all over the floor!""","""Look at the shiny, red car with the big, round tires! It's ready to zoom down the street and make a happy, bumpy sound!""","""Look at those bright, shiny toys! Let's pick one and play with it together!""","""Look at that beautiful birdie! It's so colorful and chirpy. Isn't it lovely? Listen to how it sings sweet songs with its tiny voice.""","""Come here, little buddy, let's go look at our cozy, warm house with the pretty blue door and the big, fluffy carpet inside.""","""Look at the cute little dog, sweetie! The fluffy, furry dog is wagging its tail because it's so happy to see you. Dogs are our furry friends that love to play and cuddle.""","""Look at the yummy, colorful fruit, sweetie! It's ripe and juicy, and you can have a small bite whenever you're hungry.""","""Look at the beautiful bird, sweetie! Its colorful feathers are so pretty, and it's singing a lovely song for us to enjoy.""","""Look at the fluffy bunny hopping around, sweetie! The bunny has soft, white fur and big, round ears. Can you say 'bunny'? Let's watch the bunny together and try to imitate the bunny's hopping sounds","""Look at our beautiful house, sweetie! Can you see the blue sky outside our window? We have a cozy bed to sleep in, a big kitchen where mommy and daddy cook yummy food, and a lovely garden where we play with our colorful toys!""","""Look at that beautiful bird, sweetie! It's a big, colorful parrot with a big, beaky mouth that it opens and closes to say hello.""","""Yummy yummy! Look at the juicy, bright red tomato. Let's eat some yummy, sweet, and healthy food. Crunchy, crunchy apple! It's so fresh and tasty!""","""Yummy, little one! Look at the big, bright, red apple! It's a yummy fruit that you can eat. Let's take a big bite and enjoy its sweet and crunchy taste!""","""Look at the fluffy, cute kitty cat! The cat is playing with its yarn toy and meowing, isn't it adorable?""","""Come here, little buddy! Let's explore this big, beautiful house together. Look at the big windows, the cozy bed, and the yummy kitchen. I bet you can find your favorite toy in here!""","""Look, sweetie, see the fluffy bunny hopping over the grass, and the colorful birds chirping in the trees. Isn't nature beautiful?""","""Look at these bright and bouncy balls, sweetie! They're ready for you to play with and have lots of fun bouncing them!""","""Hey sweetie, it's time to say hello to mommy and daddy, just like your big brother and sister!""","""Look, sweetie, see the fluffy bunny hopping over the grass? It's so soft and cute!""","""Look at these yummy, juicy, red strawberries! They're so sweet and soft, let's pick them up and eat them together!""","""Look at the big, colorful house with a red roof, sweetie! See how the sunshine makes the windows sparkle and the door wave hello to you!""","""Look at our family, sweetie! We have mommy and daddy, your big brother or sister, and your little sister or brother. We all love each other very much.""","""Look, sweetie, there's a big, shiny car! It has four wheels, and it takes us to different places. Isn't it fun to see cars zooming by on the road?""","""Look at the pretty house, sweetie! It's big and cozy, with a red roof and a friendly door. Let's go inside and play with our toys!""","""Look, sweetie, that's Mommy and Daddy, they love you so much and they're always here to play with you and read you your favorite stories.""","""Look, sweetie, Mommy and Daddy are your amazing family, and they love you so much!""","""Come here, sweetie! Let's walk through our cozy home, where we have a comfy bed, yummy snacks, and lots of fun toys to play with!"""
"""Look at these colorful, soft toys, sweetie! They're ready for your big, strong hands to play with.""","""Oh look, sweetie, there are some fun toys over there! Can we play with the soft, bouncy ball together?""","""Look at the big, shiny car, sweetie! See how it has wheels that roll and a door that opens wide? Can you say 'car' with me?""","""Look at the bright, colorful toys, sweetie! They're so fun to play with. Can you reach out and touch them gently?""","""Look at the pretty birdie, little one! It's flying high up in the sky, singing a sweet song with its little chirpy voice.""","""Look, sweetie, this is our home. It's a big, happy place where we feel safe and snug. See the colorful walls? And there's a soft, cozy bed for us to sleep in. Isn't it wonderful?""","""Look at the happy, bouncy dog! Wag your tail and say 'woof woof' like him, sweetie!""","""Look at these big, yummy carrots! They're orange and crunchy. Let's wash them together and then we can eat them!""","""Look, sweetie, there's a pretty bird with colorful feathers! See how it's singing a beautiful song just for us to enjoy?""","""Look, sweetie, a little puppy is playing with a ball of yarn. The puppy is so fluffy and cute!""","""Look at this big, beautiful house with a red door, little buddy! See how the windows are shining like diamonds? Let's touch the soft carpet and feel the fluffy pillows on the couch. Isn't this house a fun and cozy place to play and dream","""Look at the beautiful bird! It has feathers all over and can sing a lovely song. Isn't it amazing how it can fly high in the sky like a little airplane?""","""Look at the bright red apple, little one! It's crunchy and sweet, and we can slice it up and make a yummy snack together!""","""Hey sweetie, look at those yummy apples! They're red and crunchy, perfect for you to help me cut up for our snack.""","""Look at the fluffy kitty cat! She has soft fur and paws like little pads to play with!""","""Come here, sweetie! Look at our beautiful house, with its big windows and cozy rooms. Let's play hide-and-seek inside, and we can snuggle up in our soft, warm beds when we're done.""","""Look, sweetie, there's a fluffy bunny hopping around in the meadow. Can you say 'bunny'? Rabbit is another word for bunny, and they love to eat carrots and hop around. Isn't that funny?""","""Look at all these beautiful toys! This one's a soft, squishy teddy bear for hugging, and that's a shiny, colorful truck for racing. Let's play together!""","""Look at the lovely family picture, sweetie! It's your mommy, daddy, big sister, and little brother together. Isn't it wonderful to have such a special and caring family?""","""Look at the cute puppy, sweetie! It's wagging its tail and playing with the ball. Let's say 'woof woof' together!""","""Look at these juicy, red tomatoes, sweetie! They're just perfect for making a yummy, healthy salad!""","""Hey there, little buddy! Let's explore the big, beautiful house together. See the windows? They let sunshine in and let us see outside. Now, let's go to the kitchen where yummy smells come from. Can you find the cuddly teddy bear","""Hey sweetie, let's talk about our family! We have Mommy, Daddy, and your big brother. They all love you very much and will always be here to help you and play with you.""","""Look, sweetie, this big yellow car with shiny wheels can take us on fun rides! Isn't it exciting, little buddy?""","""Hey there, sweetie! Look at this big, comfy house with a blue roof and a pretty garden. The house has many rooms where Mommy and Daddy live, and there's a special room for your toys too. Let's go inside and explore together!""","""Sweetie, our family is like a big, happy puzzle. We fit together with love, just like your toys fit together in your favorite puzzle.""","""Hey there, sweetie! Let's talk about our family. You know, mommy and daddy are the best, they love you very much. We also have your big brother who's always there to play with you, and your little sister who thinks you're the coolest. You","""Look at our lovely house, sweetie! It's big and cozy, with lots of rooms, a big kitchen for yummy food, and a soft bed for us to snuggle up in when we're tired!"""
"""Look at all the pretty, colorful toys! Can you find the soft, cuddly bear for me?""","""Look at those soft, fluffy teddy bears and rattles that make such sweet noises when you shake them! Isn't it fun to play with them and hug your favorite toy?""","""Look at the big, shiny car, little buddy! The car goes 'vroom' when the driver starts it, and it takes us on fun rides. Isn't it exciting?""","""Look at the pretty, fluffy teddy bear! Can you touch it gently? It's soft and you can cuddle it!""","""Look at that beautiful bird, sweetie! It's flapping its wings and flying high up in the sky. Want to wave at the bird together?""","""Come here, sweetie! Look at our cozy house, where we live and play every day. See those blue walls? And look at those pretty windows! This is our happy home!""","""Look at the cute little dog wagging its tail, it's going to play fetch with you! Isn't it adorable, sweetie?""","""Yummy! Look at those bright red apples, sweetie! Would you like to try some, or maybe a tiny bite of yummy yogurt? Mmm, isn't it delicious?""","""Look at the birdie with its big, beautiful wings, sweetie! It's flapping them up and down so it can fly high in the sky, like a little birdie airplane!""","""Look at the fluffy bunny hopping through the grass, sweetie! The bunny has soft ears and a twitchy nose.""","""Come here, sweetie, let's go see the big, pretty house with the shiny roof and the friendly cat on the windowsill!""","""Look at that pretty bird, sweetie! It's flying high up in the sky with its beautiful blue feathers. Isn't it amazing how it can soar through the air like that?""","""Yummy yummy apple! Look how red it is! Want to take a big bite with me?""","""Hey there, little buddy! Look at these yummy, colorful vegetables. Let's try some and see what tasty flavors we can discover together!""","""Look, sweetie, that fluffy, cute cat is purring and playing with its yarn ball. The cat is soft and warm, and it's so happy to be here with us!""","""Come here, little one, let's go look at the big, beautiful house with the blue roof and white walls!""","""Look at the fluffy bunny hopping in the grass, little buddy! Isn't he so cute and playful? Bunny's a funny word, isn't it?""","""Oh, look at those colorful blocks! Can you put them together? They're so much fun to stack and make a big tower!""","""Hey there, little buddy! Today, we're going to talk about our amazing family. You know how we all live together, right? Your mommy and daddy, your big sister, and even your little cousin, they all love you very much. Each one has their own special job","""Look at the fluffy bunny hopping over the grass, it's so soft and cute, isn't it?""","""Look, sweetie, these yummy little carrots are orange and crunchy. Eat them up! They're good for your eyes and make you strong.""","""Look at the big, cozy house, sweetie! It's where Mommy and Daddy live with you, and it has a lovely garden with colorful flowers and a sweet little dog that barks and wags its tail!""","""Sweetie, it's time to say goodnight to mommy and daddy. They are going to sleep so they can rest up and be super strong tomorrow. Let's give them a big hug from us!""","""Look at the shiny, red car zooming down the street, little buddy! It's going so fast, just like when we race with our toy cars!""","""Hey there, little buddy! Look at the big house with a red roof, just like your favorite superhero's secret lair! Can you see the windows? They let the sunshine peek inside, just like how we smile when we see each other. The house is like a","""Look at Mommy and Daddy holding hands, they're our special family team!""","""Look at mommy and daddy, sweetie, they are our family. Mommy takes care of you and daddy loves you very much. Isn't that so nice?""","""Come here, sweetie, let's go look at our beautiful house together, with its cozy bedrooms, yummy kitchen, and the bright, pretty flowers in the garden!"""
"""Look at those bright, funny toys, little one! You'll love them so much when you're big and playful.""","""Look at this bright, shiny toy, sweetie! Want to play with the soft, colorful teddy bear?""","""Look at the big, shiny car! It's red and fast. See how it goes vroom vroom? Want to babies watch the car go by?""","""Look at you, sweetie! Those shiny blocks are waiting for you to build something amazing. You're going to stack them up like a tower!""","""Look at the beautiful bird with feathers as soft as a fluffy cloud. See how it's singing a lovely song and hopping around with its tiny legs. Isn't it so cute?""","""Come here, sweetie! Look at the pretty house with a big, red door. The windows are like the eyes that see everything. The roof is like a hat that keeps us dry. Isn't it a lovely house?""","""Look at that big, fluffy dog wagging its tail! See how it's barking and running around? Dogs are so much fun to play with, aren't they? Let's go say hello to that dog, sweetie!""","""Yummy apple, sweet and crunchy! Eat it, little one, for strong bones and teeth!""","""Look at the pretty birdie, sweetie! See how it's flapping its wings and flying up high. Birdies like to sing beautiful songs and eat yummy seeds.""","""Look at the cute little kitty cat, meow-meow! Can you say 'meow'? Kitty loves to play with yarn and chase after butterflies in the garden.""","""Look at the big, pretty house with the red roof and the blue door. Let's go inside and play with the soft, fluffy carpet!""","""Look at that pretty bird with feathers as soft as a fluffy pillow, little one. Can you say 'bird'? Yes, that's right, bird!""","""Look at those yummy veggies! They're really good for you, sweetie. Let's eat them together!""","""Look at the yummy apple, sweetie! Want to help me slice it into small pieces for our snack?""","""Look at the fluffy, cute kitty cat playing with a ball of yarn!""","""Come here, sweetie, let's explore our cozy home, where we have a soft bed for sleeping, a yummy kitchen for cooking, and lovely rooms to play in!""","""Look at the fluffy bunny, little one! It's hopping around in the garden, eating yummy carrots and playing with its pink nose.""","""Look at all the fun toys! The ball is red, the teddy bear is fluffy, and the cars go zoom-zoom on the floor!""","""Look at our family, sweetie! Mama and Papa are here, and we have a big, happy family with you and your loving brother or sister.""","""Look at the cute little puppy! He's wagging his fluffy tail and barking happily. Let's pet the puppy gently and say 'Good boy!'""","""Look at the juicy, red tomato, sweetie! It's ripe and ready to be munched on, just like the yummy, crunchy carrots we have on the table. Both are delicious and good for you!""","""Look at the big, beautiful house where mommy and daddy live with us, sweetie! It has a red door, a yellow roof, and lots of rooms where we all play and sleep.""","""Hey there sweetie, guess what? Mommy and Daddy love you so much, and we have a big, fun family to play with!""","""Look at the big, shiny car! It's red and has four wheels to go around and a roof to protect us from the sun.""","""Look at our cozy, big house, sweetie! It has a lovely, colorful garden with fluffy, green grass and beautiful flowers. The sun shines brightly, making everything look bright and happy. We have a big, soft, comfy bed inside to sleep in, and","""Hey there, sweetie! Do you know who the cutest people in the whole wide world are? That's right, it's our family! Mommy, Daddy, Grandma, and Grandpa are all here to love you and keep you safe. Can you say 'family'","""Hey there, little buddy! Let's talk about our family. We have mommy, daddy, your big brother, and your sister. They all love you and play with you. Isn't that nice? Family is like a big, happy team!""","""Come here, sweetie! Look at this big, comfy house where we live. It has a big roof to protect us from the rain and the sun, colorful windows to see outside, and lots of rooms where we play and sleep. Isn't it wonderful?"""
"""Look at the pretty, soft, colorful toys, little one! They're here for you to touch and enjoy!""","""Look at the bouncy ball, sweetie! It's ready to roll and bounce, bringing smiles all around.""","""Look, sweetie, see the shiny car? It's so big and fast, just like a superhero zooming on the road. Let's give it a gentle wave, okay?""","""Look at all the colorful toys! The red truck is ready for a big adventure, and the soft teddy bear is here for a cuddle.""","""Look, sweetie, there's a bird! It's flapping its wings and chirping a pretty song for us to hear.""","""Look at our beautiful house, sweetie! It's where we sleep, eat, play, and snuggle. Isn't it cozy and lovely?""","""Look at the cute, soft dog, sweetie! This fluffy furry friend is a playful puppy, wagging its tail when it's happy and ready for a gentle pat!""","""Sweetie, look at this yummy, bright red apple! Can you say 'apple'? It's crunchy and tasty, perfect for taking a big bite!""","""Look at that beautiful bird, sweetie! It's a little blue bird with a big, shiny beak. Isn't it pretty? Birds are fun to watch and listen to, and they like to eat seeds and bugs. Can you say 'bird'?""","""Look, sweetie, there's a cute little puppy over there! Puppies are very friendly and love to play fetch with their toys. Can you say 'puppy'? That's right, puppy!""","""Come here, sweetie, let's go explore our house. Look at the colorful walls and soft carpet. See the cozy bed where you sleep? There's also a big table with yummy snacks for us to share!""","""Look at the pretty bird, sweetie! It's singing a lovely song and has soft, feathery wings. Want to count how many times it flaps them?""","""Look at the yummy apple, sweetie! It's red like a fire truck and crunchy when you bite into it. Eat it up to grow strong and tall!""","""Look, little one, it's your favorite apple! It's crunchy and sweet. Yummy, isn't it? Let's take a bite together!""","""Look at the fluffy, cute cat. Its paws are soft and its tail is long. Cats are furry and love to play with yarn and chase butterflies. Cats say 'meow' and they are very good at being quiet when you want to read a","""Hey there, little buddy! Let's go on a fun adventure in our big, cozy house! Can you see the pretty blue sky outside? Yay! Now, let's climb up those stairs to our fun-filled bedroom! Wow, your bed is so","""Look at the cute, furry bunny hopping around in the garden, isn't it fluffy and lovely?""","""Look at those big, colorful blocks! They're so fun to stack and build tall towers!""","""Look, sweetie, that's mommy and daddy! They love you very much and will always take care of you.""","""Look, sweetie, that fluffy bunny is hopping so fast, and those big, brown elephants are waving their ears just for you!""","""Look, sweetie, it's your favorite apple! Yummy, crunchy, red, and oh-so-good to eat!""","""Hey sweetie, let's go look at all the pretty colors of the house, the big blue sky outside, and the lovely smells from the kitchen!""","""Sweetie, this is your mommy, she's a wonderful person who loves you so much. This is your daddy, he's a kind and helpful man who always takes care of you and your sister.""","""Look at the big, red car zooming by, little buddy! Isn't it so fast and fun? Let's imagine we're driving it together in a colorful, bouncy car race!""","""Come here, sweetie! Look at our lovely home, where mommy and daddy live, and we have our favorite toys and cozy beds. Let's go explore and play together!""","""Look at your big brother and little sister, sweetie! They're your family, and they love you so much!""","""Look at our family, sweetie! We're a team, just like superheroes. Mommy and Daddy love you so much, and Grandma and Grandpa are always here for you too. We stick together, just like your favorite toys, always ready to play and share!""","""Come here, sweetie! Let's walk together to the big, comfy house where we live, where mommy and daddy are, and we have our cozy bed to sleep in every night!"""
"""Look, sweetie, there's a soft, round ball. Want to grab it and feel the squishy touch? It's yummy!""","""Look at those colorful blocks, sweetie! They're so soft and fun to play with, and you can stack them up and knock them down!""","""Look, sweetie! That's a big, shiny car! The car goes 'vroom-vroom' when it drives down the street. Do you see the red and blue car? Let's say 'car' together.""","""Look at the colorful toy blocks, little one! They're fun to stack and knock down!""","""Look, sweetie, that bird has beautiful feathers. It's like a little rainbow flying in the sky. Isn't it amazing?""","""Look, sweetie, this is a house! It has a roof, walls, and windows. Let's say it together: H-O-U-S-E. Great job! The house keeps us safe and warm, and we can play inside or go outside to run and jump. Isn'","""Look at the cute fluffy dog, sweetie! The dog is wagging its tail and it's happy to see you!""","""Yummy, sweet banana! Can you say banana? Here's a banana for you to try. It's soft and yummy, just like when Mommy eats it.""","""Look at the beautiful bird, sweetie! Its wings are so pretty and it's singing a lovely song!""","""Look at the fluffy bunny hopping around, little one! Want to see the big, strong elephant now?""","""Look, sweetie, this big house has rooms, floors, and a cozy bed for you to sleep in. It has windows that let the sunshine come in and doors that open and close. It's filled with love and memories, just for you.""","""Look, sweetie, that beautiful bird is singing a sweet song in the tree. See how it's hopping from branch to branch? Isn't it fun to watch it fly and sing?""","""Look at these yummy carrots, sweetie! Crunch them up and munch them all at once. They're not just crunchy, they're orange and sweet, just like your favorite candy!""","""Look, sweetie, we have yummy apple slices here! They are red and crunchy, perfect for snack time.""","""Look at that cute little kitty, sweetie! The fluffy white cat is purring softly and chasing its tail. Isn't she adorable?""","""Look at our lovely house, sweetie! It has a big blue door and colorful windows. Can you count the windows with me? One, two, three. And inside, we have a cozy bed for us to sleep in, and a soft carpet to play on. Let's go","""Look at the fluffy bunny hopping around, little buddy! It's a rabbit, and rabbits like to munch on carrots!""","""Look at all these fun toys! There's a fluffy teddy bear for cuddling, a sparkly ball to chase, and a cool train set to build with. Let's play together, and don't forget to clean up when we're done!""","""Hey there, sweetie! Let's talk about our family. You know, we have Mommy and Daddy, your siblings, Auntie and Uncle, and lots of loving people who all love you very much, just like I do!""","""Look at the fluffy bunny hopping around, little buddy! See how it hops with its paws? Let's say 'bunny' together, and then we'll watch it hop!""","""Yummy! Look at these bright, red strawberries. They're so sweet and juicy. Let's put some on your plate for a tasty snack!""","""Come here, sweetie! Look at the big house with a red door and white walls. It's where Mommy and Daddy live, and it's our special home where we have fun and stay safe.""","""Hey there, sweetheart! Look at all the lovely people in our family. Mommy and Daddy are here, your big brother is playing with his toys, and Grandma is baking cookies. We're all so happy together, just like you are!""","""Look at the big red car, sweetie! It's going to zoom down the road, just like when we play with our toy cars. Can you say 'car'? That's right, 'car'! That's the special vehicle with four wheels that takes people to different places","""Hey there, sweetie! Come on, let's play hide and seek in our lovely home, with its warm blankets, soft carpets, and cozy little nooks where we can snuggle up together!""","""Look at your mommy and daddy! They are your family, and they love you very much. Mommy works at the hospital, and daddy works at the office. Can you say 'family'? Great job! You have your family, and they are here to take care of you.""","""Hey sweetie, do you know who makes you so special? It's your family! Mommy, Daddy, Grandma, Grandpa, Auntie, and Uncle. They love you very much, and they're always there to play, hug, and take care of you","""Hey there, sweetie! Come on, let's go visit our lovely home, where we have a cozy bed for sleeping, a warm kitchen for cooking yummy food, and colorful rooms to play and learn in!"""
"""Look at the pretty ball, sweetie! The ball is soft and bouncy, ready for a gentle roll on the floor.""","""Look, sweetie, you have so many colorful toys to play with today! Let's pick one and see what fun sounds it makes!""","""Look at the big, red car, sweetie! The car is driving down the road with the windows open. See the wheels spinning? Wheels go round and round!""","""Look at the bright, bouncy ball, sweetie! It's time to roll it and see it bounce up and down!""","""Look at that beautiful bird, sweetie! Its wings are so colorful, just like a rainbow. The bird is singing a lovely song for us to hear.""","""Look, sweetie, it's the house where Mommy and Daddy live, with a big, comfy bed for you to sleep, and lots of toys to play with!""","""Look at that cute, fluffy dog, sweetie! It's a puppy and wags its tail when it's happy.""","""Look at the yummy apple, sweetie! It's red and crunchy, perfect for our playtime snack!""","""Look at the beautiful bird with its bright blue feathers, sweetie! See how it's hopping around the tree, chirping and singing its lovely song just for you!""","""Look at the little puppy, sweetie! Puppies are so soft and cuddly, just like a big, warm teddy bear. They wag their tails and love to play fetch with their favorite toys.""","""Look at our cozy, colorful house, sweetie! It has a big, beautiful red door and a lovely blue roof. We live here with Mommy and Daddy, and we have a fun, fluffy, orange cat named Fluffy who loves to play inside and outside","""Look at the beautiful bird with colorful feathers, little buddy! It's flapping its wings and flying in the sky, singing sweet songs for us to hear.""","""Look at the yummy yummy apple, sweetie! It's red and crunchy. You can bite into it and taste the sweetness!""","""Hey there, sweetie! Look at this yummy apple pie, so red and shiny. It's so crunchy and sweet, just like a big, juicy apple. Would you like to take a little bite?""","""Look at the fluffy, soft cat, sweetie! Its fur is as white as snow and its paws are as tiny as your fists.""","""Hey there, little buddy! Look at this big, cozy house where we live. It's got a lovely red door, a shiny roof, and lots of rooms to play in. The walls are painted a pretty blue, and there's a big, fluffy carpet","""Look at the cute little puppy with floppy ears, little buddy! Can you say 'woof woof' just like it?""","""Look at all the cute toys, sweetie! There's a fluffy teddy bear, a sparkly ball, and a funny toy car. You're going to love playing with them!""","""Look, sweetie, your family is so special! Mommy and Daddy are here, and we have big sister, Emily, and little brother, Alex. They love you a lot, and they always have fun with you at home!""","""Look, sweetie, see the fluffy bunny hopping around! It's so soft and cute, isn't it?""","""Look at the yummy apple, sweetie! It's red and round and crunchy when we bite into it!""","""Hey sweetie, do you see all those pretty rooms in our house? We have a cozy bedroom where we sleep, a fun kitchen where we make yummy snacks, and a lovely living room where we play and read stories together!""","""Hey there, sweetie! Let's talk about our family. We have mommy, daddy, and our furry friend, Buddy. We all love and care for each other, just like a big, loving family!""","""Look at the big, red car, sweetie! It has wheels and it goes 'vroom, vroom' when we pretend to drive it!""","""Come here, sweetie, let's go inside our cozy house with colorful walls and a big, fluffy bed for a sleepy nap!""","""Look, sweetie, these are your mommy and daddy, your big brother or sister, and your loving grandparents, all together in this happy family picture!""","""Hey sweetie, let's talk about our family. So, we have mommy and daddy, and we have some little brothers and sisters. Your little brother, Billy, is just 2 years old and your little sister, Lucy, is 1 year old. They're your best","""Come here, sweetie! Let's go look at the big, cozy house where Mommy and Daddy live. See those pretty windows? And those funny little doors? Yay, it's our home!"""
"""Look at those colorful toys! They're so pretty and fun to play with!""","""Look, sweetie, this big, bright ball is ready to roll! Shake it gently, and watch it bounce!""","""Look at the big, shiny car, sweetie! It's so bright and fast, like a superhero zooming down the street.""","""Look at those bright, shiny toys! Want to play with the soft, bouncy ball? It's so soft, and when you press it, it goes 'boing-boing'!""","""Look at the pretty birdie, sweetie! It's singing a lovely song with its beautiful voice. Isn't it fun to watch it fly around in the sky?""","""Hey sweetie, look at this beautiful house! It's big and strong, with a red roof and a yellow door. Can you say 'house'?""","""Look at the cute fluffy dog! He's wagging his tail and wants to play fetch with you!""","""Look at these juicy, yummy grapes! They are sweet and squishy, and you can pop them in your mouth and chew them!""","""Look, sweetie, a beautiful bird is sitting on that branch over there. It has feathers that are all soft and pretty, and it's singing a lovely song just for us!""","""Look at the puppy, little one! It's wagging its fluffy tail because it's super happy to see you!""","""Look at this big, cozy house, sweetie! It's where Mommy and Daddy live, and it has a lovely, red door and a pretty garden with flowers for you to play in.""","""Look, sweetie, there's a pretty bird flying up high in the sky with its beautiful feathers, wow!""","""Look at these bright, juicy apples, sweetie! They're red and shiny, just like your favorite stuffed toy. Let's eat them together, one bite at a time, and feel how crunchy and yummy they are!""","""Hey there, sweetie! Look at these yummy carrots, they're orange and crunchy, just like your favorite toys. Yum, yum!""","""Look at the cute, fluffy cat with the pointy ears and the soft pink nose. It's so playful and likes to chase after the little, wiggly ball. Isn't it adorable?""","""Hey there, sweetie! Come on, let's walk inside our lovely house where we have a cozy bed, a yummy kitchen, and lots of fun toys!""","""Look at the fluffy bunny hopping over the soft, green grass, little buddy! Isn't it funny how it hops and twirls?""","""Look at these colorful blocks, sweetie! Let's stack them together, one by one, to make a tall tower!""","""Hey there sweetie, guess what? Today we're going to play a fun game with our family. We're going to pretend that we're a big happy family with mommy, daddy, and all our loving relatives. Remember, we love you all so much and we'","""Look at the fluffy bunny hopping over the grass, sweetie! See how it hops? Bunnies like to hop and they have soft fur.""","""Hey there, sweetie! Look at those yummy carrots! They're orange and crunchy, just like the ones you love. Would you like to try some carrots today? They're really good for your eyes and help you grow big and strong!""","""Come here, little one! Let's look at this big, beautiful house with lots of windows and doors. See, we have a lovely blue roof, and there are many windows where the sun shines brightly. Let's touch the walls and feel the soft carpet under our feet. Isn","""Look at us, my little sunshine! We are a family, just like a beautiful tree with many branches. Mommy and Daddy are your lovely leaves, and I'm your fun little bud! We all love and care for each other, just like your teddy bear at home.""","""Look, sweetie, there's a big, red car! It's going so fast, zoom! Cars are so cool, they take us places and make us happy, don't they?""","""Come here, sweetie, let's walk to our cozy house where mommy and daddy love to cook yummy food and read you fun stories.""","""Look at our family, sweetie! We're a group of people who love and care for each other. There's Mommy and Daddy, and there are also your Aunt Lisa and Uncle Tom. We all have our own special things to do and love to spend time together, just like","""Look at our lovely family, sweetie! You have mommy and daddy, and we all love you very much. You also have your big brother, who is 6 years old, and your little sister who is just 3. Isn't it wonderful to have all of us together?""","""Hey there, little buddy! Let's explore our beautiful house together. Look at our cozy couch where we sit and read stories. See the bright windows that let sunshine pour in? And over there, our lovely kitchen where mommy and daddy cook yummy food. Oh"
"""Look, sweetie, the soft, squishy ball is so bouncy! Want to try making it bounce with your tiny hands?""","""Oh look, sweetie, here are some pretty, pretty toys for you to play with! Let's open your toy box and see all the fun stuff inside!""","""Look at the big red car, sweetie! It's so shiny and it goes 'vroom vroom' when it moves. Isn't it pretty?""","""Look at all these bright, fun toys! Let's pick one to play with, little one. Can you touch the soft, fluffy bear? Yes, that's right! Good job!""","""Look, sweetie, there's a beautiful bird with bright feathers soaring through the sky. Can you say 'bird'? Birds are amazing creatures that love to sing and hop around!""","""Come here, sweetie, let's go look at the big, comfy house where Mommy and Daddy live, with its colorful doors and beautiful windows!""","""Look at the fluffy dog wagging its tail happily, let's say 'woof woof' and give it a big, friendly hug!""","""Look at the yummy, bright red apple! Want to eat some crunchy, juicy apple slices with your fingers?""","""Look, little one, there's a pretty bird in the sky! It's flapping its wings and singing a sweet song for us to hear!""","""Look at the cute little kitten, little one! See how it purrs and snuggles? It's so soft and fluffy, just like your teddy bear!""","""Hey, little buddy, come here! Look at this big, cozy house with a red roof. It has a blue door, where we go inside. See those windows? They let the sunshine in. And guess what? The house is like a big, warm hug for us all","""Look at the beautiful, colorful bird flying in the sky, sweetie! It has feathers that flutter and wings that flap so it can soar up high.""","""Look at these yummy apples, sweetie! They're crunchy and juicy. Would you like a little bite, or maybe a big bite? Yum!""","""Look at the juicy, ripe apple, sweetie! It's red and crunchy, and it will make you super strong like a superhero!""","""Look at the fluffy, cute kitty cat, little one! See how it purrs and plays with its soft, white balls of yarn!""","""Look at the big, beautiful house, sweetie! It has many rooms, a cozy bed, and even a slide in the backyard where we can play together!""","""Look at the fluffy bunny, hopping around with big ears!""","""Look at all the bright, colorful blocks you can stack and play with! Isn't it exciting to build tall towers and knock them down?""","""Come here, sweetie! Mommy and Daddy love you so much. We're your family, and we take care of each other, just like your teddy bear at home!""","""Look at the fluffy bunny hopping over the green grass, it's so soft and cute!""","""Look, sweetie, here's your yummy apple, crunchy and red, just like a little star! Ready to take a big bite?""","""Come here, sweetie! Let's go explore our cozy, colorful house, where we have a big, fluffy bed, a yummy kitchen, and lots of love from me and Mommy!""","""Look at your big brother, Jimmy! He's a big helper in our family, always playing with you and helping mommy and daddy.""","""Look at the big, shiny car, sweetie! It has wheels and makes a fun 'vroom' sound when it moves. Can you say 'car' with me?""","""Look at this big and cozy house, sweetie! It has a lovely red door and colorful windows where our family plays and sings.""","""Look, sweetie, these are your mommy and daddy, and this is your big brother/sister, they love you very much and they're always here for you.""","""Hey there, sweetie! You know how you love your family, right? Well, your family is like a big, warm hug. Your mommy and daddy, they're your best friends, and they'll always be there for you. Your older brother or sister, they're","""Look at our cozy house, sweetie! It's a big, beautiful place where we live, eat, and play every day. Can you say 'house'? Great job! Our house is filled with love and warmth, just like the hugs we give each other."""
"""Look at this bright, cuddly toy bear! Want to play together?""","""Oh, look at all those bright, fun toys! They're so pretty and they make such nice sounds!""","""Look, sweetie! This big, shiny car is taking us on a fun ride. Let's say 'car' together and wave at the car as we go by!""","""Look at the bright, colorful blocks, little one! They're so soft and fun to stack and play with.""","""Look at the beautiful birdie! Its feathers are so colorful, like a rainbow! Want to see if it flies?""","""Look, little one! That's a house, it has a red roof and big windows, just like ours. Isn't it pretty? Let's go home now, it's time for your nap.""","""Look at the cute puppy, sweetie! Puppies are soft and fluffy, and they love to play with their toys. They say 'woof woof' when they are happy and excited. Can you say 'woof woof' too? Let's pet the pu","""Look, sweetie, these are some yummy carrots! Crunch crunch! They're orange and crunchy, just like a little orange star!""","""Look at that beautiful birdie! Birdie's wings are so pretty. Can you say birdie?""","""Look at the fluffy bunny hopping in the meadow, it's soft and small, isn't it? Let's gently touch the bunny's fur and feel how soft it is!""","""Look at our beautiful home, sweetie! See the big, soft carpet under your feet and the cozy little pillows on the couch where we snuggle up together. Our house is like a big, warm hug for our family!""","""Look at the beautiful bird with its colorful feathers! It's so pretty and it can sing and fly too!""","""Look at those yummy, colorful veggies on your plate! They're like rainbow treats that help you grow strong and tall, sweetie!""","""Look, sweetie, here's a yummy apple! Can you say 'apple'? It's red and crunchy, and it's super good for your teeth!""","""Look at that fluffy cat, little one! The cat is soft and cuddly, with big, beautiful eyes and a long, bushy tail. The cat is purring and kneading the blanket, making a cozy spot for us to cuddle.""","""Look at this big house, sweetie! It has a cozy bed for you to sleep in, a yummy kitchen where we make delicious food, and colorful toys to play with!""","""Look, sweetie, here's a fluffy bunny hopping around. Isn't he cute? Can you say 'bunny'?""","""Oh, look at those bright, funny toys! Can you reach for the big, bouncy ball and give it a gentle tap? It's so soft and squishy, just like a cloud!""","""Hey sweetie, remember mommy and daddy are your family, like a team that loves you so much and always takes care of you, just like your teddy bear.""","""Look at the big, fluffy bunny hopping around in the garden! Can you say 'bunny'? B-b-bunny!""","""Yummy apple, sweet and crunchy! Do you want to try a juicy bite?""","""Hey there little buddy, let's go on an adventure through our big, beautiful house! Look at the shiny roof, climb the fluffy carpet, and wave to the friendly furniture!""","""Look at our family, sweetie! Mommy, Daddy, and little brother Billy, all together, playing and smiling.""","""Look at that big, shiny car! It's so cool, isn't it? The car has four wheels that roll smoothly on the road, and people sit inside to drive it. The car's color is blue, just like your favorite blue toy. Can you say 'car","""Come here, sweetie, let's look at our beautiful house! See the roof? It's like a hat for our home. And those windows, they're like big eyes watching over us. And the door, it's our magic gate to go in and out. Isn't our","""Look, sweetie, Mommy and Daddy are your family. They love you very much, just like your teddy bear loves you.""","""Look at mommy and daddy, sweetheart! They're your family, and they love you very much. They're your mommy, your daddy, your brother, and your sister. Isn't it nice to be together and play with them?""","""Look at our cozy house, sweetie! It has a warm bed, a yummy kitchen, and lots of lovely rooms for us to play and dream."""
"""Look at the bright, colorful toys! The bouncy ball is so fun to play with, and the soft, cuddly teddy bear is just perfect for snuggling with.""","""Look, sweetie, here are the colorful blocks for you to play with, and they're all shiny and soft!""","""Look at the big, red car, sweetie! It's going to take you on a fun ride through the park!""","""Look at those bright, fun toys! Can we play with them together?""","""Look, sweetie, that little bird is singing a lovely song with its tiny beak, just for you!""","""Look at the big, beautiful house with the red roof, little buddy! Can you say 'house'? Yes, it's a 'house' where we live and play!""","""Look at the fluffy, cute dog wagging its tail! The dog is so happy and playful, just like your teddy bear. Can you say 'woof woof'?""","""Look, sweetie, the apple is red and juicy, and it's yummy! You can eat it with your little hands, and it's the best snack!""","""Look at that beautiful bird with its colorful feathers and chirpy song, little buddy! Isn't it amazing how it flaps its wings and soars up high in the sky, just like you when you jump and fly around with your arms spread wide!""","""Look, sweetie, this fluffy bunny is hopping around, and it's eating those big, green leaves. Isn't it cute? The bunny is like a little, soft, furry ball jumping all over.""","""Hey there, sweetie! Come on over here to the house, where we have a cozy living room with lots of colors, a big comfy bed to sleep in, a kitchen with yummy snacks, and a lovely bathroom to play with bubbles!""","""Look at that beautiful bird, sweetie! It's singing a lovely song and has pretty feathers. Can you see it?""","""Look at the yummy red apple, sweetie! It's crunchy and super tasty. Do you want to take a big bite and eat it with us?""","""Look at the juicy, bright red strawberries! They're so sweet and yummy, sweetie. You can eat them up, just like eating a little piece of summer!""","""Look, little one, this is a cute, cuddly kitty cat. It has soft fur, pointy ears, and loves to play with a pretty, colorful ball.""","""Look at this lovely house, sweetie! It has a big, cozy bed for us, a yummy kitchen with lots of colorful fruits and vegetables, and a playful yard with a swing and slide where we can have fun together.""","""Look at the cute bunny hopping over the green grass, it's fluffy and hops so fast, isn't it exciting?""","""Look at all the soft and cuddly teddy bears in the box, sweetheart! Each one can be your new best friend to hug and play with all day.""","""Look at our lovely family, sweetheart! We have mommy, daddy, and your big brother, Tommy, who's always ready to play with you. Isn't it wonderful how we all love each other?""","""Look at the cute little puppy! See how it wags its tail and barks so joyfully when you pet it gently?""","""Look at the yummy, juicy, red apple! It's sweet and crunchy. We can eat it together, and it'll make us strong like superheroes!""","""Come here, sweetie! Let's go peek inside our cozy house. Look at the big windows that let the sunshine in, and see the comfy couch where we can snuggle up with our favorite stuffed animals. Isn't it wonderful to be inside our warm","""Look at us, sweetie! We're a big, loving family, and Mommy and Daddy are here to take care of you. We're all together like a big, happy puzzle!""","""Look at the big, red car, sweetie! It's so shiny and fast. Want to imagine it zooming down the street?""","""Look at the pretty house with a big red door and a yellow roof, sweetie. Let's go inside and make it extra cozy for our family with your soft toys and blankets!""","""Hey sweetie, mommy and daddy are your superhero family! We love you so much and always have a big hug for you!""","""Hey there sweetie, do you remember our family? We have mommy, daddy, and your little brother who is 81 months old just like you! We love you so much and always have fun together.""","""Look at this beautiful house, sweetie! It has a big, cozy bed for you to sleep in, a fun kitchen where we cook yummy food, and a lovely garden where we can play together. Isn't it wonderful?"""
"""Look at those colorful toys, sweetie! Want to play with the rattling ball or the bouncy ball?""","""Look at all the pretty toys, sweetie! You can play with the soft teddy bear and the shiny, squeaky duck. Can you find your favorite one?""","""Look at the big, shiny car! It has wheels that go round and round, and it takes us to our favorite places. Can you say 'car'?""","""Look at the funny bouncing ball, sweetie! It's going to bounce right back up after you give it a little push. Isn't it exciting? Let's play together!""","""Look, sweetie, there's a pretty little bird up in the tree, singing its happy tune!""","""Hey sweetie, come here! Look at our pretty house with its big red door and lovely windows, where we all live and play together.""","""Look, sweetie, that adorable little puppy is playing with its wagging tail and loving to sniff everything! Isn't it so fun and cute?""","""Yummy yummy peas! Let's eat the green peas and make our tummy happy!""","""Look, sweetie, there's a beautiful bird! It's fluffy, feathery, and singing a lovely song for us to hear.""","""Look at the cute puppy! Puppies love to play with their fluffy tails and soft bones. They're so adorable, aren't they?""","""Come here, sweetie! Let's go to our cozy house where mommy and daddy live, and we have our soft, fluffy bed, yummy snacks, and lots of love and fun!""","""Look at the beautiful, colorful bird, sweetie! It's chirping and singing, just like a little melody!""","""Hey there, sweetie! Time to eat your yummy veggies and fruits, they're so good for you and will help you grow strong and healthy. Let's make sure we have a balanced meal, okay?""","""Look at the juicy, red apple! Can you say apple? It's yummy and sweet, and it's good for your teeth and body.""","""Look at the cute little cat! It's soft and furry, and it's purring quietly. The cat is playing with a ball of yarn and looks so happy. Isn't it adorable?""","""Come here, sweetie! Look at our cozy house with a big, bright window and a blue door. Isn't it a lovely place where we play and sleep?""","""Look at the big, fluffy dog, sweetie! He's wagging his tail and wants to play. Isn't he cute?""","""Look at all these fun toys! Let's pick the softest teddy bear, and then we can build a big tower with the blocks!""","""Hey sweetie, guess what? Today we are going to meet our family - your mommy and daddy, your big brother/sister, and even your grandparents! They love you so much!""","""Look at the fluffy bunny hopping by! Isn't it soft and cute? Animals are amazing, and bunnies are so gentle.""","""Look at the bright red apples, sweetie! They're so juicy and yummy, just the right crunchy bite for your teeth. Mommy's going to cut them up for our snack time, and we'll share the fun together!""","""Come on, sweetie, let's go inside the big house where mommy and daddy live. Look, there's a cozy bedroom with a soft bed, and the kitchen has yummy snacks on the counter. We'll brush our teeth together in the bathroom, and","""Hey there sweetie, you know what's really special? Your family! Your mommy and daddy, and all your big brothers and sisters who love you so much. They're your superhero team, always there to keep you safe and happy, just like your favorite stuffed animal","""Look, sweetie! This big, red car zooms down the street, making the engine hum and the wheels spin like the merry-go-round at the park!""","""Look at the pretty house, sweetie! It has a red roof and big windows. Can you see the white door? And yummy cookies waiting for us inside!""","""Look at the family, sweetie! Your mommy and daddy are so happy to see you, and your big brother is so proud of you!""","""Look at our beautiful family, sweetie! We're all special, just like you. Mommy and Daddy love you very much, and we're here to keep you safe and happy, just like your mommy and daddy.""","""Come here, sweetie, let's go see our lovely house with its pretty red bricks and colorful flowers in the garden!"""
"""Look at these cute, soft toys! They're so colorful and fun to play with, aren't they, sweetie?""","""Look at all these colorful toys, little one! They're so soft and bouncy, perfect for your tiny hands to explore and giggle with. Let's play together!""","""Look at the bright, shiny car, sweetie! It has four round wheels and makes a soft humming sound when it goes by.""","""Look at all the colorful toys, sweetie! Your favorite teddy bear is waiting for you to hug it. Shall we play with it now?""","""Look at the beautiful birdie, sweetie! It has feathers, wings, and a beak. The birdie is singing a lovely song.""","""Look, sweetie, this is a house, where people live, sleep, and eat. It has a roof, walls, and windows, and a door to open and close. Inside, there are rooms, like a bedroom and a kitchen, where we play and make yummy food!""","""Look at the fluffy, furry dog! It's wagging its tail and wants to play with you. Let's say 'woof woof' together!""","""Yummy, sweet apple! It's yummy and juicy, and we'll wash it before we eat. You can take a big bite and chew it. Mmm, apple! Good job, baby!""","""Look at the beautiful birdie outside! It's flapping its wings and singing a sweet song. Isn't that adorable?""","""Look at the little puppy, it's a fluffy ball of wiggly legs! See how it wags its tail when it's happy, sweetie! Do you see the butterfly? It's fluttering its beautiful wings and spreading joy like a rainbow!""","""Look at our cozy and colorful house, sweetie! Inside, we have soft beds, fluffy pillows, and comfy blankets to sleep in. We have lovely windows that let in the sunlight and doors that open and close for us to go outside and play.""","""Look at the beautiful bird, sweetie! Its feathers are so colorful and soft. Isn't it fun to watch how it hops and chirps?""","""Yummy yummy, sweetie! Look at these juicy red tomatoes! They're red like your crayons, and they taste super good. Eat them up, and you'll grow big and strong, just like your favorite superhero!""","""Look at these juicy red apples, little one! They're so sweet and crunchy, just like the candy you love, but much better for your growing body.""","""Look at the fluffy kitty cat, little buddy! See how she's purring and playing with her toy mouse?""","""Look at the big, cozy house, sweetie! It's filled with colorful rooms where we play, eat, and sleep. The windows let in the sunshine, and the door is always open for you to come inside and explore with me!""","""Look at the cute puppy, sweetie! Its fur is soft and it wags its tail when it's happy. Isn't that so adorable?""","""Look at these bright, colorful blocks! Want to stack them up with me and make a tall tower?""","""Hey there, sweetie! Look at mommy and daddy together. They're like two peas in a pod, always holding hands and loving each other just like you do with us!""","""Look at the fluffy bunny hopping around! It has long ears and loves to eat carrots. Isn't it cute?""","""Look at the yummy carrots and crunchy broccoli, sweetie! These colorful veggies are super good for your tiny tummy and make you strong!""","""Come here, sweetie, let's go look at our cozy house with the big, red door and the pretty flowers outside!""","""Look, sweetie, that's your big brother holding a picture of our family, and those are your lovely aunts and uncles, all the way from your grandma's house!""","""Look, sweetie, there's a big, red car coming down the street. Isn't it so shiny and cool? Want to imagine we're going for a fun ride in the car together?""","""Look at our lovely house, sweetie! It has a big, comfy bed for you to sleep in, a yummy kitchen where mommy and daddy cook our favorite foods, and lots of colorful toys to play with. Let's go inside and explore together!""","""Hey sweetie, let's talk about our family. You have mommy, daddy, and little brother/sister. They love you very much and we have so much fun together!""","""Hey sweetie, in our family, there are Mommy, Daddy, and your big brother, Alex. They love you so much and play lots of fun games with you every day!""","""Hey there, little buddy! Come on over and let's explore our cozy house. Look at all the pretty windows and colorful rooms. Let's go and have fun playing with your toys inside!"""
"""Look at these bright, bouncy, and fun toys, little one! Let's play and giggle together!""","""Look at those bright, fun toys! They're waiting for you to play and giggle.""","""Look at the big red car, sweetie! It goes vroom-vroom when someone pushes it!""","""Look at the pretty, colorful toys, little one! They're so fun to play with!""","""Look at the little birdie, it's so fluffy and chirpy! Can you say 'bird' with me? Bird, bird, birdie!""","""Look, sweetie, this is your cozy house, where we live together, eat yummy food, and have fun playing!""","""Look, sweetie, this is a friendly doggie! See how it wags its tail? The doggie's fur is so soft and cuddly. The doggie is going to play with us and fetch the ball!""","""Look, sweetie, here's your yummy carrot. Yum, yum, carrot!""","""Look, sweetie! That's a beautiful bird with colorful feathers. Can you say 'bird'? It's so fun to watch them fly and sing.""","""Look at the fluffy bunny hopping over the green grass. It's so soft and loves to eat carrots, just like our friend Bugs Bunny.""","""Hey there, little buddy! Look at this big, cozy house where we live. It's filled with rooms, and each one has special things. Like, there's a kitchen with yummy smells and a bedroom with soft pillows. Let's go explore the house together","""Look at that beautiful bird with its colorful feathers! It's hopping around and singing sweet songs, just like the lovely little bird we saw at the park.""","""Look at those yummy, bright red tomatoes on the plate, sweetie! They're as round as a big, juicy ball and they're going to make your face smile when you eat them!""","""Look at this yummy apple, sweetie! It's so juicy and crunchy, perfect for making a yummy apple pie with mommy and daddy!""","""Look at the fluffy, purring kitty! She's a cute and cuddly furry friend who likes to play and nap.""","""Look at our cozy house, sweetie! This is where we live and feel safe. Can you see the big windows that let the sunshine in? And there's a lovely garden outside where we play with mommy and daddy. Isn't it a wonderful place to call home?""","""Look at the fluffy bunny hopping around, little one! Isn't it funny how it hops like that?""","""Come here, sweetie! Let's play with your colorful toys together, and we can build a big tower with them!""","""Look at mommy and daddy, sweetie! They are your family, and they love you very much.""","""Look at the fluffy bunny hopping by, little buddy! It's a cute, little rabbit with soft ears and a twitchy nose!""","""Yummy, look at these bright, red apples! They taste so sweet and crunchy, don't they? Let's eat them together!""","""Look, sweetie, this is our cozy house where we play, eat, and sleep, with its big windows to let in sunshine and its warm walls to keep us snug and safe.""","""Listen up, little buddy! Let's talk about our family. We have mommy, daddy, big brother, and me. We love each other and play lots of fun games together!""","""Hey sweetie, look at the big red car! It has four wheels and makes a funny sound when it goes 'vroom-vroom'!""","""Look at our cozy, warm house, sweetie! It's got big windows and a lovely roof to keep us safe and snug. And guess what? Inside, there's a comfy bed, a yummy breakfast nook, and lots of toys just waiting for us to","""Look at the beautiful family, sweetie! We have Mommy, Daddy, and you, my precious little one, who are my sunshine and the best friend ever!""","""Sweetie, our family is like a big, warm hug with mommy, daddy, and your siblings, always here to share love and fun together.""","""Look, sweetie! We're inside our lovely house, where we can play and snuggle, surrounded by soft carpets and cozy walls."""
"""Look at the cute little teddy bear, sweetie! It's so soft and fluffy, and it's waiting for you to hug it and play with it!""","""Look at those bright, colorful toys! They're so soft and cuddly. Want to play with the rattling ones?""","""Look at the big, shiny car! Can you say 'car'? It goes 'vroom' when it moves!""","""Look at the pretty colorful blocks, sweetie! They're blocks for you to stack and play with!""","""Look at the pretty bird, sweetie! It's chirping and hopping around with its soft feathers, like a little fluffy ball.""","""Come here, sweetie! Let's see the pretty house with its colorful flowers and cozy little windows. Want to count the little tiles on the roof together? It's so much fun!""","""Look at the cute little puppy, sweetie! The puppy is barking and wagging its tail because it's so happy to see you. Isn't it adorable when the puppy gives you a little lick and snuggle?""","""Look at these bright red tomatoes, sweetie. They're yummy and healthy for you. Let's take a little bite together!""","""Look, sweetie, that's a beautiful bird. Its feathers are all colorful, and it's singing a pretty song. Isn't it fun to watch birds in the sky?""","""Look at the fluffy bunny hopping around! It's so cute and soft, isn't it?""","""Come here, sweetie, let's explore the big, comfy house where we sleep, play, and eat yummy food, all in our own cozy room!""","""Look at that beautiful bird! It has feathers that are so colorful and it's singing a lovely song. Isn't it special? Let's go see it together, little one.""","""Hey sweetie, it's time for some yummy apple slices! They're super crunchy and just the right size for you to enjoy!""","""Yummy, yummy, sweet apple, crunchy carrot, and tasty cheese, all part of your healthy lunch, little one!""","""Look at the fluffy cat, little buddy! See how it's purring and wagging its tail when you pet it gently?""","""Look, sweetie, we're inside the cozy house where mommy and daddy live. See the big, fluffy carpet? And those pretty walls covered in colorful paintings? This is our special home where we play and sleep.""","""Look at the fluffy bunny hopping and nibbling on the grass, little buddy. Can you say 'bunny'? Bunnies like to hop around and play!""","""Come here, little one! Look at these fun toys! There's a big, soft teddy bear waiting for you. And there's a shiny, red truck with big wheels. Can you say 'teddy'? And 'truck'? Let's play together!""","""Look, sweetie, that's mommy, with her lovely smile. See daddy, he's wearing a nice shirt. And there's grandma and grandpa, they're over there. Isn't everyone in our family just the best?""","""Look at the fluffy bunny hopping around, sweetie! It's so cute and cuddly, isn't it?""","""Look at these bright, yummy carrots! They're orange and crunchy, just like tiny, healthy snacks for our teeth!""","""Come here, sweetie, let's go explore our house! Look at the pretty paintings on the walls, the soft carpet under our feet, and the yummy food in the kitchen!""","""Look at us, sweetie! These are mommy, daddy, and me, all together as a big happy family.""","""Look at the big, shiny car, sweetie! It has four round wheels and can take us on fun rides to the park.""","""Come here, sweetie, let's go look at our cozy, colorful house with a big, friendly door and a shiny, green lawn where we can play together!""","""Look at our lovely family, sweetie! You have your mommy, daddy, and your big brother who always plays with you and tells you fun stories before bedtime.""","""Oh, sweetie, look at our family! We have Mommy, Daddy, Grandma, Grandpa, and your big brother. They all love you so much and want to play with you and take care of you.""","""Look at the big, beautiful house with its colorful roof, sweetie! The roof is like a hat for the house, keeping it warm and dry. Can you say 'house'? The house is where we all live, sleep, and play. Let's go see the house together!"""
"""Look at the bright, colorful toys! They're so pretty, aren't they? Let's play with them together, little one!""","""Look at all the pretty, bouncy toys for you, little one! Each one is waiting to tickle your tiny fingers and giggle with joy.""","""Look at the big, red car, sweetie! The wheels go round and round, making a happy sound, like this, car!""","""Look at the colorful, soft toys! They're soft and fluffy, just like a cloud. Let's play with them, my little one!""","""Look, sweetie, there's a bird! It's fluttering its wings, chirping softly. Isn't it beautiful?""","""Come here, sweetie! Look at these pretty little houses in the picture. See the red roof, the blue door, and the big windows? There are so many fun things to look at in a house!""","""Look, sweetie, there's a cute little dog! The dog is wagging its tail and barking happily. It's so playful!""","""Look at the yummy fruit! This is an apple, and it's as sweet as candy. Let's give it a little bite, and we can see the red and green colors. Yummy apple!""","""Look at that beautiful bird, sweetie! It's hopping and flapping its wings so fast, it's like it's dancing in the sky!""","""Look at the fluffy bunny hopping around, little one! It's a cute and cuddly rabbit, just like the ones in your storybooks!""","""Look at our cozy house, sweetie! Can you see the big red door? It's where we enter and go inside to play and sleep. Our house has a lovely blue roof and nice, strong walls that keep us safe. Do you like our house? Let's go explore together!""","""Look, sweetie, there's a pretty bird! It's singing a lovely song, wow! The bird is flying so high up in the sky. Can you say 'bird'? Great job! The bird has beautiful feathers, don't you think?""","""Hey there, little buddy! Want to try some yummy apple slices with a sprinkle of fun and funny magic sugar on top? Yummy-licious!""","""Look, sweetie, here comes your yummy apple! Crunch, crunch, crunch! It's so good and it helps you grow strong and healthy!""","""Look at the cute, fluffy cat, little one! See how it's purring and playing with its yarn ball. The cat is so soft and cuddly, isn't it?""","""Hey there, sweetie! Let's go explore the house. Look at the pretty flowers in the living room! And don't forget to say 'thank you' to mommy and daddy for making this house our special home. Shall we go to the kitchen to help me make some","""Look at the fluffy bunny hopping around! The bunny is so soft and cute, just like a pillow!""","""Look at all these fun toys, sweetie! Can you pick your favorite one to play with, maybe the one with the soft bear or the shiny car?""","""Look at mommy and daddy holding each other, sweetheart! They're your mommy and daddy, and they love you very much, just like I do!""","""Look, sweetie, that fluffy bunny is hopping and eating carrots, just like the ones we planted in our garden. Isn't it cute?""","""Look at the yummy, colorful veggies! Eat them up, little one, they make you strong and healthy!""","""Look, sweetie, this big, cozy house is where we live. It has a big, warm bed, and we have lots of fun toys to play with in the living room. Let's go inside and explore together, okay?""","""Look at your big brother, Timmy, and your sister, Emily! They love playing with you and are always there for you, just like mommy and daddy.""","""Look at the big red car, sweetie! See how the wheels roll smoothly on the road? Want to count them with me? One, two, three, four!""","""Look at the big, bright house with a red roof and white walls, little buddy! It's where people live, and inside, they have cozy beds, yummy food, and lots of love to share.""","""Hey sweetie, do you know who your family is? Your mommy and daddy, grandma and grandpa, and your brothers and sisters, they all love you very much, just like I do!""","""Look at the big, happy family, sweetie! Mommy, Daddy, and your big brother or sister are all loving and caring, just like you are!""","""Hey sweetie, let's go look at our cozy, warm house. Look at all the colorful windows and doors. Inside, we have our soft, fluffy carpet and your favorite toys waiting for you. Isn't it lovely to be in our happy, safe house"
"""Look at all the soft, cuddly toys waiting for you, little one! They're so bright and fun to play with.""","""Look at the colorful blocks! They're so fun to stack and play with, aren't they?""","""Look at the big, red car, sweetie! It's zooming down the road, and the wheels are turning so fast. Isn't that cool?""","""Look at the bright, colorful toys! The rattle makes a fun sound when you shake it. Can you say 'rattle'? And see the soft, cuddly bear? It's for you to hold and play with.""","""Look at that pretty birdie, sweetie! It's flapping its wings and chirping. Want to watch it fly away?""","""Look at the house, little one! The walls are red, the roof is blue, and the windows are yellow. Can you say 'house'? It's where we live, and it's so cozy and warm!""","""Look at the fluffy dog, sweetie! The dog is bouncing and playing with its favorite toy. Isn't it so cute?""","""Look at the yummy yogurt! It's as sweet as a sunbeam on a warm, sunny day. Can you say yogurt? Yummy yogurt!""","""Look, sweetie, there's a pretty bird with colorful feathers! The bird is singing a lovely song. Isn't it amazing how the bird can fly so high up in the sky?""","""Look at the cute little puppy, sweetie! He's so soft and fluffy, just like the clouds in the sky!""","""Look at our cozy house, sweetie! It's got a big, warm roof, a snug little door, and windows that let in lots of sunshine. We live here with Mommy and Daddy, and it's our special home!""","""Look, sweetie, there's a beautiful bird up in the sky, chirping and flying so high with its feathers like colorful confetti.""","""Look at the yummy apple, sweetie! It's red and round, perfect for a little bite, and it's super healthy for you!""","""Hey sweetie, let's pick some yummy veggies for dinner, like bright red tomatoes and green peas, to help us grow strong and healthy!""","""Look at the cute, soft, and furry cat! The cat has pointy ears, whiskers, and a long, fluffy tail. The cat says 'meow' and likes to play with yarn and chase butterflies.""","""Come here, sweetie! Let's go see the pretty house where mommy and daddy live. Look at all the windows and doors, and the colorful flowers in the garden!""","""Look, sweetie, a little duck waddling in the pond is going to quack and swim and eat some yummy water bugs!""","""Look at all these wonderful toys, little one! The soft teddy bear is ready for a snuggle, the shiny blocks are waiting for us to build tall towers, and the colorful train set is going to take us on exciting adventures. Let's play together and have so","""Look, sweetie, these are your mommy and daddy, and this is your big brother, James, and your little sister, Lily. They love you very much and always help you when you need it.""","""Look at the cute little puppy wagging its tail! Let's say 'puppy' together and watch it play!""","""Look at the yummy, juicy apple! Eat it up, little buddy, and it'll make you strong like a superhero!""","""Come here, sweetie, let's go see the big, cozy house with lots of rooms, where we all have our favorite spots to play, eat, and dream beautiful dreams.""","""Look at the happy family! Daddy, Mommy, and your brother and sister are all here together. They love you very much and play with you every day.""","""Look at the big, shiny car, sweetie! The car is red, and it has four round wheels that go 'vroom' when it moves. Can you see the car? Let's say 'car' together!""","""Look at our cozy and lovely house, sweetie! It's big and has lots of windows to let the sunshine in. The walls are painted pink, and we have a sweet red firetruck right outside!""","""Hey sweetie, let's talk about our family! You have mommy and daddy, and we all love each other very much. You're their special little one, and we're all here for you.""","""Hey sweetie, look at all the love in our family! We have Mommy, Daddy, Grandma, and Grandpa, and they're all here to make you happy and safe.""","""Come here, sweetie! Let's go visit our house, where we live with Mommy and Daddy, and we have a cozy bedroom, a big kitchen, and a lovely garden for playing!"""
