3 Months,6 Months,9 Months,12 Months,15 Months,18 Months,21 Months,24 Months,27 Months,30 Months,33 Months,36 Months,39 Months,42 Months,45 Months,48 Months,51 Months,54 Months,57 Months,60 Months,63 Months,66 Months,69 Months,72 Months,75 Months,78 Months,81 Months,84 Months
and now we see the cat.,oh.,well.,and he's driving.,cat.,wanna go get a dog.,what is that.,wanna hear a story.,you're gonna turn it off.,you're good.,that's a robin.,they're so cute.,you wanna read to me.,what's that.,okay.,it's so good.,you like them.,oh you have the toys.,oh that's right.,oh.,what's that.,okay let's go.,well you know what she's doing.,what's this.,okay.,okay.,do you think it's a baby monkey.,it's not a car it's a train.
wow what a cute kitty.,look at the houses.,no.,the car is running.,a little baby.,you're gonna have a bone.,hey bird.,what's that.,it's a little bit like a soccer ball.,do you see the cat.,look at that bird.,you see the birds fly high.,and then we'll sit in the bedroom and you'll watch tv and we'll make cookies.,this is the cat.,okay.,look at the dog.,what's the word.,this is the little train.,I'm sorry I got the wrong house number.,I'm gonna go to your room now.,she's a cat.,and a dog.,oh that's your friend.,we're gonna have a good time.,you're doing a great job.,oh my gosh.,they eat cows and horses.,it's a car.
the kitty's going to the vet.,where's the bathroom.,can you open it for me.,I don't see any cars.,let's say it's a cat.,look at the dog.,bird.,there's a bird.,you got a lot of toys.,no.,what are you holding.,yeah.,she's having a bath.,this is a cat.,what's this.,no.,there's a little bit of something in here.,a little toy.,okay we're gonna go find the door and then we'll find a way to get back in.,okay.,it's a cat.,hm.,okay.,and what do you see.,who's that.,it's a good place to eat.,they're all out there.,go.
okay there's a cat.,okay.,hey.,what's that.,good boy.,bark bark bark.,uh oh.,that's a seagull.,that's a bicycle.,there's a cat.,you know what? that bird has a beautiful song.,that's a penguin.,and they can put them in the washing machine.,oh that's a big cat.,there's your house.,we're going to get you a new dog.,where did that come from.,and the truck's on the side of the road.,can you put the chair back where it belongs.,well.,and the cat's fur.,no he wasn't.,the kids played with the kittens.,there's a carpet.,you have a room.,oh and they're not gonna go in the house.,well you can go over there.,you know what that is.
kitty.,we're gonna go to the house.,good job.,and you can see the wheels.,oh this cat says miaow miaow.,and see the kittens.,there's a little bird on the branch.,you're looking at birds.,okay.,oh.,bird.,oh look a pigeon.,this house.,oh you can't play with cats.,oh you got your house.,what's a kitten?,how's that look.,and a truck.,oh that's a toy.,you can see what he looks like.,she's got a white tail.,yeah that's not how it goes.,you've got a big box.,it's all the way downstairs.,okay.,oh my gosh what is this one.,you see that baby seal there.,go.
a kitty cat.,where's the house.,I think the person is a little boy.,that's the car.,come here and give her a hug.,and he's so cute.,look at the bird.,there's a bird.,where's the bear.,she's a cute cat.,he's in a nest.,he's a red robin.,can I go to the bathroom.,it's the kitty that sleeps in your room.,well the kids will need a new couch.,do you see this one.,no.,I mean it's just not safe.,it's a little bit of a mess.,can I see the pictures.,oh you got a cat.,and we go to the zoo.,okay.,we're gonna do it in the house.,that's right.,do you wanna take it with you.,do you see the big tiger with the little tiger.,that's a car.
here's a cat.,it's the house where they live.,oh that's just a picture.,what's that.,oh that's a big cat.,what's that.,birdie.,that's a hawk.,and the ball went in the basket.,and then she gets her teeth brushed and her hair brushed and then she's all ready to go to bed.,and it has a little tail.,that's a hawk.,she's got a little dress on.,do you have a kitten.,well you're going to clean up the room.,they're just puppies.,that's a nice one.,and it's got a little truck and a little car.,you're going to make the bed.,and then it's gonna be a fun day.,okay.,and then we'll be together.,that's a cute truck.,the house is kind of like a person.,so it's like the stairs.,yeah it's the bathroom.,well it's just a little bit of a story.,uh oh.
and a cat.,come on.,that's your grandma.,oh the car.,oh.,we'll make a little dog with our fingers.,he's gonna fly.,a little bit of birdie.,you're right.,that's right.,I see the bird.,what does the little birdie say?,okay.,well I'm gonna put it back on.,okay.,this is a dog.,yeah.,that's what it's called.,do you wanna go and see the house.,where did you put those shoes.,that's a cat.,oh.,what's that.,yeah.,you can clean it out with water.,oh this one is a big house.,this is a horse.,we'll go to the car.
we see a kitty kitty.,it's a house.,there's the little girl.,look at the car.,what a nice cat.,doggy.,a bird.,what's a bird.,where's the doll.,yes you can get a kitten for your birthday.,oh.,the bird is in the tree.,okay.,what's that.,oh what's this.,no no we're not going to be getting one.,what's that.,we're going to read them to you.,so we can put the new things in the back and the old things in the front.,oh.,do you like cats.,I don't know.,we can put them away and play with them tomorrow.,where's the door.,what kind of house is it.,you can't have that one.,see what kind of animals they have.,and it's a green.
there's a cat.,and the house that Jack built.,mommy.,here's the car.,yeah.,and you can go inside.,little bird.,look at the birds on the tree.,what's this.,you can't say cat.,there are birds in the sky.,and then he goes and does that.,do you wanna go to the house and watch movies.,what do you think is this.,I think you're right.,it's a good day for a walk.,you got a sandwich too.,okay.,oh I don't know how to open it.,and then you'll have a whole bunch of new little siblings.,okay.,okay.,this is a truck.,and you gotta use it for cleaning up.,how did you make that.,there's a little house.,no he's not there.,there's a car.
cat.,what's that.,who is this.,you see that.,that's a cat.,where's the dog.,look what I found.,there's a bird on a branch.,the red car is over the hill.,what's this.,bird.,wow.,there's the door.,look at this cat.,and they're called windows.,well I can see that your dog has some good breath.,well you know it.,look at this truck.,that's a nice house.,he's going to stay in bed and sleep.,we have cats.,oh.,you gotta go with the little bear and the penguin.,and then we're going to get a new toy house.,can you turn off the light.,wow.,did you like the book.,you gotta go to school in the morning.
what's the cat doing.,house.,right now we're having a family dinner.,that's a car.,oh where's your cat.,here's a little dog.,baby bird.,uhhuh.,you're gonna have to open that and pull.,that's the cat's name.,I'm not sure what bird that is.,what do birds do.,I like to go to the store and buy all the things that we need for the house.,do you want to give the cat some milk.,who's gonna move it out of the way.,yeah.,uhhuh.,"no, it's just a doll.",it's a room that's used for sleeping and relaxing.,my little grandkids.,and you have to go to the shop and get it for her.,who did you take that photo of.,you can have this.,let's go up and see what's on the second floor.,that's a nice house.,can you put the mop in the bucket.,what about a sheep.,do you know what a car is.
here's a kitty cat.,you're sitting down.,you know you have a family.,wow.,let's see what's under there.,oh yeah he's a big guy.,it's a blue bird.,the birds are singing.,you can see the fish.,and the cat was eating the cat.,he's flying up to a tree and down.,there's a little bird.,oh I'm sorry.,where is the cat.,oh yeah.,and he's gonna go on the slide.,and we'll eat that.,you're in the playroom with your big sister.,and that's the kitchen.,you can't.,this is a cat.,you can take a picture of the people in the kitchen.,I don't think so.,he said that's a good one.,there's a bathroom in the house.,can you show me where the table is.,that's right.,oh.
kitty.,there's a cat.,yes.,car.,do you see the cat.,go out with the leash.,hey hey.,a bird.,what's that.,cats.,yeah.,I'm sorry.,no.,they're both in the same litter box.,he's a good guy.,okay.,we have to take care of our food.,let's put them away and clean up.,and I think I'll leave them there.,Mommy and Daddy's so close.,oh he's a cat.,I'm gonna put my feet up.,can you pass me the car.,we're not going to the house today.,she's playing with her stuffed animal.,they're all broken.,we'll find the dog.,yeah and he's riding in the car.
where's the cat.,and then you can sit and play with them and put them away and read books and eat.,yeah.,wow.,yeah there's a cat.,right.,yeah he's a bird.,what a pretty bird.,yeah that's the car.,he's a nice boy.,bird.,they fly.,that's right.,we can give it some water.,who's that little girl.,what kind of dog does your baby have.,and then she went to the store and bought a lot of stuff to eat for dinner and then we went to eat dinner at home.,do you want some.,yeah.,yeah.,there's a cat.,yeah it's like a big box.,no.,we have some books.,wow.,I'm going to read this book to you.,and there's a dog.,oh look it's the big red car.
and that's a cat.,come on here and let's go outside.,you can't be.,oh the car goes.,oh oh.,I'm sure we can get it.,that's a duck.,a little birdie.,I'm going to get you your car.,you're not going to play with her.,we're gonna make a bird.,wanna see a bird.,can you see the kitchen.,they're gonna keep the baby cat.,what's this.,look at that dog.,right.,a doll.,well what's this room.,and what about the other people.,that's a cat.,okay.,okay.,you put them on top of the cabinet.,where's your keys.,who has a house.,she's gonna go to the vet.,you want to play with this.
can you see the cat.,look at the houses.,and so the kids get a ride.,see the car.,there's a cat.,wanna hold the dog.,you're a bird.,what's that.,and I'm going to make some of my own.,yes they are.,the one we have in the house is a robin.,what kind of bird is that.,and we're going to see the furniture.,it's a cat.,oh my goodness.,wanna put the bark on.,we're gonna have some chicken.,that's a doll.,I think he's in his bed.,how about a pizza party.,oh that's a good cat.,yeah it's fun.,and it's a big ball.,there's some dirt there.,that's a little bit of a mess.,so you know what we need.,we're gonna get this toilet seat in the air.,that's right.
a cat.,this is the house.,oh yeah.,this car.,see the cat.,it's a baby dog.,yeah.,and he's a bird.,oh I see.,see the cat.,"hey, hey.",a bird that's a bluebird.,I'm going to paint the wall.,that's a good one.,yeah.,they're big.,okay.,uh huh.,okay.,oh you're gonna have a baby.,what's this one.,I know.,let's see.,a house.,and we'll have a pool party.,okay.,the bear has the bear claws.,you're driving the car.
here's the cat.,look at the house.,and what else.,yeah we're gonna take the car to the shop.,that's a cat.,and we're going to take this little baby out of the cage and bring him into the house and let him see what we're going to do.,there's a bird.,what's that.,that's a truck.,there you go.,it's a bird.,what is a parrot.,yeah.,see that cat.,do you like the house.,that's right.,no no no no.,well I don't know what they are.,okay.,he doesn't know what you're doing.,no.,and they love to cook together.,you gotta be careful.,it's a room.,that's a good one.,this is a house.,he's a nice guy.,yeah.
that's a cat.,you're in the house.,oh yes.,right.,that's a cat.,we have a barking dog.,yeah bird.,bird.,yeah.,no we'll call it the kitty cat.,he's going to sit right down and watch you.,and what kind of bird.,yeah.,oh my.,oh that's interesting.,and we're gonna go find some new puppies.,the chicken and rice.,right.,and you go to the kitchen.,no I was just saying it was good for you.,so this is the cat.,she's gonna see them.,I'll see you later.,there's a table and a chair and a bed and a dresser and a closet.,okay.,we're gonna paint the house.,look at those.,what's that car's name.
here's a cat.,wanna go to the store.,I see.,wanna touch your foot.,"no, it's not a cat.",that's a dog.,where's the kitty.,yeah.,hey.,yeah.,here.,I'll help you take out the trash.,yeah I'm just gonna go up and get a pencil and a paper.,I'll see what I can get.,what's in the fridge.,you're doing it right.,we're not going to go in that.,I think that's a pigeon.,this is a dog.,he's a black and white cat.,you see those birds up there.,oh I see you got a kitten.,that's right.,a lot of furniture and people.,they're a bit different than they were.,yeah.,they have wheels.,oh.
no cat.,you're going to have a new sister.,that's right.,see a dog.,that's right.,oh that's a really nice big dog.,look at that cat.,okay.,you're gonna take the car to the house.,you gotta get out of here.,it's a robin.,did you see that picture of the little boy with the big blue eyes.,you'll want to put this in the back of the truck.,yeah.,okay.,we gotta get some for you.,you're right.,we're gonna see the birds today.,wow.,oh there goes the cat.,yeah.,you know what.,no he's not going to put it in the box.,and there's the kitchen.,oh that's a dog.,it's a little bit of a car.,do you like this car.,look at this picture.
look at the cat.,I'm gonna get some cookies for the family.,who made this.,let's play with the dog.,cat.,no.,you can see a cat.,you're right.,okay.,what do you wanna play with.,I'm going to be a bird.,okay now we're gonna go to the park.,oh.,what's that.,do you want some cookies.,oh you like the birds.,you're my friend.,you know what that bird is.,let's go to the dog park.,I'm sorry.,it's a woodpecker.,he's a little white cat.,they're all in the dollhouse.,there's a little pig in the house.,oh you're right.,you're right.,oh okay.,okay.
cat.,yeah.,no it's not a house.,the little doggy is so cute.,oh they're very quiet.,that's a nice big dog.,there's a cat on the floor.,what's the other name for Mommy.,it's a little house.,yeah.,you want to see the birds.,what's this.,I'm gonna go fix the sink.,so we have some cheese and crackers.,oh.,yeah I bet the bird's on the ground.,a cat.,do you have a bird on your bird book.,wanna take your dog for a walk.,oh that's right.,you have two ears and one mouth.,you want to play with the cat.,look.,that's my house.,oh I'll give him a piece of bread.,and they don't have no wheels.,oh.,do you want to go see the cats.
that's a cat.,you're right.,here's the doorbell.,that's a dog.,oh look at the cats.,he's playing with the dog.,come on in.,I'll come back to you later.,who's the one in the picture.,you can't have that.,he's on the roof.,where's the chicken.,yeah.,it's going to be a piece of cake.,hey.,and what is that.,and if they have a bad day they can't talk.,it's just a bird.,a dog is a funny kind of animal.,can you see a kitty.,oh that's a nice little bird.,oh.,and what do you think he's doing.,it's a little house.,right.,do you know what car is.,oh he's got a cool car.,right now.
you see that cat.,okay.,oh what's this.,can you say dog.,you say cat.,yeah yeah.,oh the cat.,there's one more.,oh I'm not sure what it is.,okay I'm going to put it away now.,can you see the bird.,right.,what's that.,you eat a lot.,you can draw a picture of a family with you and Dad and Mom.,there's a bird on that tree.,wanna go on a safari.,you know how to sing that song.,and then you put on your shoes and you go outside and you play with the dog.,this is my cat.,that's right.,what's this.,right.,that's your room.,that's a puppy.,I'm gonna put it on the roof.,you wanna see the car.,I think they're cows.
there's a cat.,she's my mother's sister.,look at the house.,and then the dog wags its tail.,there's a cat.,dog's on the floor.,you're like a cat.,and who's that.,well.,yes.,see the bird.,what's a dad.,okay.,yeah.,oh good.,here's a bird.,you know what he's got.,so then you can fly and see.,you'll put it on her back.,and that's a cat.,a bunny bird.,it's a girl.,a bear.,okay.,wow wow wow.,"okay, that's okay.",oh car.,and the little baby giraffe.
kitty kitty.,and mommy's mommy.,whoops.,hey.,what's this.,"oh, dog.",wow.,that's good.,oh look at all the light.,let's play with the blocks.,the little birdie is looking for the little bird.,who are the people.,can you put that there.,and it's just a piece of bread.,okay.,oh look at this.,the baby.,what's the name of the bird.,we're going to get some food.,what's that cat's name.,a birdie.,he's sleeping.,well he's just a toy.,yeah they're a really nice house.,he's a dog.,this car has been in the sun.,and the cars go.,right.
we got a cat.,who's that in the picture.,they're just little houses that go together to make one big house.,go get some.,here's your cat.,what's that.,what's this.,what's in the box.,they're very nice.,let's see.,what's that.,can you say mommy.,I'll get that for you.,well you can just eat your food and have the drinks.,oh I know.,hey.,it's a frog.,what do you think of the bird.,there's a dog in there.,oh the cat has the ball.,oh.,he's gonna be a big cat.,what kind of trucks do you have.,yeah.,she has a dog.,it's a little toy car.,we need to put the oil in.,you need to wear a coat.
hey little kitty.,this is your daddy.,there's a bathroom and there's a bedroom.,dog.,you know what.,okay.,that's a kitty.,what are you doing with your hands.,do you see this.,wow.,it's like it's in a cloud and it's like a cloud of smoke.,so the cows come back and the chickens go back and the dogs come back and the people come back.,okay.,"no, we're not eating your clothes.",so how about a couple of kittens.,yeah that's a bird.,they're in the water.,the robin is a bird.,she's a big girl.,do you have a cat.,I think this is a bird.,there's a cat in my room.,you're right.,oh look at that nice house.,you can do that.,you're very brave.,wow.,you're a monkey.
cat.,that's Mommy's cereal.,you've got a good house.,it's a dog.,cat.,and the dog's gonna have a big bark.,and then he'll go outside.,and she had some funny names.,okay.,and then you give it to me.,here's one.,you and mommy and daddy.,you can go into the bathroom.,what.,I'm glad that you're here.,hey.,he has two little legs and he can waddle.,what do you think the bird was thinking when it made that noise?,no.,you like the cat.,that's a little bird.,you know what.,look at the dog.,yeah.,that's right.,you can go up in the car.,see the wheels.,and the puppies that he had for a birthday present.
there's a cat.,where's mummy and daddy.,you're going to be a big baby.,you know what's on the other side.,that's a cat.,yeah the doggie goes to the vet.,what's that.,Mommy and Daddy are happy that you're having a good time.,it's the bedroom.,where is your.,you like the bird too.,it's all right.,do you know that house is called the big yellow house.,do you wanna make some pizza.,and then we'll have a nice big dinner with you too.,that's a robin.,yeah that's what.,see that little birdie.,oh my goodness.,it's just a cat.,okay so we'll go outside in the morning and you'll find the birds.,see that cat over there.,yeah.,where do you put your house key?,oh they're a little cute.,I think we need more wheels on that car.,car.,yeah.
go to sleep.,this is your brother.,they're very interesting.,look at the dog.,that's a cute cat.,see the dogs.,cats.,who was that little guy?,oh okay.,no you have two.,what's that bird.,he's a good boy.,we'll have to go get another one.,there's a tuna sandwich.,he's the only one in the world.,I think that's a bird.,the squirrel.,there's a bird.,wanna go see a puppy.,yeah.,yeah they eat.,do you remember that little ladybug that we found on the ceiling of the playroom.,where's that truck.,okay.,what are those things on their feet.,oh I see you have a car.,uh huh.,can I have that one.
kitty.,oh.,wow you know where the house is.,that's a dog.,kitty kitty.,hey come here.,let's see.,who's that.,this is a good house to live in.,I think she just found a new toy.,he's a nice bird.,right.,that's my room.,uh.,I can't find the key.,we could put that on the tree.,you know what he was.,a. they're in the trees.,yeah.,you wanna go get your cat and sit down.,you know.,you think he's okay.,and what would you say if you were a toy.,"it's all right, honey.",oh that's a dog.,oh.,there's a car on the road and a truck.,she's a little bit sad.
oh we have a cat.,you can't go to the bathroom.,the bed.,wanna give him a hug.,what's this?,dog.,oh.,hey hey you can see the birds.,do you see the lights.,this is a truck.,and birds have feathers.,okay.,you're gonna get me a sticker.,no we don't eat animals.,we're not supposed to leave your stuff outside.,and they fly over the clouds and it's really pretty.,and a giraffe.,here's a bird.,they're both really cute.,yeah.,what's that.,no.,and you can make a little ball with it.,do you have a house.,look at that dog.,it's a car.,and it goes on the ground and it's okay.,they were scared.
look at the cat.,what's this.,yeah.,come here.,oh no.,okay go and get the ball.,let's look at the cat.,I love you very much.,you can go back into the house.,oh that's okay.,oh bird bird bird.,it's my birthday.,where is the bedroom.,that's a yummy piece of cake.,she just got out of bed.,what's that.,a little duck.,oh I can't wait to go to the zoo.,you can't eat the bone you can't eat the bone.,he's a little boy.,oh that's right. that's a bird.,well you've got a lot of kitties.,and these are the other toys.,what do you say to the house.,it's the dog's face.,yeah I'll go and get the car.,what's this car thing.,it's a penguin.
look at that cat.,that's right.,here's your bed.,what's that.,you're gonna say kitty.,you're such a good boy.,this is a cat.,you have a brother.,we can take a walk through the house and then we can go play in the backyard.,where's the ball.,there's a little one there.,right.,that's the living room.,and then you get to eat it.,that's a good idea.,the hawk's tail was brown.,well he's a nice big guy.,he's a really nice little bird.,no.,he's a little kitten.,oh my gosh.,that's what a cat is.,oh yeah.,they're not my house.,right.,that's a car.,where's the car.,okay.
that's a cat.,yeah.,you put your head on the pillow.,the dog's a black and white dog.,good cat.,what's this.,yeah.,and grandma.,and then you can go outside to play.,can you hold this for me?,you can't see it.,okay.,and we got a nice big room up there where we keep all of our stuff.,you're gonna put the cereal on top.,right.,it's a blue jay.,it's a big brown dog.,oh that's a pigeon.,it's a dog and it's sitting on a chair.,oh that's a kitten.,and a robin.,a dog and a cat.,we can go over there and see what's there.,did you know that we have a big house.,well this is a little corgi.,you know how to drive a car.,you're going to be a good driver one day.,he's a boy.
that's right.,yeah.,yeah.,wow.,yeah.,oh look at that dog.,"oh, I think that's a cat.",and she's a friend.,where's the house.,what's in that.,it's a bird.,well you don't get out of bed so early do you.,oh that's a really nice house.,so I'm gonna get a drink.,what's that.,there are two birds.,see the little puppies.,oh you know.,and the dog.,that's the kitten.,that's a penguin.,she's going to sleep.,you're going to get toys.,we're going to clean the bathroom.,it's a bull dog.,and the air conditioner.,oh.,I'm going to turn off the tv.
yeah a cat.,oh my gosh.,where's the dog.,you gotta put it away.,you wanna say cat.,dog.,you see.,that's Daddy.,we're going to look at the house.,yeah.,a robin.,Mommy's going to make you some eggs for breakfast.,where's the dish.,you have a green one.,no no we don't.,there's a pink one.,I'm going to show you.,oh there's a hawk.,and they're just like a big dog.,you know what this is.,you should be able to get a pretty good bird to fly around.,you get to see him then.,and the other one is the other one.,what does it say?,yeah he's called that.,I'm gonna take my car out for a spin.,this is a car.,what is this.
look at the birdie.,I like your family.,that's a toy car.,hmm.,oatmeal.,look at this car.,that's a good baby.,that's a car.,yeah you can't get in.,a goat.,okay.,you put it in the fridge.,a robin.,okay.,and that's a robin.,I don't think there's a bird.,okay.,you have a big bowl of food.,it's not a frog.,car.,it's all in the sauce.,oh boy.,okay.,he's wearing a little bit of red and he's kind of in a yellow shirt.,okay.,that's the birdie.,hey.,you're right.
yeah.,okay.,what is this.,and your family.,no.,a car.,here's a frog.,yeah.,car.,they have legs.,and we can go outside and play.,oh we're out of cheese.,it's a baby bird.,who's the animal.,this one.,oh yeah.,they're not in a drawer.,and what is that.,that's a tiger.,no they're not.,you're not supposed to eat it.,see that.,wow.,and a cat.,oh that's good.,there's a bird in my tree.,wow.,what are you doing with the cat.
look at the bird.,Daddy's a doctor.,there's a ball.,come on let's go see them.,no we don't have those.,uh.,we'll go see the panda bear.,right.,you can sit in the car.,oh there's a little birdie.,and they're going to go upstairs.,we're not going to eat that.,a bird.,what do you think this is.,they're called turkeys.,see the bird.,it's a little thing with a bow.,yeah.,yeah.,you wanna go on the car ride.,I'm not going to eat that.,he's a very good boy.,do you think it's like a lion.,there's a cat.,what's that?,that's a hummingbird.,I like them.,you need to get ready for school.
bird.,I'm making a little family.,yeah.,you gotta watch out for grandpa.,you put some spice on that.,I'm not sure why that's there.,yeah.,yeah you can play with your car.,there's a car here.,where's that bear.,yeah that's the door.,okay.,it's a baby bird.,oh I don't think there's any more in there.,you have a birdie.,bird.,that's right.,where's the cookie.,we'll take him to the zoo.,and go fast.,the spoon.,what does your dog do.,we had a little cake.,you know what I mean.,here's some money.,that's a bird.,see the cat.,a kitty.
oh bird.,and then we all go to the beach and then I go to the pool and then we go to the beach again.,that's a ball.,who's that.,hey.,yeah.,right.,oh.,let's go to the car.,that's a dog.,and we'll have a place to live.,there's some bread.,he's a little birdie.,no.,this is a bird.,look at the bird.,you're going to have fun with them.,a chicken.,they're like kitty cats.,oh a car.,uhhuh.,and then the dogs come.,oh you need a kitty kitty kitty kitty kitty kitty kitty kitty kitty.,no it doesn't make any sense.,this is the house of the mouse.,it's a hawk.,well you know what.,where's the cat.
hey baby bird.,hey there.,here.,I'll take care of your shoes and socks.,that's what she was eating.,yeah.,and then we get them.,yes.,look at the car.,right.,okay honey I'm going to go.,okay here's the other plate.,there's a bird sitting on the tree.,oh.,there's a little bird in there.,look at the birds.,and you have a toy train.,yeah.,yeah.,what's this.,I mean like.,what's he doing.,oh no.,wow.,a chair.,that's the little one.,that's not a cat.,the kitty is sleeping.
bird.,and they love to see a baby.,let's play with the balls.,look.,they're gonna have a taco.,car.,it's a little duck.,you have a car.,look at the tires on the car.,see a bird.,the house is on the corner.,and then we'll see.,that's a seagull.,oh look at the rabbit.,oh what a bird.,the bird has got some feathers in its wing.,we're going to put it on the table.,oh yeah.,okay.,and we go to the car and we drive to the park and we play and have fun.,honey.,you wanna play with it.,right.,oh my gosh.,okay.,what's that one bird's name.,there's a cat in here.,oh yeah.
and bird.,do you remember our mommy and daddy.,you know what.,it's the family picture.,we're eating cereal.,car.,oh you want me to help you make a bed for the baby.,it's a car.,car.,what are you going to say.,a bedroom.,are you going to eat this.,oh.,they're in the desert.,what's that bird called.,you have to hold it on your hand.,here's your ball.,so you're trying to get your money's worth.,it's a dog.,yeah.,there's something funny going on.,and the dog is gonna take them home.,yeah.,we can put this in our pocket.,and if you want to sleep.,the birds are going to a special place.,there's a cat.,and then we'll take your cat to the vet.
the bird's flying.,what's that.,I can't see it.,it's dad.,it's not very good.,where's the car.,here we go.,you wanna see the car.,look at the tires on the car.,the lion.,okay.,okay.,yeah.,do you remember.,this is a bird.,what's that.,I mean the toys that are really hard to see.,yeah.,it's a tiger.,there's a car.,they're not very tasty.,oh yeah.,there's a black and white cat and a yellow dog.,oh that's a cat.,and then we go inside.,oh they have those.,hey.,that's a kitty.
here's a bird.,what's that.,what's this.,where is he.,that's the pizza.,you gotta park the car.,I see a duck.,we have a car.,let's drive the car.,you know what she's like.,I'm not gonna tell you.,that's right.,they eat bugs.,I bet they're not afraid of the bear.,hey hey hey hey.,oh I'm gonna give you a bird.,you know when you make a mess and you can't clean it up.,no you can't eat that.,what kind of animals.,you're gonna go out to the car.,you gonna eat them.,oh my goodness.,oh.,he's a cat.,and we're going to go in the car.,they're called robins.,a cat.,oh that's a cat.
there's a little bird.,you're not playing with that anymore.,wow.,where's the baby.,there's gonna be another.,you know what a car is.,that's a pig.,we got a lot of cars.,let's turn off the car.,and the rabbit hops.,you wanna go get some stuff for your house.,yep.,yeah.,the giraffe's got a long neck.,what are you saying.,well it's a little bit like that.,that's right.,yes.,what is it.,you go the other way.,I'm gonna make you some spaghetti for lunch.,can you see the dog in this picture?,you can have a little piece of bacon.,he's in the cat tree.,that's right.,you want the birdie.,that's a cat.,you're holding the cat up.
there's a bird outside.,we're going to visit my family at the lake.,yeah I know what it is.,"yeah, you're right.",the ketchup.,the car is going to be a red truck.,you wanna put the kitty on top of the piggy.,and a truck and an ambulance.,you're gonna drive this car.,you know what.,that's right you're a house.,what's that.,there's a red cardinal.,you see what we're gonna do.,this one's a duck.,what's that.,where did you put those things.,we can go to the zoo.,there's a little kitten.,well you can't drive that.,can we get out of here and go to the park.,he has a little bone on his head.,that's right that's right.,that's right that's what the cat looks like.,what do you think that's called?,a robin.,and the cat is sleeping on the bed.,it's a cat.
bird.,I love my family.,let's go see the toys.,what's the first thing you said today.,can you get it for me.,car.,look at the cat.,you need to say.,I'll go get the car keys.,I'm going to go.,and what is this.,nope.,they're flying in the air.,no.,he's not in his nest anymore.,wow.,okay.,you can go up there.,well what kind of animal is this.,oh that's right that's a bus.,and what does the giraffe eat.,you're not a dog.,you're right.,well there's a cat on the table.,they're both yellow.,I see a robin.,oh that's so cute.,there's a cat.
there's a bird on the window.,"that's right, Mommy's on the phone.",yeah.,you're a grandpa.,you got some carrots in your mouth.,you got a car.,right.,the car.,a car.,there's the cow.,what do you do with the mail?,it's green.,we're going to read a book.,so how do you feel about your sister.,a. a robin.,what's that.,I see.,yes we do.,that's a cow.,you want a car for your birthday party.,you can make a little stir fry.,you want to pet the dog.,yeah.,you're right.,they have one right there.,yeah.,oh you're going to make it a big mess.,and then they're in the cat house.
bird.,and we go.,you got it.,there.,you can't eat that.,it's a car.,what's that.,and we go to a car.,here.,there's a little dog over there.,she wants to see the house.,you're not going to eat it.,oh I think that bird is called a sparrow.,what do you say.,oh that's right.,and a bird.,right.,a little bit more of the rice.,hey that's a puppy.,yeah.,okay.,it's a puppy.,well that's a dog.,you're a cat.,he's gonna go over and clean the dishes.,we can look for them in the backyard.,it's a good kitty.,see the cat in there.
look at the bird.,that's mommy's house.,there's a bear in here.,hey buddy.,yogurt.,car.,wanna go on the carousel.,wow that's a cool car.,let's go to the car.,this one's gotta go.,okay let's go back to the house.,I know.,what are you doing.,oh that's very nice.,it's a gull.,they're a really big bird.,okay now we'll go get some more.,what's the word for the cereal.,and she has a long tail.,what are they driving.,I think so.,you're talking about a dog.,what animal is that.,oh they're not even cats.,we're gonna go and get our groceries at the store.,no it's a birdie.,a cat.,oh that's a nice kitty.
go up and down.,you're my little sister.,hey.,right.,you got some pears on the table.,and then it goes down.,right.,yes.,no.,he is a rabbit.,oh no he did.,no.,that's a robin.,we'll go with the wolf.,a hawk.,yeah that's right.,that's a funny hat.,okay.,I think it's a little scary.,you put the seat back.,no.,oh he's sleeping.,that's right.,there's a cat there.,this is a toy house.,that's a chickadee.,well.,oh no it's a cat.
look at that bird.,and Daddy.,yeah.,who's that little boy over there.,that's a funny hat.,it goes on the road.,what's this one.,can you say car.,and go.,and the baby cow.,that's a bed.,they're gonna have some.,he's not very tall.,he's a red fox.,do you see a bird on the table?,there's a bird in the nest.,a bicycle.,uhhuh.,what are they doing.,and there's a car.,I'll give you the strawberries.,he's going to eat that.,what did you say.,okay.,okay.,here's a chick.,you have a nice kitty.,it's a cute kitty.
look at that little birdie.,okay.,and we'll put it back on the toy box.,see that.,cheese.,let's go for a drive.,are there any animals in the zoo.,is this your car.,yeah you know when they're going in the car and they're like oh we don't want to sit in the car.,here's your cup.,what's that.,what did she make for lunch.,and the beak.,the pig.,you can see birds and squirrels on the tree.,a bird.,that's right.,I'm going to take it out.,okay.,car.,that's right.,yeah I can see the dog.,no.,you can put the bowls on the table.,do you think we should do the same thing in the house.,you know what's a funny thing about birds.,the cat is very tired.,there's a cat.
there's a bird.,it's not gonna hurt ya.,we're going to play with the blocks.,yeah you're right.,there's cheese on there.,hey.,we're gonna play with this.,you're in the car now.,where's the car.,you're not supposed to eat them.,that's right.,let's go outside.,this is the bird that made the nest.,this is a snake.,there.,what bird is that.,there's a little green guy.,the oysters are very good.,and he's wearing a green vest.,oh wow.,I'll take out the butter.,you're going to have a puppy in a little bit.,did you say it's a donkey.,do you wanna see some.,you know it's a little bit cold out there.,you know.,the kitten is sleeping.,you could put some milk on the cat.
look at the dog.,do you know what a rabbit is.,you want to go get the dog.,what bird is that.,oh you're right.,where's the couch.,oh that's the car.,cat.,the house is yellow.,and the rabbit.,oh.,you need some more.,what are they doing.,here's a picture book.,look at the cars.,it's your bedroom.,they're just in case.,a bird.,you could sit on the couch with the cat.,I think I'll get some more.,oh yeah.,and then she goes.,that's a duck.,that's a good question.,oh there's the cat.,he's not.,we're going to get out the toys now.,what kind of birds.
you know how the dog likes to go outside.,go get it.,look at this.,there's a bird.,a car.,you know what we're gonna do.,car.,oh yes.,and then we're going to build a house.,wanna go down to the zoo.,no.,you want some food.,I think it's a chicken.,they're not going to sleep until they get back to their house.,he's holding his toys up there.,hey hey you.,and then you're done with the house.,what's that.,and the cat has a tail.,do you have the box.,yeah.,oh okay.,and we're going to go outside and we're going to see if we can find some birds.,so.,it's called the cat.,oh there's a baby hippo.,yeah.,you need a cushion to sit on.
dog.,oh look at the elephant.,we're gonna go find the dog.,the bird.,there's a car in the backyard.,wanna go back in.,you wanna go to the car.,what's that.,I'm going to go put the blanket up so it's nice and comfy for you to sleep in.,right.,okay.,and you eat the carrots.,that's a giraffe.,what kind of animals are there in the book.,so you're going to take the toys.,the house that Jack built.,okay.,that's a hawk.,no we don't have cats.,that's right.,oh it's not.,and the grandparents were at the table.,and you can see the little birds flying over the city.,yes.,she's in there.,they're not in the book.,I'm going to play with the toy trucks.,he's a blue bird.
who's that.,and you have a big brown cow.,there's a dog.,look at the bird.,okay.,this is a car.,here we go.,okay.,what's this.,they go to the pond to eat the little fish.,it's not a cat.,there's nothing wrong with it.,you want to draw a cat.,that's a bunny.,oh let's go find them.,and you can't use it to put things in.,they're cleaning them.,oh you're just a baby bird.,there's a cat in there.,no.,there's a light switch right here.,who's that.,I see.,you get a new room.,oh.,and she's like that.,oh.,what's that.
the dog is in the car.,oh my goodness.,come here baby.,look at the bird.,okay.,you see that.,the car is driving by.,see the cat.,do you know what a house is.,that's a lion.,yeah.,it's a little bit salty.,and then he fell down and landed on the couch.,they're called seals.,you can't have all those things.,the little girls and the big boys.,wow.,oh.,right now you're just watching.,what's that.,you gotta go get the other one.,did you hear the baby.,you have a bird.,and then there's a daddy and a mama and they make babies.,you have a cat.,oh that's the giraffe.,he can't get a toy.,oh look at that bird.
go ahead.,a big black and white bear.,huh.,yeah.,see the car.,you know what he does.,and the wheels on the car go around.,she's not in the house.,you can put a pillow on it.,there's one.,see that cat.,okay let's see what we have.,yeah.,and then they're up high on the trees.,you see the doll in there.,you'll have to put it in a box.,no.,it's a bird.,you know what that is.,you're a good boy.,okay.,okay.,where's the bird.,that's right.,we'll have to wait for another day.,that's a kitty cat.,oh.,you've got a bird on your hand.
yeah.,oh.,dog.,oh what a big bird.,and a little car.,and then we'll take a walk outside.,what does a car do.,wanna have a cat.,what do you think it is.,yes.,what's this.,well if you want to make it into a mash you could add water to it and mix it up.,and a little duck.,okay now.,can you see.,I'm sorry I'm busy right now.,well the house is going to be built and we're going to move in there.,oh that's right. that's a bird.,come over here.,we can't have peanut butter and jelly.,you gotta take the garbage out.,oh.,you wanna see some birds.,you know what that is.,it's a cat.,did you know you can't eat a bunny.,I'm thinking about playing with the trucks.,that's a hawk.
bark bark.,look at that.,and he's a big brown dog.,a bird.,oh yeah.,oh the couch.,do you know what a car is.,oh that's the cat.,yeah.,what do you call that?,that's right.,it's a fruit.,we'll be back in a minute.,this one has a big head.,right.,I'm not sure.,oh that's nice.,this bird has a long tail.,there's a cat on the wall.,hey hey.,"and here's a little kitchen, see.",you're gonna be Mommy's baby.,here's a baby bird.,and then the mommy's mommy's and Daddy's.,well.,she's gonna give them a kiss.,oh you're gonna get the one for Daddy.,you can put them in the bird feeder.
oh you're a good boy.,you know the animal that lives in the mountains.,uhhuh.,yeah.,that's a car.,and we'll have a big cake.,wow.,come here.,we'll have a lot of fun.,you know where a kitty goes when it's hungry.,and I think you wanna pet that cat.,you don't wanna eat.,oh my gosh.,they're both the same.,hey it's not mine.,that's a nice house.,where is the car.,that's a turkey.,and they're called cats.,that's not a cookie.,what's that called.,well you know what you don't want to be that kind of person.,you're so smart.,oh.,she's wearing some nice shoes.,and a big fish.,and they're all in there.,oh yeah.
oh look at the dog.,the chickens are laying eggs.,okay.,oh I see a bird.,oh.,yeah.,yeah.,yeah.,the dog and the cat and the horse.,what's that one called.,see the cat.,and we're gonna have some tacos.,you want to get them out of the way.,that's a big bird.,I'm getting out the baby doll.,it's not a good idea to go up there.,I think it's in the living room.,he's a hummingbird.,look at this cute little cat.,okay.,what are the numbers on this house.,right.,you need to put on your shoes.,we're going to be having fun.,that's a cat.,wanna see the horse.,I see.,a little bit of birdseed.
dog.,oh I can't see the monkey.,doggy.,little bird.,car.,we're going to the library.,do you want me to drive.,oh there's a cat.,we can't go in there.,they're cats.,come on honey.,oh.,I'm sorry.,we're going to do a book.,what are these.,what's this?,you know the other thing that's a house.,what do you see.,yeah.,oh.,oh.,that's a funny family.,oh birdie.,do you think mommy's gonna go back to work.,and now the cat is sleeping on her.,you're going to be a giraffe.,you see this ball and this ball and this ball.,oh there's a bird there.
here's a little dog.,we have two.,wow.,a bird.,wow.,oh that's the bedroom.,go to the garage.,that's what it is.,you get up.,that's a wooly bear.,you know what the cat's name is.,it's not a real taco.,you could have the giraffe and the monkey.,and that's a goose.,right.,oh it's a house that looks like a giant.,oh yeah.,you can't see them in there.,it's a big cat.,oh I'm sorry.,it's a pretty nice house isn't it.,I'll make a drawing for you.,yeah.,it's okay.,well we're going to draw a cat.,oh look.,he's playing with the blocks.,this is a birdie.
oh.,a rabbit.,and it has four legs.,there's a bird.,I think that's a car.,yes.,you have a car.,oh we'll get you another one.,and where's your toy.,yes you can eat it.,okay now we're gonna put a hat on.,you want some.,there's a dog in the backyard.,hey buddy.,you can't put it back together.,where's the toilet.,I'll take you to the library.,uhhuh.,this is a kitty.,that's what you eat.,well let's go upstairs and clean up and put all the clothes in the drawers.,what's the name of your aunt.,a sparrow.,they went to the hospital.,I think so.,you know what you know about animals.,and we're gonna build a rocket ship and we're gonna fly off.,this is a bird.
dog.,no.,you're not gonna eat that.,this is a bird.,it's a car.,what's the other one called.,see that.,oh the cats.,oh yeah that's right.,and it's called a pig.,we're going to the cat.,how about some of those.,we'll go to the farm and see the cows.,see the duckling.,he's.,there.,you can put the picture in the frame.,what kind of bird.,they're cat.,where's the peas.,you have a house.,right.,hey.,no.,no that's a kitty.,that's a cat.,so they're in the car.,it's a hawk.
it's a little dog.,wow.,it's a bunny.,we gotta get that.,what's in that truck.,hey.,that's right.,see the cat.,we're going to be right back.,what's that.,there's a cat.,that's a pizza.,we could go get a book about it.,the rabbit.,we're going to play with the puzzles.,that's right.,the bed and the pillow and the blanket and the comforter and the sheets and the pillowcase.,it's a little birdie.,we're gonna go find a cat.,no butter.,yeah.,oh I'm not gonna tell him.,that's a robin.,I'm a Dad.,what's that.,nope.,and he's a very good boy.,do you know that.
oink.,right here.,yeah.,no bird.,the car's moving.,oh okay.,okay.,where did she go.,oh that's the stove.,look at the bunny rabbit.,and a cat in the chair.,the peas are pretty.,this is a pig.,that's the big one.,we'll have some more blocks for you when you're done with this one.,I'm thinking about it.,there's a hole in the floor.,oh yeah.,oh.,you know what it is.,okay now put this right back in.,oh.,you're gonna see the birds.,my little brother.,it's just the cat.,I'll see if I can find any that's not in here.,what's that.,that's a seagull.
you have a dog.,look at the kitty.,yeah you can play with that.,there's a birdie on the tree.,you know what it is.,oh that's a good idea.,yes.,you've got a kitten.,oh.,do you see.,do you want to draw a cat.,no.,hey look at this dog.,yeah.,okay.,you're gonna get the water.,"they're like, a house that looks like a car.",we're going to see the birds.,he's sleeping.,that's good.,okay.,what does he like to do.,the bird is flying.,what's that.,and the cat.,what are you thinking.,I'll put them all back.,oh that's a bird.
dog.,look at the ducks.,that's a dog.,there's a bird on the window.,come over here.,oh this is the chair.,wow.,and then we can get the cat.,there's the sink.,okay I'll give you some more animals.,you got to get up now.,you got a big piggy.,oh you know what.,they're gonna.,what are these things for.,oh.,I'm going to the store to buy some wood.,what's that bird that sings beautiful songs.,no.,what's this.,there's a bedroom.,it's a long time since I was a kid.,well I'll tell you the story.,you're gonna read a book.,oh yeah.,there's a frog and a butterfly.,what kind of toy is that.,this is a robin.
and the dog's name is Spot.,see the pig.,it's a big dog.,we're going to go look for a bird.,see the car.,oh they're not there anymore.,it's a car.,where's the kitty cat.,there's a light that turns on when you come in the house.,that's right.,"hey, you can't see the cat.",it's a pizza.,the cats in the house are very nice and very loving.,it's a cow.,look at your baby.,that's what I'm saying.,"yes, they're called tiles.",do you have a birdie?,this is a cat.,so this is a chicken leg.,so that we can't tell the difference between the two.,yeah.,there's a bird outside the window.,you got it.,I'm gonna show you a picture of a kitty.,he had a tail.,hey.,we're gonna play with a book and we're gonna read.
there's a dog.,and a horse.,I think it's a dog.,you have a bird.,that's a car.,whoa.,what's that.,look at the cat.,where's the toilet paper.,and then they're going to go down.,we'll get you a kitten.,I'm sorry.,can you hear the tiger roar.,you know.,and you can have a carpet.,and then they're going to make a new house for you.,oh yeah.,you see the bird's legs.,that's a cat.,do you want me to give you a hug.,I'm going to turn on the lights.,where's the dog.,what kind of birds are in there.,that's right.,you're not gonna want to put that in your mouth.,that's a giraffe.,so you could use it to make a bookshelf.,and the other one's a hawk.
look at that car.,you're going to get down off that.,let's go look at the car.,the pancakes.,this one.,a dog.,do you see.,that's a car.,a house.,so we're gonna have to get a good size.,bird.,it's a pig.,okay.,we'll just sit here.,this is a car.,oh.,you have your little toy soldiers.,you see that cat.,okay.,we're going to put the sandwich in a bag and we're going to take the sandwich with us.,it's a big dog.,and then he goes to his grandma and grandpa and his grandma and grandpa take him to see the fireworks.,do you have a crayon.,bird.,this is the cat.,it's a bird.,he's a good boy.,you know.
see the car.,this one's your toy.,see car.,what's that.,where are they.,it's a dog.,look at the cows.,there is a car.,you know you can't eat the wall because it's not made for eating.,that's a very pretty bowl.,there's a bird on the roof.,that's a chicken.,that's a dog.,"and if there's a wolf, that's a wolf.",is there a car.,and she had a baby and then it had a baby and then it had a baby.,and if he had a ball he could throw it.,it's a cat.,you could put a box on the table.,that's a good choice.,let's go find a dog.,I'm so proud of you.,there's a little car on the table.,a bird.,you need to clean your cat.,this is a penguin.,what's this.,what's your favorite food?
car.,yeah it's a ball.,go.,I see.,look at this truck.,oh look at the dog.,that's a duck.,you wanna take a ride in the car.,and that's how you make a house.,do you have some water.,do you know the names of the birds that you have seen?,we're going to have some bubbles.,oh.,yeah you have a lot of animals on the farm.,oh.,you're the one who's going to be the baby.,we have a lot of blocks.,that's right.,you wanna go outside.,where is the food.,yeah.,hey it's me.,here you go.,oh.,what's a cat.,do you see a bird.,it's so cute.,you should wash your hands after you go outside.
see car.,I don't know.,let's go to the car.,here.,wanna play.,there's a cute little dog.,I'll do this one.,do you see the red car.,oh I'm glad I did.,you know that.,what's that.,yeah.,oh yeah.,I'm going to tell you about a little birdie.,you want to see the car.,you're right.,where's that.,no they're not in here.,and it's got a chimney.,I have some carrot sticks.,"oh, I'll get a puppy.",where's mommy's purse.,okay.,there's a little blue bird.,what are they eating.,"a. what does he do with his wings.
b. what does he do with his wings.",where's the puppy.,that's daddy's.
that's a car.,and here's a train.,that's a car.,yeah.,what's this.,what's that.,what's that.,okay.,you're gonna get a new one when you go to college.,let's open it.,there's a bird.,we have a few different animals here.,right.,she was at the zoo.,no.,no no that's not a chick it's a goose.,you got the red one.,this is a caterpillar.,well let's get to the house now.,what's on the bread.,oh.,do you remember your mom and dad and your brother.,no we're going to clean up.,that's right.,they look like they're in the middle of a fight.,we'll have to wait a little bit until it gets dark.,oh you wanna go to the park.,where's your father.
car.,can you see a yellow block.,look at the car.,yeah that's a peach.,wanna play with the blocks.,and the dog is in there.,right.,let's get the car.,yeah you're right.,yeah.,you know what I can put on my bird that's a nice place to put it.,well she's a very pretty lady.,you're right.,oh here's another one.,and in the car we have a sun visor.,oh that's okay.,can you see this.,you can see that little guy.,oh look at these big shingles.,well I don't know.,it's a dog.,it's not a baby.,this one has a little duck on it.,there's a bird.,they're not even related.,I think that bird is a little too big to be in our yard.,do you see that dog on the television.,you know what mommy likes to do.
car.,oh there's a big ball.,look at the truck.,mhm.,I'm going to put that block over there.,dog.,oh look.,yeah.,you'll see.,a hotdog.,can you say bird?,do they have babies.,that's a bunny rabbit.,I saw a squirrel.,oh look at the car.,that's what we call a penguin.,let's see if this will fit in it.,yeah.,yes we have a house.,I'm gonna go to the store and buy the ingredients to make that.,you're a puppy dog.,she is in the middle of her life right now.,there's a little guy who's like a rabbit.,a sparrow.,the cat.,you know what a bird is.,"oh my goodness, that's so cute.",okay.
car.,put your toys away.,you can get a car.,you can take your food out.,right here.,what kind of dog.,what's this.,car.,let's go see if he's there.,no.,that's a robin.,yeah.,I guess we could take the dog for a walk in the backyard.,and he was a little old man.,oh.,do you remember the little monkey.,okay.,yeah.,that's a chair.,you're gonna eat this.,he's a dog.,the first thing we're gonna do is we're gonna get our shoes on.,okay.,a baby bird.,and then she came.,you know where the birds are.,and a dog.,yeah.
oh.,I know what it's called.,where's your car.,here you go.,I'm gonna go and get a toy for you.,that's a big dog.,a giraffe.,we'll go get the car.,what's this thing called.,you know what he eats.,I see.,do you like that.,and they're big.,"no, this is the one.",what's a car.,that's right.,oh my gosh.,you're gonna be a cat mommy.,okay.,you got it.,that's a cute dog.,and the baby.,wow.,this is a robin.,that's a cat.,what bird.,look at that dog.,I mean it's not like he's a child anymore.
see the car.,wanna have some fun.,there you go.,what's that.,you wanna have a toy.,oh.,that's a duck.,car.,do you wanna see how we turn off the water?,yeah.,that's a robin.,a baby lion.,and this is a chicken.,I think this is a bird.,oh you're saying.,well we'll have to take a look at the animals.,no you're not.,"oh, the cat's back.",and here's a chair.,I'm not sure what you're saying.,oh I'm sorry.,that's what I said.,oh they're not very nice.,yeah I'll put the bird on the swing.,oh you're so pretty.,a sparrow.,do you think they're going to get a dog.,okay.
ah car.,they're right next to each other.,yeah.,where's the milk.,the toys are in the box.,we'll put him on your head.,you're a big duck.,wanna go to the car.,yeah.,that's right.,what kind of bird is that.,oh wow.,what kind of cats.,he was a good friend of hers.,and they go down the road and they take us where we want to go.,where's the ball.,and a cape too.,do you remember who that is.,I'm going to turn off the lamp.,what's that.,do you want to read a book about a dog.,oh my goodness.,I'm not gonna do that.,he's like a rooster.,well they're called kittens.,what's the bird's name.,he's a little bit old.,oh no.
let's play with the car.,no.,right here.,mmm mmm.,you have the bear and the duck and the bunny.,I think this is a dog.,we got a big giraffe and a big elephant and we got a big lion.,yeah and they don't even have to be there.,you can make a house.,you wanna eat.,wanna see what's in there.,and the baby's in the bed.,you can see the deer.,you know how he has two ears.,oh.,what does he have on his head.,oh this is the bunny and this is the giraffe.,right.,I'm going to go see the house.,it's hot and spicy.,okay now you can pick one.,can you think of anything else to do with the family.,okay.,a robin.,oh you have a kitty kitty.,can you hear the bird outside.,this is a big dog.,"oh, what are you gonna do."
here's your car.,there you go.,look at the car.,wow.,look at that.,see the doggie.,they're a little bit squishy and they're warm.,and a car.,there's a blue light up there.,that's the banana.,there's a bird flying in the sky.,oh there's one.,so we're going to take the carrot and the carrot is going to be in the carrot.,I see a duck.,it has wheels.,wow.,you're going to want to put this one down.,do you see that.,you could go to the zoo today.,it's okay.,come here.,you know who I want to play with.,look at this one.,a bird.,we have a cat.,wanna see that bird.,and we have a big dog.,you wanna go outside and play.
and they take us places.,that's a truck.,there's a little car.,he's eating yogurt.,and you can push them.,you like dogs.,what's that.,they're driving.,that's a chair.,yeah.,that's right.,I love seeing you with the cat.,oh.,I'm sorry.,oh there's a car.,we need to go to the zoo.,okay.,you got a cat.,okay.,I think you're gonna like it.,and then she'll walk on the porch.,and your brother.,you can't play with those.,what kind of bird.,the cat was asleep on the bed.,okay.,you know what he said about the dog.,what's the other one called?
look at the car.,this is the ball.,go ahead.,we are not going to eat that.,oh.,where's that.,can you say animal.,that's a car.,oh my.,you wanna have some yogurt.,wanna see the birds.,a big old yellow duck.,wow.,a. what was that.,can you tell me what car you see.,that's right.,there you go.,the cat's just sleeping.,and I'll get a chair for you.,is this a nice thing to eat.,that's a dog.,oh it's your sister.,wanna take the truck back to your truck.,a pheasant.,he's just been fed.,there's a hawk in there.,yeah.,oh that's not what we're looking for.
you want to go in the car.,and see.,car car car.,here's some apples.,you're gonna get them all dirty.,and they bark.,do you see a dog.,he's going to the truck.,you like the house.,they have a spicy pizza with chicken on it.,and then it's going to land on the tree.,oh okay.,right.,it's a bear.,oh.,oh.,this is a pig.,you know that cat that's up on the chair.,I don't know if you've ever had one of those things.,I'm going to pour a little more water in there.,right here's a big dog.,you're not gonna go.,okay.,you know what.,well you can see that's a cat.,and we'll be with them.,"oh, I thought you said.",that's right.
ah ah ah ah.,we're gonna have fun playing with toys.,wanna sit on the car.,we're gonna have some hot dogs for dinner.,no.,what's this.,yeah.,oh I can see a car.,the house.,I guess you don't want to eat your peas and carrots.,there's a bird sitting on the tree.,oh it was in a book.,you know.,okay.,yeah and it's got those big things to go to the park.,we're going to look at a picture of a bird in the book and then we're going to look at a picture of a fish in the book.,and he goes to the ocean.,a cat.,hey.,hm.,oh.,he's a doctor.,that's a truck.,do you see that bird?,hey.,oh you're right.,right.,okay.
see the wheels and the tires.,look at the ball.,come on.,oh.,this is a big dinosaur.,that's a dog.,a giraffe.,I'm not sure what's inside.,yeah.,I like to eat it.,no birds.,it's a chicken.,oh.,he's just playing with some animals.,is this car a nice car.,and you got a cow and a pig and a chicken and a horse and a sheep and a duck.,yeah it's a train.,here's a cat.,who is that.,and then he would throw the ball to you.,it's really a good dog.,oh my goodness.,you have a lot of them.,what's that bird doing.,look at the cat's tail.,what kind of bird is this.,oh yeah I think so.,I'll make some extra stuffing.
and you can sit in the car.,here's a nice toy.,right.,a little bit of chicken.,and this one goes over here.,yes.,go down.,I'm going to turn off the car now.,we have a house.,I'll go in.,you can't eat birds.,he's eating a peach.,what is this.,that's right.,wow.,what's that.,oh.,and if you want to get some more sleep put the cat in there.,look at this.,it's like a worm.,he's gonna.,and you'll want to keep your eyes on it and your hands on it.,I'll go see if we can find it.,what is that bird called.,that's a cat.,there's a bird in there.,this is a dog.,the baby is crying.
I'm taking your car out for a spin.,ball.,you know how to get into the car.,this is a potato.,yeah.,there's a dog.,here.,yeah.,okay.,you want something else.,bird.,where's your nose.,they're all right.,the puppies are barking.,let's go get some lunch.,oh.,and the other one is called a teddy bear.,and then we go and have a nice nap.,you want to clean the house.,do you have any more.,can you see the dog's ears.,okay what else.,I'm sorry.,that's a cute little bird.,oh.,there's a little bird there.,there's the dog.,she was in her room when she saw him.
peas.,there's an apple.,I don't know.,bird.,oh they're all done.,mashed potatoes.,oh what's that.,oh.,oh.,yeah.,there's a bus on the left.,wanna talk to the dog.,I'll have to call the animal rescue people.,oh what's that.,oh my goodness.,what kind of cat.,a cat.,how about that.,I'm not going to do that.,you know what.,I'm sorry I'm not here right now.,what's this.,oh yeah you're a big kitty.,you're not supposed to touch it.,you have a baby bird.,a caterpillar crawling.,the bird is on the tree.,oh my gosh.
no no you're not eating.,oh it's the milk.,oh.,bird.,do you wanna play with the blocks.,honey.,okay.,and what's this one.,no no.,let's see if we can get a ride.,you go fast.,a dog.,what's this.,it's a little bit wiggly.,yeah.,it's a cat.,they are gonna have a nice nap.,and then we'll make your house.,that's right.,the boy.,it's a car.,there's a dog.,wanna go over here.,I'm not sure.,the bird's called a parakeet.,it's very important that they don't eat the bones.,oh that's not right.,he's gonna be a good duck.
hey.,good girl.,he's gonna go down the stairs.,and the duck.,what's that.,that's the ketchup.,it's a house.,they are on the back of the car.,yeah the house.,what is this.,and the car.,oh that's a nice dog.,and I'll give them some food too.,you're a dog.,how does the house move.,this is a cat.,come here.,she went to the movies.,we're gonna build a house.,so we're gonna go to the park today and then go to see the big movie.,yeah.,that's right.,oh they're both kittens.,that's your toy.,you're a good boy.,I'll tell you what I'll tell them.,oh what's that.,and they have lots of teeth.
can you pass me the spoon.,uh.,no.,the bird has wings and it's so pretty.,it's a bear.,they gotta keep it in the fridge.,here's the front door.,it has a roof.,come in.,do you want to put the baby in the car.,oh my goodness.,where's the dog.,you can make some.,look at that.,that's not right.,and they're very fluffy.,wow.,oh they're having a birthday party for you.,what's that.,where did you get your shoes from.,I don't see any cars.,no.,yeah.,I'm going to put them away.,a bird.,no.,it's a little bird.,the cow goes moo.
that's right.,yeah.,and I'm the little baby.,look at the birds.,you gotta put them all away.,can you open it.,you're so good.,and a car and then a bus and a truck and then a train and a ship.,I'm gonna take some more pictures.,car.,you wanna go to the car.,it's a puppy.,oh here's a good book.,well.,he's not going to have a house when he's older.,okay honey.,wanna give it a scratch.,she was a teacher's assistant and I was a teacher and I used to teach in this school.,I'm going to be cleaning my house.,I guess they're not going to work out.,let's go to the car.,you want to put the ball in the kennel.,you can't say that.,they don't look very much like chickens.,oh that's a pigeon.,oh it's a little tiny mouse.,I see the bird on the branch.,and the elephants.
you eat it.,what's that.,what's this.,yeah it's a little birdie.,look at those.,oh.,let's go.,wanna take a look at the car.,and it's a very nice room.,what's that.,wanna take your car to the store.,right.,I don't have one.,we'll go play with them.,there.,cats eat mice.,oh the cat's all over her face.,it's called a stapler.,yeah it's your room.,and you'll see that dad and mommy are doing their part.,do you know what it's called.,there are dogs.,it's called a kitten.,you have another one.,and there's another one over there.,we're gonna be going out and get some ice cream.,a bird.,that's a rabbit.
mama's cooking.,okay.,I'm making a family portrait.,little birdie.,I guess you're gonna play with them all day.,you gotta get out of here.,you wanna go.,and the steering wheel.,go get my coat.,it's a car.,okay.,what kind of a dog.,what's the name of this little animal.,he is a good boy.,where's the stairs to the bedroom.,that's a kitty.,oh that's a cat.,I don't think she's ready for a bicycle.,can we go inside.,it's a good idea to have a big family.,I don't know what this is.,what's that.,do you want to go out and play with her.,here you go.,that's a dove.,you want to take your stuffed bunny with you.,there's a bird there.,you like cows.
you got some.,you want to eat this.,yeah.,what's that.,yeah.,yes that's right.,what's that.,I have a car.,okay.,yeah you gotta put it in the seat first and then you can put the people in there.,"okay, how's that working.",yeah that's a doggie.,and I think she might be a pig.,it's a black dog.,it's on the top of the stairs.,so here's a big cake and here's a little cake.,they both have a long nose.,you can make some and you can share them.,do you think this is a good place for a house.,it's a good idea.,do you see that car.,what kind of dog is this.,the cats are all sitting on the chairs.,this is for the baby.,what's that?,is that a bunny.,he says.,no you put it in your mouth and then it goes up your nose and then you get a cough.
mmmm.,that's a nice picture.,you're gonna have to keep your eyes peeled for that one.,that's a bird.,yes you can.,mashed potatoes.,that's the door.,yeah.,you want a new house.,a car.,oh.,yeah I think so.,it's not a puppy.,okay you're a little bit bossy.,the house is falling down.,you could go to the pet store and get some cat food for your cat.,do you want to look at it for a little while.,you know what? you're right.,and then you're gonna go downstairs.,well we have three people in our family.,and a truck.,do you have a dog.,it's a cat.,okay.,yeah.,you can see it eat the grass.,it's a pigeon.,right.
no we can't eat that.,yeah.,yeah you're the one who's gonna get it.,bird.,this is a teddy bear.,and we're going to have a cupcake.,okay.,you're gonna have to wait a little bit longer.,okay.,can you say car.,hey.,okay.,no.,oh a dog.,what is this.,what's that.,yeah he's not playing with the ball.,oh that's a nice one.,yeah.,okay.,it's a truck.,you're going to get some cookies.,they're so cute.,no.,the bird is a hawk.,oh.,there's a bird there.,you see he's a little turtle.
mhm.,hm.,let's see.,bird.,go to the train set.,that's a cupcake.,the floor.,you want to go inside and play with it.,the door opens.,oh that's cool.,what's that.,look at that cute dog.,where are you going.,it's called a chihuahua.,who is that man?,see this.,they're cats.,I think she's your sister.,yeah you know it's a little different.,yeah.,they're in the garage.,yeah.,that's right.,the ball.,you're a bird.,we're going to have a tea party with our rabbits and hamsters.,it's a little bit cold and wet and the little birds don't like it either.,you think the lion's name is lion.
you want a bite.,okay.,do you want a cookie.,oh it's a bird.,okay.,you're gonna eat it.,we're going to go to the bathroom.,you can't drive the car.,okay you want to play with that.,he's in the car.,okay let's go back to the car and make it look nice.,look at the dog.,there are some animals here.,right.,"I'm gonna get you a little shoe, and then we'll go get some ice cream.",and the cats and the dogs all come out.,what's that.,there.,I'm gonna show you a photo of our house.,yeah he's getting a lot of toys.,you think the car's gonna be okay.,can you say doggie.,there's a cat in there.,okay.,we're going to get some birdseed.,that's not an animal.,we're gonna go and look for some birds.,we're going to make them a nice house.
okay.,good girl.,here's another.,what's that.,oh.,what's that.,oh.,he's gonna give us a ride on the train.,and then we go in.,and what else.,that's a truck.,you're a dog.,it's the same thing we just said.,yeah he's a little dog.,you're not going to say it.,we're going to the park today.,that's a kitty.,it's like this.,okay.,oh.,and then you turn it off.,oh the dog.,what's that.,oh.,a. bird.,we'll go to the zoo.,uh.,"that's a big, red tomato."
that's right.,yeah.,yeah.,a bird.,I don't see a ball.,it's gonna be really fun.,okay.,go bye.,come on.,do you want to put it back on.,see the car.,well he has a little black collar on his neck.,wow.,oh.,oh.,oh he's a cat.,okay.,and then it's a really good day.,you're very right.,yeah I'll tell you.,oh car.,he's sleeping in his doghouse.,and it goes in the water.,you can make a little house.,he was a robin.,this one's a giraffe.,there's one there.,the dog.
look at these.,he's a good boy.,where did we go to.,oh my gosh.,can you show me how to play with this.,here's some water.,oh that's your house.,no.,let's look at the picture.,that's a car.,well look what we've got.,the dog's name is Max.,it's so good.,do you like the dog.,do you remember the house.,no.,where is the cat.,I think that's his sister.,we got a nice house.,you can do that.,a car.,where's the dog.,he's sleeping.,and then you play with them.,this one's a turkey.,the kitten is gonna play with the ball of yarn.,look at that bird.,you want the rabbit.
wanna eat something.,yogurt.,oh look at that.,yeah he's a duck.,they're.,and put that in there.,let's go inside.,you wanna see the back of the car.,the kitchen.,do you see a car.,and go over the bridge.,okay.,you wanna play with that.,you're such a good baby.,so we're gonna go up to the attic and we're gonna see what we can find in there.,look at the cat's whiskers.,come here.,okay I'm gonna put it back and we'll go find Daddy.,you're right.,okay what's your brother's name.,and this is the back of the car.,you know he's the one that he's going to take the picture with.,can you put the cat on your hand.,okay.,I don't know what that is.,what's that one.,the baby bird is learning how to fly.,so we've got an octopus.
yeah.,what's that.,and then they sit on a stool and look at each other.,yeah.,yes.,what are you eating.,can we get the bouncy ball.,yeah that's a car.,you need a new one.,you're going to need a new battery.,you get in and we're gonna go.,oh you're right.,they're not there.,I'm not sure.,look at the lights.,that's a cat.,oh oh.,okay now let's see.,he's gonna be in a big house with a lot of space.,oh.,I'm gonna get you a car.,it's a puppy.,the cat is sleeping.,okay.,no you don't need it.,right.,bird.,I think it's a cat.
I'm not going to say.,mmmmm.,oh my gosh.,what's that.,that's my car.,well you could make it a little smaller and put some in it.,the bedroom.,that's a car.,oh I see the stairs.,oh you want me to take off the carpet.,they're a little different.,he's a big yellow dog.,do you like animals.,he has a bumpy head.,you can't have that house.,here's a nice kitty.,see it's a little fur ball.,so you have a sister.,what's it called.,you know I really like you.,that's right.,this is a dog.,oh yeah that's a cat.,you like that truck.,the baby bird's nest.,it's a little bit of a turtle.,what's that.,oh those two are nice and nice.
well that's good.,"no, no.",yes he was.,look at the bird.,look at the cow.,it's your turn to feed the kittens.,and a big yellow house.,we're going to get on the car.,what's the big one.,oh.,I'll just go to the garage and get it.,where's that.,do you know what that is.,what's his name.,who's that.,we'll see.,and then I'll get it cleaned up.,oh yeah.,hey.,can we get you a book to read.,that's a very good car.,what are you gonna do.,oh that's right.,you like playing with the blocks.,they're all flying.,and you're playing with the doll.,oh the bird.,I see a chick.
it's a little bit of water.,what is this.,what's that.,hey.,ball.,wow.,let's go outside.,you wanna go for a drive in this car.,it's the big one.,and it's a car.,can you say car.,wanna see what's in here.,there's a cat in the house.,he's got a big pink nose and he has a blue collar.,it's like a tiny house.,you're right.,well we're gonna give her a bath.,she's my cousin.,no.,okay.,let's go outside and sit in the car.,there's a dog in this room.,you got a kitty.,it's a little bit of a mess.,yeah birds are really big.,we'll call that a.,there are birds in the trees.,there's another one.
there's a bird outside.,bird.,I'll put them in your box.,there's a bird.,a bird.,that's right.,that's a squirrel.,oh yeah.,who's that person.,wow.,I think I'm going to put the puzzle in my purse.,yeah.,the couch is a piece of furniture.,you're gonna see them later.,the kitten is napping.,yeah you can put that in there.,we're not going to be eating that.,no no no no.,I'm gonna put it back in the box.,you wanna go get a car.,and I think the cat is very old.,a pink and blue train.,you gonna play with them.,oh they're out of the way.,can you get the cheese.,okay you can give it to me.,and it's a cat.,no no.
there's a bird.,here's a bird.,here's a little car.,that's a bird.,yeah.,there's a doll.,we'll have a couple more minutes with the cows.,yes.,oh my goodness.,I'm sorry I can't make it.,okay.,come on.,we're going to get some more furniture to make this room bigger.,yeah you know.,it's a cat.,right.,well that's interesting.,a kitty cat.,where did the ball go.,what's that.,oh no.,I mean it.,hmm.,yeah.,the peas are kind of mushy.,oh it's so good.,that's a cat.,I think you want to see what's in it.
oh look.,there's a bird.,there's a little toy.,you wanna see a bird.,I love birds.,put them in.,okay.,that's my son.,you can sit on the carpet and we can look at your pictures.,what's this one called.,and you can make up your own stories about it.,you know what.,we're gonna have to wait until tomorrow.,that's right.,and he said okay.,they're so adorable.,here's some apple juice.,and the kitty goes and the kitty goes.,it's a doll.,okay.,yeah.,do you want to play with some blocks.,so you're gonna get all the pieces.,what's that.,there's a picture of a potato on that.,it's a fuzzy ball.,that's a cat.,we'll have some.
you see a bird on a branch.,bird.,okay.,there's a bird.,this is a bird.,look at the ducks.,that's a big lion.,can you see the car.,so you can play with a toy that's not gonna fall down.,what's that.,what's that.,you'll have to take him to the vet.,you have to wash your hands before you go to bed.,and then we go to the candy store.,do you think cats are cute.,where are the fish.,they're pizza.,there's a kitten that's been out and about and she's not sleeping at all.,he's sitting in the chair with the ball.,car.,cats go in trees.,yeah.,you'll love these.,can you turn on the light?,what's that.,the two little birds.,huh.,well it's not a cup.
he's got a little blue bird.,oh look a bird.,they're toys.,it's a hawk.,that's a penguin.,you want some more.,right.,are we going to put some music on.,that's right.,I'm going to open the box.,do you want to put them away.,that's right.,you can put a potted plant in the window.,oh you're right.,yeah it's a little boy.,here's one.,can you put it in the fridge.,see that big orange cat.,look.,see the car.,that's the cat.,this one's a red one.,oh those are the same ones you got last year.,that's the toilet.,oh we have some bananas.,do you want to play with a truck.,oh look a cat.,you don't want to touch that.
look at that bird.,little bird.,oh.,look at the bird.,wanna put the bird back in the book.,can you show me the dinosaur.,oh.,oh that's not a good way to get rid of a crayon.,we're gonna go and see.,do you remember the kitty.,what kind of cars.,wanna see the dog.,I think that's a chair.,no.,so there's a kitty and a baby.,there's a rabbit in there.,so how about you eat the rest.,he's gonna sit on the bed and play with the ball.,there's another one.,you wanna get in there.,it's a cat.,what.,that's a toy truck.,yeah it's not.,what.,you're playing with a train.,it's kind of like a house cat.,okay so the next step is we're gonna go ahead and put the water in the saucepan.
that's a bird.,yeah.,that's a truck.,what's that.,and a duck.,you're gonna put them back on the box.,what's that.,that's right.,do you see your mom.,and there's a truck.,that's right.,and then the dog runs to you.,oh you're on the porch.,where are they.,it's a very big cat.,okay what's this.,yeah.,you have a big cat.,okay.,what's this.,you can do that.,oh look what we have here.,here's one and there's another one.,oh I see.,and I'm going to give you a little taste of this.,here's a ball.,he has a tail.,okay.
it's a little birdie.,there's a bird.,see the bear.,and they have wings.,see the blue sky.,this is a ball.,oh it's a giraffe.,where's your brother.,and you get to bring your family to the park.,you're gonna get a new one.,I'll get them in a minute.,oh my gosh that's a funny dog.,and then she can open it.,who's the oldest.,she's a kitty kitty kitty.,yes.,and we got the hamburger buns and the cheese and the chicken and the lettuce and the tomato.,that's right.,I don't know what it is.,do you have a car.,she doesn't wanna go out.,oh my gosh.,that's a very old teddy bear.,it's a really nice house and we live in it.,we got some new chocolate.,and the truck is a big truck.,oh.,do you want some more.
bird.,what bird is that.,this is a toy car.,we're going to get one.,wanna sit down.,he has a box.,okay.,okay.,what's your mommy's name.,okay.,a baby.,do you wanna put that on the bed.,oh what's that.,that's a nice shirt.,there's a cat.,do you like the pig.,okay.,he's trying to get your attention.,where's that one.,oh look at the car.,and the cat is very cute and she's very pretty.,let's play with the cars.,okay now let's go through and see what's in the cupboard.,oh my gosh.,"no, no.",okay.,oh.,right.
and the bird is flying.,what is that.,can you pick it up.,that's a bird.,you can't see him.,what is this?,a moose.,yeah you're right.,oh we are going to have a party.,wanna play with this.,can you put that in your pocket.,look at the dog.,that's the table.,who is he.,oh.,and that's a bull.,yes I see.,yeah.,and this is the red and blue one.,and that's a car.,cats are really fun.,a dinosaur.,oh.,you don't want to touch that.,right.,this is for the car.,that's a kitty.,he was at the bakery.
you want a bird.,hey look at the little birdie.,there you go.,there's a bird on the fence.,yeah.,we don't need it.,what is that.,so I'm sorry that you were sick.,the.,wow.,you got a green truck.,no it's not a dog.,oh the house is so nice and pretty.,and he's gonna bring some books for him.,so that's the cat.,and the pigs and the horses.,it's a cereal.,that's right.,see.,okay.,oh that's so sad.,right.,we'll take turns.,it's a door.,what do we have in the fridge.,we're gonna play with it.,yeah the cat.,do you want a glass of milk.
look at that little birdie.,there's a bird.,you're gonna be a doctor.,a duck.,what's that.,yeah.,the cat is in the bathtub.,he's the one that you say we need to go to.,I know I can't say it because he doesn't say it.,where's the bear.,the red cape is in the closet.,oh look at the dogs.,and there's another house right there.,and the car went to the gas station.,cats.,well it's a duck.,they're just tiny.,what's that cat doing.,there's another train.,go get some.,here's a kitty.,okay.,here's your stuffed toy.,do you know what it's called.,yummy.,this is a little kitty cat and that's a little kitty cat.,I'm a cat.,you can make it with a fork.
bird.,look at that bird.,what's that.,bird.,birdie.,uhhuh.,what's that.,and what's that.,okay let's see if we can find the right one.,put them back on.,right.,do you know what we have on our hands?,oh you did not put the dish in the dishwasher.,I love you.,he's a little cat.,this is a little bear.,I'm going to put this on the stove.,and cats eat cat food.,and it's really funny.,I'm gonna put the car away.,oh that's a nice cat.,yeah you're going to have to have some room.,right.,we're going to clean up the house.,and he's eating a sandwich.,oh you want to take it back to the playground.,it's a cat.,what's it called.
here's a bird.,that's a bird.,they're in your room.,a bird.,look at that birdie.,here we go.,yeah that's right.,you can put them in the garbage.,you want to get it out of the way.,there's a little green fish there.,oh look.,they're barking.,hey baby.,who is this little boy.,oh where's the cat.,oh yeah.,what do you think.,we'll have to get a carrier.,well maybe it's for you to put them back in their box.,let's go.,a cat.,what's this?,yes.,you know you're going to put it on the chair.,do you like to eat the sandwich.,yeah you can take them back.,yeah I mean it's a cat.,the pineapple.
bird.,there's a bird in the sky.,can you say ball.,there's a bird there.,what is that bird.,that's a ducky.,oh look what a nice pig.,I'm not sure.,yes.,I see.,where's the toy.,where's the dog.,I'll go to the kitchen and get you something to drink.,I don't know who that is.,and the kitty cat was a baby kitty cat.,okay.,I think they're a lot better than they used to be.,I don't think the cat is playing with it.,okay.,oh.,he's just a little kid.,oh I can see some of your toys.,okay.,where's the car.,I'm going to go look for you.,and I guess it's your turn to make up some stories about them.,there's a cat in the window.,okay.
and a bird.,look at the bird.,do you wanna play with this.,look at the bird.,that's a chick.,and you know what.,look at the big cow.,there's a book.,he's got a little brother.,and he's sitting on his seat.,here we go.,oh we got a puppy.,you need to clean the floors.,we'll get some food.,the kitty's not a cat.,we'll take the horse.,I'm going to take a bite of your cookie.,and what's this one doing.,yeah.,he's going to fix the car.,I wonder if it's a cat or a kitty.,what do you think of it.,oh.,oh there's a house.,this is a cereal bar.,yeah.,it's okay.,a little bit of water.
we gotta get a book about birds.,bird.,a ball.,what's that.,this is a bird.,can you find the crayons.,and there's a cow.,hey.,the cat said to the dog.,what's that.,yeah.,and you want to do what with the doggie.,hey.,and then you can give the gift to him.,oh the cats like to play with this.,oh.,no.,it's a cat.,we'll go see if we can get them.,they're going to take a little nap.,what kind of animal is that.,you're doing great.,that's right.,we're going to the bathroom.,I gotta wash it before I eat it.,this one has a car.,there's a cat in the house.,she's got her eyes on that bowl.
wow.,that's a penguin.,who's got the ball.,bird.,and birds.,oh look.,no.,you can draw a picture of it.,the people who live in your family.,this is a car.,there's the yellow car.,this is a dog.,they are there.,oh yeah.,what's that.,where's the rabbit.,that's a great idea.,a big black cat.,you put it on the floor.,and then they're going to turn around and drive.,that's a cat.,oh that's okay.,and it's got like a little piggy tail on the end of it.,and the garage.,what did she have for breakfast.,that's the little man.,oh.,and he's eating some chocolate ice cream.
little birdie.,he's a robin.,this is a train.,you've got a birdie.,there's a bird on the bird feeder.,where is the ball.,and it's like a piggy bank.,he's got a new job.,you can't have more than two.,I'm gonna go over there and play with them.,are they.,there.,okay.,so what's in the living room.,that's a cat.,you want to go out and play with the dog.,uhhuh.,and they're cats.,this one has a stomach.,yeah they have some.,that's a kitty cat.,wow.,we have a toy truck and a car and a doll.,that's the light.,that's right.,you're gonna have to use the other one.,hey.,yeah.
it's a bird.,look.,yeah.,bird.,it's a bird.,uhhuh.,who has it.,and that's a good idea.,they have a dog.,he's so soft.,you got the green one.,oh what's that.,I'm going to the house to look for the shoes.,he's a big brother.,a cat.,can you hold them for me.,and you know what you want for breakfast.,they're called.,yeah it's all good.,yeah.,I'm not sure.,I'm so happy you're here.,here we go.,"hey, let's go see if we can find the duster.",you don't have any food.,okay.,it's a cat.,okay.
let's look at that car.,you wanna have some more.,it's a cat.,oh.,no no no no.,bird.,right.,let's look at that.,right.,no.,and we gotta take care of it.,are you gonna eat the whole thing.,we're going to get a bag of chips and we're going to get some snacks.,and a car.,I'll put that away for you.,well here's some chicken.,there's a dog in the house.,and then he'll have to get on a plane.,"oh wow, what a pretty cat.",you know what? it's called a birdie.,he's gonna be a great dog.,hmm.,it's a train set.,well you know what.,oh they're in the back.,you can get to the other side.,oh they look like kittens.,and mommy.
wow it's really fast.,peanut butter and jelly.,that's a cat.,they are both cute.,there's a squirrel and there's a bird.,do you see the little birdie.,yes.,no.,yes.,yes you're right.,they're like that.,the fish.,do you want some more crackers.,I'm sorry.,and this is the front.,yes.,I think we have a new one.,and we're going to go see a movie.,see a cat.,what's that.,oh it's a little girl dog.,I'm not gonna eat any more.,the ball is red and it's a ball.,he's driving his car.,that's not a car.,yeah.,well it's a little bit more complicated than that.,I'm glad you're happy.
"yeah, we gotta get that back.",yum.,look at the cat.,do you like animals.,that's a rabbit.,the birdie's sitting on a branch.,here's a book.,you get me one.,where's the car.,she's a baby.,here's a bird.,we have cheese and crackers.,yeah.,that's right.,that's a nice car.,yeah.,a little bit of red paint.,oh yeah.,he's the cat.,a bird.,and they're going to be in a cage and they're going to have fun.,you see that.,there.,that's a car.,and we'll go on the road.,oh I see.,this is the cat.,oh.
uh oh.,I'm going to give you some banana.,and he's a cat.,look at the little bunny.,wow.,oh no you broke the bird.,this is my crayons.,I mean this.,that's a ball.,she's gonna come.,you know.,oh you're just making a little noise.,you want to take a little bit of cereal.,uh-huh.,you're gonna have to turn the corner.,what is this.,oh.,you're not gonna eat it.,hm.,I don't think I have any of those.,yeah.,I don't like it when you sit down and eat my food.,hm.,you know we take the car to work.,can you help me push this car.,look at that.,she's not here.,oh I'll ask her.
what do we say.,whoa.,look.,the duckies were in the pond.,yeah.,look at the bird.,what's this.,well he's going to help you.,look at all the blocks.,I'll take your coat and bag.,you know that's a big bird.,I'm gonna make a salad and some soup.,no.,there's the car in the back.,this is a car.,I'm sorry.,yes.,yeah.,okay.,well you're very loud.,and he's just a little bit bigger.,did we get to eat the pancakes or did we have to wait.,yeah.,it's a car.,oh that's a nice car.,it's not a dog.,and you can use it to play with your cat.,there's no more room for me in your backpack.
look at the car.,the beans.,and then you'll get a kitty.,look at the bunny.,oh I can't do that.,yeah.,you know.,oh yeah.,oh yeah.,oh he's a good one.,we're gonna see a bird.,so they're on the plate.,the butter in the butter dish.,yeah.,where did you see the car.,uhhuh.,can you put the laundry basket away.,and now he's going to take him out and we're going to take him for a walk.,so we have a cat.,they fly around in the sky and they have a lot of feathers.,where is it.,this is a toy.,what's that.,what kind of car is that.,uhhuh.,yeah they are.,this cat is in a tree.,Mommy's gonna get a new wig.
yeah.,and they eat that.,look at the kitty.,what's that.,oh.,there's a bird.,whoa.,we need to put the trash out.,I think she's going to have a little fun.,no.,a robin.,he said.,well there's no sugar there.,you can say it and I'll put it on.,oh yeah.,the muffins are nice.,that's a house.,and then you go get a drink.,oh it's a kitty.,yeah he's a seagull.,oh this is a dog.,I'll get you some more.,we're gonna put them in the box.,and we're going to get a car.,I mean you have a car.,and that's a deer.,he's a cat.,well it's like a big circle.
there's a car.,there's some bread.,look at the kitty.,kittens.,let's get another bear.,and that's the bird.,you put them in there.,yeah you know what that's called that's the refrigerator.,here.,who is your mommy.,there's a bird on a tree.,it's green.,and it's delicious.,wanna see the car.,what's this.,you know what I'm saying.,can you say house.,"I'm sorry, we're not supposed to bring our dogs to your house.",yeah.,and it's going to go all the way down and then it's going to come back up and then it's going to come back down and then it's going to go all the way up.,you can give it a little nudge.,this is not a cookie.,can I have a ball please.,you don't like it.,oh.,and then we have a little mouse.,a kitty and a kitty.,oh okay.
come here baby.,what's this.,oh my gosh.,nope.,you can't see them but I can hear them.,that's a robin.,oh it's all right.,that's a nice house.,there's a little car.,who's that.,that's a parakeet.,this is a nice toy.,what's this one called.,and the car goes like this.,we're gonna go get a car.,we don't really need the other ones.,we don't need to put a blanket on the bed because it's warm in here.,oh.,okay.,you know what a bird looks like.,where's your dog.,I'm not sure why she's so upset.,you're gonna have to go back and do it again.,and it can go really fast.,wanna see it.,this is a fish.,we gotta put a blanket in the basket.,okay.
you wanna go.,we're gonna have some cheese.,come here.,the pig.,yes.,that's a cardinal.,this one is a ball.,and you'll make a fire.,oh my gosh.,yeah.,that's a birdie.,and we're going to cook it and put it in the oven and cook it and make it tasty.,do you remember what we had for breakfast.,you can see the wheels.,that's a truck.,no.,they don't like that much.,I'm not sure about that.,see the cat.,that's a hawk.,they're all dogs.,and the yogurt is the yogurt.,this is a toy truck.,where did you put the car.,okay you can't play with that.,the rabbit is very cute.,you want a kitty and a puppy.,"no, this is a family of penguins."
come on baby.,yes.,look at that.,he's a good boy.,what's that.,he's flying over the tree.,no no no no no.,look at the house.,"can you say ""papa.""",right.,and then the bird was sitting on the fence.,so you don't wanna eat.,yeah.,and the car comes down and they're driving.,see the car go by.,I'm sorry.,this is a big house.,okay.,so.,that's a red bird.,wanna go to the dog park.,so he can make the bun.,no.,you wanna go for a ride in the car.,the car goes like this.,and that was a very large cat.,so what happened.,oh yeah.
oh.,you're a good baby.,that's right.,and cows have four legs.,let's see.,what's that.,here we go.,here's where we keep the bath towels and the clean laundry.,we got to go outside.,you think so.,what kind of bird is that.,he's got a lot of yogurt.,yeah.,they're in the car.,uhhuh.,yeah.,and we can have fun and play together.,that's it.,they got a litter box.,well that's one of the baby birds.,what's that one called.,honey.,okay.,that's a car.,you can turn it on and turn it off.,and you can tell what animal that is.,the cat.,okay.
okay.,uhhuh.,it's a cute cat.,this is a cow.,look at the bunnies.,what is that.,you like to go in.,you can't have a bath and read at the same time.,wanna play with them.,I like to see Daddy's face when he's in a bad mood.,oh bird.,and some yogurt.,I can't believe you're actually eating that.,wow.,what's that.,what do you think they're called?,okay let's clean it up.,it's in your house and you know where it is.,okay.,we'll look at the birds.,you can tell it what to do.,I think you should take a nap.,I have a doll.,there are different kinds of cars.,a car.,yeah that's right.,that's right.,you're gonna see a lot of pictures.
okay.,it's good.,come here.,what's that.,you see that duck is on the water.,you see a birdie.,put the block on.,and then they're ready to go.,and this one's a toy car.,I'm sorry.,do you see that bird.,where's the cereal.,I'll make you some soup.,oh.,oh my goodness.,that's not in the fridge.,and we're gonna see what we can do.,no.,cats.,what's that.,look at the dog.,I think you just put the chicken in the microwave.,and that's the doll.,and it goes.,they're going to make you a car.,and then it will go back up again.,there's a little cat in there.,you're right.
here's the car.,yeah.,you're talking about the kitty.,this is a baby goat.,a frog.,wow.,look at the ball.,you can't go in the bathroom.,where's your blue ball.,oh.,you can't see them.,it's like a sandwich.,do you remember what it was that you had for breakfast this morning.,we go to the car wash.,I think you might have heard this one.,no they're not in the cart.,and you can also see some things that are a little bit dirty.,it's a big family.,it's just a cat.,that's a hawk.,this is a doggie.,we're going to the supermarket.,you got a toy train set.,and the car is blue.,let's go get the car.,wow.,oh okay.,you're talking about your uncle and aunt.
you wanna take it for a ride.,okay.,I'm thinking about a cat.,right.,bunnies are cute.,bird.,oh.,the house.,well what's that.,I'm going to read you some more stories.,a penguin.,it's called a hotdog.,you wanna get some of that.,okay.,you know what.,that's a good idea.,okay.,can I sit up on your lap.,oh the cat likes to eat the cat.,bird.,he's a dog.,you see a lady and she's holding a tray with a lot of food.,and then there was a toy car and a toy plane.,that's right.,hey.,where did we see this guy.,oh.,oh my goodness I don't know if that's what they're doing.
you wanna go for a ride in the car.,cheese and crackers.,a cat.,bunnies.,right here.,look at the bird.,what.,that's a window.,where's your little bear.,you can have some more.,you're gonna have to watch out.,oh no they're gone.,what's that.,let's make a car.,oh my car's not working.,no.,and then she gets a little older.,I think it's just going to take a little bit of practice to get it right.,look at the kitty.,what's a robin.,do you see the little brown dog.,you know that's a big bowl.,what's that.,what's that.,I mean you could be sitting in a car and if you're really careful and you have your seat belt on you're going to be just fine.,okay.,a cat.,oh that's right.
let's look at the car.,that's a good idea.,see the cat.,what is it.,what's the name of that one.,you know what's in the bird's nest.,a doll.,what did he say.,right.,who's the mom.,that's a hawk.,the cheese is melting.,well that's good.,yeah you can put it on top.,there's a little car in there.,okay here you go.,I'm sorry.,and daddy and mommy and sister.,here you go.,oh what kind of bird.,that's right.,that's right that's right.,you know how to open this.,oh.,"oh, that's a nice car.",what.,oh that's a cat.,yeah he's going to go to bed.
okay.,that's right.,look at the cat.,you're a pretty girl.,oh what a cute little kitten.,and a bird.,you know you have a baby.,yeah it's really really nice.,okay.,so.,and we'll watch the birds fly by.,you want it for me.,oh.,and you're the only one who can turn them on and off.,wanna play with that.,let's put it in the microwave.,oh okay.,and the people.,that's a cat.,he's going to the store.,that's a dog.,and you get a cookie.,I'll get the blocks.,oh a car.,I wanna take a look at your car.,you're right.,where is your cat.,he's a daddy.
car.,let's make some yummy oatmeal.,come on.,what's that.,a bunny hopped on a bicycle.,what is that bird.,he can roll over.,there's a big green chair.,and what do you have in there.,I need a bigger house.,look at that bird.,and we have some carrot sticks and celery.,what's in it.,there's a car over there.,I see you're working on your car.,yeah.,hey what's that.,oh my gosh.,oh you see a cat.,well you can put the birdie back in the birdie house.,no dog.,we'll see.,I'll get your shovel and your sandbox.,they're driving.,it's not a car.,I'll show you.,you can have a nice cat and a nice dog.,oh the trolls that came to see the children.
here.,that's right. birdie.,see the car.,baby cow.,and he's very nice.,do you know where the toys are.,what kind of bird is this.,put the ball in the box.,you're eating your banana.,oh yeah they're not in the box.,they're sitting down.,we should take out some stuff.,do you think I should take it to the mechanic?,oh.,that's right.,can we go see if there's a cat in the shed.,a bird.,what's a cat.,you can put that in your pocket.,you can't take it out.,you know what.,okay.,you gotta pick out a doll or a bear or something.,I can't wait to ride in the car with you.,the kids at school had a birthday party and they made this really great cake and there was so many candles on it that she couldn't blow them all out.,oh that's right.,what's that one.,and the person who has the big house and the big car and the big television and everything.
look at the car.,a bird.,it's a car.,where's the bear.,doggies have legs.,you're gonna need some more.,wanna see the bird.,what's that.,and here's your food.,they're not so big.,oh.,okay.,can you say this.,can we get a picture of the cat for a little bit.,okay.,oh.,that's a very pretty bird.,so when you want to get your cat's attention you should go to the cat and you can say hello to her.,that's a hummingbird.,I see.,I don't know what to tell you.,did you find anything to play with.,and I'm gonna throw it.,let's put the car in the garage.,that's a good one.,well I think he's got it.,there's a blue jay.,and she's not really his mom.
we're gonna go ride in the car.,hey bird.,you can't ride in it.,what do you think.,bark.,okay.,okay.,you can't.,yeah they're good for you.,okay.,oh oh.,and you can have some.,okay.,can you give me the cat.,"a. I'm so sorry.

b. I'm sorry.

c. I'm sorry.",and this is a cat.,you should put the bird on the tree.,oh yeah.,wanna do a dance with the bird.,that's right.,oh there's another car there.,no.,you're gonna get some playdough.,the car starts.,it's a little bit too small for you.,I love you too.,you got a bird in your hand.,did you know that.
look at the car.,look.,car.,hi.,oh you want your daddy to make you a new bed.,what's this.,a parrot.,what's this.,it's a little bit like a doughnut.,who's a monkey.,where is it.,you'll want to have some milk with that.,hey little one.,this is the cat.,oh my goodness.,we got a cat.,you mean like the bird that's in the tree.,you know you're gonna get it off when you come inside.,you see the bird.,we gotta have a little party for your friends.,oh you're in the car.,okay.,you can play with the little guy.,I think she's a truck.,I think you're right.,we're going to go downstairs and we're gonna go to the park and we're gonna play in the playground.,yeah.,you know that's just another way of saying you know that's a new way of saying it.
and then the car goes down the hill.,there's a bird.,oh look at that car.,"yeah, this is a kitty.",who's this.,can you tell me where the baby is.,we'll take a picture.,can you show me how to do it.,we can eat some apples.,do you wanna take them out of the box.,oh.,are you gonna give us some.,you wanna go get another car.,yeah.,I like them.,oh there's a cat in there.,the little blue birdie.,so this cat's wearing a helmet and a seatbelt and a scarf and a hat and a necktie and a tie and some pants.,there's a bird in the tree.,do you want to play with your dolls.,I know you like to go fast.,it's the blue one.,you can put the toys in the box.,and you gotta be very careful about that.,yeah.,and then she's gonna sit on a chair.,they're not big birds.,yeah we'll have a nice day.
that's a car.,little bird.,right there is a car.,here's a big fish.,okay let's get a dog.,there's a family right there.,see the birdies.,who's the one.,well.,the toys.,right.,okay.,no.,it's a cat.,that's a turtle.,oh yes.,I'm going to take you on a little trip with me.,the cat had kittens.,what's that.,okay now let's see if they're still there.,they're a lot of fun.,that's the ball.,and what's this one here.,oh it's a nice little car.,do you remember what it was called.,how's Mommy's hair?,this is the bird's nest.,you go.
oh look at that car.,what's this.,go.,I think you're looking at the lamb.,wow.,okay.,we'll have to wait.,it's a big ball.,mhm.,yeah.,oh.,it's a pineapple.,go right.,oh.,yes he is a monkey.,what's a cat.,well she is sitting down.,the cat's going to the cat's house.,what's that.,oh you have to put them back where they belong.,we're driving.,you're a cowboy.,oh look.,yeah there's a car.,what's that.,and then you got a little brother and a little sister.,and he's holding a little birdie.,it's like a little umbrella.
what is that.,yeah a bird.,it's a car.,where's the caterpillar.,dog.,she's your big sister.,yeah that's a bird.,okay.,mmm.,look at the ball.,oh.,okay.,where's the car.,he's a cat.,well that's a little different.,that's a cat.,a. It's a hummingbird. It's a hummingbird.,and then you can look at your dog.,wow.,we're going to play with this.,oh.,I see.,and what's that.,it's like a train.,and what's that.,I know.,they have feathers on their legs and their tail.,oh that's too big.
that's right car.,hello bird.,go get it.,and they eat the baby animals.,see dog.,who's this one.,oh I see a bird.,and you put them in the box.,oh what's this.,oh it's just another ball.,and he's a baby.,oh let's make it a pizza.,they drive the car and they have to get in the car.,we have a cat.,what kind of animal are you going to put on the table.,yeah it's a nice cat.,it's a blue jay.,and they can go on the roof and play.,oh wow.,we'll take off the box.,you gotta stop.,that's a dinosaur.,yeah.,I'll have to get that fixed.,and she's a little girl too.,well you're the first one to get out and go.,you're a bird.,and we're going to get the cousins together.
look at the car.,you wanna see the bird.,oh okay.,you gotta get out of there.,that's a nice dog.,okay.,look.,you see all of those toys over there.,yeah we can have a little bit of that.,you're going to put them back on the shelf.,yeah I think that's the one.,mashed potatoes.,he's driving a car.,and he goes here.,it's a little bit hard to see because it's not very big.,I know.,and the baby bird has got his wings and he's flying.,well you have to keep him inside.,it's a hawk.,and they're called bumpy balls.,car.,the little red riding hood is gonna see what the wolf is going to eat.,what's that.,where did you put your car.,I'm going to put this down here and we'll get the next one.,you're a good girl.,the bird had a baby bird.,hey.
wow.,it's a bird.,it's a car.,see that pony.,wanna see that.,oh let's see.,you see the bird sitting there.,here.,let's go get something to eat.,wow.,well she's really nice but she's not a good mom.,let's open the can.,can you find the car.,hey what's this.,you're not supposed to do that.,you'll need to get a lot of cat treats.,bird's got a beak.,you want to kiss the cat.,what's that.,what's that.,oh look at that.,this toy.,here's the other one.,car.,what's the difference between cake and pie.,okay.,oh look a bird.,Mommy and Daddy.
you're in a car.,what's that bird called.,we're going to take a picture of that car.,look at the bunny.,here's a little doggie.,and they had the baby.,what's that.,can you put them all on the floor.,can you tell me what you're going to do.,okay.,oh that's really nice.,I'll do it later.,okay.,you gotta go get the cat.,he's gonna eat it up.,oh yeah.,what kind of bird is this.,see it.,you like the duck.,yeah that's a big.,it's a car.,a robot.,and they're both so much fun to play with.,you know how to drive a car.,what are they called.,well then we can go get some ice cream.,he's a seagull.,okay.
you wanna drive it.,here's a bird.,what's that.,you wanna play with that dog.,oh my gosh that's a bunny.,they're all brothers.,and you can say bird.,the toys are for the baby.,look at that one.,you're going to go on the playground.,yeah.,okay.,car and truck.,do you see the kitty in the basket.,and the other one's a little bit bigger.,yeah.,you know how a little birdie lives in a birdie nest.,what kind of cat.,can you think of a bird that looks like a duck.,a robot.,that car has four wheels.,you're not allowed to play with it.,what kind of toys do you have.,oh okay.,it's going to be very good.,okay.,he's a birdie.,oh my gosh.
and here's the car.,there's a bird in the nest.,you gotta keep your hand off the gas.,that's a baby bunny.,where's the dog.,what's in the bath.,that's a chickadee.,oh they're called puzzles.,yeah that's right.,you can do the trucks.,do you know what's that.,you're gonna eat some mangoes.,I'm driving.,okay.,and it's got little white stripes on its face.,the kitty in the box.,uh oh.,oh yeah I did.,and they're all flying around.,okay.,and then.,we'll go back to the car and take the toys out of the car.,what kind of toys are these.,uh oh.,yeah they're good.,okay.,you want to say hello to bird.,I don't think she's here.
look at this car.,that's a bird.,the car goes vroom vroom.,no that's not a panda.,wag the dog.,that's your brother.,it's called a hawk.,oh yeah.,who's eating the hamburger.,you're gonna put the bear and the duck together.,can you put it on your head.,no.,well I think that's the way that you're supposed to do it.,yeah he's a little baby.,yeah.,that's a dog.,bird.,oh he's not really in there.,that's a turkey.,what's that.,hey you gotta be careful when you're driving the car.,yes.,I'm glad you have those new toys.,that's it.,you're going to want to drink some milk after that.,I'm not sure.,he can see the bird.,the kids and the kids and the kids and the kids.
let's go for a car ride.,look at that bird.,oh look at the car.,they have their own teeth.,you see the dog.,mommy.,uhhuh.,what's that.,that's a good idea.,wanna play with the cars.,you know what I mean.,and that's the potato.,you're gonna have a race with that car.,that's a kitty.,and a little frog.,let's see.,that's a parrot.,you want to see this picture.,yeah he's a blue jay.,well.,yeah.,I guess so.,you're putting it on the floor.,oh.,oh I love those.,oh my gosh.,and a dove.,I'm sorry that's not fair.
right.,okay.,it's a car.,and what about this one.,doggie barking.,no.,bird.,right here.,it's just like this one.,and then he can have a car.,let's go see the birds at the bird sanctuary.,no.,it's a car.,you know.,that's right.,it's a cat.,okay.,so then you know what we need to do is make sure we have some more cat food.,what bird did you see.,we can take a break and come back and play.,you wanna go.,okay.,that's right.,well we're gonna take the car to the shop.,a big chocolate chip cookie.,who are they.,what's that bird called.,yeah.
that's a car.,what's this bird doing.,right.,look.,that's a dog.,Mommy.,it's a bird.,let's see if you can find the right one.,and then you can make a nice juicy steak for yourself.,look at those trucks.,we're gonna go to the park and we're gonna go to the zoo.,oh you like it.,look at your toy.,you know who has claws?,you wanna tell me about the animal.,you have a cat.,oh my gosh.,well you know that's not like this.,this bird's called a robin.,and then you can go and get the other ones.,the car is a red car.,let's put them away.,do you want to go play.,it's like a big truck.,that's right.,I see you got a new book.,there's a bird outside.,I'm not.
we're going to go to the car.,look at that.,yeah.,that's a horse.,wanna go and look at the dog.,that's right.,there's a bird on the tree.,that's a doll.,are we going to have a chicken sandwich.,okay.,yeah I'm gonna put that back.,do you think that's enough.,you're gonna make a car out of this.,well if they don't eat them they're just gonna turn into cats.,okay.,yes you're right she's sitting on the counter.,that's a little birdie.,oh cat.,and a duck.,you know what I think we should do.,there's no way they can get through that fence.,that's a baby.,there's a truck.,that's a car.,what is the word.,oh well then we're gonna have a lot of fun.,and the birds are in the sky.,that's a great idea.
you want a car.,bird.,there's a car in the driveway.,it's a lion.,you're a good dog.,she's in the front seat.,can you say bird.,you're gonna make it go boom boom.,you want some more juice.,right here's your toys.,what are you going to do today.,well you can have some more and then I'll give you some.,and it has wheels too.,well maybe they have toys.,you can use your hands.,yeah.,oh my gosh.,here's one more.,they're just like a bird.,you have a lot of stuffed animals.,right.,you can put it on the floor.,right.,that's a car.,you're gonna have a lot of food.,yeah it's very pretty.,oh.,so it's like you're telling us.
he's a big dog.,that's a bird.,come on.,okay.,here's your orange.,it's a goose.,what are you going to do.,this is the dog's house.,yeah it's a cuckoo.,that's a big dog.,oh no.,I'll put it right in the right place.,he's gonna get you.,oh my gosh.,that's right that's right.,I'll just have some bread with butter and jelly.,this is a little cat.,you're gonna put it in the bed.,oh my goodness.,you see this house.,I can't get the toy.,so you're like a grandma.,you can't eat them.,yeah.,"okay, so you know what's on the trunk.",yeah.,we're going to have some fun with our spaghetti.,you know.
a dog.,it's a bird.,I'm going to put it on the floor.,hey.,yes.,what's the kitty saying.,look at my family.,do you see what happened to the dog's paws.,that's a little duck.,okay.,that's a lion.,they're not ready yet.,that's a pussycat.,okay.,this one goes over his head.,where are the carrots.,here's a cat.,I'm going to get you some towels.,you want to sit there.,yeah.,oh the cars are rolling over the top.,we're going to take off the socks and put them in the drawer.,oh she's not a real cat.,you put it on your shelf.,and you can have some.,right.,you're gonna have some more.,see that cat over there.
yeah.,hey bird.,I'm gonna take a walk.,they're for your mouth.,oh yeah.,what's this.,are you going to have a birthday party at your house.,he has a bone.,it's a cardinal.,you can't.,no that's not a bear.,what's that.,and he's just a kitten.,can you tell me what's a robin.,who's that.,I'm sorry.,okay so what does this one have.,it's a nice place to live.,do you have a friend.,a bathroom.,"a. That's a crab.

b. That's a lobster.",okay.,oh my goodness.,oh my gosh.,car.,you can't get it out of the toilet.,oh.,oh I see.
okay let's pretend it's a doggie.,here's a birdie.,do you see the house.,and we're gonna make a funny little sandwich.,no sweetie.,you wanna see what else is there.,"yeah, that's a little girl.",we'll go with the dogs.,no.,you know what we can do with it.,oh.,yes.,the cat is jumping off the couch.,oh what a little bird.,yeah.,yeah.,oh the cat's back.,they have a little couch that's over there.,yeah.,what does that say.,I'm going to get out some stuff for you to play with.,you're gonna make a nice cake.,and the cat's got a hat on.,I'm going to go and get them.,you wanna go ride it.,you wanna make me a cake.,oh what's that.,they're sleeping in the box.
look at the dog.,bird.,yeah.,here's some more juice.,this is a piece of meat.,you're a lion.,we're in the living room.,and then you see them eat the treat.,and then they're just going to be sitting there.,and the dog was barking.,a caterpillar.,here we have this toy.,she's really sleeping.,do you think the chick will lay eggs.,you know what it is.,that's good.,this is a kitty.,the couch.,you're not a baby anymore.,okay honey.,you got a green one too.,okay mommy and daddy.,oh you're a cat.,how does it work.,you wanna see my car.,and the big man in the house.,uhhuh.,you're not hungry.
woo.,oh bird.,that's a table.,we'll have to take it back.,yes.,the rabbit and the horse and the dog and the cat.,look at the clown.,oh he's a little chihuahua.,a bird.,here we go.,who does this.,and we'll have two.,we're not supposed to eat our cat food.,the bird went to the store.,no that's not a cat.,oh that's not very good.,and that's a cat.,I have the little red wagon and I'm going to take the wagon.,you can paint your house with green paint.,okay.,and this is the box for all the toys.,oh I remember when we went to visit grandma in the hospital.,yeah she's a cat and she's a baby cat.,that's a good house.,that car.,yeah.,you can have this piece of bread.,they're cute.
do you want to pet the dog.,yeah it's a bird.,hey.,nope no.,that's not your food.,oh that's a bear.,do you think we can get some new stuff for them to play with.,there's a puppy here.,see.,oh oh that's nice.,that's right.,and the other one is the toy box.,you know what that is.,you know the bird that's a little birdie.,oh you're talking about that pony.,I'm gonna go make you a nice breakfast.,what's this.,and the bed's gotta be up and the blankets have to be on it and the mattress has to be on the bed and then the bed has to be in the room and then you've got to put the bed in the room and then you've got to put the mattress,that's what I said.,oh okay.,yes.,they were playing in the sand.,come and have a look.,I'm going to paint the house.,car.,"and when you're done with your book, let me know.",I'll have a steak and cheese sandwich for lunch.,yeah.
look at the dog.,see a bird.,okay.,uhhuh.,we're gonna eat it now.,we have a couple more.,who are these people.,where's the dog.,there's a bird on the branch.,come on over here.,are you playing with the penguin.,yes.,oh I'm sorry.,that's a duck.,and then you go.,no.,she's a cat.,they don't know they're in trouble.,so they're going to take them out of the box.,and then he's going to go inside.,are there any other toys in the box.,and they're called sisters and brothers.,what about the cats.,well.,go on.,you're going to see what it's like to live with a family.,you got a lot of it.,can you get the cat out.
you're gonna love that dog.,hey bird.,oh it's all dark.,you're hungry.,no.,the big blue whale is a good swimmer.,yeah.,that's a big dog.,oh you got a bird.,that's a baby.,you're gonna want to have some of that.,you see it's a toy train.,you know what a cat is.,the bird's flying.,do you know what's in the box.,that's okay.,do you know that cat.,you should take off your boots.,we're gonna go to the library and read a book.,okay.,can you find it.,what's that.,okay.,no.,let's make a car.,well we're not done yet.,you have a piggy bank.,can you say it.
look at the dog's nose.,what's this bird.,okay.,yeah.,yeah.,look at the ducks.,and they had a cake.,that's a dog.,we'll see.,wanna play with my dog.,see that's the lion and see that's the tiger.,and that's a ball.,let's see.,well there's a bird outside on the window right.,a hawk.,okay.,come over here and see my cat.,and you can play with it.,you know what she does.,here's the kitchen.,you know what I don't know if we can get it at Target.,and Mommy and Daddy and Mommy and Daddy and Mommy and Daddy and Mommy and Daddy.,and the cat has a cat on the cat.,this is where we have the house.,it's a truck.,how many kids does your family have.,it's a pizza.,you wanna read the story of the cat.
goo goo gaa gaa.,and look a little birdie.,what's that.,what's that.,no.,hey look at the duckies.,yeah and she has a little boy.,it's a black and white dog.,look at that.,see the dog's teeth.,what are those.,yeah.,oh yeah you do know what that is.,you're the bird.,that's a little chicken.,no.,oh.,and this is the kitchen.,what are these.,and we'll put your shoes on when we go out.,oh my gosh.,I'm not going to go back to work.,it's really a kitty cat.,this is a house.,the car is going.,it's a nice toy.,what kind of food are you making.,oh we have a cat.
and the doggie goes here.,here's a bird.,we need to clean up this room.,mhm.,and you have a piece of cake.,we're going to get some milk and cookies.,you gonna eat it.,you're a good girl.,you got the birdie.,no.,that's a giraffe.,that's a big ball.,look at that cat.,what bird is that.,did he give him a pat on the head.,it's pudding.,that's a kitty.,yeah I know what you're talking about.,the house.,here's the front door.,yeah.,and we have a new house.,where's the kitty cat.,that's a big house.,you're not supposed to drive the car.,that's right.,and then you can eat it.,that's the cat.
wow wow wow wow wow wow wow wow wow wow wow wow wow wow wow wow wow wow wow wow wow wow wow wow wow wow wow wow wow wow wow wow,oh a bird.,the house.,okay now.,what's that.,a pig.,where are you going.,that's a big dog.,you see the bird on the branch.,look at the tail.,what's that.,a green ball.,and then you'll get a cat.,I bet he's a really good hunter.,what are you looking at.,yeah we have a taco for the meal.,that's a kitty.,they're not big.,yeah.,and then you turn the light on.,the car goes down the slide.,we're not.,that's right.,it's a bathroom.,you know how to drive a car.,we're going to see if we can see if there's any animals outside.,yeah that's right.,oh so I guess it's time to go home.
what's that.,we'll find some birds.,oh.,no.,look at these cute little piggies.,they're chickens.,yeah.,you like dogs.,there's a bird on the branch.,and she has big teeth.,a kitten.,this is.,and he got all wet.,the little birdie.,yeah.,this is a yogurt.,they're the same.,and then you have to go down there.,that's right that's right.,oh look at that.,what's that.,no.,you want to pet them.,there's a picture of a big house on the front of the book.,yeah.,they have a very nice family.,they're called cheese.,oh look at the cat.
doggy.,that's right.,you wanna look at this.,no you can't have it.,here's a cup of water for you.,this is a caterpillar.,you know what a honey.,he's right in the middle of the ground.,bird bird.,that's right.,is that a cow.,yes that's a purple car.,the cat.,that's a very good bird.,where is the bear.,you can just use a little bit of that.,what kind of cat.,okay we'll call it a house.,yeah you can make a house for yourself.,a carpet.,that's the doll.,she's a little girl.,I love your cat.,this is a bathroom.,oh.,you're gonna take her out to a restaurant.,and the ice cream is very sweet and creamy and chocolate.,it's a kitty cat.
and a big brown bear.,here's the bird.,there's a little room in the house.,what do you have.,we can put it in the bowl.,he's got little feet.,you're gonna have a big baby.,that's a great dog.,no.,you want to talk about what?,oh my goodness.,yeah.,there's one with a bowl of cereal.,we'll go get a bird.,look at that big bunny.,you need to drink some water.,oh look.,how come we're having a house party.,and then the dog gets off.,there's a door on the left.,okay let's see.,you know that's how they know you're a boy.,it's a cat.,you're going to put them on.,okay.,so we're all the same.,okay I'll make you a little something.,a cat's a cat.
huh.,"oh, the birdie's gone up in the sky.",oh the house.,hm.,yes you can eat it.,where's the cow.,okay you got a pony.,it's a baby puppy.,that's a robin.,come on.,they are eating the lettuce.,that's the doll's house.,there's a cat.,yeah.,and the chickens.,you can put it back.,it's a cat.,you can't put the toys in the oven.,you have a big house.,oh look.,okay.,you can help daddy with the garden.,you want a kitty kitty kitty.,we can't sit in here.,you can open it.,no.,no.,oh no.
there's a dog in the yard.,there's a bird.,there's a house there.,do you see the baby carrots.,a lot of food.,that's right.,yeah.,and a dog.,I'm gonna go and I'm gonna go and I'm gonna go and I'm gonna go and I'm gonna go.,yeah.,oh yes.,and you get a new one with a new name.,oh that's a good one.,there's a big bird.,okay.,huh.,what's this.,no.,that's a little different house.,he's putting it in the trunk of the car.,they're on the table.,yeah.,there's a little girl.,what do you like about your house.,oh my gosh.,hey.,no we don't eat this.,right.
wow look at that dog.,bird.,you want the red one.,look at the banana.,it's good.,yeah.,we'll see you tonight.,what's this.,can you draw a bird.,and it's a dog.,and that's a cow.,you have a red crayon.,you see this cat.,they're not the same.,he's not a frog.,you're right.,this is a cat.,oh that's a little different.,that's your house.,and there are a lot of little bugs in the house.,I know.,you and mommy.,a cat is a nice little kitty.,that's where we wash our hands.,oh my gosh.,yes.,I love grapes.,yeah they're both furry.
the dog's a good boy.,you want some seeds.,do you remember what that house looked like.,we're gonna make some pancakes.,and a hot dog.,can we see a dog.,yeah.,wow what is that.,and the bird.,you're like a big dog.,well then what kind of bird is this.,let's go see what we have.,cats are cute.,that's a hawk.,I like the pig.,yeah we'll have a cookie and a glass of milk.,I guess you mean cats.,I'll put the blanket in the bed.,I don't know what you're talking about.,they're gonna be a very big house.,that's a car.,the next one.,you're not gonna play with them.,yeah.,there's a little bit of oil in it.,that's right.,okay you're gonna get the little pieces.,you know what.
we gotta get you some yummy food.,and then there's mashed potatoes.,no butter.,who's that.,I think you're right.,that's a cow.,I think it is like a potato.,it's a car.,I'm making it into a pizza.,they're gonna go to a baseball game together.,what's this.,well it's a beautiful bird.,I think you just want me to give you the peanut butter.,I have your favorite toy.,I think you might be playing with your toy truck.,what's this.,I'm sorry I didn't tell you that.,that's a good idea.,wanna put it on your face.,you know what he says when he wants more.,oh.,you got any more.,here we go.,you have two dolls.,you're right you're right.,what's that.,oh you're a cat.,that's not a cat.
hey.,uh huh.,that's a fish.,that's mommy's.,that's your brother.,where's the goose.,oh it is a caterpillar.,what's that.,what's that.,yeah.,and the birds.,oh look that's a birdie.,how come he can't get it.,a big dinosaur.,what's that.,okay we'll try to get them to the cage.,oh.,they're so good to eat.,a duck.,I'm sorry.,okay.,yeah.,oh.,the train's moving down the tracks.,that's a picture of a house.,here's the bunny.,that's a cat.,what's this.
milk.,do you have a cookie.,we're not eating the food.,we're gonna go see grandma today.,I'm going to get some things for him.,let's see what we have.,I think that's a fish.,here's the yellow and the blue.,we'll put the spaghetti in there.,you can't go to the zoo with me because you're too little.,that's a bluebird.,oh.,and then they'll eat their breakfast and they'll go to school.,there you go.,okay.,you know what the cat said?,they're really big.,do you know what a tuna sandwich is.,uh huh.,yep.,I love it.,yeah you're right.,oh.,okay.,who are these.,here's a baby doll.,huh.,this is the house that the kitty lived in.
that's a waffle.,look at this baby.,peaches and ice cream.,yeah.,yes.,what are they.,who's got the spoon.,yes.,what's that.,and it's the one that's made out of paper.,I saw one at the zoo.,yeah there's a robin.,let's make you a little bit of cheese.,we'll put them back.,yeah.,and then she gets up.,they're not that loud.,did you make some more.,that's right.,no.,okay.,what's a rabbit?,oh you can draw birds.,well let's see.,you see a little boy with a little girl in the house.,here's a little guy.,you're holding a cat.,oh it's a nice kitty.
milk.,and some cheese.,it's a tomato.,look at the people.,let's put some more stuff in the box.,right.,we should take a break.,yeah.,you got a spoon.,oh that's your uncle.,it's a duck.,that's the owl.,you need some cereal.,you don't see.,and the dog and the bear.,yeah.,who is the daddy.,well it's a lot of food.,we need to do what with the birds.,okay.,yes.,that's a sheep.,look at that.,yeah.,can we put it on the dining room table.,are they playing with that.,and the cat's furry.,oh.
there's milk.,and the orange juice.,mmm.,that's a nice blue one.,and there's his dad.,yeah.,it's a little bit of water and a little bit of food.,let me show you.,oh no.,are you two the kitties.,he's looking for a nice spot to land.,bird.,we're gonna have a little more of this.,oh yeah that's not what I mean.,what's that.,yeah you see what he's gonna eat.,what do we do in the house.,okay.,what's a parrot.,what does it say.,yeah.,right.,the bird went to the pond.,I think you might be saying that.,that's right.,we have a lot of toys.,I'm not a cat.,I think that's a cat.
oh.,cheese and crackers.,okay.,well I'm the mother of the little boy.,okay.,do you wanna make the cow's tail look like the cow's tail.,peas.,and then you'll play with them.,yeah.,that's her mommy.,and then you're done.,that's a bird.,what are you gonna do.,no.,and a book.,so you want to put the cat in the carrier.,you can make a house and a tree.,right.,a birdie.,okay.,you're just gonna sit there in the corner.,that's a penguin.,what's that.,the one that's green and it has a man on it and then the one that's yellow.,we can't.,I think you got toys.,well here's a cat.,what is this?
milk.,what's this.,mhm.,and Daddy.,I'm so proud of you.,who's that.,you're going to have to go get some more ice.,uh-huh.,I know.,I know.,that's right.,you know birds.,and they're sweet and yummy and they're in a can.,here's a big one.,see this one.,no that's not a cat.,okay.,yeah that's like a little bit of a burger.,he was a little bit scared of the sparrows.,what's on this.,oh yeah.,I'm not quite sure what the right answer is.,wanna draw a bird.,okay.,wanna draw some pictures.,the ball.,a cat.,you don't need to do that.
yeah.,yeah.,you eat a yummy yummy pear.,do you remember Daddy.,no I don't wanna eat the mango.,yeah.,you can eat it.,see the red one.,you can eat the juice.,we're gonna go to the bathroom.,what's this bird's name?,wow you're a good hunter.,we'll need a knife to cut it.,it's a truck.,what's in the box.,"oh, what's the name of the cat.",oh.,that's the potato.,he was just a baby.,a lot of fish.,they're not so good.,there's a bunny.,what kind of bird is that.,no you can't have it.,you can't put your shoes on the bed.,and then we can see the dinosaurs.,"oh, oh.",and it's like a woolly mouse.
and he's going to eat some.,and I'm going to eat it with you.,it's all right.,this is mommy.,oh he can't see it.,and now it's the bear.,can you get some.,there are some toys in there.,and then we're going to have pancakes for breakfast.,you know what.,there's a bird on the tree.,oh.,I see.,they're for little kids.,do you want to go play with them.,the kitty is sleeping.,that's what it's for.,it's a good choice.,no bird.,we'll put the rest of the eggs on the griddle.,here's your car.,the bull moose.,you have a birdie.,they're your crayons.,yeah we can get a new couch.,the truck.,oh yeah.,a cat.
here's some good food.,that's right.,that's right.,I see that your daddy is going to cut it.,the girl.,this one's a lamb.,and what's in the cake.,what's this.,I'm gonna give you a little bit of this.,did you take off the jacket.,oh you got a bird.,okay so we're gonna sing about the bird.,the butter.,and that's why they're called.,the turtle comes out of the water.,the cat is laying on the bed.,yes.,well I think she's had them already.,a hawk.,what's that called.,it's a dog.,I'm just gonna say it.,wow.,well it's okay.,do you wanna get into it.,they're in the garage.,can you show me.,and then she's going to come in the house and lay down and sleep.
yep.,you want some chocolate.,I see the apple is gone.,I have two.,do you see those people over there in the corner?,that's a baby hippo.,you're gonna need a bigger plate.,I'll give you the blue.,where are you going with that.,so we're going to go to the zoo.,that's a really big bird.,do you see the birdie.,I'm sorry.,hey.,okay.,he's a cat.,she likes to sit down.,a little bit of something.,oh there are so many birds.,it's yogurt and ice cream.,that's the cow and that's the horse.,you like cats.,oh there's a bird in there.,oh.,there's another picture of your house.,the little ones.,he's a very good kitty cat.,oh my gosh I saw something on the news today.
yes you're right.,peanut butter.,yum.,I'll make them a cake.,you wanna put them all in the basket.,hi.,what's in the bowl.,can we.,no.,no.,that's a pretty bird.,we're going to see the birds.,yes.,that's my car.,and then we'll play with those.,what's that.,I'm gonna take off your shirt.,it's a banana.,look at that.,and we can get some chocolate milk.,"okay, put it on the shelf.",okay.,there's a hawk.,that's a good idea.,well this is our house.,no.,okay.,there's a big cat.
it's time for lunch.,a pea.,it's a toy.,where's your mommy.,I'm gonna go get her.,yeah.,a little bit of milk.,the blocks are in the box.,uh oh.,I don't know what you're talking about.,oh hey.,bird.,the ketchup is green and yellow.,see that toy.,you're in your room with your toys.,oh what a cat.,and then I can take it to the sink and wash it out.,you gotta get them out of there.,that's a cardinal.,the cookies have chocolate chips.,look at the cars and trains.,you know what this is a duck.,you wanna look at the bird in the sky.,yeah that's a soccer ball.,it's a beautiful house.,they're on a swing.,oh the cats.,wanna play with that.
here's the peanut butter.,that's a tomato.,we're gonna eat.,yeah.,oh yes they're in the picture.,look at this one.,and this is an egg.,what's that.,I'll make you some.,who are the people in the house.,you know that bird.,what's that bird called.,what's in your hair.,wow.,oh yeah.,you know the thing that has the little arms.,and a house.,that's a little too much sugar.,what's that.,oh she's eating.,oh you put it on the table.,what's this one called.,a bird.,you can put them in the box.,oh they're so big.,and you can.,can you say cat.,you know.
oatmeal.,where's the cheese.,yep.,oh.,yes that's a picture of mommy.,what is that.,where's your banana.,what is that.,and you're going to eat your carrots.,it's okay.,what's the name of that.,he is in a tree.,how about that.,"oh, oh, oh.",yes.,she's a cute cat.,the house.,oh I'm not really hungry.,there's a bird outside.,you can't.,okay.,and if he gets in trouble it's not nice.,well we have a lot of different birds.,see that.,that's a nice house.,and you can put them in there.,no you didn't.,I mean you're gonna have a cat.
we're gonna go to the grocery store.,and she's gotta eat.,yeah.,right.,no one's gonna be upset.,where's the duck.,let's put them together.,what is this.,well this is your daddy's.,well.,it's a blue jay.,where's the birdie.,let's go get your snack and we'll go play.,you know what.,oh.,you can't get the cat to do it.,she's gonna fix the light fixture.,I'm gonna fix it.,it's a beautiful little bird.,and then we have a cookie.,and what's the other one called.,you're gonna need a bigger box.,okay.,look at the blue one.,oh yeah.,and then you put it in a toy box.,what's this.,hm.
yummy.,cheese and crackers.,I'm eating a banana.,do you see that.,no.,hey baby look at the goats.,that's a pizza slice.,what's that.,yes.,yeah they're great people.,yeah they're called baby birds.,wanna take the bird.,did you have some of it.,I'm sorry.,oh.,oh my goodness.,the house.,and that's the way it's done.,you're right you're right.,it's hot.,we could read one.,oh it's a good idea.,there's a little bird in the tree.,and we'll get out some of the other blocks.,well you have to go inside and close the door and put your coat on.,are you going to play with that.,that's a cat.,can you tell me about your cat.
we need to make some toast for the baby.,this is a cheese sandwich.,cheese.,you know where we are.,let's get her on the bed.,I'm gonna be a mama bear.,here you go.,and what else do you have there.,that's the apple.,Mommy has to go.,you can't put anything on the back.,there's a bird.,who's going to eat.,let me see.,okay.,we don't have any cat's.,it's not a house.,you're gonna get all messy.,you gotta go to the bathroom.,no.,that's a ball.,it's a pig.,he is a hawk.,and we'll play with that.,can you make a house for me.,they're not for you.,huh.,oh okay.
it's good to eat.,he's got a big belly.,okay.,yeah it's daddy.,and then we'll go to a restaurant and have some dinner.,where's the cat.,okay let's get out of here.,oh okay.,this is not food.,it's your mommy's birthday party.,we're going to go get some food and drinks.,they are eating.,you know.,and then.,okay.,this is a cat.,oh yeah it's not that big is it.,they're both spaghetti sauce.,it's a bird.,this is a bowl of fruit.,you can play with that.,he's a really big dog.,oh my goodness you have a little baby bird.,you can take a break.,he's a very good cook.,he's a baby.,the cat's on the roof.,oh he's so small.
and you like cats.,he's in the tree.,what's this.,the bunny and the ducky.,oh.,you're having a nice big dinner with your family.,oh.,okay.,that's right you're right.,oh a dog.,there's a car over there.,here.,yeah.,the baby got some food.,there's a rabbit in there.,yes.,see.,that's a pigeon.,okay.,oh you're gonna miss it.,what kind of birds.,you can have a turn.,what's this one.,it's going to be the same color as the kitchen.,and they gotta be careful.,you're not supposed to eat that.,can you see them.,he's a little barking dog.
there's a cat.,a little blue birdie.,that's a baby.,and the cat was a good girl.,he's a big dog.,let's eat it.,okay.,there.,no.,there's a dog.,and the car has four wheels.,what is that?,oh you're going to take it outside.,what.,here's another one.,you wanna go out with me.,oh no.,we're gonna look at a bird.,you know what.,that's a bird.,oh it's so cute.,and a toy car.,okay.,that's what the house is for.,it's okay.,yeah.,right.,oh that's right you see.
a cat.,he's gonna come right back here.,okay.,that's a horse.,he wants to play.,uh oh.,what's this.,you put it in the trunk.,uhhuh.,you're gonna get a doggie.,and when we're in the car and you wanna watch the birds.,there's a bird on the ground.,I'll get you the other one.,they're both pink and white.,wow that's a good picture.,it's a little bit.,you wanna play with this one.,what's that.,that's right.,that's a bird.,he's flying.,okay we'll just get a little bit of water out.,it's kinda a bit funny.,you can't get into the house because the door is closed.,no.,you're right.,I'm sorry.,yeah.
hey.,hey bird.,oh they are in the box.,and the chickens have red combs.,where's the dog.,yeah yeah.,it's a bedroom.,I think it's a bicycle.,that's right.,you need a dog.,oh he's not going to school today.,do you want to play with the bird.,you're gonna put them in the big box.,they're gonna make a delicious meal.,he can jump over the fence.,no that's a giraffe.,what's that.,here's a bird.,you're gonna eat it.,there's a bird.,okay.,the doll is in the box.,we'll take the big bunny away and the small bunny will come back.,we can paint it.,yes.,you know what we're gonna do.,and you go to church every Sunday.,so what's the difference between a puppy and a dog?
what's that.,bird.,I'm gonna go back to the kitchen.,do you see the rabbit.,dog.,yes that's a turkey.,what's that.,yeah.,there's a little bunny.,oh you're just a baby.,a car.,what's this.,what's that.,you can eat your peas.,oh.,what kind of animal is this.,you put that toy in the box.,that's a turkey.,he wants to give you something to eat.,oh my goodness.,there's a bluebird sitting on a branch.,yeah.,do you see that truck.,and we got this.,the truck was in the driveway.,oh yeah.,I'm gonna take a break.,a dog that's a good dog.
yeah.,yeah.,here's your little red car.,you're sitting on your dog's back.,okay.,there's a little cup of tea in there.,you go into the house and then we're in the house.,go ahead.,they're like your cuddly toy.,and they have fur.,see the red car.,a bird.,oh.,I see what you're doing.,you're not quite two years old yet.,it's a turtle.,right.,oh yeah.,it's yummy.,it's a red bird.,no.,what's that.,yeah it's a good idea.,that's your home.,oh.,and then I'll go and I'll get some more to eat.,oh we're all in one room.,well we're going to go.
yeah you're gonna play with the cat.,there's a bird.,can you see the cat.,can you say kitty kitty.,he's a baby.,you know what I'm gonna do.,look.,there's the car.,see how he's standing up.,there's a baby dog on the couch.,car car car.,he's flying around.,let's play with the toys.,I see what you're doing.,what do you think.,he's a big brown bear.,so you're going to have to go pick up your toys.,what do you mean.,it's a good thing.,hey.,the big bird is called a bald eagle.,okay.,they're not in there.,what's in the cupboard.,and it has these wheels.,that's a good cup.,it's in the trunk.,okay you put it in the oven and when you take it out and then you're gonna have cookies.
kitty.,oh you have a bird.,uh oh.,baby goat.,go for the big dog.,wow you made me some ice cream.,let's look at the houses.,and a car.,okay we can make a dog and we can make a cat and we can make a cow.,there's a dog.,and I'm going to have to drive up to get the car from the garage.,there's a bird.,what do you think it is.,you're gonna put some cheese on the tomatoes.,that's a horse.,you see a baby cow.,do you remember the game.,oh that's a little birdie.,what's that.,okay.,well what are you going to do with them.,that's a train.,yeah.,oh you're putting it on the table.,okay let's go outside.,it's a good one.,"and then he said to them, you know what I'm gonna do to your dad.",she's a nice girl.
there's a cat.,you like the bird.,oh look at that.,oh look at this.,come here.,wanna try it.,you know it's kind of like a big room.,you go in the car.,that's the dog.,come here.,and that's the car.,what's that?,there's a toy in the toilet.,and I wash them.,you're a great dog.,you've got to try a turkey.,that's right.,it's so cute.,oh that's so funny.,the bird is not flying.,and then what happened.,"oh, I'm gonna have to get them out of the way.",yes.,so let's go inside the house.,oh that's not a car.,he's got some toys.,you're going to be a doctor.,and he has these nice furry hairs that make him very warm and then he licks his furry hairs to clean himself off.
there's a little cat there.,you see a bird.,this is a ball.,here's another one.,you wanna see the picture book.,mmm mmm.,oh.,you don't know what this is.,and then there's a big dog.,a dog.,wanna go get the car.,there's a bird in the tree.,and you know the one that makes the bang noise.,uhhuh.,look at this cat.,okay.,this one is a soccer ball.,you're talking to the bird.,I'm going to get the juice.,it's a duck.,you wanna sit in the chair.,yeah that's a toy.,okay.,oh.,oh my gosh you look so cute.,where's the spoon.,"oh my gosh, my gosh.",they just go and they wag their tails.
oh.,there's a bird in the tree.,you know the toys that you've been playing with.,okay.,who's this.,what are you eating.,wanna make the room look nice.,what does that car look like.,yeah.,he's in the house.,okay.,bird.,you can't play with them today.,what's that.,that's right.,that's a squirrel.,you have a ball and you have a book.,bird.,I think you're hungry.,a little bit.,yeah.,he's got a green one and a blue one.,okay.,oh okay.,you have a car and a truck and a train and a boat and a plane.,that's your shirt.,I think they're from England.,see the dog.
cat cat cat.,here's a bird.,it's a bouncing ball.,who's this.,he's so funny.,yum.,we have a big house.,car.,no no no.,what's the name of your dog?,it's a toy car.,you want the bird to fly away.,no you don't want to put it back in there.,yeah.,there's a big elephant.,no.,that's a toy.,a bird.,what did you have for breakfast.,that's right.,the bird is in the tree.,the little guy is on the little guy.,okay.,what is that thing.,car's the one that takes us to the beach.,uh huh.,you have a lot of brothers and sisters.,okay.
yeah.,there's a bird.,you wanna play with them.,what's that.,that's a dog.,and the green beans.,and we need to get the trash bags.,that's a car.,right.,the dog barked at the squirrel.,where's your car.,you're a bird.,I mean that if you can't get it out of there then you can just leave it.,no he's not eating anymore.,you see that rabbit over there.,you're right.,here's the big blue one and then there's the small one.,and it's a beautiful bird.,okay.,a bird.,that's a bird.,they're going to have a picnic at the beach.,no.,okay.,do you want me to take the car back.,yeah that's right.,it's a new house.,wanna see a picture.
where's the cat.,that's a bird.,where is it.,can you see the rabbit.,and the dogs wanna have a party.,okay.,oh.,and it goes.,wanna sit on your chair.,they like it.,yes.,it's a little birdie.,the baby.,huh.,right.,oh.,no I'm sorry.,yeah there's a bird.,well I'll have to put it in the oven for a few minutes.,yeah.,we can see the birds on the pine tree.,and then they'll go off the bottom.,what does that say.,a little bit more.,car.,it's a vegetable.,I see the picture.,what is the dog doing.
and the cat had no nose.,there's a bird.,look at those little people.,yes.,okay.,can you put the food in.,yeah that's a door.,that's the car.,wanna play.,he was barking at the dog.,oh and there's another car.,there's one that's got a little umbrella thing on his head.,and there's a baby giraffe and the other one is a baby elephant.,this is the little piggy.,so the kids were so excited.,no no don't eat the banana.,what does that say.,we're gonna go to the zoo.,yeah.,you've got a little birdie on your head.,the eagle has a really big wingspan.,they're so soft and squishy.,oh look you put the dolls in there.,can you tell me what the house is.,right.,you need some more oats.,I mean they're the same.,yeah.
you know what this is.,that's a bird.,I think this one is called the yellow dinosaur.,oh the little guy is in a big box.,doggy.,they're like cookies.,no it's not.,look at that car.,no.,they're not even dogs they're cats.,oh there's a car there.,they're little birds.,what's that.,that's right.,oh no no no no no no no no no no no no no no no no no no no no no no no no no no no no no no no no no no no no no no no no no no no no no no no no no no no no no no no no no no no no no no no,that's right.,and she's going to put it in the box and she's gonna give it to Daddy.,that's a nice bird.,oh you're not going to eat it.,look.,the bird flew away.,oh that's the best thing to play with.,yes.,okay what's inside the house.,there's a red car.,yeah.,they're not in our house.,you got a dog.
cat.,hello.,the little red car.,bunny.,yeah.,I'm going to get you something to eat.,okay.,come on.,it's a dog.,no that's a dog.,I'll fix it.,what kind of bird is that.,we can do that.,well that's great you can't really eat that.,see this bird.,is it a duck.,you're gonna put that in the truck.,you wanna go get a bird.,okay.,hey.,it's a parrot.,yes.,oh you're so brave.,yeah.,yeah.,that's it.,and what's daddy's job.,oh no.
kitty cat.,oh a bird.,this is a toy.,look at the little rabbit.,no.,no.,where's the kitchen.,go drive the car.,wanna see the dog.,the dog has a tail.,uh huh.,oh a bird.,they're all the same.,yeah.,you like to play with your animal friends.,you wanna see a picture of the bear.,what's your favorite book.,do you think birds are funny.,you know what's a good thing to do with eggs.,oh.,oh yeah that's a bird.,we'll have to wait and see.,can you tell me how to fix this.,it's not okay.,and it's not a fire truck.,and then we eat it.,okay let's do the other side now.,they're not cute.
and a cat.,oh look at the birds.,it's just gonna go.,look at the birdie.,wanna put it on.,no.,you have a doll.,I'm sorry.,that's a poodle.,and that's a dog.,oh they are so big.,it's a little birdie.,wow.,no you have to put them on the top.,who's that.,you're looking for the dog.,this one is a ball.,hey we're gonna look at this.,right.,wanna go.,he's a bird.,a ball.,oh.,you know what we can do.,yeah I'm glad you're in there.,yeah.,and the mommy and daddy.,and a little dog.
oh cat.,there's a bird.,what do you have.,and the baby's going to get a baby giraffe.,the dog says.,I'm gonna feed them to you.,hey baby let's go out and play.,yeah yeah.,what's that.,I'll get the dog.,wanna go for a drive in the car.,where's the birdie.,we have a big box.,and there's the yogurt.,what is this.,I bet she loves it.,are you hungry.,and the birds are eating all the berries and making a big mess.,and then they all go on to the next page.,there's a sparrow sitting on the telephone pole.,you're gonna have to wait a little bit until you get to the right one.,yes.,okay.,and there's a birdhouse.,see the car.,okay.,that's not your daddy.,right.
we'll have some toys on the floor.,puppy.,what are these?,what's that.,uhhuh.,huh.,a cup.,uhoh.,where's your mommy's purse.,yes.,you can't go in there.,yes we do.,we're going to see you're grandma.,there's a bird in there.,uhhuh.,and what is it.,you know what we're gonna do with it.,what is it.,okay we're going to the car.,what kind of bird is that.,and what do you think you might do.,and there's a cat.,come here sweetie.,what's the name of this dog.,you can look for it.,and she's like what.,it's a dog.,oh yeah she's got two big feet.
yeah.,puppy dog.,yeah you like that.,well I think it's time for you to get ready for your bath.,what's that.,no.,you don't want the ice cream yet.,oh.,and mommy and daddy and all of the children.,there's a little girl.,it's a house.,you know what.,and that's your grandpa.,wanna go to the store and get a couple more.,you know what a chickadee is.,that's a bluebird.,who's that.,here's your toy car.,so.,that's a robin.,right.,that's a really nice house.,so they're like the cats.,so it's time to go.,oh look at that.,and the baby.,see the little dog.,and you're a really good dog.
and that's a duck.,the dog's ears are up.,good boy.,yes that's Mommy and that's Daddy.,the chicken.,look at the dog.,it's a grapfruit.,and then it went away.,you know what I love best about living in a city.,what's that.,that's right.,you can put your finger in that.,I'm sorry.,that's a good idea.,this one has a tail.,it's a bird.,okay okay.,okay.,okay.,that's a turkey.,that's a nice book.,she's having a bath.,"oh, that's not a good idea.",wow.,oh that's a bunny.,you're going to sit right here.,oh you're not a dog.,you can't do that.
there's a little teddy bear there.,see the doggie.,you're not gonna like that.,you're my baby.,it's peas.,a little dog.,okay.,what's this.,that's right.,what's that.,can you open the door.,where's the cat.,okay.,and we don't want the cows to be sick.,I think she's a crane.,it's a little birdie.,okay.,that's a purple one.,yeah the house is really big.,there's a bird on the tree.,we're all going to be at home.,where's the light switch.,it's a kitty.,you want a dog.,he's a monkey.,who is the mommy.,do you wanna see him.,where's the dog's ears.
okay.,you can't see it but it's here.,I got some bananas and apples.,and my grandma.,I'll put it on the plate.,what's that.,here's some cheese.,okay.,what's in that box.,you like the truck.,you can put it on the edge of the bed.,you know what they say.,I think he's just playing around.,we'll talk about dogs.,what a bird.,yeah he's the one who helps the other birds and that's what I'm going to try and get out of my book.,you want to play with the train.,well he's not gonna say no.,we're gonna go to the house.,that's a pretty bluebird.,I have to go.,"hey, it's a new house.",that's a kitty.,well we're going to go get a new one.,what's that.,how about this.,we're going to find a dog.,right.
that's it.,okay.,let's see.,Daddy's at the airport.,yeah it's good.,go over there and say hello to Max.,what's that.,that's the dog.,what's that one.,yeah.,where's the towel?,you want to see the birds.,hey.,you wanna get the worm out.,what's the bird doing.,it's called a bird.,oh.,yes.,a kitchen and a bedroom and a bathroom and a garage and a front room.,and here's a big one.,and then she had a boy.,oh.,you're right.,this is a dog.,look at the sheep.,what's that.,and the dog is going to be your friend.,I see you have a dog.
and now we're playing with the car.,and what's that.,you gotta eat your veggies.,you're getting to the right spot.,we're having a nice meal.,and they don't make noise.,can you open it.,you want a little ball.,and then he came back.,and then you push it.,look at that one.,that's a little duck.,no.,and what is this.,it's a parakeet.,and it's a bird.,there are lots of houses in the city.,that's right.,and a house and a car and a school and a bus and a boat and a train and a bicycle and a truck.,hey hey hey there little duckie.,right.,you're going to take your shoes off.,so what's this cat eating?,this one's a dog.,oh.,they're at the gym.,we'll go outside and we'll play with a ball.,oh my gosh that's just like a kitty.
whoops.,and there's a dog.,oh look.,Mommy and Daddy's baby.,and then they'll get their own bowl.,huh.,we're going to try to get the grapes.,that's a cat.,and the baby will have a big family.,see the cars.,you have to wash it.,what are these things.,oh it's too much.,there's a little bunny that has a little baby bunny.,you can't go in there.,yeah it's a penguin.,and then they were going to take the dog for a walk.,that's a car.,okay.,we'll go and find a bird.,it's the best time of the year.,it's the bedroom.,yeah.,well I'm sorry I don't know how to get it off.,they eat little penguins.,that's it.,right now we're going to get a dog.,you know a dog can wag its tail.
look at that.,dog.,what's that.,we're gonna have some cookies.,here.,wow.,that's the peas.,that's a panda bear.,okay.,oh you have a bunny and a bunny and a bunny.,you see those are the light switches.,they like to climb.,and your sister.,look at all these babies.,it has a long tail.,that's a crow.,here's where we eat.,okay.,I think that's the toilet.,we can't hear it.,no.,there.,oh yeah.,you know.,you know what that is.,they have a dog.,the dog is a poodle.,oh.
oh that's nice.,a dog.,where's the bread.,the grandparents.,what's this.,you can't sit on that.,you don't know what's in this.,and he's got a bunch of friends.,it's time for lunch.,what is this.,and I'm a cat.,that's a pig.,we're going to a party.,what's that.,they're birds.,the baby bird.,yeah.,okay you get a little toy animal.,let's see.,oh bird you're not sitting on the fence.,you know who's not at the party.,and it's a house.,wanna sit down and look at the pictures.,that's right.,that's a cat.,you know what you can do?,and then he'll wag his tail.,yeah it's a black and white dog.
I'm gonna put your toys away now.,we're gonna go and get a new dog.,uh oh.,no she's not going to get it back.,good.,oh.,wow.,hey you know this one.,oh you had your own baby.,okay.,oh no.,yeah.,no it's not.,you can't see the baby.,the bird.,you know what's funny about birds.,"okay, let's see what's up.",we can see them.,you gotta wash it off.,he's a pretty bird.,we're gonna go to grandma's house and we're gonna spend the night with her.,and we'll have a nice big breakfast.,a cat's tail.,let's see.,they're going to the bathroom.,yes.,yeah.,you're right.
and it's time to play with your toys.,there's a dog.,a little bit of butter.,they went to the store.,a chicken.,oh the doggie.,okay now.,right.,I'll tell you what. Let me see. Let me see. This is a little girl. That's right. That's right. What's her name? That's right. That's right. How old is she. Is she a year old. That's right. That,I'll put it back in the toy box.,I don't know.,oh you're going to have to go to the zoo.,okay.,okay.,a gull.,look at that bird.,okay.,what's in this box.,you can paint it a different color.,here's a little duck.,okay.,oh wow.,this is your cat.,yeah.,okay I'll tell you about it.,you can't go through the house.,a lot of dogs are going to be there.,oh my goodness.
that's the toy car.,you can put it on the floor.,we're going to the store.,look at the baby.,there's a chicken in the soup.,doggy.,and you know what you can't eat.,he's a lion.,they're not supposed to.,you can't play with it.,okay.,who's that.,they're your dad and mom.,you're right.,you wanna watch this one.,you have a bird.,oh I have a new book.,okay.,you're right.,what's that.,so.,oh it's all covered in dirt.,it's really cute.,oh.,you know what they do.,where's mommy.,and they're walking around.,he's gonna have a good day.
they're all different.,that's a dog.,we gotta go back and get it.,there's the baby.,good.,wanna play with that one.,oh.,goat.,oh.,you're going to have to pick up the blocks.,yeah.,and here's the snake.,okay.,oh oh.,yeah.,he's going to the cage.,I love your house.,yeah.,that's it.,they're flying up and down.,no you can't have it.,I think we need to put on the rain boots.,you're right.,look.,what's the name of that one.,did we ever have a family reunion at the beach.,you know.,the dog.
let's get the ball.,okay.,here's some yogurt.,she's a family.,okay.,he's a dog.,yeah.,and what's that.,did you see the movie.,they're.,you're right.,can you hold it.,"oh, what's that?",that's not a lion.,oh yeah.,you see that bird.,the windows open.,what's this.,who built it.,look at that bird.,I think you're going to go home and you're going to see daddy and then we're going to watch that movie together.,yeah.,you know what.,oh no.,what's that.,you know the person that is with them.,it's the dog's birthday.,what did you say.
oh hey let's go play.,there's a dog in the yard.,cheese.,and we get to see the whole family.,here you go.,that's a big dog.,okay we're gonna cook some things.,oh the baby giraffe.,did you know that in that room that we're in there is a big family.,right.,you can sit in your chair.,that's not a bunny it's a kangaroo.,they're playing with him.,they're in a cage.,you're like a birdie.,wanna see a little penguin.,what's your name.,I don't know.,they are big they're big.,you can put it in a bucket.,that's right.,how many people live in the house.,that's a kitty.,I think so.,okay.,so you're the grandkid.,oh yeah she's got a little dog.,hey.
yeah.,oh.,oooh.,the dog's name is Buddy.,can you take them out.,that's a dog.,peanut butter.,it's a puppy.,they have a brother.,okay you're holding it.,you'll want to put it in the cupboard when you're done.,I'll read you one.,he's my brother.,and you can watch the sunrise.,we're going to put your hands up like this and we're going to put our fingers together and you're going to make a bird.,what are you doing with your fingers.,who's that?,we don't have any other blocks for you.,so we need to go up.,oh you're right.,what are you doing with your hands.,well it's a good idea to keep the dog in the house.,they're called kittens.,there's a cute puppy.,the little bear goes to the little bear.,oh what's that.,wanna see.,oh so you see the dog.
uh.,see the dog.,no.,what's that.,that's yogurt.,he's a dog.,that's a peanut.,it's a puppy.,that's mommy.,this is the one.,this is the house of mr. and mrs. snooty.,no I'm not going to eat you.,you know what that is.,okay.,that's a bird.,see how it goes up and down.,I gotta go get a little more.,right.,and that's how you wash your hands.,I'm going to show you my bird.,that's what I said.,oh.,he's not sleeping on my bed.,and here's the dog.,that's right.,I thought you wanted a dog.,he's a good boy.,right.
this is a ball.,oh.,here's a piece of peanut butter and jelly.,that's a baby.,I'm not sure.,right.,can you get the chicken and the cheese and the peppers.,you need a ball.,"no, it's not.",the blue one.,there.,it was so funny.,and my mommy and daddy.,you're gonna get them.,the bird.,a robin.,can you put it back in the box.,oh you like playing with the dollhouse.,this is a little boy in a blue house.,it's called a hawk.,that's what we're gonna do.,let's go downstairs and put this on the couch.,the cat has a ball of yarn.,that's right.,we have a baby chicken.,well let's find out what's in the cupboard.,this is a picture of a puppy.,no we're going to the zoo.
yeah.,okay.,you're gonna have to eat the rest of it.,who's that.,okay here we go.,yeah that's a dog.,the bears are playing with the crayons.,I think he's a dog.,yes.,and this one is a crab.,okay.,this is a piglet.,yeah.,this is a giraffe.,you can't touch it.,yeah you're right.,and when we go to sleep.,what's the thing that goes bang.,there.,hey hey.,well we just gotta do it the same way we did it the first time.,no.,can you pick up the cat.,where's the dog.,I think there's one with spikes.,you know what's funny? he thinks he's so cool.,there's the dog in the pajamas.,oh I can't remember what it's called.
look at the cat.,it's the last bite.,oh look.,we can put it on the dog.,and this one.,do you want to put the chair in your bedroom.,there are lots of things in here.,where are you going.,we're going to read a story about animals.,where's the kitty kitty.,I'm sorry I don't know what you mean.,yeah.,do you want a bone for your dog?,she had an auntie.,can I have a cookie.,is that a duck.,it's not like it's like a worm.,what's the name of this bird.,oh you have a lot of cheese.,no.,that's a nice cat.,so they are actually really nice and they're nice to you.,what's this?,and then we have a train that can go through a tunnel.,it's called a hawk.,yeah.,you're talking to the bird.,look at the little tire.
look at the cat.,yogurt.,it's a doll.,a lion.,you're going to have a big family.,the baby is the baby.,where's the bedroom.,you're putting them in the box.,oh.,this is a cat.,oh that's a really good house.,that's a cat.,yeah.,there's a picture of your aunt.,you wanna go back to the beach.,see that.,that's some yummy.,yeah that's right.,it's good that you're not eating the candy.,he was flying over the rainbow.,here's a kitty.,you don't have a cat.,you know what she said.,what's this.,it's a penguin.,what's that.,do you see that bird.,yeah I got a car.
what is that.,you're gonna make them a nice dinner.,it's just a little toy.,that's a moo cow.,who's that.,look at the little ducks.,yes.,hey.,okay you see those little black spots in the middle of the animal.,that's a cat.,oh.,come here and I'll pet your cat.,you're a good boy.,you got any pictures of that.,oh look at that bird.,okay.,you have a big piece.,it's not a bird.,oh he's gonna be in trouble.,okay.,right now we're gonna get ready to go in the car.,and then what's another one.,yeah.,I think she's probably got some of your toys in there.,a hawk.,they're really big.,what a beautiful bird.,you know.
no no no no.,good job.,that's a bunny.,yeah.,oh that's not a bunny.,that's a good idea.,that's right.,you have a pig.,the duck.,a cat.,what do you see on the wall.,she's a cat.,I think it's a little boy.,what's that.,well.,yeah he's just a little duck.,I'm gonna make you some cookies.,the birds are singing.,I'm going to go and get a fork.,they're on the ceiling.,what is that.,do you want to read it.,that's a cat.,this one is a ball.,it's a big bird.,okay.,it's a robin.,oh we gotta put the car in the garage.
the cat.,mashed sweet potato.,you want to make the block tower.,you got a cat.,and Mommy and Daddy.,wanna do it.,yeah you can put it on the table.,okay.,you know what.,oh where's your cat.,that's my room.,the cat has the little white ears.,oh look.,oh.,that's a great idea.,it's a puppy.,you don't like this one.,oh.,how about an egg.,the birdie goes up in the sky.,it's very cute.,this one's a cat.,so the cat is going to sit down on the bed.,I see.,you can look at birds.,okay.,there's a bird that's a big bird.,that's right.
yeah.,it's not food.,wow.,yes it's a monkey.,yeah.,that's a pretty flower.,I don't know.,who's playing.,they eat them.,oh you're right.,and there's a bookcase.,where is the cat.,you're not a dog.,oh no she's in trouble.,what is that.,I got a book about dinosaurs.,I know.,see the birds.,they're like a little bit of butter.,and what's the other one.,and she was gonna get you.,he's a really good cat.,that's a cat.,and I'll see if I can't make this one work.,we'll go to the zoo and see some birds.,oh.,yeah.,it's a car.
I don't have a cat.,and this is the other side of the milk.,oh look at the red ball.,we're gonna put it on the floor.,you know what she said.,you're right.,no.,I see.,do you wanna make it blue.,see.,you want to go to the bathroom.,do you want the cat to come out of the box.,and here comes another one.,she's your aunt.,that's a nice horse.,we'll make a nest.,a burger.,you know what.,the boy.,okay.,oh my goodness.,you know what this is a cat.,oh my.,you wanna play with the cars.,bird is a bird.,yeah.,he's called a night heron.,I'm sorry.
there's a cat.,yummy.,here.,where's the cat.,and that's Daddy's hat.,you are a brother.,that's a big house.,what's this.,you're like a little penguin.,cat.,we're going to the bathroom.,the cat in the hat.,and they got their eyes all open.,I'm not.,look at all the different animals.,you have the monkey on the table.,let's get some.,yeah we can see them in the trees.,so I was gonna give you some ice cream and then we're gonna go get some ice cream.,wanna put it in the bucket.,oh that's too bad.,do you want me to help you put it on.,and that's a cat.,what does he want to do.,that's right.,do you know what this is.,she's on the bird.,that's a car.
come on.,mmm mmm.,see the tiger.,look at that baby duck.,it's daddy's.,you got one.,can you open it.,that's a red one.,that's right.,can you say cat.,do you want a drink.,what's this one called.,it's a little dog.,that's the one we're going to take home.,what is that.,oh I can't see them.,you want the honey out of there.,that's a robin.,the pancakes.,what do you see.,oh my gosh.,no.,a cat.,no.,you're gonna go get the birdies out of the cage.,yes.,you see a blue bird.,well that's the kind of car I want when I'm a big boy.
that's a cat.,do you have an apple.,wow.,look at the lion.,what's this?,you're my dad.,that's the stairs.,okay.,what do they do.,you can put it on.,there's the fridge and the refrigerator.,do you see the kitty.,where's the dog.,and then we're going to meet mom.,what is that.,you think she's a bird.,okay.,he's flying to a different tree.,that's right.,it's a duck.,you have a cute little cat.,oh that's cute.,look at the cats ears.,what's that.,we're gonna make a bird out of this.,yeah.,oh that's a hawk.,they drive.
what's that.,I can't have any more of this.,you wanna play with the cars.,and.,what's that.,oh yeah.,I'll put the dishes in the dishwasher.,you put the ball in the basket.,oh you're right.,what's that.,this is where we sit and eat.,it's not on.,it's a good dog.,okay.,wanna put it on the floor.,what kind of animals.,no.,you know how we're going to put on this.,we can't have your favorite drink right now because we're going to eat dinner later.,where's the bird's nest.,oh my gosh that's so cute.,that's a dog.,come on.,you put the ball on the floor.,that's a little duck.,that's right.,what's that.,wow that's pretty cool.
oh I see a cat.,yep.,okay.,what's that one.,we're going to go outside.,and then they're all there.,and now we're going to go to bed.,and then there was this one.,the duck.,where is the cat.,that's right.,cats are so cute.,and the other one is a boy.,okay.,it's a little bit smaller.,he's gonna put the eggs in.,do you know the man who lives in the store.,I see a bird.,what are they doing.,we'll find a nice spot for them to live.,oh there's a cat.,and there's the cat.,and it says cat.,it's a toy truck.,I'm gonna read the book.,oh I remember.,yeah.,and if you want to get a car you have to save up money.
kitty cat.,wanna have some food.,here.,do you like the lamb.,I'm gonna put your clothes away.,it's your brother.,what kind of house do you have.,look at this cute little dog.,do you think they are really scared of it.,yeah.,you put your feet up on that.,and the cat sleeps in the box.,right.,yes.,you know I like animals.,okay.,no.,there's a bird.,you're gonna give me some of that.,here's a little birdie.,okay.,wanna make sure we're not gonna lose our cat.,here we go again.,what's this one called.,what bird.,and what's the other one.,this is a bird.,let's see what's inside the trunk.
what a nice cat.,that's right.,that's a car.,what's this.,oh look at that.,can I have a bowl of cereal.,it's a little house.,okay I think I'll just go over here and get my bubbles.,what is that.,he's a cat.,I'm going to fix up the bedroom.,a cat.,see.,okay we'll call it.,that's a tiger.,okay so it's like a baby chick.,you're gonna eat the potatoes.,that's a crow.,this is a peach.,there's a bird in the sky.,what's that.,oh I see.,there's a big cat.,can you get me a truck.,yeah.,are you gonna give it to him.,you're the king of the birds.,you're going to go by car.
there's a cat.,you're eating.,do you want the blocks.,okay we're going to read a book.,let's see how you can get it out.,right.,there's a door.,oh my goodness.,what kind of animal.,cats like to scratch.,can you tell me what this is?,yeah.,the dogs aren't sleeping.,we have a family.,he's a big monkey.,you can see all these animals.,yummy yummy.,you wanna say a word.,and then put the pasta in a pan.,you see the bird sitting on the branch.,do you think she's a cat.,and they're in this book.,oh.,the blue ones are your toys.,he's flying around the room.,and it's a little hard to push.,oh we have a bird.,you wanna play with it.
oh what's that.,ooh.,I love playing with your blocks.,that's a rabbit.,let's see if they're here.,and that's a clown.,let's go outside and play in the snow.,what's this one called.,that's a good idea.,do you see a cat.,oh we'll make a little one.,what did the cat say.,let's go to the dog.,who's that.,okay.,oh my gosh.,no we're not gonna eat them.,this is a woodpecker.,you can't.,what is that.,"and it goes, bump, bump, bump, bump, bump.",you're a cat.,you're right.,the dolls.,that's a bird.,we'll have to put the train back together later.,that's a crane.,go go go go.
wow cat.,wow.,where are they.,it's the bear.,yes.,oh.,oh you're right.,do you have a big truck.,we're gonna read about animals.,he's a cute cat.,you have a new home.,cat.,you can see the little feet on it.,well it's just a matter of being a little bit more organized with the pictures.,this is a snake.,what is that.,okay.,it's a bird.,you know what? I think this is a banana.,what's that.,I'm gonna get him.,I'm sorry.,you can see the black cat on the table.,oh I have a little truck that has wheels.,what is this.,I mean it's really a pretty good toy.,you're right.,and you put it in the car.
cute cats.,good boy.,I'm going to get him.,a bear.,I think they're in the car.,yeah.,who's that.,this is your car.,oh yeah.,okay.,let's put that in the corner.,there's a cat.,do you have a doggie.,what's this?,you go through the door and you walk down the hall.,and it's a tiger.,you've got the best dishes.,oh.,did you just say chicken.,we'll just keep walking and maybe we'll find a bird.,what is that.,this is a big cat.,and a kitty.,so you could take it apart.,a chicken.,and we can put them in the toy box.,that's a blue jay.,and the car.
hey cat.,yeah.,here's a yellow one.,hey little guy.,huh.,no.,okay.,look at that.,he's a cow.,and it's a purr.,it's not a ball.,yes.,yeah.,oh we can put your hand on the tray.,so what's another animal.,where's the bear.,you can have a little bit of the cereal.,he's a red bird.,oh my gosh.,birdie.,where's the cat.,oh my gosh.,cats.,you know how to get it.,it's a hawk.,you can make them walk and talk and sing.,they're called little owls.,so I guess we'll have to wait a few more months until you can get your own car.
a cat.,good.,this is a ball.,he's a frog.,you're going to go and sleep.,the baby.,okay.,we got to play with them.,what's this one.,cat.,okay we're going to go to the bathroom.,well you know.,"I'm sorry, I don't know what the dog's doing.",oh.,yeah.,no.,we're going to eat a little bit of turkey.,wanna see that.,you can get a piece of bread.,that's a robin.,a big cat.,well you can make a picture with some of these.,where's the cat.,what's this.,see that little bird.,oh.,and then it's a bird.,you put the car in the back seat.
yeah.,bird.,hey.,you're driving a car.,I think it's a little bit of a wreck.,wow.,that's a kitty.,you wanna have your cereal.,and then we'll get her a little carrier and then we'll go to the store.,that's right.,oh.,you can play with your ball.,can you take your shoes off.,that's right.,we have a dog.,you want to show me where the house is.,you see the blue bird flying.,that's a kitty.,there's a bird on the tree.,you're my best friend.,what's a cat.,wanna try it on.,bird.,it's a very big house.,and they're like a bird's nest.,that's a cow.,can you get out of the way.,okay.
look at the doggie.,there's a bird on the branch.,hm.,look at the truck.,this is a bathroom.,go ahead.,yes there's a kitten in the backyard.,no.,that's a cat.,where's your shoes.,no that's not a toy.,do you have a new baby sister.,oh there's the house.,oh yeah I can see that.,did you see the kitty yesterday.,okay.,oh you got a bird and a cat.,I'll see if there's anything else.,what do you think of that.,and who is this.,she's a cat.,okay you can put the paws on the couch.,can you say bird?,and a garage.,and then the bird went back.,and what's that.,I don't think they're for you.,a piece of cheese.
see the lion and the tiger.,baby bird.,there's a bird in the tree.,that's right.,oh yeah.,let's see a car.,they're cats.,mmmmm.,you'll get a cat.,you can use that.,you know what we should do.,and you're with mommy.,it's all red.,and the monkey's a monkey.,oh you're getting a little bit older now.,do you see the house.,uh-huh.,you know what he's gonna do.,you can draw a bird.,you're gonna get to work.,that's not a cat.,right.,you're going to be a bird.,what's this.,they're so cute.,they don't live there.,and what do you think they're going to do with that.,what's it called.
do you like animals.,yeah that's a bird.,this is a bird.,okay here we go.,it's just for the bedroom.,go up the hill.,oh no.,that's a little fish.,there's a kitty.,that's a cool picture.,oh no.,that's so sweet.,what's that.,yes.,oh my goodness.,you're going to be the king.,what's this.,it's a little bit chilly.,he said he saw a bird.,it's a baby.,that's a cat.,yeah.,wow you got a bird.,what's in the closet.,it's just like a duck but it's bigger.,this is a wombat.,it's a pink thing.,where's the apple.
"a big, beautiful animal.",bird.,it's a bird.,yeah.,there's a bed there.,it's a car.,can you say cat.,here's some ice cream.,this one's a cat.,oh yeah.,okay.,what's that.,oh my gosh.,so they're not.,and then she's gonna be a bunny.,where's the house?,that's a duck.,he's gonna go.,oh that's a duck.,you're so cute.,this is a cat.,you could say hello to the dog.,a robin.,do you remember the time we saw a house that was on fire.,you can tell me about birds.,is it a horse.,we'll give it to the piggy bank.,we'll have some.
bunny rabbit.,oh.,yeah it's a bird.,there's a car on the road.,okay.,there's a car on the street.,you got a dog.,what's that.,you want to see the kitty kitty.,and there's the bathtub.,oh.,oh.,oh you're not gonna say that.,and we're gonna go and get some eggs.,wow.,yeah there's one there.,bird.,this is my cat.,that's a robin.,so when you're feeling that way.,yeah you gotta be very careful.,what's a dog.,a bird.,so we're going to put this on the floor.,that's a pigeon.,that's the big kitty.,a banana.,a bunch of mashed potatoes.
the little duck.,here's a bird.,here's a bird.,uhhuh.,that's the door.,we can't go inside that one.,you know that cat.,this one has a lot of sugar in it.,I see a cat.,oh yeah.,here's a doll.,oh that's right.,they're in the bedroom.,that's okay.,I'm sorry.,it's a house.,can you see the birds in the trees.,oh it's a little kitty cat.,oh this one has a tail and wings.,who's in there.,that's right.,yeah.,he's a bird.,oh that's the toilet.,you see the birds.,we'll go outside and get them.,we don't have any.,I don't like to eat anything that doesn't come from a plant.
can you see a goat.,look at the bird.,look at the bird.,that's right.,what's that.,and they take you to the doctor.,hm.,are you going to eat your sandwich.,do you see the cat.,I think you have to get the water off of the ceiling.,yes.,I'm trying to get my shoes on.,wanna play with the blocks.,so we're going to make a house for the baby.,we'll take him to the veterinarian.,yeah there's a big tree right here.,you want the bird to be a little birdie.,they don't wanna do that.,oh.,who's the other one.,they have little paws.,they're all so pretty.,yeah.,and then you'll have a nice bedroom.,that's a bird.,okay.,we're going to eat some more cheese now.,yeah that's right.
that's a cow.,there's a little birdie.,what's that.,I'll go get the car keys.,you're playing with the house.,see the car.,look.,that's yummy.,I wonder what the cat is doing.,you know what this is.,you need some more.,you know who's in the family.,here's the pencil.,a little rabbit.,we got a lot of dogs.,okay.,what bird.,that's right.,here's a bird.,and he says to the other people he says to the other people.,oh this is the cat.,you wanna play with the dog.,this bird is called a robin.,I'm going to clean the house.,the bird is on the branch.,oh they're all around you.,I don't think there's any more.,"okay, here's some more."
oh a pig.,bird.,you know where we're gonna find one.,let's see what's in the back seat.,I see.,see the red truck.,the cat's chasing him around the yard.,that's yogurt.,it's so nice.,okay.,it's not a toy.,they were all friends.,the kids that's in the house.,and a little bit of it.,"oh, I know, I think.",it's the bedroom.,he was so happy.,can you say cat.,he was like flying.,yeah.,you want a cat.,we'll need to go back to the dog.,where are they.,they're like the front door and the door to the bathroom.,wanna sing.,what about the giraffe.,and the kitty wants some too.,I don't know if you like your food.
oh that's a big big animal.,oh what a bird.,bird.,where did the car go.,here's the house.,go.,you want to pet it.,yes.,I'm gonna go get your cat.,oh look at this picture.,what's the picture of the cowboy.,yeah.,how do you like this house.,that's a good idea.,right.,and there are some nice pink pencils.,do you see the bird.,yeah.,what do they say.,how's your brother.,he's right here.,what's a dog.,there's a bird in a tree.,that's a nice house.,he's in the air.,I guess that's the way they do it.,that's right.,I'll get you a drink.
this is a horse.,oh you're a bird.,here's a little birdie.,a car.,that's a fireman.,here's your car.,it's like a little cat.,that's right.,and the cat's eating.,okay.,you gotta move it back so you can see it.,hey.,do you want to open the door.,okay.,oh what's that.,well the babies are out in the grass.,that's a beautiful bird.,they're black.,he's really good at flying.,what's your name.,what's a cat.,yeah.,I don't know what the bird's name is.,okay let's go.,oh it's a dove.,this is what it looks like.,you can't eat them if they're dirty.,okay.
yes that's a chickie.,there's a bird sitting on the branch.,and the birds.,here's a car.,it's a house.,we can go see the cars.,oh I see.,you're gonna get up tomorrow morning.,the cat.,we need to get the fire out first.,what's that.,well we're all together at the same place.,there's a big chair.,oh.,see that.,you want to clean the floor.,that's a birdie.,oh so it was the cat that was sitting in the chair and the cat was trying to get away from the mouse.,you know what that is.,who are those people.,oh.,you think the dog doesn't like you.,the bird is in the tree.,a door.,that's right.,that's right.,the bread was very good.,yeah.
that's a horse.,that's a bird.,hey what's that.,I'll make a car.,yes.,it's the car.,oh where is she.,can you have some water.,see that cat.,yeah the door's open.,let's look at the toys.,oh.,okay.,it's the same animal.,there's a big dog.,oh.,there's a bird in the tree.,you know what we have right now? we have a cat.,here's another one.,yes.,they're like this.,you're a good boy.,yeah.,no it doesn't.,he's a chicken.,and they eat the leaves off of the trees.,we don't have any more.,we don't.
that's a cute baby.,oh a bird.,here's a bird.,oh that's not a car.,you wanna look at my house.,yeah.,you got a cat.,I'll put them in a bowl.,cat.,and you can see a house.,okay.,Mommy and daddy love you.,what's the other one.,do you have any more animals in there.,see.,where does your house go?,that's a pretty bird.,what's it called.,what's a dove?,did you see that little girl's head.,that's not a kitten.,I wonder why we don't have a dog.,oh look at that.,so.,I'll give you a bird.,so we could have a pet.,so this is a sandwich.,yes I'll do that.
bunny.,and there's a bird.,bird.,that's right.,I think that's your kitchen.,see the car.,that's a kitty.,you gonna eat that.,and you have a ball and you're hitting it.,you know.,well let's see.,there's a red one.,well what did you say.,and what's this.,oh the dog was right in front of the house.,you know that's the bed.,wanna go to the bird.,wanna draw a cat.,that's right.,where's mommy.,where's the cat's tail.,oh what's that.,this is a bird.,"well, here we are.",there's a bird.,so how come she's not asleep.,it's time for a snack.,what's that.
let's see a horse.,here's a bird.,the little bird.,what's this.,what's that.,look at the car.,let's put the cat back on the book.,do you think you can have some more yogurt.,here's a cat.,here's the pink one.,can you do that.,you want to go back to the park.,we need to clean it up.,do you want to draw a picture of a rabbit.,did you hear what I said.,oh my gosh that's the bathroom.,hey did you see the bird.,the cat is.,what's that bird called.,they're in the family.,they're just cute little cats.,you're gonna need a bigger box.,he says he's a robin.,it's like a hut.,that's a big bird.,you don't have a turtle.,what does he say.,a little bit of oatmeal.
oh baby.,we're gonna go find a bird.,it's like a bird.,that's a car.,that's the kitchen.,and we'll go for a drive.,oh a cat.,no.,can you see the cats.,what do you do in the house.,there's a train.,okay mommy and daddy.,we're gonna take off your hat.,where's the rabbit.,oh that's a very big dog.,hey.,that's a hawk.,that's right.,okay.,okay mommy.,I think they like.,yeah and then he's gonna have to go on and have a shower.,it's a peacock.,where is the bed.,here's a bird.,okay let's go back.,it's just like the cereal.,you should eat a banana.
what's this.,bird.,there's a bird on the tree.,let's go look at the car.,it's a cape.,wanna see that car.,oh that's a really big cat.,that's a banana.,what's this.,there's a cat.,this is the doll.,and you guys don't have a lot of money.,let's go to the living room.,that's a monkey.,she's very nice.,oh.,there's a bird outside.,yeah I know.,I don't know what it is.,this one's called the cake.,wow that's a big cat.,yeah.,and then they have these beaks.,you wanna see that.,they're birds.,I'm not sure what kind of animals you're talking about.,I gotta have some.,okay.
oh.,a bird.,we're gonna see birds.,we're gonna go to the car.,that's a table.,I don't see a car.,you see the cat.,I'm going to eat.,yeah.,and he's going to go out.,yeah.,do you have a favorite relative.,the house is full of people.,no.,that's a nice dog.,you have to push it really hard.,that's a parakeet.,okay.,that's a parrot.,oh yeah.,I think so.,what's that.,that's a bird.,yeah.,there's a bird in the tree.,she says that she loves the baby animals.,yeah.,I think I'll make the chicken and spinach.
see the house.,okay.,what is that.,oh.,put it back in.,see that little red ball.,that's your brother.,a grapes.,it's a hot dog.,and the other people you live with.,and this is what the dog's name is.,I'm gonna go back to the truck.,what's that.,yeah.,come on.,look what I found out there.,you wanna put the car in the garage.,yeah.,can you take it to the kitchen and put it in the oven.,okay.,yeah.,yeah that's a duck.,right here.,oh what happened to your dog.,a panda.,that's your stuffed animal.,well what's for dinner.,they were so excited.
oh here's a house.,it's a toy.,look at the bird.,I guess they got tired of the baby and the baby's toys.,what's that.,I think you're thinking about the train.,Mommy and Daddy and sister.,look at this.,oh what.,did she get a bath or a bath.,so.,and a car seat.,who's that.,who's this?,come here.,you wanna clean the house.,you see those little lights up there.,that's right.,you can have the egg.,oh look at that dog.,"no, he's in the playroom.",he's a little kitten.,well you can play with them later.,you're not supposed to eat that.,I'm sorry I don't understand.,let me help you put those together.,you're a pumpkin.,I think the rabbit's going to get to the carrot first.
we're in the house.,no you shouldn't throw them.,it's a duck.,what's that.,you need a cup.,put it in the box.,oh no.,what's that.,no.,who's this.,that's right.,he's got a hood on top of the car.,no.,oh the guy who lives next door.,a cat.,okay.,yeah they're on wheels.,the birds are not flying.,that's good.,yeah that's not a dog.,and you can make them do tricks.,yeah.,yes.,we're not going to be able to see the puppies very much now that they're grown up.,yeah.,oh we don't need those things.,what are you gonna have for lunch today.,and then he's gonna grow up and go to college.
what's in that box.,here's a little boy.,bird.,what's this.,we have a house and a tree.,it's a little bit hard to see.,yeah.,yeah.,we're gonna make some pizza.,and they're going to stay with us for a little bit.,that's a dog.,that's a car.,they're two brothers and sisters.,do you want some milk?,she's playing with the other kittens and she's playing with them and they're all happy and they're playing and they're all happy.,that's in the kitchen.,oh okay.,what did you get there.,well it's not the food.,he's a dog.,oh that's funny.,you got a puppy.,I'll let you have this one.,what's this.,you know what he said.,they're just for the kids.,no.,you don't want the cake.
this is a house.,wow.,baby bird.,I'm not sure.,there's a shelf over there.,can you say blue.,can you find something for me to put it on the table.,no no no.,okay what do we do with the apple.,it's a family picture.,wow.,okay.,and then they'll go.,it's the time to go to school.,"I know you're hungry, you can have some cookies.",where's the stove.,oh my gosh.,and a cow and a pig and a sheep.,well we can have dinner.,you know what's really nice about the dog.,oh we're gonna play with the blocks.,that's right.,what do you think is in this box.,you can make a little sound for the dog.,a dog.,you know what it's called.,okay.,you wanna go to the zoo.
we're going to look at some houses.,let's put them in the box.,there's a bird in the tree.,you know.,you like the house.,okay.,yeah they're very different.,no.,I think that's a cake.,so we're all family.,and it goes around it.,yeah.,I don't think so.,well we're not going to get it because you don't have a license yet.,oh.,they're the little girls and they're all in there with their mommy.,wow.,oh the turtle is in the water and the rabbit is in the grass.,I don't think I'm supposed to give him that.,there's a dog outside.,okay.,can you say that again.,and then you're going to put them back in the box.,and a dog.,a lion.,that's a really nice ball.,there's some chicken.,they're just like us.
oh there's a house.,the toy.,bird.,this one's a red one.,I see the chair.,yeah.,who's that.,they're called pizza sticks.,that's right.,well you have to get down off of your bed because I'm going to put you on a blanket so you can't get hurt.,I'm gonna tell you about a dog.,that's a car.,there's a girl named Sally.,oh that's right.,he's just going to fall down.,do you like the house.,it's a good day to go for a ride in a car.,and you have a lot of animals in the zoo.,it's a spoon.,and then there's a guy in a hat.,yeah.,that's a very cute kitty cat.,huh.,no.,is it an ant.,the toy.,no that's not a chicken.,they're not.
you can't see them from here.,oh what's this.,bird.,wanna look at this.,go.,what's this.,it's your baby doll.,are you gonna make a pizza with the meatballs.,do you want another piece of bread.,oh.,there's a dog in the car.,look at the car and the people in the car.,and what did she do for his birthday.,oh yeah.,a cat.,this is a house.,yeah.,wow.,the cheese.,that's right.,where's the toy.,you can't have that one.,what's in that box.,you know what we can do.,here's a caterpillar.,you want to play with it.,it's spaghetti.,that's a good one.
okay.,oh look at the bear.,oh that's a big bird.,see the cat.,the roof.,what.,they're not in the car.,you wanna see.,that's a yummy burrito.,you are a big boy.,yeah.,let's go see if there's anything that we need.,I was just talking about your mommy and daddy.,who's that man.,wanna see some cats.,that's a chair.,where's the truck.,this is a clown.,you could say they're kind of like a little bit of jelly.,that's a funny dog.,oh.,you're gonna get all sorts of different animals.,do you think the car can go that far.,can we see the dog in the back yard.,do you see the duck on the pond.,and then we'll play with some toys.,what's that called.,what kind of bird is that.
you want to sit in the house.,that's right.,it's a little birdie.,right.,yeah that's right.,look at this.,yeah.,I'm going to make some spaghetti.,no.,you want to go down there and get some toys.,that's right.,yeah.,how come that's his brother.,and it's the same as daddy's.,that's not a cat.,okay let's go back to the house.,okay.,look at those eyes.,well.,oh I know.,uh huh.,oh my goodness.,you can play with them.,what's a dog.,and then you get a puppy.,oh.,you know how we have to take care of that.,I'm sorry.
the house.,it's a toy.,there's a bird.,yeah.,you're a very good housekeeper.,you can play with it.,right.,we got to wash our hands.,I think we're going to have some broccoli.,yeah.,I think you mean that it's your bed.,that's your car.,there's a book called the big book of family life.,okay.,he's a cat.,this one's on top of the desk.,you know.,a chicken.,yay.,we're going to go downstairs.,can you help me put this back in there.,I'm going to be the best animal.,you can play with this.,yeah and the dog has a collar.,oh my gosh.,we'll go see.,it's not a very good idea to have an apple.,no not a squirrel.
look at the couch.,you want to play with it.,it's a bird.,wow.,look at the door.,this one has a bang bang and it makes a noise.,we're at home.,is it chicken.,what's that.,Mommy's name is Lisa.,there's a puppy on the car.,oh.,that's right.,yeah it is.,it's a cat.,oh this is nice.,oh.,no.,okay.,what's your favorite.,you know that's right.,I see you're interested in animals.,you're right.,wow.,what does it say.,hey.,that's right.,you're not in a hurry.
we're at the house.,you're gonna play with them.,see the bird on the roof.,what's that.,he's a little boy.,we can go back to the cars now.,the little girl is holding a shovel.,okay.,that's right.,you know where the kitty goes.,do you have a dog.,"yes, you're driving the car.",yes that's right.,and Daddy was going to say hello and get ready for a hug.,I see a cat.,okay.,see that car.,that's right.,I think it's going to be a cake.,and then they're not just going to sit in the grass and lay around.,right.,yeah.,okay.,that's a good one.,this is a bee.,where did you put the bubblegum.,this is cranberry sauce.,no no.
come on baby.,you gonna eat it.,that's a bird.,oh.,can you see the lights.,okay.,and mommy.,hm hm hm hm hm hm hm hm hm hm hm hm hm hm hm hm hm hm hm hm hm hm hm hm hm hm hm hm hm hm hm hm,here's some crackers.,oh.,oh look at the dog's nose.,and the tires.,you're going to play with my big sister.,that's Mommy's.,where's your cat.,how about a house that you live in.,you got a red one.,you see the goat over there.,yes.,yeah.,and then you go back to where you started.,yeah.,I think they're both on the same side.,you know what.,there's a lot of animals in here.,right.,you wanna have some of that.,and this is a beetle.
what a big house it is.,look at that one.,bird.,oh look.,that's my bed.,and what's that.,can you give me a big hug.,here it's a bowl.,you can see the pear.,oh yeah.,you know what? I'll put it up.,that's a car.,oh I'm sorry.,you can't touch that.,right.,oh I see you've got some new furniture in here.,oh you know what I know what's that.,that's the chicken.,okay.,that's a big dog.,this one has a tire on it.,the kitten's going to go in there.,yes.,he's not gonna be able to be a dog anymore.,okay.,okay.,you can't get the peanut butter.,that's okay.
yeah that's a house.,right.,bird.,what are these.,that's the table.,what's that.,right.,okay.,let's have a little bit of this one.,oh yeah.,there's a picture of a dog on the page.,oh.,the boy was trying to be a good brother.,you gotta put this in there.,we have a cat and a dog and we really love them both.,you're gonna go and put that in the trash.,no no.,well it's an animal.,yeah.,it's a puppy.,yeah.,a snake.,yeah.,what's that.,what's that.,what's this.,yeah.,oh look at the lion.
okay.,oh they're not working.,there's a bird there.,you have some red blocks in there.,and the doorbell rings.,oh I'm sorry what did I do.,did you see the cows in the field.,yeah you did.,are there any more.,and then mommy and daddy were happy.,do you see that dog there.,they make tires.,we're going to have to put that in the recycling bin.,I like you.,she's playing with her toys.,you know what that's called.,"uh, you know what, um, I'm gonna go get it now.",it's a fish.,and you can just have the whole thing.,can you say the word dog.,I think she was playing with the toys.,that's right.,oh.,that's a puppy.,they're all right there.,what kind of crayons are these.,a big bowl.,so if you're at a pizza place.
and we're gonna go outside.,and they're a toy.,and the bird is flying.,oh that's right.,yeah.,that's what we're going to do.,yeah.,you wanna take it out.,here's some more cereal.,where does the mom go.,oh my goodness.,and there's the car.,you wanna say something.,how do you think it's gonna go.,that's right that's right.,and they go to work in the morning and they come home at night.,and it has a radio in it.,you know what I'm going to do.,okay.,what's the dog's name.,and he puts the ball in his mouth.,it's a turtle.,are those your toys.,wanna put them in a box.,yeah.,what's that.,you're eating.,right.
okay.,ball.,bird.,I'll show you.,what's that.,look at the toys.,and the little bunny.,here's a little bit more.,you put your fingers in your mouth.,you can put it on the chair.,what's that.,see the wheels.,well it was so nice that you came.,they're very good friends.,he was in a cat.,he's going to be all right.,okay.,I don't know.,oh that's a nice turtle.,oh no.,I think this one.,the goats are the cute ones.,yeah.,and he likes to lay down and sleep on your bed and you know like he's going to sleep in there.,that's a duck.,yeah.,there's a chicken and there's a chicken and there's a chicken and there's a chicken.,I don't know.
house.,yeah.,we're gonna go see a bird.,this is a red ball.,yeah.,this one has a red face.,wanna have some peanut butter and jelly.,oh let's eat.,no.,yeah.,I think it's the dog's.,and you can go fast.,yeah they're my grandmother and my grandpa.,oh.,there's a cat there.,he's in the house.,yeah.,so we can look at the photos.,oh.,it's a poodle.,they're gonna be together.,there was a big tiger.,okay what else do you want to do.,you can't put your feet in that.,I'll get him.,yeah.,she's sitting there.,and then you'll have the fish and the bird and the cow and the dog.
okay.,look at that little mouse.,what's that.,I'm gonna get the bird.,there's a toy truck.,and the pig.,that's a hawk.,I'm sorry I don't have any pictures of a cat.,they're like.,and now.,I'm going to make you a nice breakfast.,let's have lunch with them.,wow.,the kitty's on the bed.,well he's not a very good dog.,he's not going to sit on the floor.,the car and the train.,yeah we're in the car.,they're just like this.,where's your dog.,do you want me to take you somewhere with a car.,you're really gonna play with it.,it's a little car.,it's a little bit like a panda bear.,the cat is running.,they're gonna be there for the rest of their life.,go ahead and start it.,you can look at the dogs.
wow.,you wanna go see some monkeys.,mmm.,what's that.,what are they.,yeah.,no we don't put the bird on the chair.,and he's gonna eat it.,what's this.,yeah.,well we don't.,where's mommy's car.,oh yeah.,there's a door there.,oh that's a good boy.,there's a cat in the box.,no he didn't put it in there.,oh I see it's got a tire.,there's a bird.,and the dog's name is Duke.,see the car.,what's that.,it's a car.,and that's a giraffe.,you can get a cat.,what's that.,can you open it.,what's this.
yeah you're right you're right.,look at the little bunny.,oh.,you know what it says.,here's the truck.,okay.,bird.,oh the cat's a lion.,and the other one's a chicken.,yes.,Mommy's and Daddy's.,and that's my sister.,she doesn't like to clean.,oh.,do you see a dog in there.,that's a cat.,wanna play with.,there's a car on this side of the road.,that's a bird.,I mean he's a big boy.,and they can take you where you wanna go.,oh those are my little trucks.,you're right.,you want to see the sheep.,oh that's a nice big kitty.,I think he was a little bit scared of the dog.,I'll bring it back to the car.,oh he's so cute.
yeah.,goat.,you want to eat some.,oh yeah.,you don't want to throw the ball.,the ducks are swimming.,there's a big bird flying over there.,yeah they have cute ears.,you're doing great.,it's a big truck.,yeah we have a lot of kids.,okay.,you can't make any more.,there's the kitchen table.,and the dog.,you wanna see the cat.,okay.,he's a fire truck.,a gull.,we're going to go see the dog at the pet store.,do you wanna go to the car.,what's in the box.,yeah.,yeah.,oh that's good.,where is your dog.,yeah they're really fast.,they're dogs that are used for hunting and stuff.
and your mommy and your daddy.,that's a lion.,yeah you eat that.,look at this.,oh we have more.,yes.,look there's a bird.,do you know where your cat is.,the rabbit.,go there.,what did he say.,it's time for bed.,yeah.,you're going to paint the walls.,you're talking about the poodle.,wanna go get the cat and put it in the kitty box.,and then there was a little boy and a little girl and they were playing with their toys.,no.,there's a bird on the roof.,they're very good at it.,there's a car.,do you know what this is.,there's a car parked outside.,see this duck and this little duck.,I'm sorry.,where's your dog.,you're gonna take it in for a look at.,he wants you to feed him.
let's give them some kisses.,and they're like the bunnies.,yum yum.,there's a bird.,oh look at the blocks.,what's that.,we're gonna get a bird.,come on.,yeah that's a little chick.,where's the car.,no you're right.,he's a big man.,okay.,yeah.,and then we put a collar on the dog and we clip it to the leash and then we can walk around with the dog.,there's a kitty.,you're gonna have to put them back on the rack.,oh I have it.,oh.,oh you're a dog.,that's right.,yeah.,I have a car.,what about this one.,you see the cat is sitting right there.,this is a picture of a puppy.,oh I'll put it on the car.,you have a dog.
that's mommy.,wanna hear a story about a little pig.,you're a good eater.,the bird is coming down.,yeah that's a ball.,look at this bird.,wanna see a bird.,oh you gotta be careful with the cat.,okay.,there.,I'm a little tired.,I think it's a baby.,yes.,and we go on trips.,he's not a good dog.,what's that.,and a toy.,it's kind of a weird car.,that's a hawk.,you know what I'm saying.,okay.,I wanna take the block from the back.,you wanna go for a ride in a car?,oh it's a really beautiful horse.,what is that.,we're going to the zoo.,you see what I can't fix.,what's this.
there's Daddy and Mommy.,I love the animals.,yeah that's right.,look at the bird.,there's one toy on the floor.,and a donkey.,see those wings and the tail.,yeah that's a cat.,and the baby giraffe eats the leaves.,they're taking you home.,no.,oh that's your little baby.,no.,okay.,and they don't have to bite.,the cat.,oh.,there's a car.,and I'll see you later.,you're gonna need a little bit of dog food.,you have a seat.,I'm gonna go to the library and get more books.,wow.,yeah.,oh that's a nice cat.,can we take care of our dog.,no you're not.,it's a little too big for me.
it's a family.,here's a little dog.,I'm gonna go get you some peas.,here's a bird.,the dog.,we'll see a little animal.,it's a bird.,no.,see those are the animals.,I think it's called a truck.,you can't get a piece of paper without a pen.,right.,we're going to look in the living room.,okay.,that's a good one.,no he's a boy cat.,here's a little toy.,you put your hat on.,look at that bird.,and they were walking down the street.,you know.,I'm going to put that in your bag.,a car.,you wanna put that on your nose.,that's a cat.,and they're very smart dogs.,well you can't really see it but it's on the back of the car.,there's a dog.
Daddy and Mommy.,look at the chickens.,and.,there's a bird in the bush.,you can use it to.,a giraffe.,he's a bird.,let's look at these pictures.,where's your cow.,that's a good car.,and then she'll have to take her mommy out to eat.,he's just like his father.,you can put your stuffed animal in the bedroom.,you know what I'm gonna do.,okay.,yeah.,oh what's that.,well that's okay.,a bird.,and then the little dog came.,it's the one that the lady said she could take care of her car.,there's a dinosaur.,that's a car.,well what do they look like.,what's the name of this cat.,we'll have a dog when you're a little bit bigger.,the car starts up.,oh my.
you know.,do you know where the cat goes.,you want to eat it.,that's a big bird.,what's that.,can you say wolf.,bird.,cat.,look at that one.,oh.,okay.,that's what she was.,that's the bedroom.,you know what.,oh I like my dog.,there's a big cat in the yard.,where's the toy.,I don't see anything in the car.,you want a bird.,we need to let the dog out.,uh.,what is this.,go to the car.,you wanna get the cat out.,I'm gonna be a cat.,she's a good dog.,you're driving.,what kind of dog is that.
there's a dog in the picture.,little rabbit.,you're right.,go look at the bird.,you put the block on the top.,that's a horse.,yeah.,oh.,hey there.,what kind of car.,that's Daddy's car.,you can do that and then you can take a bath and then you can brush your teeth and you can go to bed and then you can sleep.,wanna go.,a chair.,oh the dogs are playing in the water.,and it's a very cute cat.,what's that.,we're gonna drive to see the ocean.,no birds fly high up.,do you wanna see the dogs.,can you see a car?,you're going to get that toy right now.,you want me to put your car in the washing machine.,I'll get him a treat for a treat.,can you say cat.,you mean the dogs.,you're a great driver.,and the dog says it.
okay now let's see how many cars we can fit in the truck.,right now.,what's that.,there's a bird.,that's it.,there's a caterpillar.,look at that little birdie.,where is the kitty.,I think that's a lamb.,okay.,that's not a family.,and you don't have a pet do you.,yeah we could just call it the garage.,oh look it's a house.,oh.,and the cat.,there's a little toy in there.,and here's a car.,we're gonna talk about bird.,what is that dog doing.,oh yeah.,this is a big teddy bear.,and it goes all the way down.,oh that's right.,so the cats are sleeping and then they go to play with the birds.,this is a puppy.,can you tell me what's in the car.,it's a dog.
good boy.,what a little baby dog.,a little bit.,yeah.,you have the ball.,what are those.,that's a bird.,that's a kitty.,he's gonna turn around.,I'm not sure.,you're really good at it.,what is that?,let's go outside.,do you see the carpet.,you wanna play with a ball.,yeah.,okay.,I'll go get the car.,that's a bird.,you're not going to get hurt by that dog.,what's in the car.,here you go.,oh this is a car.,that's right.,right.,she's a puppy.,I don't know what that's for.,yeah you can't tell me anything.
yes Mommy loves you.,hey.,cheese.,bird.,wanna play with that.,uh-huh.,what kind of bird is that.,can you hear the cat.,you got a snake.,and then we'll go up and we'll go to the roof.,oh well I guess.,that's not your mommy's hair.,you're welcome.,yeah they're really dark.,they're dog toys.,okay.,I love your.,look at the truck.,and they have a little bit of a funny nose.,no.,okay.,do you have a car.,there's a truck and a car on the road.,yeah that's a very good job.,oh my gosh.,the dog is in the house.,what is that.,doggy is walking down the street.
look at mommy and daddy's hands.,a little black cat.,look at all the little pieces.,a birdie.,here's a new one.,and the elephant.,it's a bird.,oh that's a cat.,we see two of those in this room.,oh I know.,hey.,she's a family member.,okay you can't paint it.,they're a little different but they're still good.,uh oh.,okay you can put them up here.,I don't have a big box.,oh look at this car.,yeah.,you're just gonna keep it on.,it's a car.,this is a ball.,can we go in the car.,I don't think we've ever had a bear on the farm.,I'm gonna go over to the side.,the dog's not here.,okay what's that.,I don't know.
okay.,where's the ball.,it's pork.,bird.,you got a toy car.,they're on this side.,what kind of bird is that.,oh my gosh.,that's a cow.,uhhuh.,you know what else.,there's a bunch of stuff to do around the house.,and then put it in the microwave.,you see the cat's paw.,I see a little dog.,see.,what's that.,let's go get the car and go home.,and then it can go up and up and up and up.,wanna look at this.,I'm going to get the car for you.,we're gonna make a car out of these.,car.,and then we went for a walk to the zoo.,and that's a cat.,and he's gonna go to the vet.,okay.,okay.
let's put it away.,wow.,uhhuh.,and then the bird.,it's a duck.,I think she likes the kitty.,it's a little bit like a bird.,what's this.,he's a tiger.,see the tires.,oh good.,Mommy has to get to work.,they're going to be building a house.,oh my gosh.,yeah.,a cat.,you can.,I can't really see it.,it's a duck.,what's your name.,car.,yeah you can have this.,and it's a car.,and then the duck.,they're like a cat.,oh that's a really big dog.,okay.,oh you're gonna wear a hat.
he's a very special baby.,and a giraffe and a panda.,here it is.,you see a bird.,oh my gosh.,wow.,oh they're not birds.,and then the cat goes to the tree.,a cow.,you want to go outside.,that's right.,I think you're right.,okay.,oh oh.,okay.,this is a cat.,oh.,let's go.,oh what a nice bird.,there's a puppy in the window.,that car is very big.,where are they.,and you're driving the car.,and the mammal and the reptile.,that's the cat.,he has a dog.,wow it's so hot.,so what's the name of the dog?
mommy.,he's like a bear.,yeah.,what kind of bird is that.,oh.,what's that.,you're a bird.,let's say it's a cat.,and the bears.,look at the car.,mommy's hair is brown.,let's see. oh my goodness.,okay.,and then we'll just sit there and take a nap.,I'll make you a dog.,you think about the cat.,no no no no.,he got a car.,he's flying up.,wanna come over here and we can read books.,oh.,he's a fire truck.,I'm not gonna let you have it.,is that a sheep.,hey cat.,I'll go and get my sunglasses.,we're gonna go to the car wash.,yeah.
oh the house.,that's a baby cow.,it's a baby elephant.,there's a bird in my dad's hat.,that's a car.,and then.,what's this.,oh it's just a little baby.,oh the other side.,a bird.,it was just a cat.,there's a cat on the roof.,you know that car.,yeah.,did they have a problem with him.,what's his name.,well he has no ears.,what's the name of the dog.,he's a kitty.,I gotta wash my car.,that's a cat.,it's so nice that you know your colors.,that's right.,you're driving the car.,yeah they're all here.,this is what a goose egg looks like.,here's a bird.,I see that you're looking at the car.
I'm going to put your clothes away.,where's the goat.,see that ball.,it's a bird.,you're going to go see a car.,you like this book.,oh.,we can build the house.,did you get to the store.,and they have wings.,well look at this one.,this is a cat.,you're going to the car.,can you put those in the box.,that's what they do.,who does that belong to.,it's a black and white kitten.,oh he was so confused.,come here.,that's a car.,okay.,oh I see.,oh.,oh yeah.,you're gonna put it in the bin.,you're going to the zoo with Daddy and Mommy.,the bird that's on the roof of the house.,he's gonna get into the car.
and then they're in the house.,the dog goes.,look.,what's that.,go ahead.,you know.,you're gonna be a good boy.,what's that.,it's mommy's turn to bathe the baby.,that's a dove.,okay.,this is a cat.,see the gas pump.,yeah.,yes.,oh so that's your father's wife.,oh wow that is a nice little duck.,he's not good at playing fetch.,you can look at it and maybe you can play with it.,oh.,she's going to sit on my lap.,okay.,okay.,okay.,oh.,what are they.,oh there's a bird in there.,and then it gets a gas tank and it has a steering wheel.
there's a little house.,yes.,let's make a tower.,hey bird.,car.,look at the birds.,he's gonna go get the dog.,there's a big thing in the middle.,okay.,he's a bird.,oh the cat's not gonna be here tomorrow.,hey look a cat.,go drive the car.,we have a very big family.,yes she did.,and we're all the family.,what's that.,no.,and she's gonna play with it.,okay so you want to sit in the car and you want to push the car.,and then you can come get them.,what animal did you say you saw at the zoo.,wanna go on a car ride.,right there.,what did you do with your toy.,a birdie.,that's a little blue bird.,it's a car.
okay.,look at the duck.,you got a car.,there's a bird.,a car.,there are two dogs and a cat.,what do you see there.,okay honey.,what's that.,look at that bird.,oh what a cute kitty.,what's that.,it goes on the road.,you're gonna eat that.,I'm gonna go find a little duckling.,where are you going?,that's right.,I don't think so.,where's the cat.,the car.,they're not.,okay.,oh yeah.,I'll go to the car and take you to the park.,okay.,is that a dog.,look at the bird.,there's a lot of cars in there.
there's a house.,it's a puppy.,here's a little guy.,bird.,car.,yes that's grandpa.,they were just playing.,they're a bunch of kittens.,who's mommy.,wow.,can you say kitty kitty.,oh a cat.,they have some very big wheels.,yeah that's right.,they're playing with their trucks.,let's go to grandma's house.,that's right. That's a baby hippo.,the other dog has a pretty big tail.,what is that?,that's a great car.,oh my goodness.,right.,he's not here.,wow.,and we can't play with them.,a little squirrel.,we'll see if he's around.,I don't know.
there's a house there.,we don't wanna hit the cow.,yeah.,wow look at that bird.,there's a car there.,and then we'll go to the zoo and then we'll go to the beach.,look at the dogs.,you go over here.,you need to get it off.,and a robin.,where's the cat.,there's a little cat.,oh that's a good car.,what are they doing.,where's the elephant.,no he's not.,so they eat.,come on baby.,and then you can get another one.,I love the car.,that's right.,that's a cat.,let's go find a car.,see the steering wheel.,you know what you should do.,we have a couple of birds and we have a little guinea pig.,can you say bob.,yeah.
that's the door.,see the bunny.,you can put it back on the chair.,bird.,see the car.,yeah you have some crayons.,we have a dog.,oh that's a nice house.,I don't know what that is.,that's a pigeon.,that's a cat.,what's this.,and the car goes in the garage.,you gotta take off your coat.,here's a clown.,oh there's your brother.,oh my gosh.,you know what's really funny.,this is a very nice cat.,I see.,so we're looking for a cat now.,that's what we do with animals when they're sick.,you're gonna have to get out of the car now.,you wanna go for a drive.,I'll go get the toy from the car.,you could go get a crab.,it's a cuckoo clock.,where's the car.
and houses.,little rabbit.,there's a bear.,that's a little birdie.,we're going to take your car out of the garage.,you have to turn off the lights.,a dog.,put it on the couch.,oh that's the mommy.,yeah we have a bird.,come here.,I'm gonna show you how to draw a cat.,yes.,oh yeah.,yeah.,you know we got this big house right here and we got all these trees and we got a big yard.,I'm sorry I couldn't make it out.,you know what I mean.,that's a cat.,that's a car.,oh my.,yes you can do that.,there's a lot of people in a car.,and it's going to go fast.,the truck is really big.,and what's that called?,what bird is this.,no.
the house.,caterpillar.,this is a ball.,you got a bird.,where's the car.,okay.,doggie doggie.,hey.,wow it's getting a little cold.,can you tell me.,this is a cat.,oh where's your cat.,they're not moving.,you can put some things in the kitchen.,"oh, what kind of dog is that.",and grandpa.,you wanna go and play with the animals.,right.,what's that.,you gotta park the car.,oh the cat is in the box.,do you see the bear.,oh look at the car.,that's a car.,I'll tell you about what we'll do with the toys.,well that's a funny little bird.,that's a bird.,no.
hey baby.,that's a big dog.,good boy.,bird.,can you see the car.,and Mommy's baby sister.,no.,look at that.,you have to go to the bathroom now.,there's a bird outside.,oh yeah.,and he's sleeping and sleeping and sleeping and sleeping and sleeping and sleeping and sleeping and sleeping.,what's this.,and then they come back to the couch and the rest of the family goes back to watching the game.,that's right.,did she say anything else?,you're going to get some pudding.,you're not a baby anymore.,oh what a cat.,I'm going to drive the car.,here's a little girl.,look at that big fish.,I don't know.,okay.,okay I'm gonna have you play with this.,you can't do that.,a bird.,car.
it's a beautiful house.,hi.,yeah.,we're gonna watch a bird.,look at the car.,where is mama.,that's a dog.,here.,yeah.,the bird is sleeping.,she's a cat.,she's a cat.,uhhuh.,and that's my brother.,right.,and I'm going to get the car keys.,we're gonna go and do some pumpkin carving and we're gonna make a pumpkin pumpkin pumpkin pumpkin.,you can't say you're a dog.,a. That's not a cat. That's a tiger.,okay we're gonna go to the car.,you know it's like a big cat.,they're just tiny little things.,okay.,wow.,what's this.,you wanna have a bite.,it's a bird that says quack.,you can't have that car.
house.,that's a frog.,that's a great toy.,that's a bird.,where's the car.,yeah.,there's a little dog right there.,okay you wanna put the bowl down.,that's right.,you're going to have a little birdie for a friend.,that's a cat.,oh.,yes it's a car.,yeah.,oh you're talking about bees.,you know what mommy did.,what's this.,you like dogs.,do you remember the cat.,you wanna sit in the back seat of the car.,and then it eats and sleeps.,oh what.,what are those.,oh.,oh look.,what is a donkey.,you know that little yellow bird that sings.,yeah.
go get your shirt.,it's a bunny rabbit.,that's a car.,birdie.,that's a big car.,Daddy's name is Robert.,the dog has a really big nose.,oh yeah we have a fireman.,yeah.,a pigeon.,you know that cat.,oh there's a cat.,okay.,and daddy and mommy.,a turtle.,yeah it's right there.,do you remember the bear.,there's a dog.,she's sitting there.,it's a truck.,it's a cat.,so that's a giraffe.,where's the car.,yeah.,oh there's a little train.,there.,a birdie.,oh wow.
here's the door.,a cat.,I gotta go play.,baby bird.,wow that's a big car.,you're gonna put your shoes on in the morning.,good boy.,I'm gonna put it on your lap.,she is a mother and a father.,that's a bird.,that's a caterpillar.,oh.,no.,oh good.,yeah.,who's that.,where's the elephant.,oh yeah.,there's a cat.,oh.,you're gonna have a kitty party with a kitty cake.,what's that.,wanna go for a ride.,you want me to drive the car.,and maybe some of the kids.,and I got a big truck.,that's a hawk.,you want to get into the car.
we're in a house.,it's a sheep.,you don't have one.,bird.,let's go on a car ride.,do you see the baby.,look at the puppy.,it's a little one.,and the baby ducks.,that's a bird.,a big fluffy white dog.,that's a kitty.,oh that's so cool.,can I come.,there's a baby elephant.,I'm glad.,can you find the bear.,the dog was barking.,what's that one called.,let's go.,that's right. that's a big cat.,what are those things called.,see what's on the car.,what's this.,you wanna play with the cars.,it's like a baby kangaroo.,well what did you get there.,and you put it on the back seat.
it's a house.,it's a cat.,here's a ball.,bird.,oh my goodness.,she's a great friend.,where's the dog.,you're gonna put it in there.,and what's Daddy's name.,bird.,and it's a kitten.,this is a cat.,it's the car's window.,so I'm like in the store.,well that's a great idea.,Mommy's in the kitchen.,he was a shepherd.,and a little dog.,yeah that's right.,and a car.,the cats are just sitting there.,it's a bird.,"yeah, you're a race car.",oh.,and then we could try again.,they're so pretty.,that's a hummingbird.,that's a nice car.
there's the house.,wiggle wiggle wiggle.,let's put the blocks in the box.,bird.,here's your car.,well that's not a lot.,good boy.,let's find a place to sit.,what kind of thing is that.,oh look a bird.,this is a cat.,oh there's a cat.,where's the car going.,it's a cereal bar.,and they're all different colors.,and then he goes.,we're gonna get the elephant and then the monkey.,wow.,oh what's this.,they drive.,what's that.,and it makes a lot of noise.,it's the car's seat.,well they are nice.,and a turtle.,and there's one that we call a snake.,and then it's called a turkey.,oh wow.
here's the bed.,and it's a cow.,look at all these blocks.,wanna get a bird.,yes there's a car.,yeah.,you can't see the dog.,we're going to put the carpet back on.,right.,a bird's a bird.,well it was his little baby.,and then the cat sat.,I'll take care of the car.,it's nice that you're getting new clothes.,okay.,and I'm gonna take you to see what's underneath.,we're gonna try to get a little one with this.,we'll be able to see if there's a dog.,oh I've got my cat.,we're going to take the car to the car wash.,the cat's name is Pumpkin.,they're kind of like cows.,there's no gas in the tank.,what do you want.,yeah.,okay.,do you wanna sit on it.,well how about that car.
there's a house.,right now he's sleeping.,oh you're gonna have to come over here.,wow that's a big bird.,a car.,and daddy and mommy.,yeah the dog's name is Lucky.,that's a door.,let's see what we can find.,oh bird.,okay.,and here's the cat.,you're gonna need another one.,I think it's a good idea.,okay.,you have to be careful not to fall down on your head.,well.,that's a good dog.,yeah she's a cat.,that's it.,yeah.,see the little duckies.,you gotta put the pedal down so the car can go.,I'm sorry.,right.,I love giraffes.,he's got a very loud and big bird.,that's a truck.
where's the cat.,wanna pet the cat.,and now we're going to take a little break from the dog.,oh no.,hm.,you need to get some water.,uh.,oh okay.,wanna see some animals.,I have to take my clothes off.,see.,I can't wait to see you next week.,what's that.,he's got some.,yeah.,I'm sorry.,the big red car.,it's a little bit like a pigeon.,okay.,okay let's go back.,you know that's a toy car.,that's right.,yeah he's a good boy.,where did you get that.,that's it.,wanna give him a kiss.,you can tell them.,it's not a car.
cats are cats.,I like to pet the cat.,dog.,what's that.,you eat.,it's kind of a strange looking one.,no he's got a tummyache.,here.,where's the elephant.,that's what you say.,the caterpillar crawled to the top of the tree.,oh no.,wanna see the dog.,can you find me the cat.,yeah it's a house.,and the red car goes around and around the road.,okay.,it's a chicken.,I'll get you some more milk.,no we can't do that.,I'm gonna give her some.,what are you reading.,oh hey that's a dog.,okay.,I think this is a cat.,the cat.,they're all good people.,he's driving a car.
come on let's go see the cat.,cat.,there's a dog.,what's this.,you have the bowl.,who's that.,it's spaghetti and meatballs.,you like this.,wow.,that's your Dad.,and we can all go.,what's the name of the big man.,they had some problems with that.,that's a snake.,oh this is your kitchen.,okay okay you're okay.,well you can try it out.,that's a red bird.,a little bit of this and a little bit of that.,"yes, the car has four wheels.",okay.,oh.,I'm going to put a bandana on her head.,I'm going to make some soup.,a cat.,we have a cat.,oh he's in the hospital.,it's a car.
and the cat's tail.,come on over.,bark.,okay.,nope.,you're going to eat a piece of cheese.,here's some.,you're so happy.,that's a bunny rabbit.,yeah.,I'm glad you're not hungry.,you're just a baby.,I'm so happy that you got your first dog.,what's in there.,you'll find a lot of people living here.,okay okay.,oh this one's a clown.,it's a bird.,you're going to eat this banana.,okay.,I'll try.,that's right.,well that's a great idea.,you can put the meat on it.,this one's a cat.,well you can't get the cat out of the box.,and I'll have my own.,uhhuh.
oh you're a big boy cat.,it's a kitty kitty.,where's the dog.,they're bouncing off the wall.,they're in the oven.,who's in the kitchen.,okay let's try again.,and here's a new one.,look.,that's good.,what is that.,you gotta go in the bathroom.,oh yeah.,I'm going to make a turtle.,we're going to the grocery store to get the things we need for the house.,and the steering wheel is the part you use to turn the car right and left.,I don't know.,you're not gonna eat that.,they're onions.,okay.,uhhuh.,he's so little.,well he's pretty good at fetching but he's not very good at walking the dog.,how about some cereal.,what.,it's called a kitty.,that's okay.,look at the wheels.
what's this.,there you go.,look at that cute little dog.,you're gonna go to the trucks.,yes.,well.,oh look.,they have some fruit in them.,and then the bunnies.,who's this person.,you're looking at the elephant.,you're right.,the dog came.,the horse is in the barn.,well there's the bed and the dresser and the mirror and the bookshelf and the fridge and the tv.,you want me to take you where?,okay now they're in the box.,look at the bird.,what's in that.,I see. I like the trucks.,this is the best thing in the whole world.,look at those little monkeys.,they have two little puppies.,yes.,you want to go get the kitten.,a cat.,you know what's funny.,that's a good car.
here's a kitty kitty.,that's a cat.,come on.,bang bang.,here's the egg.,okay.,no you can't.,yeah you can put it in there.,what's a cat.,that's a sweetie.,it's a frog.,okay let's go and get some food.,what do you say when you're at the park with your friend.,you can't go to the zoo with a stuffed animal.,a carpet.,they're both in the backseat of the car.,do you wanna play.,you know what.,what's on this.,yeah.,you can use this one to get them in the box.,and he eats his breakfast.,do you know what that's called?,there's another cup.,hey what's this.,that's a good idea.,that's your dad.,uh huh.
kitty kitty.,c'mon.,yeah.,what do you have.,yeah.,okay I'll put it on the table and you can take a bite.,you got a banana.,you don't need to put on so much.,yes.,do you like a little girl's name.,oh look at the caterpillar.,what does she say.,oh you're just so silly.,the goat.,yeah I'll tell you what.,oh they're called car tires.,you gonna have to have the truck come out of the box to put it in the playhouse.,I see a bird.,it's not a good idea to eat the bread.,there you go.,I'm going to get some toys out.,wow.,oh my goodness.,okay.,do you know how to say cat in French.,yeah.,oh it's a great idea.,it's so funny.
I don't think we have a cat.,where's your cat.,here's a dog.,you have your toy.,this is a carrot.,okay.,they're good.,do you like cheese.,yeah he's sleeping.,and we have three little kids in our family.,you can look at the cows and their baby cows.,it's a house.,what's this?,yes.,yeah.,okay.,here's your truck.,you want to say.,here's a little cup of water.,the car.,it's a big red ball.,can I help you.,we need to get the doggie.,oh I see.,they like to have cat treats.,oh that's so good.,you know what a dad does.,yeah.
and we're going to put them in the box.,kitty.,look at this big brown dog.,put it back.,well.,yes.,who's that.,let me get the food.,he's got a wolf.,I'll give it to you.,yeah.,oh that's not right.,you're gonna be a good boy.,and he's a big bear.,it's your house.,well let's see.,there's a little doll.,a parrot.,how do you say mushroom.,wow.,okay.,okay.,right.,they're not ready.,you can't play with them.,I love cats.,okay.,a truck.
and see.,look at the cat.,oh.,look at this one.,what is that.,let's put this in the oven.,we don't put that in our mouths.,that's right.,and a bee.,did she have a car.,what.,yeah we went to grandma and grandpa's house and we had dinner with them.,uhhuh.,they like to eat the little birds and fishes and they eat them and they eat them and they eat them and they eat them.,you go to school in the morning.,go get a toy car for me.,there's a little boy in that one.,"oh, you have a beautiful bird.",yup.,wow wow.,and then we got a box and we opened it and there were all these boxes and there was a box of crayons.,that's a bird.,they're called labs.,where's the food.,and they're called kittens.,oh what's this.,and what does she do.,oh I think we're in the car.
you want to put the cat back in the box.,it's a cute little cat.,the dog is looking for you.,they're playing in the sandbox.,look at the cereal.,yes that's right.,no honey.,they're gonna go on.,I see a squirrel.,you're right.,oh yeah.,oh I'm not going to the playground I'm not going to the playground.,oh.,do they have any hair.,yeah.,and it's like this.,so what else did you play with today.,we're going to see the hawk.,it's just a little bit.,what is that car.,they're all right.,I'll be right back.,what's that dog doing.,it's really good.,no no no.,I'm going to make a cat out of this.,can we get some.,car is what you ride in.
can you see the cat.,and cats.,oh yeah yeah yeah.,it's a little ball.,and what are we eating.,well she's a big girl.,here's some bread.,here's your rice.,you see the elephant there.,the cousins and the grandparents and the aunt.,yeah I bet.,that's right.,that's the puppy.,yeah you can get a little one.,it's really hard to get to your feet.,I'm gonna try and get you in the car.,you're gonna go to the store and get the ones you want.,bird.,yeah.,what's this car.,I don't know what it is.,there's a bird.,oh that's right I remember.,that's it.,the cat was a baby.,what's that.,so they're going to be there.,look at the car.
there's a cat.,it's a cat.,what's that.,I'm gonna get a ball.,and a piece of chicken.,do you see that.,I don't know what you're doing.,look at the banana.,that's a bunny.,okay.,they're both mice.,there's a baby.,oh he's going to the vet.,oh yeah.,okay.,he's gonna get on the back seat.,do you remember who's gonna go in the back.,you could make it with a feather.,they're very sweet.,what do you think the car does?,you'll have to be careful with the ones on the table.,I'll put them all together now.,that's a good idea.,hm.,they're kittens.,it's a girl cat.,yeah.,nope.
cat.,come on over.,oh my goodness.,it's a truck.,you can eat it.,pea soup.,that's a tomato.,do you like those.,do you have a lamb.,no.,that's right.,I'm going to see your daddy now.,oh.,look at the ducks.,can you put it back on.,look at your hands.,they have two eyes and they are in this box.,you got it.,yep.,go ahead.,you'll need to pick one of those up.,I'm just going to read the book.,that's a dog.,that's good.,and you can sit on the couch.,a cat.,hey buddy.,look at the cars.
oh where's the kitty.,oh that's a cat.,can you say dog.,you gonna throw it.,okay.,good.,look at that.,what are you drinking.,this is a lion.,it's okay.,they're going to get you.,they were just coming home from a party.,that's a poodle.,okay.,so let's see if we can get your whole family in the house.,uh what's the car.,no.,bird.,yeah.,okay.,you're right.,oh that's not a dog.,oh yeah.,did you make that.,oh she's so sweet.,you gotta be very careful with the cat.,how did you meet them.,there's a car.
oh a cat.,he's a kitty cat.,he's playing with the dog.,there's a ball.,you get a cookie.,yeah that's a banana.,good.,the baby is getting ready to eat.,what kind of fish is that.,and the family is.,that's a bunny rabbit.,did they say thank you to the people they saw.,he's so big.,look.,can you make a bed.,you know it's okay.,it's a truck.,he goes down to the bottom of the pool.,do you think that's some kind of meat.,car.,no.,you know what? they're very interesting.,look at that dog.,that's right.,what's in the basket.,he's a very very good boy.,they're not.,what's that.
yeah.,oh a cat.,yeah that's a dog.,see that.,do you want to give it a hug.,yeah.,wanna have some more.,you're gonna have some.,they're both in the zoo.,let's call daddy.,there's a squirrel.,well then let's put on your shoes.,I don't know that dog.,you want me to give you some of that pink.,I'm gonna take your jacket off.,you wanna hear about the car.,it's like a bubble wrap.,I'm not sure what kind of bird it is.,we're going to get out.,I can't even.,a baby doll.,it's a bunny.,oh that's not your dog.,what's this.,I think it's a kitty.,oh.,yeah.,oh and what do you see on the back of this car?
you're like a big cat.,yeah a cat's a cat.,what's the name of that dog.,look at that.,can you get him.,let's put it in the oven.,and the other one.,here's some carrots.,you know you're going to get a dog.,who's mom.,oh those are the people that live in the park.,so we went to the zoo.,there you go.,okay.,you can put it on the chair.,that's a car.,okay.,a hawk.,the potatoes.,okay we can take a picture of the car.,this is a little green frog.,right.,and she's going to come to visit us.,oh yeah we had a salad.,he's a kitty.,that's a pussy cat.,that's right.,see the seats.
cat.,here's your cat.,oh my dog.,good job.,here's an apple.,you can't eat the egg.,you can have some fruit.,do you remember what we said about the cake.,okay.,who's that.,and a bear.,oh.,yeah they're both in the yard.,yeah.,she's got her bed.,yeah it's got to be the car that's the only one that's got a whole bunch of wheels.,let's see what we can do.,there's a little bird in the tree.,what's that.,it's so fun.,I'm going to put the cars on the train.,okay.,that's a good dog.,you're right.,what's the cat doing.,oh no.,oh no.,you're going to be my driver.
I don't have any family.,we gotta get a birdie.,honey.,I like cats.,oh I see you have a little dog.,yeah.,see.,kitty.,I see a cat.,look at the bird.,yes.,you have a cat.,where's the potato.,yeah.,you wanna play with those.,what do you think the bird does when it sees a cat.,that's a big dog.,oh you see that's a water tap.,and a piece of apple.,okay.,they don't work.,where did you say mommy went to work today?,you can tell them they're birds.,I'm gonna put it in the box.,a lot of animals have fur.,no they're not going to eat me.,yeah.,oh that's a car.
you know what he does.,we can get a book.,and then there's Dad and Mommy and me and the cat.,kitty kitty kitty.,that's a pretty dog.,he wants a new one.,oh.,I'm not sure what it's doing.,oh okay.,see the birds.,no.,the cat is climbing up the tree.,it was really nice and yummy.,bird.,I'm gonna sit down on the floor and take them all out.,it's a bluebird.,that's a good dog.,they can't make that.,yep.,no you're not supposed to eat them.,what's that.,oh I know exactly what you mean.,I think it's a robin.,that's a train.,no I didn't get it.,okay.,this is a dog.,see the lights.
what's that.,it's a birdie.,I don't know.,see the cat's tail.,what a good dog.,yeah that's a toy car.,there you go.,look at the cat.,do you like the cat.,"yeah, and then the baby birds are going to be born.",yes you can do that.,and that's a cat.,do you have any other ideas.,what is this one.,what's that.,bird.,see what's in the bag.,it's a very pretty house.,this is a little cupcake.,I have some paper that you can write on.,and that's a big doll.,that's right.,it's a robin.,no.,oh I know what she is.,did the lion eat the zebra.,I love dogs.,what's it called.
what's your brother's name.,here's a little bird.,that's your sister.,a cat.,come over here.,that's a house.,you get a lot of toys.,I got a cat.,he's not a kitten anymore.,there's a bird on the roof.,I'm gonna put a little bit of this on.,you know what we need to do.,we have cereal and milk.,wow.,look at the car.,oh no.,you know.,a little boy and little girl.,it's the same as when you were little.,okay.,yeah you can see this one.,oh I'm going to go take a picture of you and daddy and Mommy.,hey there what bird is that.,can you tell me about that.,do you want me to read it to you.,what's that.,that's a big dog.,well you're just gonna have to wait for Daddy.
you got a mommy and a daddy and a brother and sister.,a bird is sitting on a branch.,you're a very good girl.,I'll go get it.,this is a big dog.,and put the other one in the box.,that's a car.,yes.,there's the cat.,there's a bird in the air.,I think the two children have something in common.,oh we've got a cat.,it's called bubble gum.,you're gonna be okay.,okay.,this is a bird.,what's this.,and we're going to make the house.,you know what I mean.,you want to put it in the corner.,and then they would just lay on top of the toys.,what's that.,uh.,it's a toy.,right here.,what's that.,they're so cute.,yeah.
well you got a big brother and a big sister.,you can see it.,and your brother.,that's a kitty.,what's that.,hey little guy.,and I'll put them all on the table.,and they're going to get out and they're going to get lost.,the cat.,what's the bird.,yeah.,can I go to the park with you.,it's all right.,uh huh.,see the toys on the floor.,where did he go.,oh okay.,wanna go outside and play.,you have a little bit of this and a little bit of that.,let's make a little house.,okay let's put that away now.,"no, I just want to say that I love you.",it's a bird.,can you get your pink and white doll.,okay.,what's this.,so that's the one that the police got in trouble with.,wanna put it back in the car.
I love you.,and a bird.,we're gonna go play.,that's a cat.,come here.,it's just a stove.,I think you're ready to go outside.,it's a kitty kitty.,he's a little boy.,there's a bird.,yeah.,there's a cat.,and that's a nice thing to drink.,a robin's a beautiful bird.,and they're called play horses.,a duck.,where's the dog.,yeah.,and it's going to go on my head and my face and my body.,it's a house.,so that's what it's like.,yeah.,the little bird is having trouble flying.,what's this.,what are you looking at.,and then the cats.,she's a nice dog.,you get in the car.
that's right.,there's a bird.,yeah I think I know.,and now we're gonna have a little cat party.,"yes, that's right.",you're going to take a bath right now.,this is a doll and this is a bear.,oh that's a big cat.,that's a cat.,where's the bird.,and mommy's got some friends who's going to be there too.,no it doesn't.,you want to get it out of there.,they like to eat seeds.,"oh, I forgot the bunny.",what kind of bird is it.,what are they doing.,you can.,and I'm gonna make you a peanut butter and jelly sandwich.,the bedroom.,we're gonna read to her.,oh look at that.,a hawk.,okay.,I know.,what about the monkey.,that's right.,they're in the garage.
oh that's your aunt.,he's a bird.,you're my sister.,oh my goodness.,doggie.,yeah.,you've got a truck.,yeah.,a little kitten.,there's a bird sitting in the tree.,you're gonna put the book on the table.,oh yeah.,so I'm going to take you and I'm going to show you what it's like to get in the car.,there's a bird.,oh.,he's a little duck.,let's put on your hat.,he's gonna turn on the lights.,you need to wait for the rest of the meat.,you're gonna be like a pirate.,can you play with the toy.,we have a mom and dad.,no bird's name yet.,the cars are the wheels.,she is a crab.,no I mean the bunny.,okay let's get some bubbles.,oh.
okay let's go get Mommy.,a little bird.,here's your father.,wow.,what's that.,come here.,can you say.,what's this.,this is the cat.,it's a black and white bird.,you're right.,and then there's a cat.,we can have some.,we're going to put a bird in the birdhouse.,right.,he's just sitting down.,and the dog's name is Fluffy.,okay.,where did you put it.,you know what I love to do is to make the house clean and tidy.,yeah they're in the playroom.,who's that.,what's that bird.,you know what that's like.,what about.,wanna make them a little.,where's the dog.,you wanna go on the car ride.
yeah.,oh that bird has a little beak.,yeah they're pretty sweet.,wanna put the cat on the table.,look at the dog.,here's your book.,oh.,you like that little cat.,cat.,oh look at the birds.,I see.,wanna see this.,do you know what we're going to do with this.,see the blue jay.,hey look at this.,see the bird in the nest.,oh yeah.,you've got some of my candy.,and then I'll pour it.,how's the toilet working out.,I don't think we'll need that.,Mommy and Daddy.,we have a bird book.,oh that's a toy car.,I'm trying to remember what the animal's name was.,look at all the little pets.,they are very well trained.,let's get the car out of the garage.
oh you're right.,a bird.,yeah that's right.,okay.,do you see that dog over there.,there's the bed.,we're gonna make the cars come in here.,there's a cute kitty.,well you know what you can do is you can put that cat in the crate and put him up on the counter.,you know what.,and we don't talk about them too much.,no it's not a cat.,you need more bread.,that's a bird.,you know what.,"oh, a sparrow.",a dog.,you're not supposed to do that.,he's eating.,"oh, that's a good idea.",look.,oh yeah.,and then they fly.,yeah.,you're a good animal friend.,he's a bunny.,there's a dog right here.,let's see. let's see. let's see.
"Mommy's family is made up of me, Daddy and you.",it's a little blue birdie.,and then Daddy's here.,do you see the cat.,yeah.,what are you doing.,you can put them in the box.,there's a cat sitting on the porch.,there's a cat.,bird.,it's a very nice house.,it's very cute.,I'm not hungry.,what's this one called.,it's a toy.,it's a robin.,you know it's funny how the dog barks at nothing.,"okay, what's another thing that's in your house.",this is for your lunch.,where are the keys.,he has a toy train.,okay.,it's a big bird.,oh.,where's the bunny rabbit?,that's right.,do you think he's a boy.,right.
and mommy.,oh a bird.,do you want a hug.,you're gonna have a big cat.,yes you can have a bone.,you know.,go on.,cat.,you have a cat.,he's a hawk.,and we have some pictures.,okay.,okay.,the little chick was so tiny and yellow.,I think you have all these.,this is a bird.,it's a dog.,how many rooms are there.,"well, I think we're going to have something for dessert later on.",and you'll have a nice clean bathroom.,oh that's right.,did you go see Mommy.,you know when a bird sits on a telephone wire and you can't hear it because the phone is off.,okay.,and they are all kinds of animals.,this is a good question.,that's a cute dog.,I wanna see the car.
who are you and who's that.,wow look at the bird.,they're going on a cruise.,cats are like kittens.,oh look at the dog's tail.,they're in the house.,I think you wanna have a cup of water.,there's a little kitty.,oh.,what's that.,yeah.,that's right.,oh that's a nice cake.,yeah it's a bird.,"yeah, this one's for you.",that's a cardinal.,and they're gonna be going down the street.,I washed the car.,and it's a good meal.,can you move that to the side and put this on the chair.,you know what I mean.,yeah.,yeah you know what I think they do is they're like these big kids in school they have all these friends they have these big friends.,oh.,where's the bunny.,you don't like it.,we have a dog.,yeah.
that's right.,oh look at the bird.,that's the dog.,cat.,go and put it on your bed.,and then we'll go to the library.,there's a little boy in the book.,come on.,that's a cat.,there's a bird.,they're both good friends.,oh look at the cat's tail.,okay.,you want to go outside.,what is that.,yeah there's a bird over there.,what's that dog.,where's the dog.,okay.,this is a house.,oh they're gonna be very pretty.,okay.,bird.,let's go get them.,no they're not.,you're very good at telling what the animal's name is.,wanna go get the dog.,right.
you know you're gonna be a big brother.,a bird.,can you see Mommy's hair.,that's a cat.,no.,where's the bedroom.,you can't play with that.,and then they'll be a big happy cat.,what's that.,little birdie.,okay now I'm gonna start to talk about my family.,they're going to the vet.,I'm sorry.,you're going to get a big surprise.,you gotta do it.,that's a hawk.,right.,and then you can put your toys on the table.,that's a good idea.,let's go out.,okay.,who else is in the family.,he's sitting on a branch.,yeah.,here's another one.,the penguin.,I'm sorry.,oh.
and they're all family.,there's a little birdie.,you want me to get you a baby doll.,we'll get you a cat.,where's the dog.,and now we can sit and read books together.,you can put them in.,look at the kitty.,I'm going to give you the cat to look at.,bird.,you have a sister.,cat.,you know when you eat you have to take a napkin.,I'm not sure what kind of bird it is.,okay.,that's a robin.,it's a dog.,I don't think so.,no that's not a banana.,I'm sorry I'm in the kitchen.,you gotta get it back.,the daddy and the mama.,it's a bird.,you're gonna take your toys out of the bag.,what's a cow.,there's a dog.,they're a nice big dog.,there's your car.
you're right.,look.,do you see Mommy and Daddy.,oh look at the cat.,see.,we're gonna have a house party.,what does it say.,you've got a cat.,she's a girl cat.,what's that.,are you hungry.,we're going to play.,yeah.,a bird.,the train went.,where's the bird.,you want a dog.,oh that's not funny.,that's a very nice picture.,we'll just put it on top of the fridge and the kitchen table.,I'm gonna make this one for you.,can you put them back.,yeah.,there.,and you can get a pet.,yeah.,that's a puppy.,and then go down the road.
hey.,bird.,and Daddy.,yeah.,and a dog.,put your feet up.,and now you have all the toys.,the kitty is scratching up my arm.,and the cat has a tail.,where is the bird.,you wanna play with the family.,oh.,I don't know.,well they're birds.,that's it.,it's a little bit of a big bird.,it's a big dog.,I'm sorry.,it's gonna be a good meal.,you put it in there.,oh that's good.,yeah we don't have any.,look at this one.,they're not in the room.,you like cats.,we should get the bunny out of here.,they're both big dogs.,and then you drive your car to the grocery store.
wow that cat is big.,okay.,that's a cute dog.,and then she's a cow.,do you want some more of that.,it's a bird.,a. go ahead.,cat's out of the bag.,it's not on.,and then they're all in a zoo.,you can have one for your birthday.,let's get the car.,and it's a giraffe.,no but we can go down the stairs and see the bunnies.,I'll take the doll and I'll take the train.,that's a fire truck.,you're right.,that's a tire.,oh.,it's not a dog.,there is a piece of cake in that dish.,we're gonna go visit dad's mom this weekend.,let's put it in the freezer.,you wanna go see the house.,that's a cute bird.,you want it.,well if they're not going to play then they're probably going to sleep.,that's right.
kitty kitty.,I'm sorry.,I'm gonna go take a nap.,go and find the giraffe.,what did you say.,birdie.,see the dog.,what's that.,okay.,you wanna go outside.,let's see.,a car with tires.,wanna play with this animal.,that's right.,yeah.,okay.,yeah.,see that car.,uh huh.,he's in the forest.,uh huh.,you don't have to.,I'm sorry.,it's a big house.,a bird.,that's a doll.,I'm going to the park with the dog today.,oh you're going to be a big sister.
see the cat.,okay.,wanna put it on your shoulder.,the caterpillar is crawling.,yes.,we got a bird.,and see if there's one in there.,here's a cat.,we're gonna go get a little piece of bread.,see this baby.,there's a little girl in the front yard with the train.,uhoh.,you know what's interesting about that.,what's that.,what's this.,I can see a toy in the sink.,you like animals too.,that's a motorcycle.,yeah.,they have three legs.,you wanna eat something.,the cows on the farm.,okay.,and then we go to bed.,you wanna watch it.,that's a big teddy bear.,yeah.,no we have to leave.
it's a cat.,that's a bathroom.,okay.,I think we'll go get the puppy.,I think so.,he's a little duckling.,that's a really nice dog.,and then the cat went.,there's a bedroom.,here's a duck.,yeah.,you have a red car.,yeah that's right.,that's a horse.,yeah.,oh.,well you know there are lots of animals and they're all over the earth.,do you want a stroller.,oh you see the car.,here's a bear.,you can't eat that because it's hot.,we'll be back in a minute.,we're going to go to the salad bar and put lettuce and tomatoes and peppers on our sandwich.,hey look at the house.,you wanna have some more bird seeds.,I'm going to throw that ball.,you go play with the other dogs.,and there's your cousin and her friend.
a cat.,let's go.,you're gonna put a bone in the dog's mouth.,that's a frog.,no you're gonna get it.,what is that.,you can't eat this one.,oh he's got the eye in his ear.,what's in your room.,and I'll be there.,it's got a little box.,okay.,yeah.,that's a good idea.,wanna see the other toys.,the boy who was the boy who had the toys.,do you see a sheep.,and you'll be a carpenter.,go get it.,oh.,I don't know what that is.,you're not getting into bed with me.,you like pancakes.,you know it's a cool place to be when you can have your own room.,there's a red cardinal.,let's make it.,what's the name of the dog's name.,okay you know what.
kitty.,there's a house.,oh.,see the pig.,right.,he's a nice bird.,they're going for a ride in the car.,there's a cat sitting in the chair.,wow.,a cat.,the big one's the right one for you.,that's the car.,we have to.,you know what they say about the tigers.,let's put these back where they belong.,I'll bring that for you.,and then we went over to the zoo.,is it on the floor.,that's right.,okay.,this is the best way to eat them.,and the kids.,"oh, you need something.",and when we get home we can go outside.,he goes flying.,no we'll play with the blocks.,they're barking.,and I guess you guys go to bed together.
see the cat.,oh yeah.,and they're barking.,he's gonna play with the bear.,I'm sorry.,there's a bird.,yes.,we're gonna go get a kitty.,you gonna move it.,that's a goat.,there's one.,yeah we've got a nice little car.,and a baby.,oh he doesn't even like the little puppy.,can you say playroom.,you're gonna build a castle with your blocks.,it's a panda.,this is a car.,the car is in the garage.,that's a cow.,oh I don't know.,and who's the other one.,right.,"okay, see you next week.",oh yeah.,it's a car.,that's right.,you know what else we have.
cat.,oh look at the house.,right.,we'll go down to the park.,oh yeah.,it's a robin.,dog.,it's a cute cat.,yeah.,oh look at the big bird.,here's one.,where are you taking us.,the cats the dogs the birds the fish.,it's a caterpillar.,what do you think you're gonna play with.,let's see what he's doing.,and that's a cat.,it's really old.,you see a car.,what is that.,that's right.,can you go get your dad.,okay.,where does the house go.,a bird.,what's that.,"oh, you got a dog.",oh my gosh.
kitty kitty.,here's the house.,a little dog.,go away.,Mommy's baby.,a. okay.,let's play with the dog.,where's the cat.,do you have any crayons in here.,what is that.,okay.,you know how you go on the bus.,that's a moose.,he had a little bunny.,there's a blue truck.,they're both on a tray.,and a little bit of this.,and then the tire goes back on the car.,I guess you're going to have to find a way to make that stop.,yeah.,can you say it.,he's going to have to get a job.,I'll just take a quick look.,you've got a bed in there.,that's a robin.,oh you need to put the cars away.,they're both called dogs.,who's that one.
come on.,no.,oh look what he did.,can you see the monkey.,that's your daddy.,go back to the zoo.,oh.,he's a cat.,he's sitting on the chair.,and the chickens come out.,oh yeah I see you did.,oh my gosh.,so then we gotta clean up.,so it's just one.,can you tell me what's in the box.,and this is the little boy.,yeah I've got some more of those.,and they go zoom zoom.,"oh, so you're a car.",and that's a horse.,how about you take a peek at your brother's tray and see if you can see what's on his tray.,okay.,and then you go to the stove.,she's got her own little couch.,there's a bird there.,you know what's in there.,yeah.,they're still there.
"oh, a cat.",here we are.,see the dog.,that's a monkey.,oh you got a family.,little bird.,wow look at that dog.,hey there.,"they have a big, big house and they have a lot of rooms in their house.",you're going to do it with your feet.,where's the dinosaur.,what do you think we'll see today.,okay.,you got some cows there.,and then they go.,it's a ball.,right.,yeah and that's what we need.,that's a car.,she saw some cows and some pigs.,that's the cereal.,that's right.,you know what's good.,"you can't put your books down, you'll break them.",and a blue jay.,are there any cars that you like.,there's a dog in the backyard.,yeah we had our cake yesterday.
oh the cat.,the house.,and then you have your furry friend.,what's this.,yeah.,a bird.,oh what's this.,you wanna get a cat.,yeah.,this is a baby rabbit.,you have a big truck.,you know what.,I think you know how to say cat.,oh I can't wait to get to the zoo.,you have the train.,what's this.,wow look at the big kitty cats.,okay.,and I'm gonna put it in the car for you to go to school.,and what was that.,you gotta use the spoon.,there was a lot of people there.,what kind of milk.,no it's not.,what's a bird.,that's right.,the dog's ears are big.,they're all together.
where's the kitty kitty.,look at the table.,come on let's go get your coat.,doggies.,okay.,there's a bird.,a dog.,yes that's a cat.,wanna go outside.,okay.,right.,and then she's driving.,that's a big elephant.,he's got a very nice name.,I'm gonna put the doll on the chair.,okay let's see.,you wanna go.,there's a truck.,you know what's on the car.,oh those are some big cows.,okay.,he's not like ours.,honey it's not yucky.,I need to go to the garage.,oh bird.,here's a ball.,see all the things he's doing.,I see.
oh yeah.,look at the house.,right.,I see a bear.,see that's my cousin.,look at the birdie.,there's a dog.,it's a cat.,yeah.,what kind of animals.,you have a car.,yes.,you gotta hold the crayons down on the paper.,a cow.,I'm gonna put them in the box.,you want to keep them.,you can't get the hiccups.,you got the car.,okay now we're gonna go on to the next car.,I'll be with you.,okay.,we're having a party for you.,oh.,how did you get on the floor.,wanna see if we can get some more bird seeds.,we'll have a look.,she had a cute dog.,yeah they have a baby.
oh look at that cat.,yes that's a house.,he's a boy dog.,what's this?,what's that.,uhhuh.,wanna go for a walk.,wanna see the picture of the cat.,the roof is on.,they're called ducks.,it's a tiger.,and then you'll put the car on the floor and you can put some toys in it.,you mean where they are from.,that's a lion.,this is a baby.,are you getting your car out of the box?,yeah.,and go to work on a day that's not a workday.,I think it's a car.,what do you think about the sheep.,yeah.,yeah.,it's a hamburger.,oh yeah.,it's a blackbird.,okay.,he's the boy who lives on the farm.,that's a nice tissue.
yeah.,I think I'm going to do that now.,the big dog.,can you tell me about a baby lion.,yeah it's your favorite.,wow.,the dog's name is.,that's a cat.,oh.,that's a horse.,no that's a train.,that car doesn't run.,that's what you said.,we'll put it in the box.,okay.,look at this one.,okay.,oh a car.,what did we do on the car today.,that's a good idea.,that's right.,okay.,can you put your hands together.,a house is something you build.,okay.,you don't need the toy to play with.,they're going to the park.,we're going to go to Grandma's and Grandpa's.
oh that's a cat.,you see a door and a window and a staircase.,wow.,look at the pig.,let's put a blanket on the chair.,that's a bird.,he's a baby.,that's a cat.,yeah they're the same.,what kind of animals are they.,that's a car.,you know what they say.,oh.,you can have some fun with this.,are these toys the ones that you're gonna take to school.,I'm gonna play with the truck.,it was nice.,well see the car.,okay.,what about the turtle.,I can see you got some butter in your hair.,yes.,that's what we call the little spoon.,you can't do that.,it has a red neck.,okay.,you got a dog.,can I take out the trash.
hey.,this is a house.,here's a dog.,where's the baby elephant.,oh hey.,here's a bird.,oh there's a dog over there.,that's a cat.,well they're not here.,they're pigs.,are you going to play with these.,they're.,you can eat it and make it into a pencil.,that's a lamb.,there's one.,right.,I'm gonna give you a treat.,they don't need the car.,and what's that thing called that goes on the car.,and that's a sheep.,well that's right.,yeah.,it's a banana.,oh.,you could put a little bird in your hair.,you wanna play with the trucks.,yeah.,oh.
there's a cat.,hi.,okay.,baby.,oh they're my grandparents.,oh.,this is the dog's bed.,can I take it to the vet.,oh.,they're a bit of a mess.,oh that's a good idea.,look at the wheels.,see the cows.,yeah.,I'm gonna play with this one.,and he's a little man.,you can't go to the zoo with me today.,it's a little scary.,you know how to drive a car.,what's the name of this one.,okay.,and when you're with your parents.,there's a cake and it's a red velvet cake.,I'll put a piece of paper under it.,I saw a bird.,okay.,that's a big dog.,I thought you were going to give the dog some treats.
you're having trouble with the kitty.,there's a bird.,go away dog.,you're a little duck.,yes you can.,yeah.,where's the dog.,this is a cat.,and it's got a lot of windows.,what does the dog say.,you wanna play with the dinosaurs.,yes.,and you get a pig.,yeah.,and they're so pretty.,oh I thought you were playing with the doll.,do you want me to put it in the refrigerator.,okay.,that's right.,we can get a puppy.,we can do that.,yeah and I'm gonna sit on your feet.,it's not too hard to do.,oh.,you know what that is.,I can't get this one open.,okay.,yeah we're supposed to go to the movies.
go fast.,and a cake.,look at that car.,this is a ball.,and then it goes and it says paw.,yeah you can see it.,where's the dog.,come here.,oh you're just a baby.,you don't want to do that.,where's the baby in the house.,what's that?,oh what's that.,okay.,what's that.,and a cat.,okay mommy says it's time to go home.,what's that.,well you know what we're going to do now is we're going to clean up the house.,oh that's right.,here's a car.,there's a nice lady named Mrs. Lee.,a car.,and then the cat came back in and the bear went to sleep.,do you see that cat.,we'll put a little water in there.,do you want to see the house of my house.,yeah.
car.,you know what we're going to do today we're going to go to the park.,wow.,can you find it.,there's a cat.,oh what's that.,come on.,that's the cat.,no she's not.,oh what a lovely kitty.,you know what's a good one.,and it's my mother's birthday today.,what are these called.,and you can put it on the car and then you can go.,where's the elephant.,and the mama duck and the little ducklings.,Mommy's working on the car right now.,oh it's very pretty.,you're in the kitchen.,there's some lettuce there.,you know what I mean.,okay.,he's going to make a car out of this.,they're so adorable aren't they.,you know that cat.,I'm going to make some soup.,okay.,do you see the cat.
what is that.,it's the dog that's gonna bark.,oh.,yeah.,wanna see.,car.,oh we have a dog.,look at that.,oh yeah.,what's that.,there's another toy in there.,that's a nice dog.,wow.,car.,it's a bunny.,oh oh the tiger is here.,oh.,do you see the house and the dog and the kitty and the birds.,whoops.,a hamburger and a burger.,what's that.,okay we have to throw it out.,well that's it.,it's got a long tail.,this cat's called Kitty.,that's so good.,there's one.,"oh no, oh no."
we're going to see the car.,yeah.,and then you put it in the car.,oh.,here.,see the little tires.,doggie.,there's a big cat and a small cat.,that's right.,they're playing with each other.,okay.,yeah.,hey.,can you see the truck.,yeah.,oh.,who are those people.,what's the room called.,you're looking for something.,do you want some cheese.,are those two toys.,and we have a lot of food in the freezer.,oh.,he's a kitty.,what's that.,and what do you think it is.,so here we have a house.,oh what's this.
it's a car.,right.,hey.,and a pony.,the cat came out.,go ahead.,yeah.,look at the cat's tail.,I'll put it on there for you.,oh it's a cat.,wanna play with the cars.,who's gonna get us on a bus and who's gonna get us on a train.,this is your bed.,a car.,it's a tiger.,you have the little guy.,you think she's gonna tell you.,okay.,so the wallpaper is all the way around the house.,I think that's a banana.,I think you're going to like this one.,that's right.,wanna see the car.,oh I'm not sure but maybe we can just sit right here.,and there's the cat.,you know.,that's a bathroom.,you wanna draw a cat.
I got a car in the garage.,Daddy and I.,we're going to drive the car.,okay.,there's a cat in the house.,put the car away.,that's a dog.,a cat.,you're gonna be a big brother.,you're gonna get a cat.,that's the one.,I don't know why you think that.,it's okay.,car.,that's a baby.,okay.,we had some people over for dinner.,oh.,yeah.,okay.,okay.,you eat it.,and then they go down and it's a big roller coaster.,and then we'll get the cat ready to play with.,I'm going to see if there's a cat outside.,we'll be drinking milk.,it's the house that Jack built.,and then it'll go on a mission and it's going to go on a mission to find some cat food.
and it's gonna go.,you got a family too.,oh look at the car.,I'll put the blocks in the box.,and here comes the cat.,okay.,he has a long nose and a big mouth.,oh what's this.,okay.,where's your cat.,okay.,I'm sorry.,we're going to the store to buy some new things to put in the house.,I don't know if I can do it.,oh that's an ant.,that's right that's right.,oh.,I'll go in there.,well we're going to go down the hallway and then into the bathroom.,no we don't have any more cookies.,there's something over here.,you put the cheese on.,that's a car.,see what you did.,oh no.,what are you drinking.,let's look at your house.,oh my goodness that's so funny.
see the car.,yeah.,go in the car.,what's this.,go.,we can go back there now.,oh.,and that's a cat.,yeah.,come on.,look at all these toys.,you can play with her.,there's a little boy and a little girl.,you're gonna get a little sunburn.,you're very good.,this is a kitty kitty.,you're my big brother.,you can put that on the shelf.,you know when we're talking about the house.,okay.,it's called.,no.,okay let's try this one.,that's right.,there's a cat on the windowsill.,yeah we have some green grapes too.,oh.,what kind of cat is this.
oh yeah.,there's the whole family.,wow.,what's this.,and a cat.,come on car.,you're going to be a good big dog.,he's gonna go down the slide.,you can't take your baby out.,let's have a cat in our dollhouse.,here we go.,yeah.,okay.,can you see the car over there.,you know what he's going to eat.,do you like the giraffe.,that's right.,this is the front door.,I don't think we should go downstairs.,oh it's a chicken.,and then you put the toy car in the box and you put the toy truck in the box.,okay you can take one of these bags and we can throw them away.,and then the next car came and then the car after that and then the car after that.,come on let's see what he's doing.,you want to play with the cat.,oh I'll tell you what you can make with it.,yeah that's your bedroom.,wow.
look at the car.,you're a big sister.,wow.,you can play with that.,oh look.,see car.,oh yes.,this is a cat.,did you know that daddy and mama have the same hair color?,and they have their own special names.,you don't have a cake.,okay.,yeah that's a nice house.,uh oh.,it's a horse.,they're called ducks.,and then we were like okay well we can do a nice little family.,oh you're at the house now.,and then the toilet paper.,let's make some chocolate chip cookies.,you got a purple one and a yellow one and a red one.,right there.,hey look at the car.,it's a cat.,what are those.,do you think the dog would like some milk.,you're right.,you know the kitty cat.
there's a car.,what's the other one.,see the car.,look at that.,it's a cat.,there's a car.,you can't tell them.,that's a cat.,what's that.,and then you'll have a cat.,I'm gonna get my big blue truck.,hey sweetie.,okay.,you like your car.,what did they do with them.,no we're not.,and we're going to see Daddy on Saturday.,that's a chair.,oh the door's not open.,you have to be very careful.,the pumpkin.,I'll be right back.,you got the car.,there's a cat that's a cat that's a cat that's a cat that's a cat that's a cat that's a cat.,he's a kitty kitty.,they're not very big.,he's getting dressed.,right.
that's right car.,oh that's Daddy.,that's a car.,what's this.,he's not a cat.,it goes.,wanna go to the zoo.,what's a cat.,yeah.,see the cat.,you know what you wanna play with.,I'm going to get the dog.,and then he just kind of fell asleep and went to sleep.,you know what it is.,can you say animal.,you know it's really nice and soft.,that's daddy's.,oh.,okay.,I think the baby was hungry.,can you put them all on the top shelf.,no we don't eat in the kitchen.,we're going to get in the car and go to the zoo.,oh that's a cute little kitty.,that's the cat's tail.,you know that's a piece of cake.,okay.,you've gotta go get the cat.
there goes the car.,see mommy.,look at this car.,he's looking at the truck.,oh look at the cat.,you can play with it.,look at this little puppy.,can you say cat.,where's mommy.,do you see the cat.,they're both playing with a doll.,do you wanna go in there?,yeah they're the right way.,that's a truck.,that's a fish.,the lions are sleeping.,yeah you're gonna get a car.,let's put them back where they came from.,what does this one say.,oh that's a nice one.,let's get some new toys for the kids.,yeah.,it's a car.,we're going to sit on the chair and we're going to look at the cat.,"see how it says, kitty kitty kitty.",okay.,you can't eat that.,oh there's a cat.
look at the car.,we're all together.,and the car goes.,oh that's a pretty truck.,what's the cat doing.,oh look at the car.,hey.,and he was a kitty cat.,you know I'm gonna see how you're going to go to bed.,what's that.,here it is.,no.,he's not very tall but he's very strong.,what's that car.,you're a monkey.,where did we see them.,you know who's my favorite family member.,it's got a blue roof.,okay.,that's good.,you know what he's doing.,what do you do with your pencils.,and the car goes down the road and it's a good car.,right.,oh look at that.,oh.,okay.,they were scared of him.
we're gonna go for a ride in the car.,okay.,it's a car.,I love your hair.,come here.,we're gonna get you a toy car.,there's a dog there.,that's a kitty.,they're not right now.,a cat.,oh.,we're having a birthday party for your baby sister.,how about this.,you know I'm gonna go ahead and take out the front seat and we'll just drive around the parking lot a little bit and that's it.,what's that.,they like a nice treat.,so the family is having a party.,oh I'll be right back.,well if you want to sit down you can.,oh okay.,yeah.,we're going to have some dinner.,no.,what's that called.,here's a cat.,I think it's a pizza.,okay you know what's underneath the couch.,"it's not the cats, it's the dog."
oh what a great car.,that's Grandma.,I'm going to see if they're still at the car.,who's that.,look at the cat.,go to the back of the car.,that's a big brown dog.,he's a cute little kitty.,did you know you have a family.,what's this.,they're in the sandbox.,he has a brother and sister.,let's look at the house.,okay.,the lions are just like their dad.,what are these?,I'm going to put them in the dishwasher.,and you could go to the house and you could sit in the house and you could play games and you could read books and you could eat your food.,there.,you wanna eat some of that.,and the other one says huh.,we're gonna get some carrots.,the car has wheels and a steering wheel.,what kind of cat is it.,you're a cat.,no you can't.,okay.,you wanna go get it.
come here.,and then we go home and we have a bath.,"okay, we'll put it in the car.",ball.,you're gonna have to go and sit down.,look at the car.,and then the dogs jumped all over.,oh there's a cat.,and Daddy's in charge of the trucks.,and they're nice.,it's got a cute little face.,you're right.,well there's a stairway up to the bedroom.,he's a truck.,that's right.,so when she's ready to go on the road she has a little road with wheels that she can push down.,she's her sister.,there's the garage.,I washed the bed.,you're gonna get that.,what are you doing with the toys.,you're going to put the milk in the cup.,they're called bumper cars.,you know he loves that.,it's a cat.,you could try it.,I'm sorry.,that's what I told my mommy.
here comes the car.,yeah.,where's the car.,what's that.,do you see the cat.,okay.,do you want a new dog.,come on let's see.,and who's that.,a cat.,this is a dinosaur.,I think they're having a tea party.,that's where we live.,this is a bus.,that's a giraffe.,no.,I'm going to go see mommy.,and you're on the bed.,oh look at the blue table.,so there's some carrots in there.,right.,yes you can.,you gotta watch your back.,and then you put your fingers on the side of the box and you pull.,and what would you like to say to the cat.,it's a banana.,and the kitchen.,hey we have a cat.
here.,who's this.,that's a car.,this is a train.,you want to put the caterpillar in the hat.,that car.,wanna see the dog.,we'll see you tomorrow.,oh I got a bunch of crayons.,there's a cat.,you have a big box of toys.,that's right.,we're not in the house.,yes.,the cows.,and the baby kangaroo was born and the mommy kangaroo brought the baby kangaroo to her mommy kangaroo.,who is this?,we're gonna have a lot of fun.,where is the door.,I'll put the mashed potatoes in the bowl.,and then he got the big red ball.,oh what is it.,it's a cool car.,well I guess we could get some milk for it.,they're right next to each other.,you put it on your face.,and we'll be back in about two hours.,come on.
that's a car.,good girl.,yeah.,you can put the ring on the ring and on the doll and on the doll.,honey.,you wanna turn the key.,here's a big dog.,what's this.,you know the thing about the family.,you like the cat.,what's that.,you wanna go to the park.,let's turn on the light.,it's not a car.,I see.,so.,I have a friend's name.,that's your mommy's house.,do you see.,they're called pancakes.,and then it's time for dinner.,this one's got a hole in it.,okay you know what. I mean it's really not that hard. We're just gonna start from scratch. We're gonna start with a new set of wheels.,it's called Mister Mushroom.,and that's a cat.,okay.,I'm going to put it back in the box.,what's in the box.
we're going to play with the baby rabbit.,no it's not a cookie.,and a bird.,right there's a bunny.,you can't.,uhhuh.,bird.,and the house has got a porch and a porch swing.,and you're going to make them too.,birdie.,he's gonna eat you up.,you can use them all.,yeah that's a cow.,we got some more.,that's right.,that's a lot of dolls.,you wanna draw a bird.,oh you're just going to the store.,you wanna see.,do you see the little kitty.,you have a dog.,what's that.,see the wheels.,oh I guess that's the cat.,car.,oh I don't know who you are.,that's a bird.,a robin.
and we're gonna make it so the monkey can see the fish.,okay.,"no, no.",and she had the most amazing little baby.,what's that.,a bird.,there's a bird there.,I don't know.,oh that's the family picture that I got from my mom.,yeah.,a dog.,I think it's a purple one.,I'm going to look at the animals in the book.,do you wanna do some building with the blocks.,oh yeah.,see the red one.,they can fly over a mountain.,no it's not there.,it's a car.,that's a cat.,come on.,you can have a little bit of this.,that's a car.,okay.,well the car needs to be washed.,he's your uncle.,the duck is going to go for a swim.,that's a bird.
oh look at this.,look at the cheese and the ham.,little birdie.,that's a nice little rabbit.,oh you can't play with the cat.,there's a bird sitting on the branch.,look at that bird.,oh what's that.,that's right.,look at the bird.,that's a dog.,oh it's a toy box.,where's your little lamb.,no no.,he's got a big blue ball.,yeah.,they can fly.,I'll call them and they'll come to get you.,they're going to drive to the beach.,what's he doing.,that's a cute little dog.,it's a chicken.,wow you're a good driver.,come sit over here.,and there's a car.,my mommy and daddy.,oh that's just like the cow.,you wanna see the chickens.
that's right.,here's a yummy drink for you.,go bird.,can you say elephant.,you see the kitty.,oh what bird.,this is a robin.,and here's the washer and dryer.,okay.,wanna put on your cap.,do you know what's this one called?,that's right.,and then the chickens come home to roost.,yeah you're right.,and that's your piggy bank.,okay.,you know that's a sparrow.,I don't know.,no.,and the kitty is sleeping.,oh.,yeah I don't know about that.,right.,that's right.,I have the car.,okay.,and then we'll put the pigs in the pen.,that's a hawk.
you gotta go to the zoo.,and then we're going to make some cheese and we're going to put that on.,you know.,right.,cat.,bird.,okay.,it's a little bit.,I'm not sure.,wanna go get a bird.,yeah.,yeah that's right.,what's that.,that's a red one.,and the ball will fall off the stairs.,you know.,wow.,you're in a car right now.,no you're not a car.,there's a cat.,you know what he likes to eat.,it's got something in it.,okay.,and the cat had a ball.,a car.,who is the lady that looks like she's going to make you feel better.,I see it.,bird.
a kangaroo.,yes.,oh look a bird.,that's a horse.,there's a cat.,yeah.,what's that bird.,who's going to clean the house.,oh yeah.,see that bird.,can you say dog.,let's see what we can get with them.,it's not going to be a cow.,you like to play with your blocks.,what's that.,right.,we're going to make a bird.,it's a Toyota.,yeah.,well he's not gonna get wet.,let's see what's in this box.,you don't eat cereal with a fork.,and they go on four wheels.,it's got a tail.,there's a truck in the sky.,yeah I'm gonna take care of her.,it's a cat.,that's a turkey.
you're doing great.,you like that.,little birdie.,the little kitty cat.,what's that.,this is a bird.,there's a little bird in the nest.,oh there's a door.,oh yeah.,no.,so.,that's right.,oh.,oh okay.,we'll make a doll house.,you'll have a race to see which one goes the fastest.,what's that bird.,okay you can't put the car on the table.,there's one car.,it's a big cat.,oh my goodness.,where did you get those eggs.,oh yeah.,here you go.,"this car has a nice, low rumble.",that's right.,that's not a horse.,yeah there's a big bird.
he's a baby cow.,pee.,bird.,you're like a pig.,do you wanna see a cat.,oh a bird.,oh the ducks.,yeah.,you're right.,he's a little baby bird.,and the dog is a dog.,here.,okay so we're going to write down the name of the animal.,there's a toy truck.,where's the dinosaur.,and I'll do it again.,you know it's a little birdie.,what's this?,he wants to see if the car is all right.,and then he went to bed.,it's a dog.,what's the name of that.,yeah.,he's not gonna play with you.,car.,my mommy and daddy.,you know what I mean.,it's like a bird.
a kitten.,huh.,bird.,do you like the giraffe.,okay.,that's a bird.,there's a bird outside.,and we're gonna take it to the house.,who's that.,a bird.,he doesn't wanna be picked up.,yes.,what are they.,okay okay.,what's that.,you're going to put that in the box.,the bird is singing.,let's turn the steering wheel to the left.,you're going to get a car.,oh you don't have a cat.,so then you get your ball and throw it.,do you want some grapes.,yeah.,yeah it's a cat.,the car is going to the gas station.,what's that.,that's a dog.,see this.
oh they're so cute.,yeah.,look at those birds.,you have a bear.,there's a cat.,birdie.,a robin.,you gotta keep your toys organized.,she has a brother.,there's a little bird.,okay so you can look at the pictures of the animals and think of a name for them and then you can write it down and we can put it up on the fridge.,what kind of toy is that.,we need to find a place for that.,and a ball.,what's that.,you're gonna play with these too.,you want me to take off.,yeah.,and a big car.,the cat's eyes were bright.,do you know what a dog is.,do you want the spoon.,yeah it's a nice car.,oh look at that cat.,oh okay.,they were having a party.,you know what you say to a cow.,he's a dove.
there's a bird.,what's that.,wanna have some bird.,can you find a cow.,see.,what's that.,see the bird.,that's a good one.,let's go back to the house and get the pizza for dinner.,little bird.,we can look for a dog in the park.,you're not gonna play with it.,no it's not.,and what's in the basket.,okay.,can you show me the blocks.,you know what? it's a bird.,and it's just the wind that's blowing it all over the car.,oh and the car's not that far from the carpenter shop.,oh I remember I think.,it's a bull.,you know it's very hard to make a sandwich without a knife.,he's gonna go and he's gonna drive and he's gonna go to work.,I guess you just want to see what you can do with it.,yeah.,it was all a very nice thing to do.,see a little pig.,hey bird.
look at the little bird.,oh no.,a bird.,bunny bunny bunny.,there's a cat.,you know what a pigeon is.,uhhuh.,you're gonna go out to play with your toys.,and then we'll go to the zoo and see the monkeys and the giraffes.,oh the bird's so tiny.,you like the dogs.,yeah.,what's that one called.,you got a toy.,okay.,oh that's right.,yeah we can.,no.,there's a car.,she was wearing a fur coat.,oh it's not a real dog.,okay.,where did you see it?,you're making a new cat.,what's your name baby.,oh that's right.,you like puppies.,oh.
he's a little duck.,no.,hey bird.,where's the duck.,we're going to put this cat on the bed.,no bird.,we'll have to wait until it's a little bit bigger.,okay.,we can.,and this is a duck.,what's that.,and then we can take it off.,he's a big dog.,oh you're making a mess.,hey.,and a toy.,what's a bird.,he's got a new car.,well I'll put it back in the trunk.,and he was just looking for a place to lay his head.,okay.,this one's for you.,and it makes cars.,you like cats too.,wanna drive that car.,and you have a sibling.,and the lion.,hey bird.
yeah.,oh that's a good idea.,and birds.,oh what a big one.,you know you can pet her.,see that little blue bird.,that's a bird.,a bed.,you like to have lunch with Daddy.,that's a robin.,you're not gonna play with that are you.,you don't like those.,it's a chimp.,you know what we're gonna do.,okay.,can you show me where the trucks are.,it's a red robin.,oh look at that car.,yeah you can make the car go faster by putting a different kind of gas in it.,oh.,he's a big dog.,well we'll see.,that's a great car.,can you see the kitty.,well the car's the one that moves.,okay.,okay.,no you're not a bird.
the lions.,you wanna eat.,we're going to have a little birdie.,see the ducks in the water.,cats.,what bird is that.,you want to go get a bird.,oh this is your kitchen.,right.,you can't touch the birds.,there's a dog in the back.,oh.,oh.,oh it's okay.,can you give them to him.,I think the kids are taking their toys to the store.,oh yeah that's a turkey.,you're gonna get a car.,and they go fast.,well we're going to see what's going on with the cat.,I'm gonna put him down and then we'll put the turtle back in the water.,this one.,I'm sorry.,you know what that means.,and a car.,and he got a good laugh.,okay.,there's a bird.
and the little duckie.,that's a little bit of peanut butter.,wow.,what's that.,kitty.,that's a bird.,a robin.,oh this is the sink.,what's this?,that's a great bird.,oh no.,the big one is.,and they're so good for the baby animals.,okay.,what is this.,I have a cute pink bear.,what's that one bird called.,car's all set.,oh yeah.,yeah.,that's a puppy.,you can do it.,you go see them.,what did she do.,that's a nice car.,that's right.,what animal.,oh I think it's a duck.
goat.,you know what's good for your tummy.,hey look at that bird.,there's a tiger.,what's that.,look at the bird.,there's a bird.,what's that.,what's that.,there is a bird in that nest.,see the dog.,well I'm going to go get her.,and the animals and they're just running around in the snow and they're having a lot of fun.,and then put them away.,yeah they do look like that.,wanna see.,there's a bird sitting on the fence.,see how she's got four wheels on her.,oh.,that's a kitty.,what's this one called?,that's okay.,what kind of car is this.,oh yes.,and you can put all the stuff in the car.,who are you talking about.,and the duck is also the duck.,what bird do you think it is.
oh I know.,yeah.,I think it's a duck.,and here we're going to go see the zoo.,and then the cat comes out.,do you see the birdies.,and the bird says.,okay now where are we going.,what's that.,a bird.,there's a big dog and a little dog.,here's your bicycle.,where's your pet.,they're right here.,and then you put the box on the floor and then you put the toys in it.,oh this is one of your toys.,little birdies are very beautiful.,hey what did he do.,oh.,look at that cat.,what's the word for this little animal?,okay.,it's a car.,no.,"I'm sorry, I don't know.",it's nice.,this is a giraffe.,it's a robin.
and if you look at the screen.,yes that's right.,what's this?,what's this one.,yeah that's a cat.,that's a pigeon.,what's that.,come here.,did you see them.,what's that.,it's a black one.,I'm going to throw you in the toy box.,that's a nice blue and red dog.,that's a teddy bear.,can you show me your toys.,you know where the stuffed animal is.,the bird is flying.,what does it say on the car.,you wanna go outside and play with your car.,there's a kitty in the tree.,yeah.,no we have to take out the trash.,okay.,okay.,that's right.,and Mommy is a nurse.,oh.,this is a robin.
look at the animal.,you eat all of your food.,they look like birds.,he has a little hat.,you have to hold the cat so it doesn't get mad at you.,there's a bird in the tree.,little bird.,oh what's that.,who's that.,they're in the woods.,they're playing.,no.,it's a rabbit.,you want to play with the dollhouse.,they're all good.,hey hey.,the hawk is perched on the branch of the tree.,what's that.,let's go see them.,and then I'm going to take a bath.,the dogs.,I don't know.,no it's a car.,it's a nice picture.,you can drive the car.,you can use a hand mixer.,she's a baby goat.,a bird is a very small animal.
look at the dog.,oh here's the baby bear.,you can eat that.,that's a bird.,where's mummy.,hey bird.,wanna make some food.,we're gonna go to the store to get stuff to fix the house.,here's a little car.,do you want some.,that's the big ball.,and it's a pretty bird.,that's a big tiger.,and we're gonna go to the park.,oh what's that.,come on we're going to see the cat.,oh and then they had a big party and they all came to the party.,that's a duck.,she's got a big shelf and a bunch of books.,can you pass me the salt.,oh.,okay now we're going to put the dog in the house.,what.,this one is so cute.,that's right.,you like that one.,they are cute and they're funny.,yeah that's the house.
who's the dog.,what a big rabbit.,no.,and that's a bird.,we're a family.,yeah.,you're gonna eat the food.,the house.,there's a car.,what are they.,you know what you're gonna do with that.,see the bird.,we'll have a whole house full of dogs.,yes.,it's a duck.,you're gonna draw on the paper and make a cat.,and it makes a really big noise.,hey what's that?,can you give me the ball please.,yes.,they're pretty.,that's a dog.,you have to wait until he gets up.,you know what's funny about dogs.,that's right.,the bear is sleeping.,and that's the dog.,oh.
there's a dog in the house.,baa.,peas.,a bird.,yes.,that's a robin.,let me see what's in that.,well you know what I have.,that's right.,you're gonna have to eat all of it.,and you can make them all go.,you can feed them.,I don't see a giraffe.,okay.,that's a hawk.,that's right.,you see those spiders and a butterfly and the ladybug.,it's a black bird with a red belly.,that's your daddy's house.,and then you'll have the ice cream.,yeah.,this is a baby dog.,look at the tiger.,okay.,oh they're really loud.,and what about that one.,well it's a nice dog.,so we don't have a lot of time.
the dog's a little bit scared.,a puppy.,they're all gone.,there's a bird in the tree.,you're going to get in the car.,yeah.,that's a good one.,you're right.,that car is a red one.,you like peas.,and the one with the lady.,he said they're called pigeons.,I think the cows were in the field.,it's a house.,yeah that's a bird.,you know it's not a cat.,and they're not really birds.,the bird is on the branch.,we can't get in.,it's kind of like what you're eating right now.,and they're made out of a material called wool.,see the dog and the cat and the rabbit and the mouse.,I think we're gonna see a pony.,do you wanna put it on.,that's a duck.,oh no.,I'm going to sit down.,oh no.
it's a dog.,and she's a little monkey.,that's what they're made of.,it's a bird.,oh I see.,look at the birds.,look at the apple.,oh.,I'll be there in a minute.,that's what we do when we're cooking.,you know.,yeah.,no.,well that's really good.,a birdie.,it's a cat.,the kitty.,he's a sparrow.,where are you gonna put your dishes?,can you give me the knife?,it's a big house.,what's that dog doing.,he's in the hospital.,yeah.,that's a duck.,and they eat the leaves off the trees.,he's a little dog.,that's a bed.
wanna get it off.,do you see any lions.,cheese and crackers.,wanna put it in your hand.,who is that.,baby bird.,this is a sour pickle.,it's a house.,I see.,you want some cereal.,okay.,oh that's a pigeon.,see how they're digging.,okay.,you have a blue bird.,there's a little kitty cat.,oh wow.,that's a parrot.,you can't have a bath without your clothes on.,you can't put that in the blender.,did you ever see the carpet that was in there.,I love dogs.,the dog's not really a dog.,uhhuh.,you can draw a bird.,she says.,that's a dog.,it's so nice to have a house.
bark bark.,oh.,mashed potatoes.,you have a bird.,hey.,what bird is that.,no.,what's on that.,you wanna look at the car.,I'm gonna give you a cupcake.,what else do you have.,you're going to see if it's real.,what do they do with their arms.,I have to go and I'm just gonna stay in my room for a while.,he's a little birdie.,we have a cat and a dog.,yes.,the bird.,where are the keys.,yep.,did he do it.,oh.,do you think we'll see some more.,we're going to go.,that's right.,you know what.,what's that dog doing.,no no.
wanna go see the dog.,right.,you like it.,there's a bird on the telephone.,oh this is mommy and daddy.,look at the bird.,I'm gonna get you a bite.,they're going to build a house.,and there's the car.,that's what's in it.,okay.,this is a pigeon.,oh here's a cow.,that's not a toy.,that's a hawk.,I'm not sure what that is.,the elephant had a tiny little foot.,they're flying over the mountains.,and then we'll have a party with all the guests.,yeah.,it's called a room.,she's gonna go to the kennel.,look at that.,she said.,they're called peacocks.,oh we don't want to hurt them.,the dog.,you can have one cup and we'll put the rest in the refrigerator.
doggies.,okay.,here's some.,there's a bird outside.,Mommy has four brothers.,that's a chicken.,and then you eat it.,no you don't.,it's so hard.,that's right.,you got some.,a sparrow.,yeah they're babies.,oh you have a house.,oh wow they have very pretty feathers.,"we're gonna read this book called ""The Cat in the Hat"".",we're going to put the cake in the oven.,see a bird.,what.,right.,it's nice.,right.,okay now we're going to look at the animals.,this is a dog.,they're called what birds.,"he says, hi.",oh that's just like a little dog.,you're in your house.
wagging wagging wagging wagging wagging wagging wagging wagging wagging wagging wagging wagging wagging wagging wagging wagging wagging wagging wagging wagging wagging w,there's a bear.,cheese.,bird.,they're my parents.,what's that.,you can eat that.,they're.,car.,I'm just gonna give you a little bit of honey.,what's that one called.,it's called a chicken.,right.,we'll start at the top.,there's a bird.,let's see the cat.,and that's a lamb.,yeah.,do you remember that little red wagon that had to be pushed back and forth.,uhhuh.,you've got a house.,where's the dog.,wow.,you wanna see the dogs.,and then she flies away.,where's your cute little horse.,I see.,that's right.
woo.,you have a bear.,look at the fish.,wanna hear a bird.,can you see them.,what is this.,we're gonna have some tuna.,"okay, let's get you out of that house.",you want a car.,they eat.,this one is too big.,the baby bird has a yellow belly.,that's right. That's a puppy.,so they go in the fridge.,I'm gonna go down to the pond to get a picture of a duck.,hey.,what's he doing.,uh-huh.,what is that.,what's that called.,you need a ladder to get on the roof.,you got the little dog.,and that's a horse.,uh huh.,and the bird's wing.,okay.,what is that.,I think you're right.
here's a big brown dog.,bunny rabbit.,yep you wanna eat that.,we see a bird.,no.,bird.,they're not here.,oh there's your toys in the toy box.,you don't know what a car is.,here's some butter.,no it's a toy.,a bird.,yeah I'll give you some money.,we're going to the store.,do you know what it's called.,there's a cat.,can you put the milk back.,a bird.,there's a bed in the house.,you're a good eater.,wanna build a house.,there's a dog.,and you need to feed them.,oh you need to brush your hair.,what kind of bird is this.,it's a little bit of a puzzle piece.,oh.,no.
a dog.,where's the kitty.,yeah.,it's a bird.,okay.,look at the little duckie.,yes.,you go in.,a car.,what's that.,the dolls.,there's a bird in my house.,that's a big giraffe.,oh you're going to love that.,what's a bird.,you can get the cat.,there are all sorts of cats.,there was a bird.,no.,well maybe you can make some.,they're really good for cooking.,let's go see if he's here.,see the beavers.,they're so big.,you've got a bird book.,that's a rabbit.,oh my gosh.,yes.
good boy.,hi hi.,here's your banana.,wow.,see my family.,you know what he's got.,yeah.,I have a picture of a house.,see the car.,what's this.,where is the doll.,he's gonna be a bird.,you know what.,oh oh oh oh oh oh oh oh oh.,hey baby bird.,I love your cat.,there's a baby bear.,oh look at the little birdie.,the house that Jack built.,what are you making.,can you see the red and the blue and the yellow and the green and the orange.,let's go and find out.,and they're all sitting down and they're all sitting down on the chair.,and the dog would bark.,it's a pretty bird.,he's a bird.,no.,what's that.
look at the dog.,that's a puppy.,yeah you're right that's a lot of food.,there's a bird.,and now.,there's a bird flying by.,I see a baby.,hey let's turn on the lights and then we can go play.,oh.,they eat in a very very nice room.,you can play with those.,a bird.,a giraffe.,we'll make the house.,see that big yellow bird.,do you have a cat.,nope.,that's a great idea.,they're the same.,okay.,okay.,well you know what it is.,wow what are those.,see.,uhhuh.,he's just a little one.,oh they're so cute.,they're on the stairs.
come here.,that's a bird.,that's right.,go flap your wings.,right.,oh bird.,and now we're going to put the rice in the pan.,they're in the closet.,and there's a truck.,oh.,you see it.,little bird.,wow.,oh the house was built on the hill.,oh look at that blue bird.,it's a kitty kitty.,that's a crab.,that's right.,okay.,what's that.,the doorbell rang.,I'll put the dog in the car.,right.,what kind of dog are you.,that's right.,I think they have their own special way to live.,the dog's gonna sit down right there on his bed.,oh.
doggy.,and the giraffe.,this is a yummy cookie.,look at the bird.,let's see you find a ball.,oh.,oh look.,you see the toy house.,go on in.,I have some water.,well this is a very interesting one.,there's a bird outside.,no no no no no no no no no no no no no no no no no no no no no no no no no no no no no no no no no no no no no no no no no no no no no no no no no no no no no no no no no no no no no no no no,and then we'll go to the store.,there's a bird sitting in that tree.,yeah.,do you like elephants.,the bird can fly.,oh yeah you know where.,yeah.,how many rooms in the house.,where's the dog.,he was the one that got in trouble.,oh let's see.,and you'll get some of that.,no it's not a goose.,well you've got your dog on a leash.,and a table.
there's a dog there.,doggies and cats.,I don't know.,bird.,no.,look at that bird.,here's your juice.,you can put your shirt on.,you can take a nap when you're in the car.,and then he just like said.,and you can.,yeah.,I think the rabbit has a big nose.,you know we have a house.,that's a duck.,oh what's that.,I mean like the bunny.,and it's a bird.,I'm going to put my shoes back on.,they're not.,okay.,and you want a little bit of chicken.,they're really nice.,he's a good dog.,what's that.,the pig's got a mouth and a nose and a mouth and a nose.,oh you're right she is a good dog.,and then we'll go home.
oh you're a cute little puppy.,where is the puppy.,do you wanna eat.,look at that bird.,we're gonna get you a ticket.,it's a crane.,peas.,well.,we're gonna have to go to the car rental place and get a car that has four wheels.,I don't know.,look at that.,he's on the back of the turtle.,oh.,oh I see.,there's a duck in there.,the cat's in the bed.,you know that's a giraffe.,we have some ducks on the farm.,okay.,uhhuh.,can you say house.,see the dog.,what's that.,you're right.,that's a sparrow.,I'm gonna get the camera.,they're really big.,and then you'd take the dishes out of the dishwasher.
bark.,okay.,yeah.,little birdie.,okay.,there are a lot of birds in the tree.,"no, not yet.",yeah it's in the garage.,oh we're going to get in the car.,oh that's right.,oh that's the blue truck.,a duck.,and that's a hawk.,and there's a door.,what is this.,and she's gonna put her tail on top.,the little kangaroo has three kids.,he's a bird.,well I'm going to get out of the chair and go to the bathroom.,there you go.,so where's the chair?,that's a dog.,yeah.,that's a dog.,look at that little bird.,and then he's got a wagon.,we gotta get him a little something special for Christmas.,we're going to the house.
there's a bird.,look at the rabbit.,oh look at the big brown cow.,bird.,they're very big.,oh.,come on baby.,right.,that's a cat.,it's a peanut.,that's right.,you want to go with the dog.,okay.,well then you can sit on her lap.,how come they don't have a lot of food here.,look at this.,and then we eat.,and the pumpkin seeds.,well we have a nice little dog.,that's a cat.,oh look at that.,the ice cream cone.,where's mommy and daddy right now.,you wanna hear a funny story.,yeah they're really good.,and then they'll be happy.,yes he was just a little bit older.,it's a puppy.
bird.,a turtle.,little rabbit.,baby bird.,you're so clever.,oh.,there's a cat.,he's not ready.,oh look at the kitty.,yeah.,can you put your arms around me.,and the dog chases the cat.,do you wanna see a cat.,do you remember what it's called.,yeah.,look at this.,no.,that's right.,you could make him a little bit of food.,the cats can't go inside the house.,this is a house.,and they put that on the turkey.,the kids are all playing in the yard.,oh my goodness.,no.,can you put it on the table.,I think I have to go to the bathroom.,well.
there's a bird.,oh here's a horse.,oh.,that's a bird.,okay.,they're just a little toy.,what's that.,who's that.,yeah I got that.,he's gonna be a big baboon.,yeah.,and it will help your dog to play and to learn and to grow and to get better and better and better and better.,and it's the cat.,it's a big family.,yeah.,it's a little birdie.,I think we should have a family reunion in December.,what's that.,we'll just put it on the floor.,that's right.,yeah we have one.,it's very yummy.,I mean I think we're a very good family and we love each other and we're happy.,it's a family picture.,where's the pizza.,yeah.,that's right.,can you tell me how to do that.
a bird.,the panda.,kitty.,what's that.,oh.,you want to open the box.,we'll see a cat.,oh.,cats.,we're going to get some peaches and some grapes and some juice.,no we're not going to the store.,where's the bunny.,you're my friend.,we're having a party at your house.,you know the little kid from the movie.,there's a baby bear in there.,so do you think that's your daddy's shoes?,I don't think it's gonna work.,that's a dog.,we can go to the store and get some cat food.,you can't take the whole house.,you gotta have to have meat.,yes that's right.,mommy is really good at this.,you got the carrot.,okay.,well we're going to go to Grandma's.,yeah.
wanna hear a bird.,do you want to play with the dog.,you know you got a little bunny.,go look at the bird.,Mommy's sister.,this is a toy.,the cat.,oh it's time for bed.,that's not a kitty.,are you a good boy.,and you know that's how you're gonna make them.,well what's that.,I'm not sure.,well.,oh you're having a hot dog.,oh you're right.,no he didn't.,and the french fries.,there's a dog in the yard.,that's a cat.,that's what I thought.,and that's what the toast is called.,right.,no.,this is peanut butter.,you can't eat that.,and you're gonna sit here.,can you say dog.
bird.,yeah it's a fish.,what's that.,look at the bird.,you wanna have some more cookies.,yeah it's yellow.,it's a cat.,let's do that.,and a cat.,that's a nice taco.,what is that.,see that's the tail of the dog.,it's a cat.,you mean that Dad's got a little girl.,that's not the right way.,yeah.,well the other kids are going to see if they can find the gnomes.,no.,he's very hungry.,and a cat.,it's not there.,he's wearing a hat.,can I get up.,I'm going to show you the back of your t-shirt.,that's right.,you're gonna get a bowl and a spoon.,you know what.,you need to look at it.
there's a bird.,a lion.,wow.,do you want the birdie.,yeah.,that's a caterpillar.,cat.,the baby is sleeping.,what's that.,we're gonna get you a spoon.,you're the baby.,see.,oh.,Mommy was talking about the family.,no we're not.,where's your lion.,they're two sisters.,yeah that's right.,okay.,there's one.,oh no.,no it's not.,did I tell you that I'm making cookies with Daddy today.,hey what did you do.,what's that.,we're going to go to the pumpkin patch this weekend and we're going to get a pumpkin and we're going to make a pumpkin pie and we're going to eat it for dessert.,you're not gonna have a brother or a sister.,wanna have a little kiss.
hmm hmm.,oh look at the chickens.,that's a wolf.,that's a bird.,hm.,yes.,the cat goes.,"oh, oh.",cats.,you can do the thing with the juice.,it's all gone.,you said it.,it's so sweet to see the kitty's happy.,you know.,what did she do.,oh yeah.,and we're in a movie.,that's right.,you can sit on the dog's back.,oh here's a cat.,well we're going to get your crib ready to go in.,what.,it's okay.,oh my gosh.,okay.,you can have it with the yogurt.,and then he's going to work with his brother.,what do you think dogs do.
look at the bird.,what's that.,"and they're just like me, they have to have a home.",what's this.,look at that cute bunny.,who's in here.,wanna draw a cat with crayons.,oh you're doing a good job.,you think it's a cat.,they're in the cereal box.,they're not going to come to the party.,do you see the dog in the bed.,and we can take the cat to the park.,so you're just gonna be a dad.,we don't have to worry about that.,a hare.,I don't know what you mean.,I'll help you.,yeah you know they're not supposed to bite people.,that's a cute cat.,okay.,you gotta take the ice cream off the waffles.,that's the baby.,that's right that's right.,okay.,okay so let's get it.,oh my gosh.,okay.
what a cute little bird.,can you see the rabbit.,that's right.,yeah.,hey.,I think you're gonna put that there.,see that's a kitty.,no.,that's right that's a cat.,that's good.,and daddy and grandma.,you should not have the cat in your bed.,here's the cat.,oh that's really good.,well you can't put your food in your mouth until after you've had a drink.,you know.,that's what Daddy's job is.,yeah.,they're very big dogs.,the cat has fleas.,there's a table right there.,you can't have that.,she's not very good at sitting on the floor.,okay let's go home.,oh and it's gonna get really good soon.,yes.,I'm not sure.,do you see the dog.
it's a little birdie.,oh look.,do you wanna sit on a cow.,wow.,there's a family in the box.,do you see the bear.,there's a cat.,I'm not gonna say no because you know I love you and that's not a question.,you know the cat.,who's it for.,hey.,a cat.,you can just hold it in your lap and let it go in the grass and it'll run away.,you know what.,he has a little carrot on his face.,well he's like a little piggy and he's a pig.,and that's who you're going to visit tonight.,what does that say.,there you go.,I don't know how I feel about it.,you wanna have a tea party in your kitchen.,we got a tuna melt.,do you wanna eat a hot dog or a hamburger.,there's my aunt and there's my aunt and there's my aunt and there's my aunt.,I'm gonna make a little salad.,uh huh.,"you know, I'm not sure.",that's a big one.
there's a bird.,a horse.,he's a good boy.,what's that bird.,mommy.,and that's a truck.,huh.,what.,yeah we're going to read a story.,we're going to the grocery store.,yeah.,what's this.,you can't play with it.,that's right.,so I'm going to give you a couple of things.,okay you can see.,so do you think they're okay with it?,oh yeah.,oh that's right.,it's just a lion.,wow.,you can't eat that.,you know they go to work and then they come home.,what's the story of the day.,this is.,it's not a good idea.,yeah.,there's a dog in there.
it's a bird.,you got a cow.,they're not real.,a bird.,I'm sorry.,look at the truck.,that's a cat.,and then Mommy.,that's a cat.,you can put that in the trash.,and then when you're ready to get into bed you can take your nightie off and put on your pajamas and then you go to bed.,oh this is a picture of a dog.,it's really cold.,I'm gonna go find some people that have a lot of candy.,we're gonna have dinner.,oh there is a rabbit in there.,it's a big crab.,I'm sorry.,you're going to want to play with a dog.,look at this picture book.,there's the kitchen.,what do you think.,that's my brother.,what's that.,what's that.,okay we're gonna get you a little treat after you finish all the food that's left on the plate.,and then you can go on your way.,yeah.
birdie.,what's that.,hey look at this.,we're going to watch the birds.,yes.,are those two toys in there.,that's a cat.,there's a little girl in the picture.,a cat.,you can put this in the oven.,it's not okay.,yes.,where's the cat.,what's going on.,no.,the elephant is in the circus.,oh there's another one.,you wanna get it out of there and then we can eat it.,you're gonna put some water in there.,they're both black.,let's go look at the house.,did you want a drink of water.,you're not a baby.,oh yeah.,you know what I mean.,let's see.,you're gonna be a mommy too.,you see.
there's a bird.,that's a bear.,that's a duck.,little birdie.,okay.,there's a toy airplane.,the cat's going to jump over the fence.,there's mommy and daddy.,what's in the box.,that's an ice cream.,you can sit down.,you know what we have to do.,what's this.,so what's your family like.,do you want some more chicken.,oh you know what.,there's an old man.,hey baby.,okay.,oh that's your mommy's.,oh and I'll get a bucket of water to wash the outside.,I'm not sure that's what you meant to say.,I'm going to put on a little bit of lipstick.,did you remember what we're going to do.,yeah.,that's not in the oven.,and then Daddy comes back.,they're called dog biscuits.
look at the bird.,and he's a monkey.,you want to have a bunny hug.,there's a bird.,oh.,no.,oh yeah.,we need to get a bigger box.,and the kitty.,mhm.,you wanna play with the animals.,what's that.,where's the cat.,you see there's a daddy and a mommy and two little ones.,and a cheese wedge.,yes.,oh you're not really a boy right.,oh yeah.,what kind of dog do you have.,he's a really good guy.,I think there's a crayon on the wall.,yeah we'll get some more.,it's your family.,that's right.,it's so good.,okay.,so we all go to the zoo on Saturday.,this is a picture of a dog.
there's a bird.,what are they.,I have a turtle.,no bird.,there's Mommy and there's Daddy and there's the little girl.,what are these things.,yeah.,that's right that's right.,and the kitty.,who's that.,so he's got like a big brother and a big sister and a little brother and a little sister.,wanna go with the puppy.,yeah.,who's this.,a plate of crab cakes.,I think she's a dog.,you got a family.,you want some.,that's a puppy.,a cat.,she said that she really wanted to get the carpet cleaned because it was really dirty.,I'm going to go get some yogurt.,okay.,who's your daddy.,you wanna try some.,and then you eat.,I think it's a little bit better.,this is a great dog.
what a beautiful bird.,and that's a cow.,uh huh.,yeah there's a little birdie in the tree.,you can't have both of these.,okay.,oh my oh my.,and then they'll put them in the oven.,and the cat is sitting there.,I'm just going to give you some juice.,oh you want me to talk about my family.,let's say it. What's the name of that dog?,she's just looking at you.,they like to dance.,do you want some yogurt with your cereal.,I'm not sure.,I was with my mom and dad.,oh it's not a good time to put your feet on the table.,you need to be careful with the dog.,I wanna hold the cat.,did you put the baby in the crib.,okay.,what's his name.,what is your name.,you're gonna be on the floor in the bathroom.,I don't know.,they're just a bunch of friends.,this is a dog.
there's a bird.,can you say it.,what's that.,what's that.,we're gonna go to Grandma's.,that's right.,look at the cat's tail.,yeah.,he has a tail.,you can have a bit of cheese.,right.,wanna go play with your dog.,do you know how to draw a cat.,you know how to do it.,well I mean you can't eat all the ice cream and then you can't eat all the pie.,yes.,it's very nice.,I'm going to read to you about what's in the cart.,it's a baby dog.,see what's under there.,let's find out what they're going to do with this book.,oh it's gone.,okay.,what.,do you want a drink.,it's like a little piece of cake.,who do you think I am.,you wanna have some cookies with the dog.
you like birds.,can you say goo goo.,you gotta go see the penguins.,bird bird bird.,what's this.,okay.,yeah.,do you remember your grandma's name.,oh look at this cat.,that's the toast.,mommy.,you know what they say.,and then.,that's right.,oh.,yeah.,and grandma and grandpa and aunt and uncle.,you've got some lemon juice on the toothbrush.,oh we're gonna play with the dog.,here's a kitty.,no no you have a big bed there.,you know what we're going to do.,you need to get some more.,and we're gonna go to the beach.,and I'll eat them too.,you can eat your food.,oh what's that.,you see it has a tail that's wagging and it wags its tail when it's happy.
