3 Months,6 Months,9 Months,12 Months,15 Months,18 Months,21 Months,24 Months,27 Months,30 Months,33 Months,36 Months,39 Months,42 Months,45 Months,48 Months,51 Months,54 Months,57 Months,60 Months,63 Months,66 Months,69 Months,72 Months,75 Months,78 Months,81 Months,84 Months
oink .,aygay .,hey you boys can both be in baseball jammies tonight okay .,give me a kiss .,Daniel .,okay .,did you ever see llamas eating their pajamas down by the bay .,that's a fast car huh .,okay .,I think they they've done well in everything other than that .,but the play dough is sticking isn't it .,oh Stan Minnesota and Purdue .,and now what are you doing .,so what should we play with today .,I might just decide to hitch a ride to the hospital with .,it might put sugar in the food and it doesn't need sugar .,oh that would make a very nice bed .,oh .,okay she's making it morning now taking all the nighttime things off .,down .,the part of the what .,did you give the poor kid a knuckle sandwich .,you all keep score .,and that's all you like about the whole program .,you can already read a little bit can't cha .,I point that's the gooey one .,which green lid Laura .
oh what do you think .,yay .,did you get some carrot in your mouth .,eye .,Maggie .,Dada will pick ya up when he comes home .,just like .,here you go .,and I found a friend I could talk to .,shall I turn off the light .,oh that's nice you're .,that kitten is not going to cooperate .,do you know what's happening on this page .,I don't know .,I'm not going to put a dress on you any more .,I'm just going to leave them there .,no .,what .,oh the wood cabin .,put the a over here .,let's lemme take it apart for you .,and nitrogen is in the air too nitrogen .,I can't hear ya .,uh huh .,no .,like this .,what is fun .
you got it .,ah oh he's such a big boy .,there it goes .,no let's not put it over the side .,you wanna see .,bowwow where .,did you hear it .,who wears .,there .,see the brown one .,stop .,don't be so rough .,okay .,you saw your dinosaur while you were flying in the sky .,that's a horse .,maybe we could go help dome people .,oh boy .,what would you do if a giant put you in his pocket .,we can throw it out if you don't want it .,who starts it .,California .,good because if you did what would happen .,that's Colossus .,and closed the door and that's all .,there was a skunk at church .,how do I know .,is that what you're trying to do .
you better learn to hang on to your toys real well .,yeah .,guess Big bird's a boy huh .,put everything in the box .,oh my .,mhm .,oh .,you wanna sit on it .,okay .,you don't wanna go .,Auntie Marion's dog .,Daddy says that when he's being the spickie sparrow .,that's like the little car Seth has huh .,mountain .,a cold is blood .,hi Troy .,okay .,come here .,that was pretty cool .,yeah you know .,yeah .,wanna know what the very first thing was according to scientists .,who else was down there .,why .,well you'll hafta learn that .,in you get .,where .
is that fun .,what are you talking about .,turning .,Mama .,oh .,where's the duck June .,where's the moon .,what do you think about that pumpkin .,she dangled there wondering where is my .,that's Dingo's car .,what can we bake it in .,it moves .,you're sposta show me .,right .,what is .,a hundred dollars just for that .,what was I worried about with you doing gymnastics though remember .,sing that you know the Christmas song .,what do they call the man that swings a way up high in the air .,she should be more careful right .,here are the sliding stairs .,oh in the in the bus .,the fourth letter hasta be the f doesn't it .,very good .,where .,the movie about a horse .,that's a tape recorder .
I'm sorry that's handsome baby boy .,okay .,you can't reach sitting .,elbow elbow .,hihuh .,yes .,oh thank you that is yucky .,okay .,brown .,no you wanna stay in here .,wow she's got a big shovel .,remember the singing and the dancing .,you do .,go to the back door .,oh .,that's pretty weird .,no wait a minute .,she's getting too big .,I'm glad you like it .,how're you gonna do that .,two oh dear .,Daddy why do we use so many words in this house .,is that itchy something .,she sleeps .,yeh .,now I'm gonna break my cookie into two pieces .,mhm .
there he is .,what's this .,let's see if I've made you something .,do you see Big Bird .,stop it .,I'm gonna throw it back to you .,somebody might try to call us .,let her do it .,anyone going to go for a ride .,okay so this is what you do .,oh yeah it's some face paint .,oh .,that's not a very good choice William .,Minnie wait cried Moo .,well can I go now please please please .,I must have missed that part .,we won't make that .,she can put an outfit on her I think think at four o'clock in the morning .,no more slave states that's right he said no more slave states that's right .,one long one .,it must be awful lonely .,can you find any more socks anywhere .,oh .,what's he going to do tell me the whole story everything .,oh well is there something else you'd like to learn at first grade .,let's use some water .,can see .
you wanna hold it like that .,you see the baby .,whatcha doing .,a leopard .,you want play horsie .,I'm gonna shut it off okay .,come on .,can you say .,oh there's all the tractor pieces .,a duck .,I'm gonna turn that off because it's not doing any good .,okay kook .,let's see .,remember you have that book called big red barn .,oh no those are his .,oh you put it back in .,I like it .,okay .,what have you been doing all day .,you're sposta put it in another block not in the same block .,yeah but you maybe want more .,Marky said .,so he just likes all kinds of junk .,what did Madaline do .,toy gerbil .,do we have a rough cloth anywhere .,uhuh .
so messy .,he doesn't go back up anymore .,okay dear .,there's the yellow .,do ya have a sock on .,Pooh Bear .,Bert .,hippo .,and ears too .,so I'm gonna put the ribbon there and I'm gonna write for Griz .,yeah .,okay here's some more .,I think it's meant to be a pretend thermometer isn't it .,you want this big one .,maybe Paul took it .,and Laurie .,isn't that funny .,I don't think you'd like for Rinny to bite you .,what would have happened if they hadn't invented houses .,some more .,two tickets for the Red Sox game .,what did they hafta erupt for .,it makes him look like a man .,is it because she's a baby dog .,you don't know why .,we're just making it the same level as each cup .,you can play with it on our bed now .
still wanna see if it fits in your mouth .,you can hold the birdie .,you put it in .,it's Big bird .,you wanna find the owl in the book .,what's the baby doing .,alright .,Peter that wasn't very nice was it .,huh .,we are .,Daddy thought that we might ride our bikes over on Sunday and eat breakfast at Al's and then go to your school and let you play .,of this .,let's put this one back .,did you go to dancing school .,I will try to fly .,ours doesn't work like that though right .,what is that .,like what .,you have that yogurt dressing remember .,there .,yeh .,how do all those socks get in the wash .,do you remember what happened at the end of that day when we left six flags .,with a .,you put me in a hole didn't you .,yeah but I have .,well .
you want it in this hand maybe .,it's a double one Thomas .,what's the matter .,that's nice .,of who .,a b c d e f .,what do you do with that .,are you taking a little snooze .,what's the bird doing .,I'm all done .,oh .,I put it back in .,okay now try .,what songs did you sing in school .,I think well does it fit .,yeah .,I'm sorry too .,and you turn it .,well close the box and put the box back in .,there must be about a dollar and a quarter in here now .,that's right .,mhm .,that's right .,did anybody give you any jelly beans today .,you almost no .,it has a cup of water in it .,well .
there are some beautiful colors in here aren't there .,what are you looking at .,there you go cutie cute .,hi .,does that mean naked .,put that in here .,one sheep two sheep .,you want the tray back on you have the tray on .,okay .,cause he wanted to know what was new in the news .,wow .,it doesn't have any music .,but this is the ambulance what does the ambulance say .,tambourine tambourine .,kids keep yelling at ya .,we went to the mushroom park .,you can put them up on that thing .,don't pretend like that .,a what .,we're not reading it .,I've never seen this book before .,have a good day .,okay but what will you ride that's what's important .,he wasn't .,they're salty .,she didn't see the movie Rocky and she'd like to know what it's about .,uhuh .
look here's something else I know you like at home can you look at this one .,move your arms .,happy happy happy .,you wanna go to Morgie's room .,Mom .,what's that sweetie .,he's looking at Eeyore's bottom and noticing that Eeyore doesn't have a tail .,Johnny .,I don't understand before you eat your corn or dessert .,okay let's turn the page .,yeah .,how to do this bib .,he likes that idea .,ya can't sing with gum in your mouth anyway .,well that's good for me but not good for my little bear cub .,well alright maybe we shouldn't do that then .,pineapple .,what kind of syrup .,I usually do .,yeah yeah and you know what I think is gonna happen .,I haven't read the book yet .,it's a movie about what's gonna happen in this world in the future .,but looking ahead to when we go again what do you think you wanna be doing .,who is Sassie .,well wait a minute .,I'm almost ready to take a picture .,you work and I'll work .
ahhah .,oh see if you can get it .,so lord knows when that came off and what we've been recording .,aw man I forgot the phone .,you can put it back .,one two three four five .,Nora I'm dancing .,lets see oh you want to color the witch .,it's gonna fall down .,ow .,this is a couch .,okay .,here's another pot .,I can't hear ya .,no .,yes he is .,oh there's a good idea .,big dope well .,Santa clothes are pretty smart .,I like this one better .,yeah .,alert means like it's time for a fire alert .,oh .,well let's put it down right here and you read it to me .,you know what that is what kind of animal that is .,oh .,what's there .
there you got it .,duahduah .,say blah .,no .,oo you figured that out did you .,is that blue .,yes it does fit .,and we are gonna walk a long way .,witch .,oops .,oh no what did you do .,who's Bullseye .,what about these .,she fills our water tanks when they're empty she refuels us when we're out of gas she dries us off when we get wet and much more .,yeah but this is the thing that grandpa Dale wrote about your special puzzle .,oh my goodness .,while you finish your cereal I'll go and get dressed .,why are you dumping stuff on him .,don't rip it .,oh .,do you think that it would be .,what is it called .,did you and Daddy talk about your tornado nap awhile ago .,well talk .,maybe you'll take ballet and .,okay .,you mean Rocky misunderstood you .
yeah Chi .,there you go .,it won't take long .,you would like it .,see bird .,spin .,someone walk in this song .,Debbie her Mom was saying like oh Manuela and Lily was like Manuela .,frozen eyes .,I asked you .,listen to the swaying grass and listen to the trees .,that one is called Edelweiss edelweiss .,her her her baby her pussy cat is gone .,this book is called Dinosaurs Are Different .,why .,very good .,I hafta go home now and read a read a book to my little girl .,guess what .,I'm going upstairs because Paul really is very cranky this afternoon alright .,you know you're gonna get up there next year and you're going ta be arguing with the teacher .,oh I just have enough money .,you did .,achoo .,they walked in .,but you need thistle .,yeah .,you were a big baby .
oink .,oh .,can't go in there .,get the blue one .,there's Dillon .,and who's this .,carry Eve .,kinda a tough situation to color in .,but you know what they have yet to produce the ideal lemon bagel right .,see if we can find it .,don't keep touching it .,what did you say .,be careful and don't lose the screws .,don't splash sweetheart .,okay .,but .,yeah .,thank you I noticed it actually makes a very very nice hat .,we'll give these to somebody with a new born baby and we'll get the size that will fit .,give me two quarters .,this all my money to buy things with .,hm .,what .,I know what it is but what is he going to do with it .,your mom doesn't want you to play soccer though .,and you're not help .,oh .
who's that .,okay .,you hold your .,yeah this yours .,no-no .,let us open it .,I think we'd better put your sweeper away .,thank you .,does that work .,what's he .,I'll get a few markers for you .,what happened to her hair .,oh here I am .,you're going to take the broken doll to the shop on the airplane .,he'll bite he'll take it right off .,to make it a little stronger .,make sure the trunk is closed this time .,let's see onions tomatoes and cheese .,she was little then .,it doesn't need you .,now how could they do that here .,but Marky I mean how could teeny things how could they form a big world with lots of little crumbs .,what is this .,solemn face .,and what else do they do .,is it .,I'll help .
you want your book back don't you .,you hafta call them and say happy birthday .,slow down .,boing a boing a boing a boing .,yeah .,hm .,throw it to Mommy .,for the night .,in what color car is he .,oh uh the bushes you mean .,and that's the end of that story .,we're gonna stay inside .,three .,yeah .,but Laney was so busy performing for Fritz she didn't hear .,the next thing they hafta play with .,this says undercover sharks .,c a what .,where is that .,do you sell houses .,yeah .,they don't really eat knuckle sandwiches .,okay an extra pencil please .,Mrs .,it's a hornet .,ugh gushy .,mhm .
yeah .,look .,hm hm .,okay let them go .,I say excellent .,do you like a hop .,come here .,d'you know why .,should we put the bed in the bed room .,and Daddy's making breakfast too .,how late .,oh .,what's this .,male .,no it doesn't come off like that .,banana banana .,I'm trying to think about something interesting else that we've been doing .,that's only a little one .,get off I'm at the farm .,my father says .,oh is that right .,bang .,that's not all you play .,okay .,yes she will .,can you tell us about Winnie the Pooh .,follow the clues .
that's kind of a funny thing to sit in isn't it .,dth .,with this time change thing it's it's very out of control huh .,a book .,Lisa had been to the museum before .,that's a balloon .,oh with your pizza thing .,no we're gonna play .,you or I .,oh thank you Boo .,and Graham .,I just saw it the other day so I know uhp .,you don't know .,huh .,come here .,that's pretty good .,okay great I'm set .,she bought one puppy and took it home and thought that puppy was lonely and went back and got the other puppy .,no that's not right .,oh .,do ya know .,argon xenon those are sort of rare .,well it's going to be hard I tell you what let's figure out what word this is .,no what is that .,that's pretty .,okay .,I don't know .
oink .,ah mm .,and how about that .,May .,is that a baby .,yes .,what .,your nursies are mighty pink uhhuh .,yes he is .,how are you .,yep you ate them all up .,ooh ooh .,yeah that one's good .,I have to have some more powdered sugar in it .,uhhuh .,I won't sing my song too long you're very nice to me .,yeah .,you can leave them downstairs since we're going to be packing .,uhoh .,the top comes off .,oh why don't you give her one of the ones that you had her make .,that's the beginning .,this is a different kind of cross word puzzle .,can't you tell him what happened .,can you do that .,smile you're on candid camera .,oh .
do you wanna look at that it says look .,oh come on .,kh kh kh .,shall we put some more toys up here .,can I see it .,uhhuh .,bless you .,it's cooking .,no the head hit the table .,what else do they have in their house that we also have .,we pick flowers to take home to Mommy .,oh she's making a face isn't she .,and what .,remember where we went ice fishing .,whose girl are you .,yup .,you don't see much of that these days .,oh you are talking about bringing my dinosaurs with me on the trip .,you could've chosen many other things .,how do you know about brothers .,okay there it is .,Ross said it would be very crowded .,that's a foot on the end of that isn't it .,okay what did you like the best about it .,did they you put them on the sand and they just sat there .,what are you having .,look at all those colors .
ahhah you like that .,come on .,oh you got my shoes .,put them together .,I'm coming right back .,is Ratchael in there .,what color is it .,while I'm eating the pepper .,what's that .,go up and brush your teeth then it'll be time for Mister Rogers .,good now let him go let him go he can go down the hill .,I don't want it .,here hold this .,Adam will you have swordfish tonight .,huh .,I have a surprise for you .,Rachi .,you just make it around and make a handle .,don't do that .,give me a guess .,is it pretend .,have a good uh sleeping always sleeping time .,you never heard of that one .,no .,there they are .,latch .,you'll find the lid eventually .
ahhah I think I see Chi .,look at the ball .,and you're putting them in .,meow .,hey .,boop .,well either a tail is there or isn't there you can't make a mistake about it and yours isn't there .,he made Clifford the leader of the parade .,come out from under the table .,spells Nathaniel .,so cute .,yeah which blankets do you put on when you go to sleep .,he's in .,ready .,here Paul .,uhhuh .,the policeman says what to the lady .,can you count em .,Diandra do you wanna take a breath .,well look it that's what this cat is doing .,oh .,and this happens every day .,that's his eye .,said .,how much is this .,almost .,okay .
yeah .,not quite sure what you see .,what's that .,that's Chi .,watch .,no where is she .,that's right .,what ya doin there monkey .,here here here boo boo .,come on .,alright I think this is all set .,need something to pull him out .,talk to me about what you're looking at .,you want him too .,come on Lily Laney bleated Fritz is picking watercress for us and it's delicious .,Abe w a l t e r .,you walked a little more .,and he's reaching out to grab him .,oh .,she's running away they're trying to get the cat .,invisible .,do you have any idea how many people there are in this silly world .,did they get away from their enemy .,mm .,I was gonna get some thistle from grandpa and I forgot it .,well how do you know that story .,okay .
oh that's too big .,is that funny .,no .,what all does he have .,you wanna do it .,where's Daddy going .,what's that .,there is a hedge .,that's not really a boy's book .,that's it .,he turned to his trusty pal a fast talking meerkat named Timon .,did you have eggs this morning for breakfast .,mm I like that .,what part of it .,hmhm .,the real baby's in the in the ah in the carriage .,oh I don't think .,what toy did she leave .,what .,don't forget your vitamin .,Harold .,and what did you say Marky .,what else .,the globe the earths you mean the earth that you saw the united states and Africa and did you see Iceland .,tell me how did you useta swim .,oy .,okay .
you want this back in your hand .,that looks like a good mouth sized morsel .,put them in the dish .,very very good boy .,yeah .,put your spoon down .,hm .,okay .,right there .,no this .,you want me to eat it .,they gonna cook supper over on open fire .,I'll try it on my pants .,oh my that doesn't seem so good .,a bear in bed in his bed room .,I'll tell him later .,who's the bad guy .,yes I was gonna say I could really use a bag here all the things I'm buying .,you're giving me a shot to make me feel better .,Rice Pippies .,the um .,well let let but wait let uh .,repeat that .,well .,yeh .,you pour it into that cup .,I'll say you were a huge babe .
oink .,maybe they'll understand .,in the hot hot sun .,you gonna put them together .,Mommy is chilly .,okay .,oh .,what's this little guy .,what is on there .,what's he doing .,all of those colors .,what is talking to .,in the drawer .,nope .,yeah .,so then he go .,huh .,alright .,wa .,who else you gonna play with .,don't throw it dear you may crack it .,mhm .,we called Grandmother Birdsong .,no .,mhm .,well Laura because I'm so dumb I'm trying to figure out the camera .,would you like to have magic power .
look there's Pooh Bear .,mba .,but not Mommy's baby doll .,aren't you tall .,alright but I don't want any fussing .,does Laura like cookies .,four .,yes you did .,that's a good idea .,goodbye .,oops .,you eat it .,that's the tv room up there .,oh Alex that needs a battery .,and it has stuff in it .,oh yes .,oh one two three four one two three four how many do you have in your hand .,oh .,uhhuh .,easy go on .,what did you say .,you know what your body is made of .,okay there's one more with five letters .,I thought she was a puppy .,how did that happen .,I thought you said they were going to the movies .,oh .
oh did it run away from you .,look at you .,don't chew on him .,mom said no .,and the kitty little tiny tiny tiny kitties say meow meow .,did we skip some pages here .,you silly .,do you know this song what song is this .,can you read us the story .,there we go two stars and one shooting star .,nothing good is on until eleven o'clock .,that's a fire .,that's okay .,aren't they fresh now .,who Grampy .,see this up here .,do monsters like bugs .,huge huge huge parts of the tree right Matty .,when frogs get in the water Nomi they get water inside them .,and what else do you do .,you're in deeper than that in the pool .,okay .,I'm beginning to see him now .,sold .,isn't that what you said .,oh .,no .
see .,you wanna see another one .,lot of seeds here in this watermelon .,right .,I thought I was playing .,yah chair .,come on .,does he bring the mail .,what's this .,oh my goodness .,how are you going to get it out .,for some protein .,it frightened you didn't it .,well I see where it goes .,the ones in front are the same color .,what ah whose birthday is it in a couple days .,I know it's candy .,there's one more bear that I can think of .,two times you got to play on the computer okay so what was the cool thing that happened with the picture hand .,then you can just polish them .,that's alright .,lots of them .,alright .,what is it .,how much is an ace .,oh .,alright .
oh .,ah .,mm .,and another light .,there is the light .,this is haole koa .,oopsie .,I always come back .,there .,okay .,oh .,yeah she has she has long red hair .,write on the paper .,a two step .,there is .,I just gave a bunch of magazines to my friend who showed up this morning .,I don't have any cheese .,oh .,you even got it in the corner of your eye .,yeah .,is Kendra .,say .,then you've got q .,when they saw what are these .,is there anything particular you want ta learn at first grade .,your mother isn't smart enough to figure out how to use this thing .,will you .
look .,he's gonna kiss you .,that does not sound like a good idea to hafta be ironing his school shirts every school day .,we'll let her serve and then we'll go okay .,up .,oh another double bubble .,I eat too much .,nobody .,that's who sleeping .,no .,is that a word that we use sometimes because .,oh .,here's the pieces to that puzzle .,because I'm cold .,she's a writer who writes about health and .,you know another thing that we did that was fun Matty remember when you and I went to the park on Saturday when Daddy was doing the carwash .,real live sponges .,uh hm yes he was .,but we don't do that .,so it'll be what twenty one kids .,what is it .,how much .,I want ta talk about Pac Man .,how about that weasel .,are elephants scared of those .,so you're gonna do Eeny Meeny Miny Mo on all of them huh .,that's right .
there .,yeah can you get it .,yes she does .,that's right hi little girl .,oh she's gonna go night night on the floor now .,is my head broken down .,he's got shorts on .,who's in the window .,oh okay .,okay now close it up .,I think you mean curious .,oh .,Daddy have you ever seen a horse cry .,yeah what happened .,wow .,for Daddy to come .,almost could scream .,very good do you think drawing is one of your favorite things .,you got it out .,do you want a drink of tonic .,there it is .,Ross's song .,bumpers what .,alright .,let's play a card game .,how's the yellow cup different from the purple cup .,yep .
yeah yeah there he is .,one .,did you find your shoe .,do you wanna eat lunch .,what's Mommy doing giving you all this hot stuff .,oh can I have that .,over where .,can you blame him .,well peek around .,sit good .,and the shark goes in that bowl with .,you want some fresh pear .,it is usually fun isn't it .,go get Bugs .,wait a minute .,oh my goodness .,it means live for a long long time never die .,you are .,I guess it's okay if you talk .,now put it up here and do it Sarah .,hm .,matter .,where is it going .,did you see stars yesterday .,well what would you like to learn at first grade .,are you sure .,it's between you .
let's open your fingers a little bit .,Theo .,what do we wanna play .,his abc .,can you say socks .,um oh I'm sure doggie likes that .,I'll build you one over here .,the bear .,the farmer takes the .,thank you should I put them back in my shirt .,pink and blue .,wow in her big dress huh .,with the tee .,that backs the dirt out .,right .,let me try this one .,that noise was a big truck outside .,think I'll have a cigarette .,but what does a birthday mean .,now down to here .,ah maybe they don't mean for you to open that honey .,where is it .,it looks like a kind of strange word for superheroes doesn't it .,open the door .,I think you'll have fun in first grade .,and close the door .,you are .
mm .,ahhah what are you doing .,Tabitha .,it's twelve thirty .,sing .,come over here .,five round buttons on a yellow gown .,be careful don't let it fall down oh oh Wendy .,but if .,well if you'd like to share my stone soup you can bring something small to put into the soup .,and .,you see .,where's the other one .,what's wrong .,heh you uh .,I wonder what holds in the spare tire .,that toy Chucky Wucky .,yeah .,daddy just carries you right .,you'll be at your own party .,what was the other accident .,they're just plain regular sandwiches that regular people eat like peanut butter and jelly and stuff like that right .,not as bad though .,nobody ever gave me any bricks .,you can read it better there can't you .,just a moment .,uhuh .
let's see what else there is in here .,think you had a bib on this morning .,what is that .,let's go do something .,another battery that's right .,not on the floor .,here comes .,Daddy could see it .,she wants some on her bottom .,he's a big one isn't he .,I don't know .,you changed it .,what .,so how do we do it show me .,he doesn't have a shirt on does he .,so why do you think army guys fight .,and that was when Cheryl was here .,what else do ya need .,you're letting your food get cold .,which animal can make .,okay you wanna look at this book .,he's gonna take you and he's gonna turn you into one of his minions .,well how are you gonna sing it if you don't know the words .,okay .,how'd you know that was the wind .,and I want you to do me a favor .,alright .
who's that .,that's pretty neat .,let's go over here .,mm flowers smell nice .,is that where they're hiding yeah in the slide .,no .,whee .,accessorizes .,dripping it .,that's too pinky for me okay let's try .,well I don't want him to get glue on him Naima .,good job sweetie .,are you writing .,White Bear Lake .,how about if we put your napkin in front of you so that you don't get your new jammie blanket all full of spaghetti .,no .,how far along are you on your paper .,twelve o'clock sleeping .,you're going to talk to me .,oh say what do you think um .,I don't have a copy of their penalty bill so if that's what we're going to hafta do .,no not yet .,or junky toy .,they what .,and if you make your bed what do you get to do .,yes .,don't play with the ones that are pushed .
yeah .,I'm in your room .,what are you doing .,let's take your shoes off .,here see your horsie .,here we go .,aw big hugs .,help Daddy .,my sweet potato pie .,where's the car .,like you get like a couple here a couple there .,come on in here .,watching them push that thing over .,how old is he .,you be a bubble .,you have a part missing .,you're both having the same thing .,uhhuh .,yes .,huh .,sometimes we don't get there too early right on the regular days .,really volcanic eruptions are caused largely by gas .,what were you all playing .,and what did he say .,oh look at that .,I wanna try a game with your Play Doh .,don't .
and red like your the edging on your outfit and all those other things .,come here give me kisses .,you fell too .,turn the page .,that's the little plastic bubbles .,okay let's bring them over .,can I have a kiss .,couldn't we make the kaka .,wait a minute .,who are you looking for .,a horse started talking his voice was like mine .,what's this .,and food coloring .,that's alright .,really .,maybe those ones are old .,I wish you wouldn't do that on my nose .,let's put these back .,I think that's enough phone calling .,go ahead .,how much is the glass of chocolate milk .,the earth was full of gas .,well I got a hard one you won't be able to answer how much is five plus five plus five .,can you tell me whose mothers went with you .,she might .,that's what you're gonna have .,that's to the day in fact .
red is a good thing isn't it .,whee big boy .,what .,look .,try it .,that is Daddy's shoe .,Erica .,there .,and again and again and again .,whacha doing .,wow two people at once .,see Mom and Dad .,excuse me guys would you like to buy some carrots .,to put the fire out .,Robin and Richard and Tommy are going to come down in two weeks .,and now she brings out a pitcher of whad do ya think .,well we didn't get anything .,go ahead wow .,you drew the hair mostly yep yep I see the hair on him .,is that what she'll say .,it's not red .,now he's shooting us .,how much is five times five .,and now here comes the wolf .,I guess it's hard to find .,why's the other kid at the babysitter .,oh .
would you like to sit up a little bit more .,uhoh .,whoa .,Daddy play ball .,you wanna get in the water here .,yes .,choo choo .,no no don't scare her with it .,it is your food .,okay well let's go then .,look at the rabbit .,and help him up .,they for eating .,what did you do today when you came home .,it's right down here .,and the kitty runs away again .,Ronnie gave you that candy .,that means that the person's card is good .,it means the way you move .,I think this is just pushing the dirt around .,let me see it .,it's made of matter .,does that alert people that a tornado is coming or something .,well he'll probably give him some straw if he buys some don't you think .,why don't you go get your cards .,yes .,oh .
can I help you by opening your fingers .,look .,Chi .,favorite blankie goes in first .,Spot yes .,what's this little boy doing .,let her have her turn .,oh on his tummy .,pretty good one .,that's their way of kissing the calf .,what are you doing .,come on .,would you like to go pee pee .,here look .,how about the cups are the cups done .,if we bring out the other dinosaurs remember the other ones .,yes I do have a pocket .,how old are you on October the first nineteen seventy five .,did you wanna play a game in here quick .,you won't get it out .,you didn't watch cartoons or anything .,Mark asked me .,have you learned how to block it so that somebody else doesn't score points .,I wanna know everything .,what did we do before we went to Bojangles .,you didn't .,that's not playdough .
ahhah .,ahhah .,whoa and down .,huh .,oh no you can't have that .,that's right stomping yer feet .,do you want me to turn it on or no .,you want Percy .,let's put them here and I can get you the other another story to read to them .,more writing .,did you tell Edna what was on the wall in the living room last night .,no .,there that's enough water now .,well it's the great what .,what did you do at nursery school this morning .,you know what we totally gotta remember to give Ryan something else too .,would you like to play with that next .,it doesn't have any batteries .,well I'm not gonna sleep over .,that's right .,and twenty .,you know how many pairs of boy's socks there are in the wash .,and z .,and what is he going to do with it .,what else .,would you please pour the water in the yellow cup please .,and he thought you were asking .
just like your book at home .,grab .,the froggie's in the bed .,mm .,pop .,no she's not coming back she's not coming back .,come here sweetie .,Travis but she gived you the one that she had .,what are you doing .,here you are .,lots of boxes .,what does a turtle say .,because first we hafta get ready for bed .,bon appetit .,you oh you have .,a weapon .,is that the right amount .,they get so you know you only play with them a day and they look like they've been through the war .,doesn't hurt .,that's a good idea .,go ahead .,and that's why you put all these pants in the wash .,well why don't we do some of those that would be better .,well tell me some more .,and you were floating on your raft and you floated next to me and I pushed you out of your raft and what did you say to me .,are you looking on the side of the cup .,uhuh .
is that a fun toy .,do you wanna play with the ball .,maybe it's fun for mom .,come on in and join us .,you wanna throw it to mommy .,come here .,what's this .,see that makes it all go away .,no .,you wanna try again .,I got you peanut butter and jelly .,that's what you told me .,yeah I know .,oil stuck to the feathers of many ducks geese and sea birds .,do you remember what Nancy said Boo .,alright hang on Sweetie .,you're cheating I think .,to the bottom .,uhhuh can you eat this .,yeah .,there see if that fits .,now did you ever give Jimmy a knuckle sandwich in the end .,okay you all play any more soccer .,uh huh .,and then what did you do to me .,oh .,uhuh .
what's that .,huh .,when you calm down you can do it .,is that your fishie .,there you go .,three .,that was good .,it is alright .,the sly spider laughed .,clown .,poor Hendrika she didn't know what to do .,there .,how cold .,what are you sposta do with the ball do you remember .,oh he's shy okay .,maybe a little kid huh .,oh .,how about pizza .,miaow said the hen .,look it now what's going on here .,did his mother know he was here .,you just made up your problem .,where did you get your money .,what did they sell .,you tell me .,open the film compartment door .,okay .
we have one of those at home for you too if we could just keep that two year old sister of yours from running off with it .,well .,it's a stick .,okay .,hm he could sit on the seat even .,look at that big building she made out of sand .,you can have a treat too .,what's Daddy doing Nomi .,dede .,yeah .,okay let's see what we have .,is it a girl or a boy .,what does he have .,a new one .,no .,they all fall down in the snow again .,it is going to drown .,do you wanna see if this one works .,and you can sit on there too .,yes just like a plunger that's right .,all I have left is .,when did you do that .,as bad as mine .,but the biggest surprise .,what kind was it .,no no .,okay .
I'm going to put your hand on this .,wanna try one .,huh .,neigh .,it's hot huh .,camel .,open it .,should we get ready for the .,whad ya think of salt .,see .,it's called a tripod .,mhm .,you can't .,what're ya going to do .,I wasn't even here .,she's a big crank when you do here .,should we tell Karen to go home .,no for me .,okay .,I can't think of any more .,but now they've got to try to catch him right .,the bump .,okay just between you and me now .,who's Bill Maxwell .,no you're big .,but look at .,I know .
who's picture is that do you see yourself in the mirror .,oglug .,not on his head please Catherine .,mhm .,can you open .,Elmo likes to jump .,g g g .,say wake up .,is Salty your favorite .,sit .,nothing happened to you .,what are you doing with the nurse .,what he doing .,okay .,but you're really good .,this .,when she goes to make an a she don't go down she goes up and down .,the what .,okay .,I think if I put the pliers .,figure it out .,and this is one day's wash .,oh yeh .,no Madeline soon .,how to play .,how come it doesn't matter .,look in the b in the file box where and see if you can see it in there .
you just love that book .,were you playing and playing .,Mama I'm walking .,what's that .,how do you iron them .,ah brother .,is there another chickie in there .,you see the numbers on there .,I'm going to grate some .,very special .,house of bouse .,with your elbow .,hm .,what's that one .,all right this is great .,now here's a thin one that should do it .,and now they caught him .,he's really bad I think I wanna return him here .,you just watch where you throw it .,uhhuh .,and now they're ah both in the carriage .,and he asked me .,I don't think Molly knows how to work it .,uh huh .,were your friends there .,and from that he got leukemia .,yeah .
you wanna catch it .,get that on there .,Alexander .,you got me .,take the paper .,no we don't have a sucky honey .,look .,while Daddy tells you story .,eight .,there .,who was Work Mother .,you wanna clip it on just like yours is .,and I .,we we we kayaked around a little bit not that exactly though .,oh there you got them .,what is that supposed to be .,I know where it is .,so how much does all this food cost .,Mom's going to use that to tie the boxes up .,I think this car comes apart .,okay you're doing very well .,uhhuh .,okay .,then you bought some .,um hm .,out .,you did mind .
do you like sitting up in that seat that's pretty neat .,watch .,what's the matter Jim .,hm .,now what Dyeisha did with his bag .,open that refrigerator .,pigtails .,you want Linda to come and visit you .,I think you oughta put the supper over on the table .,you just wanna drink all of your juice but you're not going to .,that looks like a truck to me .,let me see .,she must have .,no I don't want you crawling in it .,toy town .,so yeah but it's just overwhelming the other part of it is that she's so enthusiastic and I write down every single thing she says .,yeah you do .,mhm .,oh .,who's he .,stop throwing that .,and how come there are so many pairs of underpants in the wash .,uh huh but I mean what did you do that was fun .,in a car .,that looks like Nibbles or Kibbles .,don't you .,right .
can you read your book again you like the book .,shall we sit .,yay .,look out at the door .,byebye .,look at this .,you're not happy with the book .,aw you found it .,I think this part goes next .,he looks what does he look there .,there's the hose .,do you wanna watch Sesame Street .,she gave some to each of them .,here comes Dr Adam .,at the same time .,what's that big body of water called that we are going to .,what happened .,you said he's gonna bite other dinosaurs heads off .,please let him have some dear .,don't you think so .,where's this piece go .,there are different things that are called elements .,oh the mind the what .,does he he's the owner do you think he is the teacher at the planetarium .,okay .,you show me what I know might how to do .,nope .
oh you got it .,did you say babye to the light .,look .,that was very considerate .,Mandy .,so you wanna play some more .,where's the other chicken .,okay .,armadillo .,stay .,yeah ghost horses ghost horses .,who .,Abe you rescued me .,that's not the penis .,Norstrom's .,on these things .,eat a piece .,you're gonna keep checking me out .,what what becomes red .,why'd she do that .,yes Adam .,little balls of fluff and fuzz .,tell me some of the names of the letter people .,isn't that like being a baby dog .,no you won .,the one that I like .,take it in .
yeah see baby bear .,gaga .,there goes another car .,make sure you chew those okay .,is that funny .,wait a minute .,is there any maple syrup ah there it is .,yes Naima .,they're on a beach .,mhm .,for what .,you give me your coat .,and then we can .,I could play with them all day .,we'll be in all day today .,so who did we go visit at your school yesterday .,oh that's the kind you just push Adam .,not now .,I'm not hungry .,it won't come out at all .,is that his head .,and Mary said .,well I think you probably did .,did he do good turns last night .,they get dressed as soon as they get up in the morning but you don't do that do you .,but what's the movie Rocky about .,I have no idea .
a pink pig .,hello .,he's studying it strong .,hello .,they're all done .,oh no .,does he bite Mama .,these are the stars .,feels like this Play Doh is getting a little bit old .,no no .,look how cute you look .,ice cream .,what else happened at school .,one half .,now you had asked me if we were going to play the whole game do you wanna play the whole game or do you wanna do something different .,everything that's good for ya .,put it back .,a fireman oh I see .,make up another story .,what're you trying to do .,do you have any more cereal .,it hasta be up here because I saw it when I was looking for What Do You Say Dear .,I don't know .,ten six .,do they eat that part of it too .,tell us something else .,oh .
is that Chi .,here sit up .,oh you're going to eat the whole thing .,make me sultan .,here .,you wanna give me a hug or you wanna .,yeah .,do you think we when we go to New York we should tell gramma Rosie to get yogurt for you .,is that what you want to do with it .,really .,okay let's put the bed in here and they can go to bed too .,okay .,I'll sit with you .,eat all the lettuce then .,okay .,they actually do have it but they shave it off .,she would hafta pick it up .,come here .,pretty much yeah .,she's a miss like you .,what do you .,well at least he knew that Ross's explanation is not appropriate .,where do we usually go to play .,what happened to it .,but what I'm thinking of is about three days ago .,Laura wants me to make a tape recording of her playing with her Fisher Price toys that she has made into a camper inside the dog carriage .,so please don't play with those buttons .
is that who you are looking at .,I think it's good for chewing on right .,he's gonna get you .,chicken .,yes she does .,no it's not breaking .,okay .,a good dog .,oh that's his new car .,fine they're fine .,and never fall asleep all night .,ooh .,you don't wanna go out and play .,you in the paint .,you don't want any supper .,watch .,did you hafta zipper your own coat today .,how do you play basket stink ball .,it's upstairs you know in the closet .,they go on Silver's saddle .,now what .,you know you know what that's made of .,it wouldn't be going anywhere .,didn't he say something .,no it wasn't yesterday .,we roll it .,yes .
and then who's this .,it got cold so I hadta switch your clothes .,hm hm hm .,oh .,get ya get ya .,can I show you .,there are too many things .,I'm not bad .,would you just eat breakfast .,yeah .,this is called the cow who fell in the canal .,I think it needs maybe a little bit more screw first .,here's some clothes for the baby .,okay let's go up up .,I already told you that we'd go after we help Lou and Elliot .,hey you know what .,carry a pumpkin .,what .,maybe some maybe a dust pan .,okay turn it some more .,let me have it .,because it's very hot inside did you know that .,where you chase each other .,they're not they're planets .,do you think .,this one is what .,okay .
you can grab this this is pretty neat because you can grab it just right .,oink .,uh .,Jeremy begins to feel hungry he reaches in his basket for his delicious lunch .,grapes .,switching it on and off .,oh that's an igloo I don't think you know that one .,up in here .,and was sort of surprised a little scary .,oh here you know this one too .,oh you'll always know your neighbor .,I mean I I I you know I mean I agree with you I haven't discussed it with her .,l it doesn't say l i k e .,oh you're all tangled up .,choo choo .,let me push it over .,he couldn't really pick it up right .,well .,what .,oh and after school you hafta study all day .,and then we saw ones the other night very unexpectedly that they were doing at City Hall .,mhm .,for four year olds uh .,that's all .,oh .,the bottom line .,don't push that .
is that so fun .,hm .,what you doing .,kissed you on the nose .,no .,you walk so well .,you only take aspirins when Mommy gives them to you .,there's Daddy .,I'm trying but it's not easy it's kinda difficult .,you're confused .,no .,how about a big .,no read this one .,you hafta take em both off .,mm .,uh what .,look .,this one this meat eater .,you're a winner .,hallelujahs .,I think so .,right .,and what's on the back .,well what happened last night .,which is even worse .,okay .,mhm .
or she'll get them .,shh .,clap .,biscuit .,car .,you know how to put it on yourself you just put it on .,Bernice is always by my side .,like I don't want this and I don't want this either .,it's a door .,yeah .,I can hit a home run .,okay let's .,look .,do you know that humans have two hundred and six bones .,Gil .,you're lazy .,you go to a cake spot .,and then what .,you were right .,look what I have .,what is what does at say .,Christina .,what were ya'll doing down at the creek .,Mars that's good .,I thought we were friends .,and we make a little ball .,seven years and two weeks aren't you .
it fits in your mouth .,my littlest little .,or you're gonna hafta get around the table .,is that Bert .,oh .,I think you've got them all .,I know you did .,it could take a trip with your suitcase .,little bit .,to keep me warm .,I hafta fix it first I need the tape .,that fun .,can you make a w for me .,you are too heavy for me kiddo .,no turn it around .,what else do you want in the kids room anything else .,it means you never die .,what happens in Willy Wonka and The Chocolate Factory .,oh there's the guy there's Lincoln in there in his house cool .,huh .,Adam .,that's right .,Mommy just brought something .,a puppy is a baby dog .,oh .,okay .,yeah .
you want it back .,good noise .,moo moo .,ow .,there's a chicken .,this is the part of the corn that you eat .,I wonder where that was .,up here on the counter .,may I have it .,it's attached .,good how are you .,he's good at putting on roofs too bad we don't have a ladder .,wow you're going to cut all those .,oh .,okay .,you want me to put them in .,what are we going to do this afternoon .,and then .,what .,well I think it's just for us .,yes I see .,Mark I think that you're getting over on the dark side .,okay I'll write that one down .,and did he see the space ship .,oh that's good .,we'll insert a cartridge .,what did you need .
It's red like your socks .,oh .,he's flying .,let Mommy call .,see .,boo .,put it away .,do you like these little books .,that's a little baby doggie .,oh she liked you .,one next to the other .,four .,and um they said that um I actually went in and just asked at the computer and I said you know I think my membership's been renewed but I don't have the card and they looked it up and said yes .,fish is in the mill pond .,it's your little microphone .,okay and I'm going to make some coffee while we're there okay .,dip it in mayonnaise .,sure .,I'm gonna just let them live outside okay .,I think she might be because they look kind of short here .,that's it .,well I'll guess I'll change it in a little while .,and you got j and what'd you say that was .,you hafta talk about it .,I don't know .,now Laura you can hold the microphone to your mouth like that .,when am I gonna record again .
you not sure about that .,yes it is .,I'll hold it .,talk to me .,what's in here .,can you hold it too .,Mimi and I settle in and cuddle in a cozy nook .,yep .,what .,what for .,he's a detective looking for a clue .,you want the tooth fairy book .,see it made it that far .,he's waiting at the corner .,what did he do that he is so happy .,huh .,again you wanna do it .,maybe .,no .,well no .,she didn't know how long .,hadta burp .,w .,he just walked up and blew the house down .,what's an ace worth .,I mean how's the purple cup different from the yellow .,what .
ahhah .,baa .,you can borrow it sure .,good morning cupcake .,huh that's Baby Jane .,vacuum .,can you draw .,oh you're gonna sit on the couch .,very .,eat your cookie .,and you were on your bike .,and can you push it in with the screw driver .,okay show me .,well .,uhoh there's the baby .,did you tell Mom what we did this morning .,water oh .,you you be the um the person who sells em .,you've got a lot of broken toys .,oh what did you guys play when you went outside this time .,yeah how old are you .,these are the twin boys and they go diagonally .,yeh but you got a lot more before that didn't you .,and what's he doing .,hm .,as soon as I figure out how to get the film in .,now that you're big how do you feel about being in all of those tape recordings .
that fits in your mouth oh that's just great .,just a sec .,yes you are .,two thirty .,it's a fake kitty .,how about the duck .,but you can sit here and you can see yourself .,he was very impressed .,Oh I'm glad you're having a nice time .,tempeh .,that a good decision .,and tonic .,he is planing .,it's one person work .,Easter eggs .,outen sie .,not tonight .,don't hit the light .,what's homely mean .,you turn dis head around .,come on .,and in space there's no air to breathe no oxygen no nitrogen .,that was fun wasn't it .,yeah .,sure you are .,I'm in trouble again .,yes .
and who's this it's a baby .,that just your new sound .,quit little Moomoo .,how about vanilla wafers .,say roll over .,what's this Naomi who is that .,are you gonna fix your shoes .,you want to eat it with your fingers .,what is that .,are you gonna hold that .,oo .,what .,delicious I love dough .,well you sit and be Farmer Jones and you read it out loud and tell me the story okay .,you've finished shaving .,Ann Marie wasn't there .,jammed up like anything .,uhhuh did you think that was funny .,but don't you think Mommy's homely .,well last year I think you're doing better did better than you're doing this year .,right there .,well maybe you're not saying it right .,are you tired .,did you ride on the bus .,what made you think there was a .,Rocky or Winnie the Pooh .,I think you probably didn't because that's like that tape of what you sounded like a long time ago .
oh dear .,abubu .,ah shiny tags .,peas .,watch .,it is so quiet I can't hear it at all .,put them back by the radiator .,you do .,you could if you were lousy .,alright .,mhm .,ohp .,extension cord .,and if we're too far away you won't be able to hear .,just be careful you don't knock it over .,no .,you wanna blow again .,he's trying to bite the bad one's head off .,who's gonna feed the cat and the dog .,I'll show you again okay .,put the tire on now .,mhm if all the people in the world were in the same bus it would be very crowded .,g .,like Stephanie like Leslie or Ann .,what .,it's wider and shorter .,what did you need .
oh .,well I don't know if he wants to lie down right now I don't think he's in a lying down kind of mood .,it's mm wednesday a quarter of eleven .,help me help me help me .,whoops don't fall .,watch .,over by the couch .,oh is that bothering you .,what's his name .,a bee sleeps in my tea pot but how does it get out .,I see .,can you find number eleven .,careful you almost hit Ursula .,did it fall out .,is it in that box .,you gave me thirty thirty eight cents .,liked it .,oh you saw that I didn't .,no say it right .,are you just cold .,okay .,still have a good still sleeping time .,was that the Sunday you made valentines .,that's right okay .,what do they do .,pouring task .,you don't hafta be quiet anymore .
oh dear that's so messy .,let's go .,you wanna look at that .,and then I'm gonna get you another snack .,what's that .,oh tie the shoe .,pumpkin bag .,good .,they weigh a lot okay beep okay .,closes .,wait let's put the top on .,did you fart Abe .,and that's the faucet .,Dari Riviera .,then they put them in the water to cook .,alright go ahead .,yeah I think you did .,okay what have you been doing all this week .,that's all you're getting .,Sarah I don't even know the song .,okay here's five dollars .,Joey's house .,do you remember that one .,you and Kim what .,you can say it .,okay .,you're big .
this is Big Bird .,it is hot .,ooh .,t u v .,he's got red eyes .,let us push it out in the living room .,pig .,this is kinda like what grandma does .,what is that William .,I don't know where he lives .,where does he hafta go .,that's your soap eraser I know Mommy thought it was a bar of soap .,long enough to take your shirt off .,he's raking the leaves in the what .,there's only one .,just watch the commercial and then shut it off .,what is a car .,oh she was funny but she was so serious .,I hope so .,no the other way .,right .,yeah that's true but Marky had the right answer .,were you working pretty fast .,begin Dad .,you wanna cut .,just a second .,you take a rest in here .
see .,sit up .,Alexander .,I'll wash these in cold .,you'll get to eat your breakfast in your high chair .,Floppy gets a job .,Grover call Grover .,bally bally bally .,Woody cowboy hat at home .,that's a number .,there's a book in this box .,honey .,you took them off when you took this bumper .,I just went to go get the rake .,oh that's nice .,oh sorry we hafta do the Christmas tree don't we .,just .,no .,it is .,did he get over the fence .,chug a chug a chug a .,Marky said .,what about right there .,well why do you like it then .,what did ya do with Christopher today .,Winnie the Pooh .,really .
you'll hafta tackle her and get them away from her .,aygi .,that's not for a baby .,a circle .,uh huh .,right .,and another chair .,okay .,e .,did ya see it .,because this was the only clean bowl .,what's that Nomi .,now just wait a minute we have to get this organized .,what are you going to do .,it's too late Vanessa shrieked .,okay so what happens .,do you know how to put this car back together again when you're finished taking it apart .,oh I bet I can win .,uhhuh .,ah and then what happened .,do you wanna take it all the way apart and see if we can put it back together again .,what big bump .,okay can you read them .,from who .,they're good .,just play .,you pl .
you're almost there .,okay .,say he back .,do you want me to break it into little pieces .,I'll put puzzle in .,you're so good at packing those things back in the basket .,trying to help you ignore this .,maybe Belle wants to take a nap on that lil red bed .,it was an accident .,where is she .,you can watch of course you can .,that's right my name .,we just sometimes like to change things around a little .,who's on the front .,you weren't laughing .,they already got you answering the phones huh .,I'll tell you what though .,what's her name .,you'll keep the lady in there .,Christmas .,I also get four dollar bills back .,very good now sit down and eat .,some kind of a special day you're just gonna hafta illustrate the alphabet .,just tell me about that picture and that picture .,but you didn't .,oh sandy .,I didn't understand you .
yeah .,this is a good one for you for tomorrow .,eventually we're gonna cut it all off .,honey why do you want it off okay .,oh we got to get you some new shoes .,there she is .,didn't I say you couldn't get up there .,there ya go you got it .,that's what he is .,quack quack quack quack quack .,uhhuh they probably both made the mess huh .,okay .,do what again .,unicorns only have one horn .,that's what your mommy taught you .,see that's not a straight line .,do you know how to spell it .,uhhuh .,who's a cute kid .,Abe would you like part of a carrot .,yeah .,do you think you can spread peanut butter by yourself Mark .,that's exactly right okay now tell me the rest of it what else is on there .,what did he do .,did ya make something .,yes .,are you having a good day today .
oink .,Chi .,look it .,that's a big ball .,put that back .,put him back put him back .,whoa .,what honey .,yes you do okay .,are you an earthworm .,in the country I suppose .,that looks nice that's for your room .,oh look who's here .,see .,wait till it stops .,I think I just had a dream about him flying .,so all the kids had their costumes on .,uhhuh Mommy told me .,oh .,wait a minute Sarah .,is that where he bumped it on .,uh because we have a lot of things to say to each other .,how much is five plus ten plus five .,well just what they did .,what'd you do .,is that what you were doing when I was playing the game with you a minute ago .,oh .
there's a face with glasses .,he's a nice baby huh .,this .,yeah you want one don't ya .,my darling .,is there another hat .,what's your father's name .,you .,your walking on your toes .,this is for you .,on the door with your other pictures .,ten .,that's watercolors .,and the dog got frightened of the big bull and backed out .,but sometimes they help .,baby though isn't she .,where are you going .,Sarah .,with all his animals he almost covered us up entirely .,Donna doesn't take a pocketbook to school .,that's right .,where does it say alert .,is this any particular kind of game .,why .,no .,why do you do that .,uhuh .
does it fit your mouth .,here's a book like yours at home lookee there .,three blind mice .,ha ha ha ha ha .,let's play with something else .,those are nice tunnels .,okay .,I know you spilled it because you shook it .,hey put them back Petes .,Donald is nine I think and Douglas is ten .,uhhuh .,the bottom or the top of the house .,a little boy's pushing the baby .,careful careful careful .,oh well what happens with Charlotte in the middle .,you should have given me seven .,tall horse .,I don't think you need any more honey .,have you finished with this one .,oh .,did you wake her mom and dad up too .,when you were born do you think you had it in your brain .,some of those word games .,third little pig .,no that wasn't the day .,okay .,now what do you mind about it .
oink .,yeah .,say hi Daddy .,navigate .,are there little beads on there .,leopard .,this is Saturday morning I think it's the sixteenth or seventeenth of November .,I think the doggie does want some food .,I wanna see the dolly .,you got two doctors .,fill the cavity .,we have a light blue .,okay .,I know it .,who's buying who the ketchup .,and she had a place mat with all with the United States and .,what do you think Laura .,so I'm trying to think about different things you've been doing .,look at your socks .,we couldn't give everybody a chair that's for sure .,thank you .,there are nine pairs of socks there .,now you know .,just one of us is sposta talk .,under the sand huh .,which movie did you like better .,uhuh .
see .,almost got it .,what do you think .,lovely .,see the red light .,oh I think that sounds like a good idea do you wanna do that for your birthday .,oh you're thinking of tomato frogs there is a frog called a tomato frog that we saw a picture of .,is easier to turn if you have two hands .,yeah .,Naima Boo there's more applesauce .,how come .,I'm tired .,Godzilla is that what he says .,just thought of something .,I'll help you .,there's not really a bathroom in this house .,it's a little packet of chicken noodle soup .,I've been trying to wake her up for a long time .,the rest of the kids come in .,you wanna keep at least one or two of those quarters .,that's right .,how did you learn about that .,at rest time you must've been playing hard on the play ground .,did you see the big children at school .,that's a different kind of seed .,I will smile for my candid camera .,good .
ahhah .,nice baby .,yep .,the bell's ring when the bird gets patted .,watch the feet .,so I'm gonna put it away .,yes talks and uses words grammatically .,oh what's Matt's wrong .,hm .,okay all done .,where is the snake .,mm .,does he know how to kiss boys .,well .,right .,she moved yeah .,Hillery .,how about you remember what happens next week .,what .,oh .,that's right .,yeah .,well let me see .,well what did he do .,we can always erase .,there .,then I'm gonna um play that .
see baby bear .,hm .,afu .,crash .,what are you doing .,he gets to go outdoors .,Moby .,who was in there .,right .,h is right there that's right .,if you promise not to eat it .,okay next one .,give me give Mommy some sugar .,okay .,Hop on Pop .,really well that would be interesting .,this big flat one that's standing up .,cool .,no they make girl doctors .,you won .,how bout that yellow one .,that's how they made land but that's not why they made land .,uh huh .,you want some more little pigs or you wanna talk about the greatest american hero .,whose doggie was it .,yeah .,look around on the floor .
ahhah .,you'll have your baby drool on them .,that's a cord for Mommy .,here we go .,too small .,what is this Seth .,pikapika Pikachu .,you're funny .,the bear's going to San Francisco .,ding .,what you found them around the doggy .,where .,okay .,oatmeal .,yeah .,at one thirty .,you hold the car tight .,I think hamsters just like to eat their seeds .,here you go .,Auntie Marion's .,what's in the store .,wait until you get back into your into your spaceship .,is this a space car .,no .,see this is the rock the way it looks before with the lights on and then you turn the lights off and that's the way it looks .,but it's taller and that one's lower .,why is the pen here .
you got it .,huh .,you say come on Mommy .,hey you're missing a sock .,yuck .,what's this .,look at this one Malik .,here it is your ear ring .,tell Mommy .,hey you gonna .,read this .,sure .,her and her father play hide and go seek .,okay .,it doesn't matter how they fall does it as long as they're on there .,well we'll hafta discuss that with Daddy what do you think .,if ya have a flat tire if you have flat tires on all your tires how can you go any place .,I'll put it in .,would it be crazy if Daddy wore a dress .,where does the two go .,no I think this goes over here .,when you get in your spaceship then it's safe .,he doesn't have a name .,me forgot uh huh did he go in the desert .,are those tadpoles .,show me again .,next to the orange crayon .
you like that .,how about this one .,do you think you would like some .,what does a duck say .,hey Alexander .,how about his shoe or a mouth .,gonna be a hot one today .,they're in a white bowl .,don't you use the knife .,on the green chairs .,oh .,it kinduv tastes like a jelly donut .,what .,oh no .,alright .,puts curls on your hair .,blueberry top .,okay strike one .,you'll never make kindergarten .,why don't you make a two .,there .,I don't think you really peed in your pants .,that's an old grate there on top .,read a sign .,to come here .,now let's measure the water that was in the purple cup .,would you like to have magic power .
oh you got it you got it .,okay .,Mark six thirty nine .,I get your cereal .,vroom .,oh the m .,two uhhuh .,the boy's angry .,the Fizzie .,and the shovel .,da doo .,okay .,no .,well .,show it to Kent .,oh my gosh .,you don't have any do you have anymore green food .,bigger than my foot .,throw these away .,you want a cup of tea or something .,I think you're turning it the wrong way .,it is so .,okay well that was one of the things you bought with your allowance how many of can you remember any of the other things you bought with your allowance .,were they as big as did you not see other teenagers .,you know why .,how do you know .,would you like to hear those when they get that far .
it's a baby .,we're gonna play and then in a little while we'll go for a walk .,we think we needta go change them .,Henry that is a button .,say hot .,stop grinning and come over here .,yellow shoes .,do you want to turn the lights off .,to Portugal but what were we in .,big cat little hat .,yes yes .,Lily that's my picture please don't ruin it .,I have pancake batter .,oh .,and she goes in the house and she comes out with some iced tea and cookies .,no you need to wear you need to wear your microphone .,okay here we go .,I mean he said he'd send a card around Christmas you know .,oh yes what is that .,uhhuh .,it looks like it doesn't it .,Mark was .,May the twelveth I think .,I know it's true but tell me what they're going to do .,why .,they all have the same amount of water .,the filing box .
that's Chi .,mm .,oh come on .,yay Chi .,which doggy .,no dancing .,okay now you can .,they're all out .,are they good .,yeah you're singing .,candy after lunch and dinner if .,what's his name .,oh that one is for me or for you .,no .,oh why is it doing that .,oh .,no .,bring where .,they'll be back and I haven't washed my hair .,you know the answer to that one .,did you hurt yourself .,you'll die .,oh that's right .,well tell me about it .,what are they doing .,now if this glass was filled with chocolate with milk Laura .,why don't you lie down now and take a rest .
let's see do you wanna see who this is .,is that the one you want .,you pointing at me .,you're just about there little girl .,okay .,you wanna come in my arms .,okay Vaivy .,put it here put it up here if you want .,it doesn't look like your mom does it .,did it fall .,I'll be right back okay .,he's a nice nice animal .,come here and I'll show ya .,I don't know where it goes .,pretty good .,why .,oh okay so they can drink milk awesome okay .,yeah .,I'll show you .,have you had a busy day in Cambridge .,you've got your life jacket .,liquid they turn to liquid .,okay .,goodbye I can't see it .,okay .,oh the deer .,you work and I'll work .
you like that book it's very red .,what am I going to do with you .,no mail .,did you notice .,smell good and sweet .,night night Daddy .,hey what's that on the card .,and we are gonna dry his chest .,what are you doing .,okay .,I think you played with Matthew Ruckerson and Matthew Bagwell .,I guess .,where else did we see flags .,do you wanna be the customer .,I don't think I made you some jello but I don't think it's ready .,yes .,yeah you show me .,a fire engine .,and at first you didn't .,good idea .,that's some soup I think .,yeah .,what were you and Matthew doing all day .,well tell me about this picture over here .,I bet that was a rubber mouse that you give to cats .,film compartment door .,okay .
that's just great .,here .,where did they go Joseph .,what happened to your poopie girlie .,no don't do that .,huh .,Alex .,they're throwing a ball .,I didn't hear them .,that's just what that phrase means .,uh .,spotted cheetahs prowl and leap up into the trees .,um oh my gosh you're all tangled up .,no .,oh good day to stay in .,and what is that .,I don't know his nick name .,I put that in there to rinse the bowl .,I see it .,two weeks in a row .,huh .,when did it happen when you were at school .,makes Mr j .,the earth .,that's probably a good place .,yeah .,don't pi try and fiddle with this .
is that what you wanna see .,hehe .,how you doing sweetie .,up up up he goes .,okay .,but you hafta let go with that hand .,how about juicy .,so pretty .,what's gapper .,who's riding on the horse .,uh .,you better get me a rag .,that's right .,okay .,what did we do while we were in the car all during that long trip .,is it good or is it hard .,okay .,no you just need one on there .,Abe you're too big to slide on my legs .,unless she's not telling us like Melissa did .,oh .,oh we'll turn okay it's off .,okay that's seven letters so that'll be a hint .,huh .,yeah .,this this is taller .,you're saying those are on the ward .
here .,look at the baby .,a little foot .,see .,crowed the rooster .,what's that .,oh .,I'll give you two but can you smell them .,can you make her hang on .,hm did he .,what's on his pajamas .,ya think so .,right .,well what kind of beer do those monsters eat at the bar .,Adam do you see anything in the room that sounds like toy .,no .,Sarah I don't know .,yeah .,driving me up the wall .,I asked one of the women .,okay .,so you sit in the back and when you go the bump it goes bump .,have you made any points .,who thinks he's so funny .,these are gerbils .,do you have the same amount in each cup do you think .,well .
what you doing .,what do you think .,look at that .,party all the time .,and his teacher .,you are very upside down .,bye bye my baby .,oh my goodness .,yeah .,all done .,you can have more as soon as we're done .,what's the baby's name .,oh .,oh so you think I should make it work .,you told me what .,would I let you have a sandwich at the seashore .,oh .,tell me what else you did that was interesting you've gone trick or treating hm .,come over here and tell me about it .,four years old .,you couldn't read the words .,made of matter .,would you kind of explain it to me .,yep and then what's going to happen .,mhm .,what line does it come up to .,yeah .
you see yourself .,let's see .,there's squirrelie again .,oh what's gonna be at .,okay let's wrap this book up for Connor .,where did Susie go .,the Daddy and his baby .,she has the Cuisinart just like we have .,she's more interested in the page that stuck than in the story I think .,he's going to stay in the tractor .,so is she coming at eight thirty or .,we can't right now .,okay one two three four five .,you can't put it straight in your body .,who's this guy who's the yellow guy .,come on and put your glasses on and then nobody will recognize you .,but uh oh .,no .,alright .,alright .,six o'clock .,have you ever seen the dust .,okay .,and .,yeh .,okay .,this big van .
oink .,that was your noggin .,give pussycat a kiss .,what are these .,and tickle me worm .,uhhuh .,where your other block .,no Fraser won't take you up .,you wanna look at the book huh .,let's just wait a minute .,hi .,we'll find something .,do you think it's cold or warm .,not flour .,be careful .,is the window on this part or is it on the other part .,okay great .,okay .,alright .,what happened .,alright you do it .,what big bump .,what did you do .,outside were .,you stay up too late at night don't ya .,and you're not help .,would you like to hear those when they get that far .
red is a good thing isn't it .,ahhah oh .,we'll get your shoes .,where's Big Bird .,book .,uhhuh .,four .,oh my goodness .,and what's that on the plate .,and and what do you say to her when she does things that bother you .,okay .,it's a fire engine .,mm good good good .,you gonna erase all your art work .,let me in let me in .,okay .,how do you say it .,Auntie Marion's .,Ann fighted over who .,can you tell me the story .,okay now you know what I want .,no .,let's see if you can ask some questions ask me some questions that I can't answer .,uh huh .,alright go get them .,I don't know .,can see .
who's that .,that's it .,shaky shaky .,see the kitty eating out of the food bowl .,yours .,no not in your mouth sweetie .,look .,Spotty .,I think if she could say whatever whatever .,where's your elbow .,that's like um what's Auntie Marian's doggie's name .,blow it again .,oh .,well sort of .,Sarah you read Ann Marie a story .,well what I was thinking .,he jumped out and they were free .,oh where did you get feather brain .,sit up before you choke .,how'd you poke your eye .,how much is that .,my uh my apologies .,quit laughing .,it was .,it's another tie .,smile you're on candid camera .,you did mind .
you got it .,woo .,look at those fishies .,no you can't .,yeah .,cap .,meow a kitten likes to play .,is it Gabby's necklace .,this one .,and that keeps them from coming .,did you say she was a friend last do something .,mhm .,uhoh .,oh .,I won't do it any more .,okay I think I understand now .,no what did you mean .,you already know what .,and then some other stuff too this is like a little kind of a little splatter one .,I think you're getting it .,look at that .,hot gas .,I know what's better to talk about .,he just walked up and blew the house down .,why don't you tell me what you did to at school today .,roll it up in a ball .,you lie down .
and who's this it's a baby .,say ah .,hey you know what .,you know .,belly .,down you go .,kids .,does she have a dirty ankle .,how will you push it back .,shall we go downstairs .,who give you all the books .,yes you do honey .,see .,how many times .,I don't know .,you are silly should we look at our states .,that humor .,I'm not your father .,she can go to the store when she's five years old .,is anybody outside .,you can throw a ball .,I think you did a wonderful job .,well it's going to be hard I tell you what let's figure out what word this is .,what did he do .,you've been sleeping too much lately haven't ya .,yeah .,you wanna work on your handwriting some more or not .
ahhah .,you're getting enough hair we can actually start to comb it .,nanananana .,may I borrow your rattle .,get the crunchies out of your hair .,let you wait .,it's a blue spoon you're right .,are you a cow .,you want this kind .,because you you're so pretty afterwards .,you hafta look for it honey keep looking .,bursting .,windshield .,milk .,now put the eraser down .,yes you hold it down and put your finger on the inside .,sure .,not really no .,yeah and what else .,then over to Gail .,keep going .,Mark was .,Banshee is that in superheroes .,no .,because here it shows that they're helping their mommy .,Laura's gonna help me with one other thing that is really fun to do .,look in the b in the file box where and see if you can see it in there .
what do you know .,yeah .,Thomas is I think is pretending to be a horse .,goodness .,yuck .,what is that .,you don't like that .,okay .,you've got some of those too don't you .,there .,just be careful when you walk .,here okay just put it down .,or do you wanna pour it .,a what .,now you know me .,alright should I take it away .,do you know anybody who has this toy .,and we had yummy smores and hotdogs .,that would be good .,that white box .,yeah .,uhhuh .,is that a person in superheroes .,wasn't it at a big school at Northside high school .,where did we go .,okay .,how old are you today Laura .
hey can we try this .,do you wanna wear this one .,I like lobster .,look Alice .,brown bear brown bear what do you see .,mm .,and so I'm teaching her to answer with her name and probably as more of those things happen I'll respond .,ah .,that's right .,how come I can't hear it anymore hm what'd you do .,sometimes she scratches and she meows too doesn't she .,do you know .,you take it out .,goes right there .,whose name is that .,Soopa .,no .,yesterday was my birthday so today I'm a teenager .,I don't know .,a .,it doesn't .,how did you learn about that .,is that itchy something .,mm .,what kind was it .,is it sposta be a boat .,we haven't gotten that far to those tapes yet .
you just love that book .,I'm gonna go down and get the phone .,see the baby .,let that sock go .,gorgeous picture .,see that word right there .,I see a red one .,all done .,oh what a mess this kitchen is .,where where's where's a two .,I guess I got carried away Toot said .,uh huh .,what was the name of the bear .,no .,lucky Sophie had been to toy land she had a delightful adventure with all her toys and she had found Peter and panda too .,better than what .,why do you want to be Haman .,I think it's upstairs .,I'm not sure about that .,I got a .,oh you love strawberery milk don't you .,now Ross let's go back to what happened in the beginning .,okay then so we hafta find the place where that's going to fit in .,hadta cry .,sometimes when you get up in the morning real early and Daddy's still upstairs what's your favoritest thing to do .,which movie did you like better .,okay .
oh did it run away from you .,what's here .,kooah .,Vasie .,kind of deep .,very good job .,who are you .,and the first thing he knew they had built a big wagon .,oh very cold yes .,where .,you're pretty smart .,right there green go to the green one .,that's what I think .,oh I know something we can try to do here .,do you wanna make it a little bigger .,I said don't hit no don't don't don't touch leave it alone .,wanna make an A over here .,he's been living with my grandmother been boarding with my Grandmother for years .,where're you going to tie the other end .,I am .,you wear a life jacket honey .,what .,Cathy she hurt her knee .,what's he going to do tell me the whole story everything .,what do you do .,okay .,are you teasing me .
is that what you wanna see .,okay .,ah .,sound good .,you know your name .,a purple pink baseball .,that Nicholas is a nice bunny rabbit .,he wants to go for a walk .,I want a hat like that .,look at me .,oh the arm doesn't move .,a g put it down and see .,what .,what do you think we should play today .,because it looks like a spine .,Roman what does Mommy what does Mommy do for work .,what .,I'm asking you .,I don't know what we're gonna have for supper .,then what're you doing now .,what is it .,and he said .,well why don't you tell me about what you've been doing in kindergarten besides that .,can you take your fingers out of your mouth so we can hear you better .,who .,can I ask you a question about your cookie .,oh .
who's that .,haha .,what a big boy .,choo choo .,no put it in here .,yellow .,do the ducks go in the water .,you put it in .,a red one .,Nathaniel put his spoon in the ice cream .,see pinch and then .,no she doesn't wanna wear that hat .,move them away .,no .,hey ya know what .,oh look what what's she doing now .,let's see what happens next .,put your head back .,you know when you useta like this book .,that's clever though .,so that would go in the front of the car .,yeah tell us about it .,and what are these .,I thought she was a puppy .,no .,how come .,why don't you lie down now and take a rest .
oh that's too big .,wow .,let's eat .,ugh oh stuck .,soggy doggy .,oh my .,not carrots .,it's okay if it falls .,no seesaw .,going down the driveway .,your yip yeah .,who's saying help .,she'll never forget her stitches .,no .,then you can tell me what you think he's called .,please .,Abe stop that .,yeah .,you know we had kind of a weird this weekend because we kept trying to do different things remember Matty and like everything kept getting changed like remember first we were going to go to Splash Lagoon but what happened .,now put it up here and do it Sarah .,or the door .,have what .,x x .,would you tell me about Sassie please .,what was it .,not in the movies .,where .
oh .,I'm going to get your foot .,moo moo .,here a baa .,that's a wheel .,feet .,mm .,what's your name .,rats I forgot .,right there are three street cleaners .,what other shapes could it have .,and look they're together in one delicious treat .,what else do you needta be made into a princess .,okay .,why are you here the spring unicorn asked .,that doesn't sound very big .,it shouldn't be .,where'd ya go you went visiting .,oh she stayed when I was sick .,you're a pretty big girl aren't you .,how bout .,Ross I I want you to come right now Ross .,where's his arm do you think .,uh huh .,Angela takes ballet lessons .,pouring task .,you're big .
oink .,ah .,where you gonna go .,I hope you like it because Mama don't like your .,let's play with the ball .,what's the chick say .,is it too big .,here .,or t .,see .,all .,there's a bear there who has a bandaid on his snout .,I think we need a lil protein there .,where's the company .,no that we can't do .,maybe tomorrow .,okay now um how about this .,ouch .,are you feeling so sad .,the other way .,what does it play or sing .,after the earth was born .,uh huh .,but the biggest surprise .,but you don't do that do ya .,you hafta stay in one place if the tape recorder can't hear you .,green a lot .
kitty cat .,let's try sitting over here and we'll bring some toys to you .,let's see you're about .,what .,want some more water .,one Big Bird .,once there was a little bunny who wanted to run away .,raining outside .,that's the boy .,what are they building .,there .,oh you did it you did it .,remember we said do we wanna make a sad one or a scary one or a mean one remember what kind we had last night or last year .,ten .,Tennessee .,because she had this .,oh my goodness .,that was the African savanna exhibit right and the giraffe was in a cage or a meadow .,it's a different woman .,oh okay maybe I'll let you watch it then .,you know I .,and this happens every day .,that's the reason all the stuff .,you don't hafta be shy .,dragons of the sea .,who found the tail .,are you having a good day today .
look here's something else I know you like at home can you look at this one .,what if someone else wants to play with those and you'll have your baby drool on them .,you could be it .,eyes and ears and mouth and nose .,where did kitty go .,now he's gone .,let's give it to the alligator so he can .,mommy's gonna make you soup d'you wanna help me .,hold on momma gotta put some frosting on it .,would you like some banana .,again .,fifty five .,Mr Spudinski .,Sherry's coming with us .,that's sposta be very good .,that's the end of that one .,I'll just give you a little bit Hel .,you wouldn't hit a girl with eye glasses .,well .,now go around .,he'd hafta have one too .,you're a good boy Mark .,no .,third little pig .,isn't that what you said .,show me again .,what did you need .
we have one of those at home for you too if we could just keep that two year old sister of yours from running off with it .,can I call you baldie any more .,yeah .,oops .,heh .,naughty naughty naughty .,can you say mirror .,what are you doing .,niyow .,we need blue hat green nose green bow tie .,if you go close you can really see your face .,uhhuh two hippos .,that's a good question liv .,ooh .,you can play with the thing on the table but come say these words okay .,okay .,that can be part of your picture .,remember you went to Kya's birthday party .,Paul we might hafta go upstairs hm .,up and down .,and I think it'd take too long to read .,then all the stardust came together and formed planets and stars and started to cool .,you know the one that you always pick the ball up and throw .,okay what else would you like to talk about .,what do they do .,it's taller .,yeah .
you wanna catch it .,with a moo moo here and a moo moo there here a moo there a moo everywhere a moo moo old Macdonald had a farm eeyaeeyayo .,hm .,here we go .,we tried to buy more cups like this in the store today .,you want a song Laura .,this chair .,oh I like you you're my friend .,yeah out .,he can't run jump why not .,can ya smell it .,she said nope .,what did you say the class asked eagerly .,whoa .,the doctor took away the sticker that I wanted .,this is very bad .,what does David do .,nev never .,well .,he's trying to get the cat .,I can't see it .,you know you know what that's made of .,that must have been the night you spent the night at Grandmommy and Granddaddy's .,uh huh .,lay them down .,okay .,okay .
look .,look at the leaves in the trees .,is that good .,let's see .,there is a doggie bowl with water in it .,down .,I have your favorite book .,he needs a new diaper .,Alex you can't play with them if you're gonna throw 'em .,here's your ice cream cone truck .,where's his grandpa .,I shouldn't leave here .,so you can change the nuts on this car .,hm .,is it the last one .,you can't go out looking like that .,okay .,but what was the problem kinda with Jaden in terms of sleeping .,you better not be in that garden that I'm trying to dig up .,what .,we gotta stop this and s start on this one okay .,you want candy .,yeh but you play a lot of ski ball too don't you .,please .,what's at one .,in the measuring cup .,mhm .
that is so much fun the way that fits in your mouth .,nguh .,okay .,Big Bird on Mot's shoulder .,Floppy's behind you .,okay .,hi .,why uh the change to uh why the change to this room today .,what happened .,oh no what happened what happened to him .,who's this .,there .,it's a truck .,yeah .,I know it .,what .,that's Spic n Span .,I actually remember his name Rafiki .,she tried to fly up into the tree .,or the bunny rabbit .,oh no .,I learn to be someone like you .,I know one you can't get .,and she turned out the lights .,and you were floating on your raft and you floated next to me and I pushed you out of your raft and what did you say to me .,and skinnier than this cup .,well .
I'm sorry that's handsome baby boy .,ahhah what are you doing .,here .,is your belly full .,no no mouth it's not food .,it's a pencil a red pencil .,that's a man .,does the monkey like to lie down on your hand .,mhm .,that's all gone now .,sing how come you're not singing .,having kids is .,I can't reach them .,gum .,who .,what sort of tools do they have there .,yeah we went to Benson's animal farm .,we got them for Christmas .,what do we usually do when we're in here .,tighten it .,Frank you're going too fast .,mhm .,whose team were you on .,me forgot uh huh did he go in the desert .,well I can't I didn't hear what you said either .,that's a good idea .,you'll find it Laura .
who's picture is that do you see yourself in the mirror .,you see the balls going round .,here .,yes boo boo boo boo boo boo boo boo boo boo .,good baby .,but you can't really .,and who is this .,newspaper too .,I don't remember .,a country mouse .,yeah .,for Robin Hood .,pan .,this one .,hit them down okay .,perhaps they're just taking their nap in a nest .,whenever you ride your bike from our driveway where do you go .,not do that .,you wanna hear your own voice .,what are ya doing .,I guess that's a big pipe .,oxygen is one you breathe .,or just tell me how you did it .,and what did he do .,what do you like to do at night before you go to bed .,alright .,can you draw in here .
it fits in your mouth .,you haven't done that for a long time .,whoops .,peekaboo .,you want a spoon .,watch this .,what's that .,I'm not getting stuff for you to eat .,when does one use an umbrella .,he broke his bank and he's showing it to you .,Violet .,of course you do .,why didn't we see the little baby .,why can't it .,we got the same mailman .,hey here's a good hat for you .,what .,where is rainbow fish .,she's a riot .,this .,he has tickets .,we were we were sleeping in bed and Mark was visiting us and then he left and he said .,t .,same scenario .,you wanna cut .,what happened in the movie .,oh .
you wanna see if it fits in your mouth .,is it rolling around .,in this cup .,gentle gentle .,thank you .,are you getting tired .,it looked good .,does her tummy hurt .,you have a little more on .,the rolling pins are over there .,that's what he does .,oh Alex there's one under your leg .,it's a pretend big box of diapers .,I like that kind .,huh .,boy .,a play park .,but um you know um Doctor Weist was wondering if we would talk about what our vacation plans are where we're going over Christmas .,touch the sky .,she won't do her dance .,can he sit here .,uhhuh and did you give it to him .,Todd got wet too didn't he .,and the pig says okay I'll let you in .,oh has she got one like that .,I will smile for my candid camera .,well .
here .,see .,you're making me nervous by this gate .,the Doctor Seuss foot book .,no what .,yeah .,there it is .,put them in a .,he has a wrench .,see .,two .,and you can just throw this in the wash .,what's he doing he's blowing .,no those are not broken .,I put them up .,listen I'm gonna ask you some questions I wanna you answer okay .,you mean you can't have any say yourself .,show Melissa that .,oh .,so what does that mean .,no and I think her mother had told her not to go into the pool .,when the babysitter was over uhhuh .,anything that's thrown away .,and what is he going to do with it .,I've got a good one .,I'm not sure how to do this do this at all .,uhuh .
oink .,it's not so bad .,Boneen .,ew .,I'm sorry .,ooh it's kind of neat isn't it .,this is kangaroo .,he is in .,who dat .,is Leila good at making puzzles .,okay .,it probably wouldn't really hurt him actually .,that's gonna be very funny tea .,we're not going anywhere .,a boat .,I think I'm gonna take a bath .,I see .,show us .,okay .,how much .,you know what we've gotta do .,yeah .,no see that's a whole word right there that'd be too big .,yeah .,you tell me .,which deer .,uhuh .
can I help you by opening your fingers .,nday .,miss curly cue .,this your sister toy .,three lively lions .,can't stand it .,there's nothing no there's nothing back .,do you remember what store where got that at honey .,no .,what is it .,I love snow thought Puddle .,um .,what time is it .,mhm .,no in Robin's home .,you've done a lot better .,do you like mud .,you take the jack out .,hiccup .,asked them what .,you just want ta see what that microphone is doing hm .,how'd you learn that .,what about right there .,no what's that first letter .,are those the shiny ones the valuable ones .,how do you know .,good .
let's see what else there is in here .,aguh .,oh .,what did the baby say .,I'm playing with the grass .,is it stuck in there .,what .,this is actually apricot nectar .,what are you doing .,do you do what the dog does .,really .,she's not a very long visitor .,what is this under the chicken .,who is it .,did he let you play with his fish .,we should do that at our house .,it was upstairs .,you have a big boy bike .,or was he the ninth .,yeah .,I was in the forest .,have a good still sleeping time .,okay John .,I don't know .,what do you think cats would do with a rubber mouse .,who pulled him out .,the filing box .
yeah .,it's so tricky .,stuff in here .,you hear the kitty .,that doesn't open .,I guess you were hungry huh .,ah gorilla .,now give it a try .,mhm .,how many fingers .,then he pushed the up and over button on his brand new Power City Rocker Crusher Dumptruck .,how come .,well what is it .,beef stew or ham .,maybe you should go show it to Mommy first .,is that the loading gear .,what's been going on with our car .,you're not you're gonna leave that here .,I didn't think she'd remember .,oh yeah and your back was hurting ya .,are you going to pick the blocks up while I'm making what I wanna make .,they what .,two tickets .,what you're saying .,what kind of cows are they what are their names do you know .,okay .,well .
oh dear .,whee .,yeah Maggie .,hi Eeyore .,right .,oh .,no soup oh .,and we are gonna change them .,okay get down let's go put her over there get your bench you take it with you c'mon let's get rid of the food .,okay .,maybe Thomas .,baby cereal .,stir the eggs .,aristocrat .,oh ya can't grab him like that .,you hafta ring up each thing .,what .,come here .,maybe the daddy's with the doll house .,yeah .,there .,oh we'll turn okay it's off .,huh .,there is there isn't any more .,are you always real quiet in the car too when we ride .,alright .,follow the clues .
ahhah .,I like the sound that makes I think you like it too .,Mandy look what Mommy's gonna make .,uhoh .,you got it .,okay .,pigtails .,he took it apart .,a scratch or a bump .,please .,this is his raincoat .,did you have a kitty at your other house .,let's think about what we did since we had a tape before .,that's the box they put the food in .,what .,oh it does .,did the Merry Men do anything earlier .,goodness .,I forgot to say that you could have a banana .,okay okay so like this will this help .,did you tell her our telephone number Adam .,you know what your body is made of .,some of those word games .,who did .,mhm .,yeah .,you are .
there are some beautiful colors in here aren't there .,you're just gonna give up and play with that one .,no fun .,you could play the same game .,two .,what is inside it .,want Mommy to sing for you .,you like teletubbies yeah .,you didn't buy some salt .,hint these are some stickers see I was thinking that you were going to put stickers right here .,where's your pirate guy .,oh you have a foot on the oh injury on the bottom of your foot there .,then William's bike .,who's got to fix it .,that's what it is she's looking out to see out into the water .,and what was Wilson .,I see .,yes .,just stay still .,so you looked back .,I said after .,okay .,you know you've seen water go down those on the road haven't you .,that's what I heard .,they get dressed as soon as they get up in the morning but you don't do that do you .,this is it .,you just wanted to know if they were painted not who painted them .
There's a .,here look at .,nice kitty .,Willy Waterloo .,Clifford is gonna have a dog show .,and your gonna stick them all on me .,he has a book what's he doing with the book .,turn that .,do you wanna build something with those blocks now .,suddenly I felt very sick .,what d'ya think .,yeah .,more what honey .,Doodledoo gets up early in the morning .,ow ow .,okay .,no he likes your side Mommy's side .,I see .,you wanna hear what you said a few minutes ago .,you won't get it out .,what kind of game were you playing .,that's alright .,you all crawled under the floor boards .,and .,why do you wanna to go first grade .,because I don't know how to take the battery out .,I see .
and red like your the edging on your outfit and all those other things .,does that make you feel better .,there he is .,he went that way .,eight skinny fish .,you want to pick you want me to pick you up .,what's that one .,is that a big bug or a little bug .,Nana home .,how about it Abe .,okay .,and what's that .,let's see .,I don't want it to spill either .,Rand Sherman's my last one .,oh this is your can .,that light .,more stuff .,no .,Abe put this up .,yes .,mhm if all the people in the world were in the same bus it would be very crowded .,I mean right now here on your lego set are you rearranging it .,what is a weasel .,they're good .,slide the battery into the battery container .,what did you need .
so messy .,is that better .,what's this .,I'm sorry .,no Booboo .,snowy day that's right .,no you're spitting it out .,oh I love your slippers .,that's a rooster .,go away .,I'm the grocery man .,can I hide with you .,here's my spoon and my fork .,one more .,Richard Scarry's alligator is called Smiley .,yeah I know .,okay wait what's their names .,did you have a story about that at school .,well that was fast .,like this and then like that .,well I don't know either .,and he hadta he was referring to some pictures in a you know in a uh in from his class portraits where all the kids' pictures were out all put out together and uh they were indeed diagonally arranged .,didn't Michael take you to play Pac Man at bumper's junction .,you did .,I've seen some of the shells laying there but I think they must eat it sometimes and not other times .,what made you think of making the camp up .,I'm trying to think of something .
you want it in this hand maybe .,your favorite balloon .,oy .,where is Jaylen .,open the book .,there was a one about a sailor that drowned .,huh .,I don't wanna hear about what people don't like .,now see what you done .,very romantic .,okay now rub it in good .,apple .,green stamp basket .,I think I got some cleaner for ya .,that's why we made one .,now I need some cocoa .,you didn't tell me all that .,oh I can't take it out you needta use your hammer .,so I was thinking we should tell we haven't seen Helga in a couple weeks she doesn't know the different places that we've been since we saw her .,slow down a minute .,his hat .,baby monkey .,what are they doing .,you want some more little pigs or you wanna talk about the greatest american hero .,yo .,we're just making it the same level as each cup .,really .
see .,I'll get you a pillow but .,yeah .,and on his farm he had a cow .,it's very windy today .,hm .,can you close the door .,yeah .,Charles sat down and cried so hard .,because .,we are .,I don't know why the carrots didn't come up .,she's so excited she throws her arms up in the air .,show me .,you're going to type a paper .,the picture shows us running to grand central .,what did you call your food .,what .,maybe it's for your baby .,try again .,are you losing weight so that you're losing your pants .,uhhum .,I just let you sleep till we got home .,from Papa .,what's an ace worth .,just play .,uhuh .
enough with that .,yeah .,go yes there you go .,that looks pretty cool .,yeah .,who's this .,boy he's tired .,did he run .,or bring him to the zoo .,how much for these cookies .,you simply don't wanna put them in the chair .,oh that's because you use it to brush your hair .,do you know what this spells .,he flew the other way .,because you might hurt yourself .,yes sometimes it is shaped a little like that .,well the pig is visiting the little red hen .,he's super stretchy .,that was Louise .,what other one .,about how the two accidents today .,and they know that he can't live there .,would you show me how it works .,well tell me about the straw .,are you gonna play soccer next year .,pull back the battery .,then I'm gonna um play that .
yes all that drool I just don't know .,that's a red foot .,up .,I see Chi .,bonnie .,okay just a minute .,think we're missing a piece .,good .,the other one got wet .,so did I .,happy Hendrika .,those are pretty stiff scissors aren't the .,come here and I'll show ya .,yep .,yeah I see your cheek .,oh you too .,and where else did we go .,try translating that one .,what .,well tell her about them where'd we get them .,yeah .,fluoro what .,for four year olds uh .,the globe the earths you mean the earth that you saw the united states and Africa and did you see Iceland .,you've got lots of high cards there too .,I point that's the gooey one .,what .
what's that .,he's so cute .,got it .,you see the kleenex again .,popping popping popping .,where'd the brush go .,oh you want the orange ones .,you don't feel like going and playing in the .,yeah .,or you wanna read this one .,you're starting to slow down .,it is for heading off to school going to work and it helps you feel happy all day what is it .,a knife .,two .,it'd be hard to balance it like that wouldn't it .,let's finish the story .,you can build something with that Roman go ahead .,and it's a what how can you describe your bike .,because .,those look like overalls don't they .,what color were they .,oh stardust like what um .,a piece of paper .,did you see any dippers .,what's that .,so she'll know whether she wants to see it or not .,what is fun .
mm .,can you get it .,thank you .,hey knock on the door .,what does kitty say .,does Eve want a spoon .,do you want me to make another call .,purple .,yep .,that's a microphone .,the zoo keeper .,the screw is in further than that .,okay and then what happened .,what's that .,I didn't go to the store .,no this is my trailer .,what does this paper go with Emma .,it's the right shoe for the left foot .,A and P pack their own milk now .,let me see .,alright try it now .,to lava they turn to .,might've been .,nobody ever gave me any bricks .,oh well is there something else you'd like to learn at first grade .,what are you doing with all those cups .,now what do you mind about it .
you want this back in your hand .,agagag .,don't like being in the play yard do you .,oh thank you .,say bus .,oh okay .,I see .,where's the flowers .,what's that .,let him have that one Kalie let him have that one .,Alex did you go to school yesterday .,what are you doing .,it's a purple car .,well he won't like to play with you if you keep doing things like that to him .,oh my goodness .,it's so pretty isn't it .,I read each of the .,what do ya make yesterday .,she tried sitting on the stool .,okay .,let's see who else was there was kit .,that's right .,you were telling mommy about all these things on this shirt here and everything .,in a car .,okay .,it has a cup of water in it .,lie down on our bed .
that fits in your mouth oh that's just great .,look at this .,yummy .,dada .,that's an orange crayon .,tea in the chimney .,it's a basketball .,I can't believe the time .,what's under there .,let me just pull it up because it's falling down .,oh will he be big enough to eat for dinner .,one and eight is eighteen .,oh chocolate chips .,now I can go super fast .,ah no because you already ate a cookie .,do you wanna go in your bed room with a another spanking .,okay .,what kind of bugs did we read about .,no one for Paul and one for Diandra and then put them up .,stamp .,a friend .,the earth was full of gas .,okay so what happens .,does he he's the owner do you think he is the teacher at the planetarium .,you can say it .,so tell her about the movie .,drink this .
let's see do you wanna see who this is .,aglagla .,adadada .,into the oven goes the toothbrush .,this all fell out .,now it's green .,look at mommy .,here is that nice squash .,and then this the bird said pip .,jump down .,how are you .,yes I see .,over here with Dorothy .,would you like some cereal instead .,at that house there's going to be a nice party on Friday .,right .,isn't there a word you use when you do that .,I was just gonna say I don't remember buying you that .,what .,let's see .,you know there was a record in our tax information that we had paid all those late .,when did it happen when you were at school .,okay but what will you ride that's what's important .,she sleeps .,that's happened hasn't it .,in this cup .,don't .
ahhah .,yes let's look at that baby in the mirror .,they're very good .,achoo .,byebye .,is that a box .,thank you Lily .,exactly .,oh okay when she gets down I see .,is there any more back there .,okay .,shouldn't be in school for forty years .,so they all .,what're you gonna use for .,yeah .,oh so the coral grew on the fossil .,no no that's Paul's dear .,did we see a cobra .,I can give you some wool to make a warm blanket for your mother's birthday .,who's this .,oh why don't you give her one of the ones that you had her make .,too violent .,okay why are they circling the tornado .,did anybody give you any jelly beans today .,how to play .,yeah .,yep .
wanna look at that .,let's see what he has .,make me clip them nails while you sleep .,you're pushing away .,you're holding your water .,what's a duck say .,wanna do blocks .,okay .,oh you're crawling on the radio .,you don't want to eat the broccoli .,I don't know if he fits will he fit .,okay .,you want me to read this one .,one more day .,these people do not know happiness they all agreed .,did you tell Mom what's on tonight .,he understands not to touch the stove because it's hot and he understands that his food is hot sometimes .,how about that .,yes .,her and Laurie .,is that where he bumped it on .,you did a very good job Mark .,well tell me I mean what did you do .,did you ride on the bus .,you whispered it .,okay .,so you didn't mind being tape recorded .
you like that .,here want that one .,Brooklyn .,baa .,Jean has a kitty and they're so soft .,one .,open wide Sam Mrs Bear said .,now open the card .,that's white .,oh your tow truck is right there .,tuh look at .,and then they're going along in the woods .,what are you gonna do when you go home .,oh yeah there's a lot of them .,no .,oh .,hold it from the paper and then eat it okay .,want me to help .,you forget really .,Donna and all those kids are down there .,they don't have cable .,lots of them .,don't cover your mouth with your hand ya know because that might get in the way of your talking .,yes you do .,see this is the rock the way it looks before with the lights on and then you turn the lights off and that's the way it looks .,did you like Rocky .,I see a van out the window .
It's red like your socks .,fishy .,let Mommy help ya .,very nice .,there's a puppy .,didldow yes .,that big stick is called the trunk of the tree .,she's out in the field .,that's gonna be big enough for your jeep .,whaddya say .,jaguar .,the llama's very gentle .,ahtashatasha .,well wait a minute .,buy the stuff at the store .,why would my self do it .,oh goodness gracious .,you have one of those .,wait no don't pull it Adam .,oh I forgot this one Abe .,pretty smart .,Joey's house .,and what kind of j is that .,thank the Lord you are well and now go to sleep said Mrs Clavell .,and you're looking forward to going to first grade .,slide it to the right .,is that a kind of magic .
would you like to sit up a little bit more .,okay .,here .,oh the tall building .,huh .,did we skip some pages here .,okay well .,I know Papa has some glasses .,see how the little girl's sitting down .,what's the man doing .,hi little tiny baby that came out of her mama's belly .,okay are you all done with this right here .,and his back .,oh that's nice isn't it .,I don't see any that are totally empty .,I'm gonna put that .,so she said she wanted a a belt buckle for her father because every morning he gets up he can never find the buckle you know .,Abe how did you dig up the whole garden .,still .,I have a brand new one that's not even cut open .,oh it doesn't fit I think maybe we hafta start all over again .,did you give the poor kid a knuckle sandwich .,okay that's seven letters so that'll be a hint .,wait a minute .,no you won .,insert the cartridge .,yeah .
yeah Chi .,choo .,you're getting to be a brave boy .,we'll look in the lazy Susan here .,whee .,come on you wanna .,no that's for breakfast .,that's the trunk of the elephant .,now can you put the white ones in the other box .,yay .,that's not a very good square .,to keep them good .,flower .,no .,I smiled dreamily .,they're good friends .,you forgot .,are you sick .,well I guess there's nothing you can do about that .,well let's look at what's in the store over here .,okay .,you haven't had enough to eat .,thank you .,well what did he do .,what else did ya do .,what kind of a test is this Laura .,what's there .
is that so fun .,you kind of fell on your head .,Aggie .,oh you got me .,it's a towel .,here we go .,I think maybe you could use a little more food in your belly button .,who's Sue's friend .,no you can't walk up that ladder you're too big .,mhm .,poor Cookie Monster .,elephant .,did you have a good supper .,ya just had the pen a minute ago .,uh Chantilly's going to break it .,that all we need .,yeah but aren't you eating it with a spoon now .,thirty two dollars and forty one cents for all these groceries .,okay who's gonna be the mammy of this little baby .,isn't it funny how something can really hit them you know .,you've seen a tape recorder then before .,do you have games where you throw socks in the wash .,well let me think of a harder one than that .,what did he and Scotty and Mark and Brian and Lori do down at the foot of the hill .,I guess the ones you give birds aren't salty .,go clean up your mess .,yeah .
there he is .,peek .,oh boy .,while other bugs scamper and scurry always in a dreadful hurry .,I don't know .,train mice going down the track clickety clack clickety clack .,where are the branches .,Daddy's cup is cold .,dyou remember .,Mom'll clean it off .,nothing yet .,do they all fit in there Adam .,maybe that's why .,okay .,I'll take it away .,they were sitting in a convertable .,um however um we don't like this we want some meat do you have any meat .,see it .,that I'm .,a shirt .,two different ones .,well what about the socks .,how much allowance do you get .,okay .,mhm .,now I'm gonna break my cookie into two pieces .,yep .
you got it .,you take the yellow one .,right there .,good boy .,want a little plate so you can eat your own pear .,what am I doing .,he's not sleeping .,what's wrong with her foot .,I don't wanna ride my motorcycle .,I'll be right with you .,what about this color here .,ooh that's a good one .,and then they can buy things or what are they sposta do with the money .,blow very gently .,maybe we should make it later whadyou think .,a hundred dollars just for that .,let's see what happens next .,I dunno .,no but they're fading out .,oh how's that feel .,cause your feet don't even come to the top when you stand on your head right .,right you know you know what they eat for lunch when Rossy goes to eat lunch at school .,okay .,had he been studying the planets and the stars .,ballet lessons .,are you sure .,well .
can you read your book again you like the book .,yes .,can you get up up .,Brooklyn .,sticky like tape .,I'm thinking of various places where papers have gone blue tower when we've cleaned up for an open house .,what are ya doing .,where's Mommy's watch .,and there was a river the Saint Charles river in Boston .,and pour .,oh my gosh you're so silly .,now they're not wearing their spacesuits .,who's scared of the tiger .,it's not words it's just a picture .,she does .,where'd we go yesterday .,would you like young lady in the car would you like some turkey dogs or spinach munchies .,scribble and I'll throw all your books out .,I guess he wants to go on there too .,okay should we take that out to the car .,I want some coffee .,yeah .,do you remember what happened at the end of that day when we left six flags .,uh promise .,oh .,the story of the movie .,good .
there you got it .,well you are having a good breakfast yes you are .,I see you .,for you .,you can go in there .,and the other one .,bye .,the fish .,yeah .,no .,that's right and you're gonna play with Tamar .,can you help me this is so .,mhm .,they're good .,alright .,you can only use one thing at a time .,oh .,do you wanna draw or do you wanna play um the game where we um have the cash register .,I think when we saw you last it was right after Presidents Day wasn't it .,how come you think that's true .,okay now .,under the bed .,that's a foot on the end of that isn't it .,said .,why don't you wanna take ballet .,open the film compartment door .,it isn't .
here .,what is that noise .,where's Dillon .,that's alright .,Ty .,you're gross .,no no .,fire engine .,my nose is running too .,oop oop .,it's at your table .,so she saying .,what did you do in the snow .,I heard enough yesterday .,but I have a new wool blanket to give to the farm animals so they can stay warm at night .,but anyway she's really good at like being you know sort of .,here .,what .,sure they are .,well you're getting one from Alan .,head first .,well let let but wait let uh .,makes Mr j .,what does it mean .,well what did you do in your room then .,okay .,will you .
oh what do you think .,it's fun .,colors colors colors colors .,hi sweetie poops .,tikuh tikuh tikuh tikuh tikuh tikuh tikuh .,oh there she is .,push the red button down again .,you got food all over the place .,oh don't break the feet .,did they have frosting on em .,airplane .,it's okay .,can you not put it in .,last time I visited you had a cat named Katy .,uh uhoh .,and then you eat frozen whatever it is .,eight .,did you really .,you need it .,no .,it won't say anything .,you're going over to the dark side .,oh okay and what are these people doing in here is this one asleep .,why is that .,no .,is that what you do at school .,oh .
do you like sitting up in that seat that's pretty neat .,yeah .,well because we needta know for the fit sweetie because school's starting next week and if we needta get you more shirts we hafta find out .,there's a star .,here .,there are your socks .,where's Daddy .,well Fraser has sugar in his coffee .,May .,is it good .,I know .,I wonder if that's for horses to eat out of or horses to drink out of .,remember what that is .,and ostrich egg can support the weight of a full grown man .,you'll stop playing with it .,not yet huh .,toasters .,it goes .,you want a celebration .,yeah .,I don't know but we're eating dinner right now .,no problem .,that sounds pretty good .,well let's put it down right here and you read it to me .,hmhm .,I thought you said they were going to the movies .,oh .
that's my pretty baby boy .,yeah .,say yucks .,and this is a bite of food .,I love you .,you know what there's more than one witch in there .,bulldozer .,oh that does belong to the set of blocks .,hurt knee .,turn the page please .,uh sure dark purple .,don't put it on it's hot honey .,a party was held .,that's not a rabbit .,you never did tell me what happened at the dentist .,because the lights on .,where'd you get the money .,he's my pet .,look under your paper .,but I can't remember what .,that's the tape recorder the lady has .,and in space there's no air to breathe no oxygen no nitrogen .,uh huh makes like a cross word puzzle .,and what did he say .,how does he get out .,do we have a rough cloth anywhere .,the pens will just dry right out .
let's open your fingers a little bit .,I'm gonna .,can check those out .,you see the moon .,aw you hug it .,June .,Eve would you please bring me the ashtray from the windowsill .,I'm thinking of a grassy place where they have big potatos .,where is that .,yeah .,you wanna know if it's time to get green gum .,put the car on it okay .,real special .,one cent .,as long as the blade stays in don't you think that's alright .,may I see that .,oh .,can Spiderman go flying on it .,that's right .,the star ballerina is ill and cannot dance tonight .,great .,why .,oh yeh I see .,who's Bill Maxwell .,no .,okay Laura .,okay .
ahhah I think I see Chi .,who is that .,the duckie is up .,look .,Yahtzee .,can I have it .,just a little hot .,what color is this .,what are you doing here .,hm let's see .,you're all set yes you are .,and we played basketball with it until somebody broke it .,it's a slippery little guy .,what .,can you put the backpack on .,somebody might think you were murdering her .,what is it .,how come he's got so many legs .,hello .,good .,how many weeks .,mhm .,look there's another foot .,well tell me some more .,oh yes .,look at this .,you were a big baby .
you got it .,Joseph what does your ladybug say .,let me see .,are you getting me .,it's for wiping your face and your hands .,ya wanna call .,can you do that .,yes you do have a bandaid .,why don't you take another drink of your milk okay .,you think they're kind of sad .,hey I didn't knock it over .,you want some thing to go from the back .,open .,and back in time for .,silly .,well you weren't able to watch movies for like almost a whole week remember that .,you just ate the money .,here's your money .,you don't hafta hold the microphone actually that close to your mouth .,place .,I get some change back .,mm I don't know but we're missing some socks .,r .,do you wanna read three pigs .,are there gerbils .,so you're gonna keep this tall .,that's right .
is that a fun toy .,look at me .,let me see your little head .,isn't it .,is there a baby in that picture .,uhhuh .,you got it in your hair .,you can do lots of things too .,well pick 'em up .,I'll cut it for you .,clean up .,you can tell him that Minoru gave that to you .,hm .,why don't you take the doll along .,look it's on the pipe too .,that's what's missing .,yeah but it's not alright to put butter on a knife and wave it around in the air and get it all over the floor .,you didn't say the magic word yet .,you've got a mouth full of cookie .,let's have a stick .,yes .,Marky asked why did the volcanoes hafta erupt .,look .,Daddy doesn't know .,well tell me about swimming why you like it so much .,if this glass if these glasses were filled not with water but chocolate milk the ones that you made equal which glass would you choose to have your chocolate milk out of .,I'm writing something right now .
yeah .,oh what is that you're trying to get .,let's see if I'm right .,oh .,right .,you you you you .,that's a girl .,wrench .,he's happy .,let's see what's it .,you think you're funny .,at our house .,the duck can share a tray with me .,what would I like from the store .,I just hafta eat a lot of them .,they're screws .,cover your mouth .,no don't break it .,because you know who's coming to visit the second week .,Mary Ann .,like this .,well think about it .,why don't you .,they're not they're planets .,Sam .,but look Laura .,that's to the day in fact .
you want it back .,should we do these windows too .,you're gonna shake him .,everything don't go your way .,raisin .,Eve got a letter from Nanny .,here I give her a little bowl .,yeah he's your friend .,mhm .,you do .,don't we hafta put the car in the garage .,birthday today reported the ray .,remember we were gonna try to figure out about the shapes .,see .,someone's coming from a long way away I can tell that .,have you used your ramp today .,no no no no .,look at that he does not seem happy that the darker one was putting him in his mouth .,that would be fun to play too Kiki said .,if they're on sale we'll get them .,that went in here but was there something else that went with it .,liquid .,and what kind is that .,you don't .,yeh .,do you know what .,oh .
you got it .,let's push you up a little bit .,whee .,hm there's some shoes and some socks .,sticker .,you may have it .,which of yours .,was that good .,s .,can Mommy have .,can you what .,I think that it would be better if Mommy made it out of cloth .,how do you make tea .,didn't you go to school yesterday .,six dollars .,do you know how long we've had the snail Roman .,Mr Storeman do you know what that is .,what was it .,baaa said the sheep .,that's not right .,oh isn't that something .,mhm .,is that the words to your junk man song .,no .,what does that say .,yeah .,are you gonna draw now .
oh .,there .,ding ding ding .,this is Elmo .,good .,Daddy's gonna play with you when gets home today .,Johnny .,right .,you're not being very uh .,no he's feeding him with a fork .,she has a weight .,I might hafta change .,wait a second .,that's how they they're shaped .,that's what I want .,where's my motorcycle .,how come .,that way .,I'm sure they went from head to toe .,you're not gonna do your dance .,shall we read this book .,come on tell me the reasons .,the teacher kinda helps you out with the words .,opened the door and let his brothers in .,what do ya do .,see my cookie .,I have no idea .
oh you got it you got it .,what sweetie .,does that make a good noise .,if I know how to .,bowl that's right .,is that a face .,see the camera's gonna watch us play catch .,and lowly worm has one shoe on .,what if I move back over there .,I don't know that .,Sir Top .,oh you do huh .,oh I made it into a snake wouldja like me to make you another one .,yeah .,Roman if this is a shark how big is a whale .,a war movie .,don't be too noisie .,so you don't loose both of them .,swimming .,you hafta go towards Gail .,here .,then that's fair .,is that how you got wet .,what did Madaline do .,you know what .,it looks like a boat .,okay .
is that who you are looking at .,let's see .,one two three .,hard .,what's in here .,and we can pull it .,who's coming .,oh good .,see him running to catch them .,mhm .,they don't eat anything else .,sit here .,no no Adam .,you don't wanna play with Parasaurolophus .,what .,and uh where did you play .,oh okay let me ask them .,does that mean he's mean .,I was not there .,I don't know what to do with these things .,it's just .,think about it .,I don't believe so as a rule .,yeah .,eleven .,how does a six month old baby get that .,what .
you wanna hold it like that .,you see the baby .,all the way home .,Chi wanna put this one back up .,can you do it .,later we'll swing .,oh .,yeh I bet he hurt his teeth .,woo woo we said what are you doing honey .,a drink .,yeah see if you can get him going .,here you go .,how much is two and two .,why not open it from there .,how old is Mommy .,hmpf .,shopping .,what's wrong .,Sears Tower Sears Tower is the tallest building in the .,you wanna push it over to me .,oh you're right .,like what .,well let's see you've answered all the questions that I've asked you .,well tell me about it .,you name it .,I'm almost ready to take a picture .,I'll say you were a huge babe .
do you see Cookie Monster over there .,you wanna come sit with me for a moment .,they're looking at you .,Timmy .,oh .,camere .,very good .,the blue banana .,what does he have in his hand .,it's .,let's give him honey cookies .,let's put some ointment on that okay .,that's a plum .,that was what Ross was saying .,and what do people do with tables and chairs .,I've got to get a bag for you to put your grocerys in right .,okay .,and you turn it .,and Matty wasn't home because he was at the dentist so I said he could take it .,you hafta find out what what would make seven .,yeah .,mhm .,I see .,that's right that's good .,what else did you do at Sunday school today .,would you pour the water into this white cup over here please for me .,okay Kiddly .
yeah .,see .,did you wanna close it .,hold on .,hm hm .,what's what .,wanna write your name .,uh who's that .,oh my gosh .,I think we should leave it in the garage .,you wanted it plain .,what are you gonna do .,watch this I'm gonna mix two tea bags in one thing .,I don't think he can see you Matty or hear you .,I'll choose this one he seems very nice .,okay .,too bad .,eggs .,you don't know .,how's that sausage taste .,give me two two dollar bills .,still have a good still sleeping time .,how many did you get .,no Madeline soon .,are those tadpoles on that frog's back .,smile .,I think you probably didn't because that's like that tape of what you sounded like a long time ago .
a pink pig .,does it taste like the one at home .,you can't chew on that .,it's a truck .,here's the cake .,oh that's not a tape recorder .,you can take it apart .,do you know which ones go where .,and in there .,okay .,under your leg .,now I'm gonna take it home .,on the bench .,here's the bag on the floor .,you're having a party .,it's still gonna take anything that's heart shaped takes a while though to make because we hafta put it in the refrigerator to chill .,okay .,you you be the um the person who sells em .,oh my what's up with him he looks really weird hum .,right .,try it again .,well why don't you have candy when Mark when Ross comes home okay .,x .,no didn't he get hypnotized .,you colored it .,I didn't either .,now that you're big how do you feel about being in all of those tape recordings .
you're almost there .,okay .,hi .,give you some if you come here yogurt .,are those your balls .,you got in here .,that's right .,hey .,um what does the police man say to Corduroy .,what's it called .,he looks different today .,there was a little .,you can just take a short nap if you wanna .,Millisandy .,I will .,who else what else could we do here .,yes it's like a snake .,oh .,are you okay .,what happened .,hello Adam .,liquid they turn to liquid .,okay where did you do it .,did he do good turns last night .,how did Sam die .,so which cup needs .,right .
ahhah .,what is that .,let's g pat him .,you want out .,take a crayon .,here .,oh .,Dumbo .,I'll drink some cookies .,what's you drinking .,Mom saw a show that is going to be on tv .,huh .,a mouse to the movies .,that doesn't say either .,I'm no clown .,remember how they eat out of the bowl .,they got to the island they were looking for yeah that's good .,money .,now wait a minute .,okay .,okay .,when you get in your spaceship then it's safe .,no p not q p .,well talk .,okay .,don't put water in the Play Doh will you .,why is the pen here .
oh dear that's so messy .,okay go dress .,put it right there .,what ya doing there .,knock knock .,let's see which page we missed .,juice .,that must mean he's ready to hatch .,what can I make .,you wanna see what we have in here .,okay alright alright .,the which part .,you mean tomorrow .,are that's very grown up isn't it .,what are you going to put in your garage .,where's the boy .,alright .,what are you doing .,why .,plus what .,yeah .,dust and crumbs .,well I got a hard one you won't be able to answer how much is five plus five plus five .,I can't understand you .,I was gonna get some thistle from grandpa and I forgot it .,that's what you're gonna have .,you pl .
oink .,she has the big rings .,sweetie .,we're going to have some pears .,hi Allen .,oh you want to grab .,you're a bear you're a bear cub .,what is that noise .,you gonna just cry like that .,was your shirt dirty .,yeah .,no no .,here .,it's on your bed .,because then that will connect to this .,oh the lion jumped through the fire hoop .,I think there's gonna be a war tomorrow when it's time for us to leave .,were you talking to what's her name again .,yeah then what happened .,what's a Lauras .,there .,look at that one .,where did you get your money .,well talk .,what does he say .,what are you gonna do with them though .,what .
look there's Pooh Bear .,all gone .,and a an armie .,see .,you're so welcome .,thank you very much .,puppy .,she called him Thayer Bear that sounds like a nickname .,Telly .,oh well that's nice .,do you have seven dollars .,your supper isn't ready yet is it .,you made a candle .,okay that's just his tail yeah he's venomous .,how do you think it got hard .,soup .,you told me yesterday you didn't .,thank you he is really cool .,wow .,where does the two go .,you're in deeper than that in the pool .,good because if you did what would happen .,you did .,that's right okay .,well you can which way do you like to play .,the bear that what .,okay .
see .,yeah .,put it on .,it's a nice horsie .,Family Name .,fascinated with the shower door this morning .,look .,can you say cheese .,you're home .,but some people are in between young and old .,what happened .,no that's not a leaf .,I think so .,how're you gonna catch those .,ooh I love it .,you know didn't Elmo go in a hot air balloon when you get in a little basket and it goes up up up up up .,look at that .,what happened to ya .,let me see your eye .,just for about two or three days .,look at the front of it .,it s has air in it .,what do you reckon .,is it because she's a baby dog .,tell me how did you useta swim .,you're taking your ring off here .,you can play with it on our bed now .
there .,that was grandma on the phone .,Mommy loves coffee .,okay .,oh look .,smile smile .,mhm Grandma's house .,here .,I don't know it must be over there somewhere .,why does he have a superman shirt .,you play with this car .,that is Merryweather .,that's a good place to hang it .,because you took them out .,you go out with me in about half an hour .,she saw one at the circus and you saw them at the zoo .,okay and do Mommy's love their boys .,could it be I have a ray .,count em .,today's actually sort of interesting day .,sixty four pages long .,and the bump really feels nice .,oh okay .,and nobody knew so well how to .,um hm .,don't spill it because we wanna measure it carefully .,alright .
yeah see baby bear .,ah .,go ahead .,duhguh duhguh duhguh .,ha ha ha daddy's at work .,no .,shirt .,you wanna accessorize again .,we went running to catch Auchela didn't we .,you want me to sit .,I think green trees are beautiful .,a flower .,well can you learn how to use the cash register .,can you tell him about them coming .,the kids will be home in a few minutes .,is that empty .,we took the car down to the play ground .,you do not remember sitting in the car for a long trip .,don't you know of like a zoo or anywhere where I could keep them because I guess I don't really want them to be hit by a car or anything .,yeah Esther will probably have a fit when she sees these .,should we make some coffee now .,and Mommy said .,where you chase each other .,uh huh yep .,no .,now can you tell me do you have the same amount of water as was in the measuring cup .,by the other orange one .
you not sure about that .,yeah .,big girl poopies .,huh .,Naima pear here here here here .,lie down now .,that's Daddy's mustache and some of his teeth .,oh here you needta blow your nose .,would you like another circle .,where's the baggage train .,is he gonna go back in the box too .,oh no .,she looks I think she looks kinda angry .,I don't want you to do that today okay .,six chickens .,let me see .,um huh .,Roman .,what do they call the guy that .,what's that .,with a clock on it .,it's a movie about what's gonna happen in this world in the future .,if it launched off though .,okay .,I can't see .,in the yellow cup .,yes .
yeah yeah there he is .,buddy .,you done crawled all over the place .,does that cover it .,up .,feel .,you'll do it .,I'm not gonna spray it there's a turtle in the box .,oh you're steppin on wire .,here's another .,did you know tomorrow's the first day of autumn .,wow that's cool Ethan .,can she peel them by herself .,all right just make pretend ones .,what's happening now .,you can count .,uh let's make believe that's the closet .,remember when you the bee got you down at the beach .,a goldfish .,don't really like that I my nose okay .,okay so did you like .,that's what scientists say .,one two three four five six seven it has eight letters .,did you see the big children at school .,under the sand huh .,out .,uhuh .
you got it .,oops .,Daddy is a wuss .,ten frogs .,there .,show her how to draw .,what are you doing .,huh .,no Gail wants them in this box .,sing the whole sing first .,yes when she goes home she'll needta put the tape in the box .,it's not very well designed for that .,why do they call you slugger .,read me a story out of a funny book .,three bears .,and then we'll .,Mommy Mommy I can do it I can snap .,this looks like Mickey's head .,he's taking a rash off my hand .,oh .,ow .,now who puts all these sockses socks in the wash .,more .,ah .,for what .,it's wider and shorter .,oh .
and then who's this .,guguh .,and one silly sister who likes to pretend .,you're getting teethies up there .,crayon .,yes .,whats the matter .,mhm .,does this look like a snake this is a big worm .,all black horse .,that's good .,oh .,home to his house .,so both the Mummy and the daddy hafta want a baby right .,cool .,he's feeling better .,thank you .,do you see it .,two ladies and one boy .,spot remover spray .,I don't think so .,what is a big bump .,oh .,did any of the children ask questions .,anything else .,fix that up let's see what it picked up wanna hear what it picked up .,do you see it .
ahhah .,come on .,is that a rainbow .,hm .,mm this is what we always have a problem on it stops working .,his hair is wet .,you're gonna do that puzzle .,do you remember .,what is the trick over here .,it sounded just like a bat .,because ducks usually don't walk in the city do they .,oh alright .,that's a girl .,okay here .,you could probably tighten it with your hands first .,they're all the same through .,yeah it was on the tv .,Willy .,yeah .,well I suppose since I'm buying some plants too .,now don't drink all your juice before we eat our dinner .,okay you're excused .,can you find it look around and see it's going down .,you finished both sentences already that's good .,I said good reasoning .,would you please pour the water in the yellow cup please .,don't pi try and fiddle with this .
you better learn to hang on to your toys real well .,here you gotta hold two .,I'm gonna dry them .,come here .,and the rooster .,and what about a hopper car .,no what .,excuse me .,now put it in the bath .,where are all of our sacks .,let me see your face it's a little dirty .,I see .,what about the Cat In The Hat .,the sun what's it doing .,how come you're not that good at home at picking things up .,what is it .,uhhuh .,shall we put it fix it together again .,alright .,remember you took it out to show it to Betty and Donna and the kids .,it keeps you up so your head up out of water .,Mark asked me .,well how are you gonna sing it if you don't know the words .,I don't know how big that is how big is that .,does she .,no .,maybe it's under .
that's just great .,you wanna have some foodies .,oh we could throw this away I think .,Tyco made in China .,good boy .,Corky .,you do it .,what are you doing .,yeah .,wow that's .,what's that .,it was an accident .,okay .,what shall we do .,let me put it over here to take upstairs .,what's that I you know not as much anymore I went to the French Culinary Institute after college .,you know the big tortoises .,yeah .,think so .,did mama help you play tag .,okay I'll have some chocolate milk .,when you were born do you think you had it in your brain .,yes .,you're wittle bitty .,I guess it's hard to find .,you didn't .,uh .
you like that better .,say hi Chi .,it's sticky .,look .,okay you show me what is it .,those toys all went bye bye .,what's going on with all that toy throwing .,look he picked up a whole horse .,like when we play it back when we have the e i s button .,I can't make that one .,you can do it Sam .,jump them .,you can't have both a dress and pants .,when are you going to be four .,I thought he was going in to buy a dog .,nice to meet you .,now you can push your .,ya know at supper time .,okay .,okay .,no because then the wheel fits into there huh .,can you do peanut butter by yourself .,tell them what I put all over your shirt .,uh huh .,were any of your friends there .,and I'm gonna ask you a question about it .,so please don't play with those buttons .
oh .,I saw it raining .,I gotcha .,and then we'll put the white one .,can you clap your hands .,where'd you put it .,where's Brycie .,you want me to read .,Sky has ears .,have you got lots of toys upstairs Roman .,a gal .,she rides in trains .,a pot .,are you choking me .,this way that away .,no .,the front part's over here .,you walk on your hands .,look in your left hand .,that's to hop on the road .,no .,and nitrogen is in the air too nitrogen .,uh huh .,you didn't raise your hand .,you never got to do that before did ya .,it the same water .,look around on the floor .
that's such a pretty red .,you are you're too fat .,think I'm better .,good job .,you ready .,oh Monagot you good .,before it gets too old .,do not climb on the table .,this .,what's his name .,and Alec's little brother Max .,and this one .,show me where the ball is .,what do they do at the seaside .,be nice .,he .,very good .,what kind of cat was it .,so that's a possibility too .,I didn't ask you if you want a cup of tea .,a tape recorder .,little song Mark says little song .,two of our girls got hurt .,like Stephanie like Leslie or Ann .,how much is an ace .,it's skinnier than .,uhuh .
there's kitty cat .,see .,well we're not sposta be messy with it .,what do you see .,car .,whadyou wanna do .,where's some people .,well cmon let's go .,Sky do you wanna come in .,with Patsy and Loi .,should we get our cup out .,no you're not gonna be that many .,how .,hm .,hey that's too much .,okay .,now .,please be quiet .,great big big ones .,see if you can find out why .,here I am .,the whole world is made of matter .,that was fun wasn't it .,oh Susan did Christopher .,wouldn't hafta catch it .,she didn't see the movie Rocky and she'd like to know what it's about .,seven years and two weeks aren't you .
there's a baby bear with his bottle .,baby .,you fell down .,you can't open zippers yet little one .,now can you put some tea in here please .,come on .,where's your foot .,Megan come here and I'll help you .,take get all the things .,oh .,do you know what building that is .,oh no you didn't .,the record .,we all set in there .,fly what .,the little girl says .,we didn't even start the grape one yet right .,my cousin's little girl Robin .,uhhuh .,okay I burnt my hand .,it'll be interesting to see what he's going to do .,Daddy what did the volcanoes erupt after .,well it was probably seven seven thirty something like that we were going to come back earlier but you were having such a good time we just stayed a little bit later .,and that's all you like about the whole program .,how many are there .,this one is what .,take it in .
that's Chi .,here I'll put some stuff on it .,no .,oh you want it on the floor huh .,see a big tiger .,thank you .,I'll bet you he can't find Mommy .,squeak squeak squeak I'm for mouse .,out of the ocean out of the sea .,I'll dress this guy and you dress this guy .,you do .,what is this .,it hurt .,ready we shouted back .,oh look what happens .,oh yeah .,I got Charmingz Chatty .,huh .,no why .,whoop five fell off .,they climb back through the pipe .,that's how they made land but that's not why they made land .,how about the Dahlovega mine car .,and now here comes the wolf .,have you heard them stomp .,I thought it was a boat .,that made a pretty design didn't it .
yeah .,it's so good .,a blue horse .,uhoh .,get up .,scary .,yeah .,let's see .,and .,and we hadta go out in the woods to pick them .,I love when you read to me .,the special typewriter is down the hall .,I know .,I thought you wanna bring out Bam Bam and Pebbles .,no this is mine .,can you do you statue of liberty imitation .,yeah .,but how much are these three things I'm ready to check out .,you can just leave the water in there and it'll come out .,down the beach .,please .,oh .,yes .,why did that happen .,how much is that .,what are their name .,alright .
or she'll get them .,you going to be right handed or left handed .,sweetie .,what's going .,really .,over and under .,can you put it in now .,it was the best birthday party ever .,you have a little bit of a sniffly nose .,let's fix you now .,where .,oh you're doing silly .,what's that .,what can I do .,I wanna look at your new hat .,old Ben .,yeah .,what did you do today after I went to school .,wait wait wait just concentrate .,okay .,Frank called to ask if he could stay at Michael's for a little while and he did .,Mom Dad this is what Mark is doing just because I'm not making a setup with him .,Travis and Kevin .,and a .,but you'd rather take soccer lessons .,okay .,okay .
see .,hold on I'll be right back .,you fell over .,piggy's gonna to get you .,there's only a couple left .,you have one too .,wash your bottom .,I don't know .,it caught you .,because he's checking someone's temperature .,no .,okay .,you wanna buy a piano .,no .,okay let's try this one .,Adam don't push him down honey .,that's enough .,yep that's a really really good movie .,don't .,in a little while .,okay now how much do I owe you .,what did they hafta erupt for .,May the twelveth I think .,just tell me about that picture and that picture .,look at all those shiny rocks .,yes .,alright .
do you wanna look at that it says look .,okay you're all done .,did you have a good little nappie .,hurry on .,stop .,you want a letter .,yes in the high chair .,good for you .,one more and that's it .,does he have a vegetable card .,you do .,ha ha I love to give you little kisses on your neck .,where's the car at .,there you go everything is gone .,okay how about .,then we went hiking by their house .,what do you wanna do now .,where is it .,I'm trying to think about some interesting ideas .,yeah .,do I wait for Sandy .,with little crumbs .,so just start with first plus tell me how you did it .,I know .,she have a guinea pig .,well how is the yellow cup different from the purple cup .,mhm .
still wanna see if it fits in your mouth .,ah zoop .,come here .,well almost all of them .,be wearing no Halloween .,a little bottle .,what .,good .,let me roll up your sleeves here .,look .,it was a big like a big rock that fell from the sky .,what color is the fish .,I think there's plenty of light .,how warm is it .,yay I didn't even know .,bring your bags up back up and we'll put them on that shelf okay .,what's pigs lying in .,yeah you got legs just like your Mother .,uhhuh .,he put a railing over the cows .,you remember .,a little .,is this any particular kind of game .,who did .,and what do you say every once in a while .,oh .,okay .
do you like sitting up in that seat that's pretty neat .,I got it .,some carrots .,that's a bunny .,doesn't she .,what's the matter .,look at those eyes .,whee .,now wait a minute I'm supposed to go .,it's not going anywhere .,you want a new dog .,I thought that it was a brush .,that's his little b bed .,because he just has a little bath tub .,there should be one more .,do you know what .,magic word .,um hm Little Foot's daddy .,so we've been playing this kind of fun game at home that's called the magic dice game .,right up there .,does your hand still hurt .,yeah they eat them for lunch .,remember how to do one potato .,tell me something about the bus .,because you hafta relax when you're floating on the water .,nice blue bread .,okay .
that's my pretty baby boy .,ah .,wanna choose something .,there you go .,who is that .,recorder's byebye .,can you play peekaboo .,look at the little kitty .,a circle .,it's a v and that's a violin .,is he going to fly to the house .,I see .,oh .,is that a lot .,what does it say .,see .,he's little boy house .,okay I wanted to tell you I have a little bit of a problem .,I'll play with you in here for a little while .,okay .,okay I'll have some chocolate milk .,there are nine pairs of socks there .,did you go what'd you do the other night when you went to go play with me .,no .,have you seen them .,do you have the same amount in each cup do you think .,yes .
who's picture is that do you see yourself in the mirror .,yes silly boy .,six .,you shake the rattle .,here you can have it .,do you wanna sit in the chair .,I do not like green eggs and ham .,do you know what this is .,when he fell in the boat .,who's she .,oops .,a bunny bing .,he's going to do what .,the second little boy has caught the cat .,cheese blintzes .,there's one daddy and one mommy and one sister in your family .,shopping .,oh .,wanna hear something .,no thanks .,you know we hafta teach the two year olds .,do you have games where you throw socks in the wash .,okay those are the rules in kindergarten huh .,an animal ngers out of your mouth .,then we'll sign her up for soccer .,I don't know .,can you be real quiet for a minute .
ahhah .,no .,cow says moo .,baby .,oh .,you tell me about Kitty .,oh .,there's your toast .,huh .,be careful .,a boat .,are you making a picture of something .,ahhah .,for what .,well then we'll probably be eating dinner on the road .,I'd like some soup .,does she swim like a fish .,oh yeah you've totally been watching Sponge Bob .,don't leave them spread out over the floor the little boys might get them .,come on .,remember where the things was .,what does alert mean .,yawny yawn .,third little pig .,is that one of your favorite things to do .,now you've got it right .,then I'm gonna um play that .
you got it .,ready .,is this a garage .,you almost got my hair huh .,here's a zipper .,thank you for the train .,yeah well her daddy's talked to her .,it's a lion .,shall we play with your blocks .,Thomas must know that number .,put his covers up .,I don't know what happened to the scissors .,okay .,where is it .,you don't look too good .,oh no you didn't pay yet .,yeah .,what are ya doing Sarah .,swimming .,I'm not going to read while you play .,okay .,you're getting too violent .,okay I'll write that one down .,slow down .,they're ugly aren't they .,right .,okay .
you wanna catch it .,look .,I don't think Charlie figured this thing out until he was much older .,what's a matter .,can you say hug .,who cri don't touch that .,down at the station early in the morning see the little puffer train .,what did it say .,what .,well yeah although then you have time find time not only to go to class but watch all these movies too .,Ferdie .,squish .,do I have any food on my plate yet .,mhm .,what do you think it is not .,I wondered if they had goats because they are the ones that totally want all the food you have in your hand .,how do you think you can .,see em .,do you want some bread and butter .,you know what .,I think we can figure it out .,uhhum .,oh I see .,well just what they did .,because here it shows that they're helping their mommy .,okay .,I have no idea .
oh .,hi baby .,is it rolling .,electrical cord .,oh .,okay .,good night kittens and good night mittens .,a what .,that's a high chair for that baby .,nine four nine three .,Daddy can't remember .,what's your friend's name .,right .,and remember what there was when we first walked into the museum there were three dinosaurs there was a mommy and a baby and another one .,what do you call that .,oh that won't hurt .,no it's not .,no why do you wanna .,yeah that's the name .,go where .,oh okay .,that's why Ross doesn't like to eat lunch there .,because we haven't done it in so long .,alright .,that's right .,okay .,you can play with it on our bed now .
yeah .,awawa .,it's Mommy and the baby .,here .,can I put you down while I get the picture .,yeehah .,you wanna do a picture .,oh are you gonna match the c and the e .,mhm .,what color's that .,what is that .,he was trying to make a joke .,no the pink goes at the top .,Cloud forest .,but we're landing down to get some more people .,you sent yours to your cousin in Kentucky .,on the outside .,can I leave the animals here alone or is it dangerous .,watch the cord honey .,aren't you talking today .,this isn't very well done .,look at that one .,as bad as mine .,did you see stars or are they stars uh .,how much do .,okay .,I see .
oink .,well does your belly feel better now .,is that the problem .,that's the kitty .,can you say bees .,up .,no not there .,let us get out of this bath room .,we just can't you're not paying attention .,okay .,thank you .,do you know who they belong to .,you wanna what .,star troopers are going to come .,we put it on string um hm .,mail mail .,oh you're a tiger .,you do it .,would ya .,what do you see .,you don't maybe .,what did Ross say Marky say this morning .,yes .,what is that word right there .,no .,okay .,what .
look here's something else I know you like at home can you look at this one .,I gotchu .,ahhah peek a boo .,mm .,what's that .,meow .,does that look like a frog .,is dolly sitting on Nina's lap or on Mommy's lap .,that's a boy .,here .,baby ants .,if you're big enough you can do it all yourself .,that's pretty dangerous to pick up a lion .,no .,and then I'm trying to think of what else has been going on .,huh .,that's your chair huh .,really .,they er .,hello .,is your watch working .,I'm not mad at you Dada .,is a joy for jumble j .,outside were .,I won .,here .,is that what you're trying to do .
would you like to sit up a little bit more .,let's see if you have anything clean .,sweetie pie .,are you gonna do it .,this is a red knife isn't it .,look .,yes he was so nice .,Daddy's gonna carry you in the pack again .,ra a .,are they sticking out their tongues .,beautiful .,yes you did .,good job .,go ahead yeah .,that's a new one .,what if we do chocolate dough with white chocolate chips or something .,think of something .,what .,so what do we hafta make you a zipper .,Kathy's only a baby too .,oh now what is this book .,yeah .,okay well all those four have seven letters so that might be a little harder because you're going to hafta figure out the right place to put it .,I thought Christopher might have a question or two .,where did we go .,what happened in Winnie the Pooh .,okay .
you want it in this hand maybe .,oh you like that too much huh .,no no no no no no no .,you know what I think there's one of them that's broken Joseph .,oh .,mm what did we do at the restaurant do you remember .,she went home with her kids .,where's the three .,black .,how's that .,would you like a sip .,mommy's getting a headache William .,just go from here to there .,I didn't look at these things .,my name's Susan .,no .,do I have a little boy at home who likes cookies .,why don't you finish your fish .,so what were some things do you remember that we tried .,we never never expected to see him .,the hood .,have a good still sleeping time .,some of those word games .,I know .,hm .,okay .,I see .
is that what you wanna see .,what .,hi .,he don't want me to click on him .,you're okay .,this is blue right here look .,and Daddy and Mommy and Naima that's who will be here tomorrow .,a bird .,well I'm sorry .,I think he's may be embarrassed .,one two three four .,oh he's coming out of the egg .,show me .,he's walking isn't he .,there it goes snap .,what about those things .,what .,put your other one on .,five yeah .,okay now are you gonna ring them up .,there it is .,oh we'll turn okay it's off .,thanks a lot .,can you tell me whose mothers went with you .,I've seen some of the shells laying there but I think they must eat it sometimes and not other times .,tell her from the start .,look around on the floor .
oink .,did you think that was funny .,what's she doing .,you wanna take it off .,gonna put some stuff in it .,what's that .,yes .,well scratch it .,let's make a zoo for the elephant .,ummhm .,let's just get it over with .,bears love pear skin .,tomorrow morning we we want your nappie to come off .,you kept getting up .,oh scrub scrub scrub .,no that's mine .,then Donny got his and now I've got it .,I've been breaking dishes like they're going out a style .,John Edwards .,what what do you think we oughta buy Helen .,oh you were not in the circle .,and Mommy said .,well you know we just talk about different things but but you remember the deal we made about Six flags .,did you see stars yesterday .,wheel .,look at this .,do you remember being that small .
or she'll get them .,yes .,yes I see you .,I don't know what Dakota got .,you do peekaboo .,hm .,and this present .,what were the penguins doing .,no that's dirty .,that is not a triangle .,in the yard .,there how's that .,to match them .,yeah and if you break a window then we won't be able to get you any surprises for a long time .,I don't know .,I'll have some cookies for my big girl .,oh .,Diandra where's the Scotch tape .,on what dear .,tell em about Kathy .,I haven't figured out how he knows that .,oxygen is one you breathe .,is this a space car .,you don't .,toy gerbil .,okay .,you were a big baby .
oh dear .,it's yum yeah it's yum yum .,clap with Big Bird .,you wanna go upside down .,that's a kitty cat .,where's the ice cream to go on my ice cream cone .,what .,okay what we hafta do is wait let go .,what are those .,you ready .,how about if Daddy dresses you .,she's got all these tapes uh that she did of her mothers and kids .,I don't know if you remember that .,octopuses have two eyes .,oh I don't think he's going to bring the rabbit .,yeah I don't know .,these was all democrats .,oh I think you're kidding .,I'm working on it .,somebody else .,it is .,come on tell me the reasons .,this is a different kind of cross word puzzle .,what's he going to do tell me the whole story everything .,and if you make your bed what do you get to do .,okay .,uhuh .
oh you got it you got it .,mm .,hello .,very good .,bye .,no it doesn't .,you have the doll sit right here .,oh she's wrapping around the wool hm .,pick up one .,oh well a pony is a baby horse .,we'll fix it after dinner okay .,would you like some bananas .,alright .,oh because that's how it works .,hm .,no .,huh .,we can't buy you a new bike .,I hafta put my hand up .,or the tiger .,yeah .,got a bunch of oxygen on your back .,who else .,yep and then what's going to happen .,every day don't cha .,oh you put the Play Doh in the water .,oh .
enough with that .,where'd the fishy go .,did it fit inside .,you think you see it over there huh .,Mom is gonna brush her teeth .,or Jessica .,who do you think .,uhhuh .,what do they say .,here we go .,numbers don't spell anything .,uhoh what happened .,oh my gosh what did ally cat do .,okay you can stay up for a while then .,stretching arm .,what is this let's see .,there .,don't touch it though .,yeah .,or don't you think it matters .,ah let's see .,we're very proud of you .,do you remember those .,well let's put it down right here and you read it to me .,why don't you tell me what you did to at school today .,no I'm gonna make a pancake out of .,beautiful .
catch it catch it .,you want some more Cheerios .,clap clap clap your feet clap your clap your feet .,it's about Winnie the Pooh .,you have it .,my dear .,you've got your finger in there .,I'll put it right here .,now you sit here and you make something for Mommy now .,where is the lizard .,she uses this sound to tell joey that he has wandered too far from her .,who gave you this .,well let me see what we got over here we got how about this .,tell Jean thanks .,then you can tell me what you think he's called .,some glasses .,huh .,I'm trying to think of what else you have been doing oh you went to a movie .,no .,sit down and I'll help you .,Joshua at school today .,Ross's song .,is this any particular kind of game .,where does he go to church Susan .,what are those bugs outside you like to catch .,well tell her a little bit about what it's about .,oh .
oink .,those are Thomas's .,huh .,right .,unused products should be placed .,there it is .,that is what you said .,what a cute little cat .,so just this one fell .,is that what that means .,train .,no that's not a present .,well I think they use the living room as a tv room .,watch this it goes in and out .,yep .,no it isn't from the popsicle .,let's wait till you get the whipped creme I mean until you get until you get something to put it on .,that's not a peacock .,how come .,oh no .,the life guard must have .,really .,Cathy she hurt her knee .,which way .,what could you make .,you didn't .,yeah .
that is so much fun the way that fits in your mouth .,Joseph Joseph Joseph .,Jaylen .,I see you .,oh yeah .,I saw a pink pig looking at me .,hm .,potato people .,remember you were wearing Trevor's big sweatshirt .,ya know who this is Nathaniel .,you wanna nurse now .,Franklin watched Beaver ride around in circles .,oh really .,should we go to a museum .,oh .,sure .,you match the color .,oh .,silent s .,there's only Billy Sarah and Mary Ann in the Burkes .,okay now wait a minute .,oh that's terrible isn't it .,do it again .,it was .,how many spiders do you suppose are there .,because I don't know how to take the battery out .,would you like to hear those when they get that far .
can you read your book again you like the book .,you want the microphone no no no no no no no .,mm hm hm .,then you shall have no pie .,I have a Kooshball .,it's the recorder .,yeah .,that's right .,yeah .,there we go .,easy easy easy easy .,that's a different fairy .,hey Roman who am I .,alright .,out to Aunt Dot's and stay out there .,okay is that good .,mhm .,and we say um someone that you useta know at school there too .,a Jenny B Jones birthday party .,hm .,see those little holes there .,mhm .,do you remember that one .,why did that happen .,they wiggled until they got under the sand .,do you wanna get your Play Doh for me now please .,well .
that is so neat the way it does that .,hello .,oh no .,where's the dog .,there's Tuppy .,that's Charlie .,Mommy's reading them a book .,watch .,at last .,it you know what that mean don't ya .,they're not chilly .,should be in the box .,oh that's the food .,see .,oh wait hold on Ryan's sposta go .,is that what you said .,it's split pea soup .,those are trees .,no .,what should we buy .,and then it'll stay .,matter .,were you working pretty fast .,please .,what do they do .,do I have the same amount of cookie .,what .
that's kind of a funny thing to sit in isn't it .,same day two minutes later .,you gotta go get him .,because you will get into it all .,go ahead teddy .,I need this hand too .,pledge allegiance .,you want me to read this .,does the tape recorder have a mouth .,oh you're right he is riding his bicycle .,all of those colors .,want Mummy to wash your hair .,what .,push it up further .,I already told you that we'd go after we help Lou and Elliot .,if I went on it my foot would touch the bottom of the water slide .,did you want your milk .,there it is right beside your foot .,and then after that will you work very quietly .,well I saw them in her office when I took the robe in .,if you've finished why don't you put them back in the box .,a bottle full of um .,where you chase each other .,is it because she's a baby dog .,she have a guinea pig .,yeah .,seven years and two weeks aren't you .
you not sure about that .,let's see .,and a mother .,no .,now Clifford needs a drink of water .,homerun come in .,here .,we're not having very much luck here .,like that .,so early in the morning .,the eraser .,and then you took a turn with him didn't you .,I think they're out in the hall .,look at this one .,Pleisiosaurus .,if I turn this .,we do .,you don't wanna cover the words because if you cover the words you can't do what .,you can't have a sandwich now .,oh I think it works .,oh .,okay come on Mark we're gonna read What Did You Say Dear .,that's right .,uh huh .,eleven .,see my cookie .,I'll say you were a huge babe .
mm .,alright .,hahaha you like that .,where does that go the tractor .,and we have one .,see .,she likes those .,which did you close .,yes .,okay .,the same way Puddle said I went looking for you and one thing just led to another all the way here .,okay you grab this .,you pour it .,we had a book .,are you sure .,yeah .,do you wanna play with the dollhouse or the dinosaurs or look what she brought .,there she is .,where was that south Carolina .,well they're growing out of the bathtub now .,yeah .,and that's why you put all these pants in the wash .,so when are you gonna wear that to school .,and a .,how about reading .,what's that .,oh .
here .,we're gonna go get you some peas right .,three .,uhoh .,do you know what maybe you would like .,you wanna see Ethan again .,huh .,screwdriver .,that's it .,where's the baby elephant .,hello Cookie Monster .,yep .,you have pineapple juice don't you .,and who was underneath the bridge .,well then let's put it on on your back .,see now ya got Robin afraid .,did she adopt him because she doesn't look very much like him .,you were only up there an hour .,no humans .,I think I'll just keep this hanging in the closet .,or you're going to do it yourself .,first the big .,uh huh but I mean what did you do that was fun .,what did he do .,which was broken .,a little game with the Play Doh .,don't play with the ones that are pushed .
is that a fun toy .,can I call you baldie any more .,hello .,I've never seen you take your onesie off like that before .,okay okay .,you wanna get up .,hey football .,you know what that is .,two tails .,what is that animal .,what's on this nightgown .,see that little hole .,why is he getting cold .,no let me see how you do it .,you can go to nursery school tomorrow .,you put him in the little shoot .,alright okay now let's see what else I'd like to buy .,what happens when you blow the whistle .,okay why don't you talk to that .,yeah and what's he doing .,now try it .,even I'm not kidding .,do you remember what happened at the end of that day when we left six flags .,did Wyatt ask a question .,did you play outside with Christopher .,let's pour this water out .,uhuh .
oh .,oh .,agahh .,more .,that's good .,and what else do you see in the picture .,ooh three .,don't touch it now .,on Wednesday he ate through how many plums .,who's that .,I haven't read this book in a long time .,football guy .,that .,those two look just alike .,all right we better we better just let him rest here until we can he wakes up again .,we just have part of it .,and who's holding the cat .,let's see .,I dunno I got a little little shocks from touching it .,well this is the last week .,nice meeting you Esther .,I didn't notice you peed in your pants .,oh you're not .,I know what it is but what is he going to do with it .,and come on .,pouring task .,uhuh .
oh that's too big .,oink oink .,don't run .,Mommy get your cup .,on .,there's lots of clothes in there .,you ready .,and the lion said .,very good .,what a silly thing to do .,that you could use .,what happened to them .,a top hat .,cruise ship .,whatcha doing .,let me just run all this up for you .,we're only talking about this glass .,yeah but you don't eat that cheese like that .,why is it hopping .,but is a tiger tail and a bunny tail exactly alike .,sound it out .,Mark you hafta eat .,oh I see .,didn't he say something .,they're fluorescent rocks .,yes Laura .,we haven't gotten that far to those tapes yet .
hey can we try this .,yeah .,what a little cough .,alright .,a little bit of something .,it has to stay there sweetie .,breakfast .,oops .,yeah that's right .,two boys and one girl .,you do .,you're gonna be fine .,hold on hold on to the sides .,whoa I forgot about that thing .,who .,you can't spell it .,right .,they dig holes yeah and then what else happens in that movie with the boys .,where are you gonna put the baby .,yeah yeah and you know what I think is gonna happen .,now okay .,argon xenon those are sort of rare .,how did you get it .,and now here comes the wolf .,you like riding along don't cha .,and I want you to measure how much water .,you work and I'll work .
oink .,oink oink .,we could do that .,yeah .,hm .,there .,you smiling at the light .,here's a rooster .,there you go .,Donald Duck is clapping .,because she's gonna be in school all day just like you .,another step .,he'll be sad Nathaniel .,come on .,mm .,there ya are .,really .,so what .,he's a triceratops okay great .,well tell me about the tiger .,you just want ta see what that microphone is doing hm .,uh she doesn't understand what you mean by stardust .,let's see if you can ask some questions ask me some questions that I can't answer .,huh .,okay .,okay .,oh .
we have one of those at home for you too if we could just keep that two year old sister of yours from running off with it .,you're getting enough hair we can actually start to comb it .,ding .,we could look at the book you like .,Daisy .,go back to your box .,yellow .,what's this .,did what .,yes he did .,worm .,tell Edna about this picture .,who .,I think you're being a con artist huh .,and what's this one over here .,needs more pepper .,when she .,yeah .,well Adam .,yep it's too big .,whatever you want .,that's alright .,ya he went one time but the time we went and spent the day it was Billy .,well why do you like it then .,I've got a good one .,he is .,this big van .
and who's this it's a baby .,hm .,have a seat here buddy .,ready .,oh there's some .,there's not room to sit there .,she's going to Maine .,oh baby comere .,ummhm .,ya want something to eat .,the ants work hard carrying food and other things back to the colony .,it's long curved tusks enabled it to find food by clearing away snow and ice .,he doesn't know how yummy it is .,would you like me to help you put these away .,give me the leg .,okay .,would you like to total it up .,just the way same way you like to hurt your cats .,what did you carve .,it was a good thing .,if you do fall in the water it keeps you afloat .,Ross I I want you to come right now Ross .,now you know .,what is it .,huh .,and how is the purple cup different from the yellow cup .,yeah .
I like the sound that makes I think you like it too .,you're doing a good job Catherine .,two bunnies .,you're awful cuddly .,does this one go with green .,mm hm .,now all around the room in one big line .,what is the matter with our tape recorder .,I think her finger touched something that was very hot while she was cooking .,there were trees and palm trees .,the rabbit .,I need you to help mommy .,okay where is it .,it goes by so fast .,now tomorrow I go until about one o'clock at that school Maple Square .,I'll try .,it was an accident .,did you ever see something like that before .,is he going to buy a ring .,okay .,thank you .,have what .,that oughta work .,uh huh .,well they'll teach you how .,so you're gonna keep this tall .,what did you need .
you got it .,look at .,well you like the car don't you .,you know you are getting big boy .,sleepy .,does it belong there though .,Melissa .,oh you want a tissue .,that's new in the world .,that's little .,and all of a sudden the lady and the policeman turned around .,huh .,oh thank you thank you .,I didn't do the bench .,well cause that's just made out of straw or something .,yeah .,but she didn't tell them to so .,why .,aw that's a good sad face .,any other kids that I forgot .,same with Terra .,now Marky asked me about why did the vol volcanoes hafta erupt Ross .,okay .,what does she do .,mhm .,how it starts all the way to how it finishes .,which green lid Laura .
you want it back .,yay .,you can't get me .,and some applesauce .,you're getting all wet .,what .,doesn't have that nice skin of fat that you like so much .,these are called foam .,that's pretty .,if ya don't .,there's princess Adda .,okay .,careful now .,we'll see him over at Nana's house .,Daddy wasn't home .,Roman and .,and then after I tell you Abba will tell you and you will tell me if it's the same okay .,where where on the chair there .,do you know what that is .,then over to Gail .,okay don't play with it Adam .,Mary said .,he doesn't have a name .,nurse .,mhm .,just a minute .,yeah .
just like your book at home .,hi .,oh look .,he huffed .,one page at a time .,blue blue blue .,chicka boom chicka boom .,airplane .,dyou wanna go to the potty .,no .,good .,no it's not like a dog honey you just watch .,oh .,you did a long long time ago .,they do .,the rocks are where they're in the .,okay but who's this .,almost .,what're you going to do .,okay .,cmon .,don't take it off .,I am .,thank the Lord you are well and now go to sleep said Mrs Clavell .,okay .,what do you need more water for .,uhuh .
oink .,oh you don't like it do you wanna hold it .,are you gonna come and see me .,thank you .,huh orange .,how did you learn it .,delicious and yucky .,you wanna get down .,shall I fold it over or do you wanna .,the great kings of the past look down on us from those stars so whenever you feel alone just remember that those kings will always be there to guide you and so will I .,hi .,doo .,alright carpenter Adam .,why should they .,to eat .,thanks .,in the Jewish religion .,and maybe it's time to push it or pull it this way .,no .,Mary Ann .,nice to meet you .,just sing it .,okay .,and what did he do .,what .,you did it just now with these little people .,by the other orange one .
ahhah you like that .,don't hit yourself in the nose .,oh yah .,you're waving .,okay .,what .,there ya go .,the gambler .,how many does Mr Cromer have .,oh you are so good .,wow .,okay put them down now .,are you all wrapped up .,we'll hafta put a mustache .,you gonna get all those eyes out .,and off goes the cat and the boy who's pretending to be the cowboy is laughing .,and who's going to go next .,pinchers .,because he did do a good job it's hard at the mall because we really literally went to like three malls we did a lot of shopping we didn't go inside of all of them .,nothing .,I can't understand why it took .,yeah that doesn't mean they go straight .,did they get away from their enemy .,and closed the door and that's all .,how much is this .,because she want .,yep .
oh dear that's so messy .,oops .,nineteen forty two .,yeah in the summer you'll be going through the grass and .,the mirror is close enough .,fish .,oh looks like a brush .,no .,and she's gonna go in the house .,Shana .,uhhuh I think your legs will rip my shirt if they try to hide in it .,what were they doing .,pull .,uh .,okay now you can do it with your hands a little .,where is her baby .,does someone drug those animals .,tea bags .,is he really gone .,some what .,you know where we might go .,bang .,achoo .,what did he and Scotty and Mark and Brian and Lori do down at the foot of the hill .,that's the only kind of but that I know that lights up .,but look at .,uhuh .
There's a .,boo .,okay it's Friday morning nine twenty five .,hello .,tickle tickle tickle .,you know what the owl says .,and rooftops grow lighter and lighter .,would you like some toast also .,these are tires and these are the wheels .,oh I hope she will .,yeah because it goes over there .,would you like a lollipop .,come one .,it gets very cold what did they do .,you have a nice nice preschool .,no .,hold each other's hands and go around in a circle and are you sposta do that .,whose name is Spacey .,oh .,how come .,Noah's Ark .,where does it say alert .,I don't know about that .,who is Sassie .,maybe you'll take ballet and .,you show me what I know might how to do .,are you having a good day today .
you're almost there .,ha .,ha .,let's see .,hm .,you sure got your mouth full of cookie .,baby and bubbles .,whoa get it put it back in the cash register .,do you know what these are called .,fooyung .,it is .,look what he drinking .,turn it on so we could reach .,I know what it looked like .,do you think you'd like to do that yourself .,I almost caught it .,where are you going .,running to the ferry he loved Matty told me he loved the ferry .,can I throw this out Naomi .,this is the last time we are ever gonna meet Helga for this study .,we want to find out about school .,no problem .,if you went all the way down the line .,three little .,wait a minute .,can you tell us about Winnie the Pooh .,uhuh .
it fits in your mouth .,ah oh .,and your horsie .,it's too early for the bath tub .,you can ring the bell .,okay .,oh ah .,maybe like where the sidewalk ends now .,what color is that fish big guy .,pull the string here .,that's not my music .,oh that one .,okay .,well that's kind of far away honey .,it's filthy .,oh I get it that's like a car wash .,alright .,not now .,what are you going in there for .,no keep baking it .,oh there is chocolate milk in there .,now he's shooting us .,what were you and Matthew doing all day .,take your finger out of your mouth .,these are gerbils .,look how much bigger and wider the purple cup is .,it isn't .
look .,eyo .,how soon .,should we put them back in the box .,baby .,what's here .,what .,ew .,what about Daddy .,too big .,oh it won't go .,I didn't know elves were in Billy Goats Gruff .,do you want do you wanna stay home and not go to the zoo today with Mommy and Daddy .,okay .,we're going to do that on Thursday .,uh hurry up .,you don't have any place to put what .,he's making a .,okay .,more .,do does this remind you of a truck which you use to have once .,Marky asked why did the volcanoes hafta erupt .,it wouldn't be going anywhere .,where does that word come from .,oh .,getting a little closer .,alright .
you got it .,ah it's gonna be yummy .,what are they doing my little lovey dove .,I'm sorry .,okay you can play while I'm washing .,it's a wheel .,don't scratch his tongue .,you got all kinds of stuff going in there .,is that the beginning of a gobot .,okay .,so you like peanuts Abe .,so she sent you a doggy .,cheese cheese cheese what .,I don't want ya to .,legs don't do that yeah .,oh .,I won't talk to you unless you wanna .,don't bang your feet .,he doesn't know that he's not convinced of that .,here's some real .,uhhuh .,did you give the poor kid a knuckle sandwich .,is this the radar .,what happened to the greatest american hero last night .,it looks like a man to me .,Laura .,would you like to have magic power .
whoop .,he's going to give you a big kiss .,see you trying to use me .,well we'll just hafta put her in like that .,come on .,which part would you like .,yeh .,okay .,and a mouse .,okay .,what do they call those .,what's your name .,I left it at home .,no .,okay .,hmpf .,Coca Cola on chicken .,okay what have you been doing all this week .,uhhuh you really have a bad cold .,some do .,I'll put it in .,you did .,well what does it do .,a puppy is a baby dog .,sometimes .,pouring water .,can see .
oh what do you think .,I'm gonna get you dressed okay .,here let's go look at the tree .,those are two baby fish and that's a big fish .,what is it .,you gotta hide yourself when you say that .,where does that go .,invention .,do you like the Coke .,she has a machine .,the cover on the pot .,no this one didn't tear .,Horton .,goodness .,your automatic rifle .,some of that .,it doesn't run backwards .,where did you play .,oh the the wooden yeah the wooden cabin the log cabin .,almost .,twenty .,first it gets muddy and then after .,n .,the globe the earths you mean the earth that you saw the united states and Africa and did you see Iceland .,see this is the rock the way it looks before with the lights on and then you turn the lights off and that's the way it looks .,so let's pour it back into this cup .,you're big .
that fits in your mouth oh that's just great .,even just one of those plastic ones you know .,in this one right here .,what did it do Joseph when you pushed .,bunny .,you want oh we can give Humpty Dumpty some dinner .,who's that .,could I just hold it for you .,because it's not good for our tummies .,why don't you lie down .,we don't find anything here we got problems .,the crib .,I think it goes right there .,let me see .,see my fist you better .,what is that .,she'd take em out of the bowl .,now watch it .,he picked you up and tossed you into the snow remember .,should we get this for Sarah .,no the other way .,Marky can I ask you a question .,okay the X man fill in is that what we're going to do .,no Madeline soon .,yeh .,insert the cartridge .,the grey filing box in the Hush Puppy shoe box .
yeah yeah there he is .,that pretty .,definitely .,yahlavah do you want them .,five .,where is your ball .,happy dog sad dog .,a curtain .,can we do anything else up here .,he doesn't want that tractor up his back .,want some of my tea .,when your teeth first come in when your a baby it hurts .,this is my room .,right .,oh oh .,and tell them our new address .,okay come here .,who's is Callie .,robins egg blue it's the same color as a robins egg you know like a bird a robin it's the same color as the egg and this one's called blue green with glitzy gold glitter glitzy gold glitter whoa .,good .,and then the year before that some other town .,do you think the oldest thing is when the earth was began .,okay .,weird .,no .,now now that's what I wanna ask you .,I'm trying to think of something .
who's that .,oh .,come here .,hello it's Dillon .,no no that's definitely not for babies .,cardinals hop .,there .,red bear .,okay .,I can see him in your eyes .,snap crackle .,are you making dinner .,oh you found a baby .,mm hm .,okay .,let's see .,mhm .,oh .,I don't know .,what does a dog and cat do .,just sit there until .,made of matter .,what were you all playing .,did .,back yard .,in .,alright .
yeah .,hey .,he tried to eat the bathtub but it wouldn't go down his throat .,let's go out .,crunchy huh .,kitties like kisses I think .,what's this Nomi .,let's sit over here and read it .,careful .,there's lots of lights .,can you say it again .,that's right and then Nonna's gonna pick you up from school with Mommy .,well keep it on the floor .,come on .,you can have the timer .,she yeah .,he got em .,and when we get the pairs we'll play .,leave Paul here .,is that what you said .,how much is that .,nothing could survive .,okay why are they circling the tornado .,that's all .,you useta hold your nose with one arm and what would you paddle with the other arm .,is it sposta be a boat .,you'll find the lid eventually .
is that Chi .,it's uh ten minutes to twelve .,you give it to mommy .,t .,what's the kitty cat do .,you try some .,oh I don't know let's see .,woo bonk you're pushing me off .,I think he's over there .,want ta play some more .,and then you mix it all up .,twelve is above the mouse .,are you going to help me .,no don't do that that's gross .,oh .,no .,well I think I'll stew the blueberrys now .,right remember your exactly right the spider made a rectangular web and caught flies in it .,huh .,you're aiming some place .,yes it looks very pretty .,and Ross said it would be very crowded .,does that alert people that a tornado is coming or something .,were they as big as did you not see other teenagers .,always hold on .,so you're gonna do Eeny Meeny Miny Mo on all of them huh .,you don't hafta be quiet anymore .
red is a good thing isn't it .,mm .,hello .,water .,oh .,okay .,it looks like an otter to me .,lift the ladder when you reach the fire press a button to raise the ladder .,there's all your money .,um yeah that's okay that's okay um I shall call you later and we'll make a time for tomorrow .,then the straight one .,what do you think he's gonna do .,yes why .,uhmm .,a bad baby .,sixty dollars .,do you wanna talk about that .,what about .,okay .,no the rabbit is silent .,good .,you know better than I do .,well how are you gonna sing it if you don't know the words .,what you're saying .,okay .,did you like the one about the horse .,okay .
you want your book back don't you .,red is a good thing isn't it .,no it belongs right here in near his little play area please .,okay .,does that match green .,you're sounding good .,what's that .,who's this .,mhm .,what's that .,Clifford that big red dog .,Thursday .,ya have ta write on paper huh .,here's a lion .,and what is this .,tell me how many have you found .,number sixteen .,hey hot dog .,want this .,Kathy .,we hafta screw this on to it .,and then .,I don't believe so as a rule .,ten six .,this game isn't over .,no I want you to an .,yes .
wanna look at that .,can you say aydah .,say whatcha doing in there .,you like that rattle .,now twist .,fire engine's downstairs .,my say me .,okay .,oo ho .,an easy thing to be when you are cold and lonely .,why .,it hurt when I did it .,he's not too sure .,all of them are almost done .,Auntie Gertie .,well the kitty cat's up the tree .,songs .,yeah .,I can't .,Bowie .,and now I would like some chocolate milk .,and it's true .,that's an old grate there on top .,open the door .,they're salty .,latch .,mhm .
is that who you are looking at .,what's going on out there .,gimme that .,look over here .,that's right sweetie .,a purple shoe .,you look so nice about it .,and the sunglasses .,do it in there on the floor .,yeah .,winter weather .,you wanna go sit in the other room .,yeah .,so they have a magazine see I did not see that .,okay .,or underneath the track .,oh it's almost off .,you mix them up .,you get it .,well let's see .,okay .,Mom Dad this is what Mark is doing just because I'm not making a setup with him .,well let me think of a harder one than that .,he was doing what .,if you relax you'll float right on top .,I wanna try a game with your Play Doh .,follow the clues .
let's open your fingers a little bit .,hm .,I know that probably doesn't feel good .,you don't want any more .,gonna put the cow in .,kissing your toes .,huh .,here .,what color's that tree .,there's you cat lady right over there .,right .,Nathaniel look .,now .,now let's see .,what happened .,oh nothing Lily actually has her um she has a little Brown study going on right now so I hafta run little bit cause .,find out .,turn it around .,what kind of trick was it .,do you eat rocks .,there's something wrong with the oven .,we were we were sleeping in bed and Mark was visiting us and then he left and he said .,can you find it look around and see it's going down .,no .,oh I don't know Betsy .,that's what you're gonna have .,do you see it .
there are some beautiful colors in here aren't there .,are you trying to get those .,you're not going to fuss at me for pulling ya .,you tell him .,say one .,how can you be so cute .,no stepping on the box .,uhhum .,just one .,here I'll put it back on here .,the watercolors .,whoops .,window .,grandpa said that you were thirty eight inches tall .,remember they're all together at the end .,your already growed .,now what is Roman doing in the afternoons that on Thursday you find very interesting .,sing sing the song for uh Melissa because she won't be here next week .,I was thinking about getting you one of those little desks .,I better get the spray paint down the square .,maybe the little boy doesn't like the cat .,did it go did it drip on the floor .,have you forgotten them .,that's right okay .,are elephants scared of those .,what made you think of making the camp up .,would you like to have magic power .
you wanna see if it fits in your mouth .,say thank you guys .,does it taste the same every time .,good deal .,spray bottle .,hi .,right nobody is sitting there right now .,can you say thank you .,should we make it in the wagon .,where's the horsie .,ferv .,can you find the first orange dot .,and I wrapped you up .,are there some cookies in there .,a crowd of crows .,on the sidewalk .,sleep with who .,hm .,yeah this is .,huh .,okay can I help you put it together .,you did .,Travis and Kevin .,and what happened .,if I hafta go to ace hardware .,out .,okay .
yeah Chi .,okay .,oh .,that a birdie .,ball .,it's a horse .,you wanna look at the book some more .,not that pillow .,what're you doing .,ooh .,Richard here's some more money .,it's made out of leather .,what did Dingo do .,where did he scratch ya .,you have a very messy pet store huh .,then I'll be happy for two of them .,number eight .,what is that .,look close your eye .,alright .,what do you think it is .,uhhuh and did you give it to him .,w .,that's what I heard .,whose doggie was it .,yes I'm gonna get you that bowl but I wanna ask you something about this pancake .,you take a rest in here .
you'll hafta tackle her and get them away from her .,ahup .,what's under there .,oh no to get my cup .,I'm sorry .,you're not gonna talk no more for us .,why don't you show Fraser horsie Eve .,eye .,there's your stick .,oh I see .,what else do you see .,let me hold it and help you .,you weren't .,swallow tail butterfly .,the sun had just dropped below the horizon .,oh .,oh .,she's gonna turn into a ravioli .,yeah .,you know you're gonna get up there next year and you're going ta be arguing with the teacher .,there's a little lady taking her cat along on a buggy ride .,dar the emperor's gonna get you .,what are you working on now John .,dry eye .,yeh .,and I'm gonna ask you a question about it .,you shouldn't leave all those lids off .
you like that book it's very red .,oh what's that .,yeah .,you want it down .,what .,oh be careful Boo .,he stands on there better .,the sea lion .,tell her where we went .,I'll take it out .,it says reading railroad books .,you can talk loud .,the juice .,but did you drop it there .,the thread out .,I know you can do it .,at the .,what .,no .,and look at this .,let me see .,well I'll guess I'll change it in a little while .,okay what word is this .,I wanna know everything .,what's at one .,but but this cup is taller .,we don't have a film projector .
there's a baby bear with his bottle .,uh .,and watch them come out .,yep stuck I can't take it off .,you see what I'm saying about all this crap for Christmas .,oh what's he doing .,where are you going June .,uhhuh .,no .,what kind are they .,I haven't got any .,we need to clean up a little bit if we're gonna read that .,put your screw back in .,how old are you .,right .,he's not peanut butter yet .,is that all sir .,tea bags .,and then we did them at home .,I'll tell her I'll catch her up with you because she hasn't really heard much about what's going on with you .,what else do I want .,you're going to the dark side .,yeh but you got a lot more before that didn't you .,you and Kim what .,oh you drew the cow .,I point that's the gooey one .,oh .
ahhah I think I see Chi .,oop that's not for playing no .,you do it .,there you go .,we say sheep .,cock a doodle doo .,have some sweet potato too .,is it .,you wanna make a jacket too .,oh I need that don't lose that .,we hafta untie it see .,okay .,how much does that cost .,if you look in that basket you'll find a baby bottle for the doll .,I would hafta actually have it for her to get it from me .,boys don't have bangs .,right .,she hadta make sure nobody eats the eggs .,that's medicine to prevent infection .,there .,oh I can write some other time .,give us the song and th then maybe we can figure out what word it is .,where's his arm do you think .,well what happened last night .,what do you think cats would do with a rubber mouse .,do you know what .,really .
there he is .,don't you .,well here .,we gotcha .,oh you want some water .,getting down towards the bottom .,brows you're right eyebrows .,who else .,baby can fly like a bird .,hello good to hear from you .,I just wanted to show you something about the house .,okay is there anything else you want .,the light or the dark green .,okay shall we pay for the grocerys .,the blue ones come next .,I can't even hear a word you're you're saying .,maybe .,it won't blow away with this though .,no .,Sarah I don't know .,do you have any Spic and Span to clean the dishes with .,a little .,how about Ex calibur .,no .,no .,would you pour the water into this white cup over here please for me .,next to the orange crayon .
it's a baby .,here's a pink pig .,I know that you can .,can you throw it .,ball .,num num num num num num num num num num num nuh .,Prudence opened the box and found a strange something inside .,yeah .,what is this .,Dad we're pals right we'll always be together won't we .,can I have a hug .,to a long .,just because .,I'll try .,it's too early .,that would be good if he can you know or else whatever you can make up a tail or you know I mean we have stuff here too just make some little ears or I don't know whatever but because they're gonna she wants to play zoo and stuff and .,we came just to play with some toys .,hm .,I'm sorry .,was Elijah a good person .,ah someone someone's pounding on the door .,your mouth is full .,I don't think Molly knows how to work it .,how do I get bricks .,what kind of cows are they what are their names do you know .,alright .,you'll find it Laura .
you better learn to hang on to your toys real well .,let me see you grab .,you're doing great .,nose .,shall I put it .,horse not a piggie .,looks like he's using a tool .,when .,good .,okay okay I will sit but you hold your box and your map .,it doesn't fit .,what happens when you press the button .,pardon me .,if you hit this it will go .,oh what I see is what's happening .,you can hold on to them that way .,oh you're gonna carry them home in your hands .,I see .,what are you doing .,alright well should we buy something first .,maybe you wanna move this chair a little bit closer in here .,you did a very good job Mark .,that's his eye .,with a .,we were so proud to see you up there on the stage .,but it's taller and that one's lower .,is that a kind of magic .
you like that better .,how Chi .,I think our nice peace and quiet is about to be interrupted Joseph .,look .,one .,here why don't you use the tractor and the plow .,somebody wrote that .,yeah you have pajamas on .,is Marty taking pictures .,why don't you drink some juice .,right that's not very nice is it .,oh .,yeah it's it's time .,Brenda Blue said Snuffy me Snuffy asked Brenda Blue .,remember that day and we made some things for the birds and animals .,see this .,Gora gon't gay gat .,there .,I don't wanna be interrupted .,like that .,how old are you Frank .,Mark was .,two girls did you see the girl that got hurt over there .,okay what did you like the best about it .,were any of your friends there .,show me again .,when am I gonna record again .
is that so fun .,he just took the turtle .,don't touch it .,hm .,ball .,oh .,um at her grandmother's house every time we go there she has flowers and she has Marie pick them .,pass the milk please .,no you do it .,it's nice .,Puddle tramped through dark woods until a starry sky opened before him .,I was gonna make a milking pail with the black bees wax .,because that's what they were born to be .,to keep all the noise out .,Ernie what's wrong with your voice .,what are you going to do with this crane .,I think that's an accident .,you can do it on the floor too Adam .,I only see your name one time .,what did I do at school today .,did you like the baseball game we went to that time .,okay .,oh that's right .,in the world about .,you tell me .,oh you're gonna make it even in each cup .,look at all those colors .
there he is .,you want the yellow one .,Alex .,that's right sweetie .,I don't feel so well .,only on the paper please .,that's inside inside .,she is wearing a dress .,why are you closing her eyes .,Lady and Tramp .,coat hanger .,where're you going .,what color is this .,Isadora don't yell at her .,don't do that again .,because I assume like oh I'm not gonna be doing anything .,yeah this is a good example of bad behavior .,think about it .,I think that's enough .,can I have one of the tools .,yeh .,the big .,what kind of song .,just yourselves uh huh .,but I think you're right .,okay .,Laura .
there's kitty cat .,say hello to the doll .,you don't hafta keep holding on sweetie .,here stay down there .,Dillon .,oh .,he he .,take all the pieces out .,I know .,mhm and then what .,no don't write on the book .,paper .,yes but don't run with it like that .,what is that Abe .,she what .,yeah .,well we're not moving anyway so that should be no problem .,no .,how come .,they're gonna be cool .,can I do that .,so you sit in the back and when you go the bump it goes bump .,and there's his eye .,nobody ever gave me any bricks .,I didn't see your picture today .,don't you hafta .,alright .
do you see Cookie Monster over there .,you're so quiet .,can Timmy get it .,don't you want them on your feet .,oh you can do it too .,oop .,hafta buy more what .,okay .,we've already had a busy day .,he fell off of the bed .,time to dump now hey there's that Sammy cat .,who is that .,here .,alright .,bird's flown .,I don't think those sound do t .,that's smart don't you think spaghetti sticks to you platter Roman .,oh well that was fun .,do you think commercials always tell you the truth .,oh you took one sled ride huh .,no .,now who puts all these sockses socks in the wash .,what is this over here .,you didn't raise your hand .,they look just like rocks too unless you look closely .,a little over .,I know .
what's that .,hi .,are you going in the other room .,Mama did it .,inside .,here .,no .,that's right .,no no it shouldn't go on your head .,we'll look for your wagon .,yes and what else do you say .,ah .,it has a lion in it .,we'll see .,so for the rest of the day the three friends romped and frolicked in the meadow .,why don't you start picking them up .,do they do it every day .,yes why don't you show Ursula the animal set that lives in the barn .,what .,no he's not biting .,I'll take an Oreo .,mhm .,but looking ahead to when we go again what do you think you wanna be doing .,a what .,no you won .,but what's the movie Rocky about .,oh .
look there's Pooh Bear .,look Maisie drives the bus .,uhoh leaves on his hands .,push the button .,your foot's getting in the schoolbus too .,he's jumping on the chair at the table .,yes that's fun .,you see the ambulance .,no this one comed with it .,okay .,hey you .,what's the matter with your hands .,how do you do that .,we we .,hi um .,and you can hide all kinds of ideas yeah .,go ahead .,can you tell her about our camping trip .,she wanted one of those one day .,are you tired of talking .,that's not the front .,uhhuh .,oh .,yeah .,what .,finish making your cookie .,alright .
oh .,what phone do you hafta get .,Tabitha want some water .,milk .,this one you you eat for real okay .,here's another book .,what's that .,it's empty .,nope .,uh .,huh .,oh so what happens at nighttime at the veterinary hospital .,you're older than Marissa .,hamburgers are one of my favorite .,Abe do you wanna babysit for Danny and Andy next week .,wow that's so big .,look there's twins exactly twins .,whad do ya call that .,and then you're gonna go over .,it goes over this side the loop .,I haven't read the book yet .,mhm .,would you kind of explain it to me .,did you see the big children at school .,what have you got .,you pour it into that cup .,yes .
oink .,what's that .,you're not giving it back .,you wanna hold the hat and say .,that one goes in here .,I hear an airplane going over .,let me get a wet rag to clean your hands .,does he have a tail .,she did .,oh very good .,her face .,well I hafta finish the game .,you didn't even finish your lunch .,oh .,cause Tarzan speaks the animal's language .,coupon cutter .,can't really see .,what about this .,two weeks .,should we put should we put the uh fire engine away .,that's the that's the chocolate milk .,how much .,it makes him look like a man .,and .,what's an ace worth .,now he's .,maybe it's under .
do you wanna look at that it says look .,bth .,they go over on the floor nicely don't they .,it's okay .,hm .,does a puppy say woof .,what do you see .,here's the p .,he fell on the floor the tiger .,can you help me .,it's real money .,the tv's not working .,and the policeman climbs up and he tries to catch the cat .,how do you do it .,what do we make in our factory .,okay .,you wanna come up and play too .,bring it here .,this reminds me of the experiments that you did last week at school .,yeah .,oh .,uhhuh .,did you have one paint brush .,wait a minute .,you've been sleeping too much lately haven't ya .,ahhah .,you did mind .
you got it .,ready .,where's Chi .,you didn't quite make it .,that's a good use for the clip .,he went to bed with a bump on his head .,there's nothing in there .,what .,what is that .,oh .,let's see .,are you making stuff up .,and now a square right .,see .,now what's shape man made out of .,and what else did ya ya laughed yeah .,oh well .,hm .,alright .,hey .,that'll come off .,right what did Jimmy say .,speaking of Six flags we're going to hafta pick us a weekend to go .,the earth .,and you were floating on your raft and you floated next to me and I pushed you out of your raft and what did you say to me .,even this taller one .,I'm writing something right now .
still wanna see if it fits in your mouth .,there you go .,hello Henry .,don't drink the water sweetie .,hm .,lovely .,are you teasing mom .,what are you doing .,with my groceries .,you don't want any drink .,they went fishing for lobster didn't they .,look at this .,from singing a song .,let's get it all mixed up first .,be good or I'll send ya back to the country .,hi Abe .,that one's flat .,nope here you go .,what about the necklace would you say is interesting .,okay .,oh okay .,and it all clings together .,I didn't understand it from before .,and what did he say .,okay .,look at your cookie and my cookie .,that's to the day in fact .
what do you know .,can you put this pile up for me please .,your turn .,who is that .,quack quack .,there they go .,you are the silliest .,bonk .,shoot .,let me untwist you wait .,princess is gone .,yes it has wheels .,you did a good surprise .,you don't think they'd be real disappointed .,mm hm yeah that's right .,whoops .,let me see .,huh .,the rest of the kids come in .,what color is this this one .,oh .,this is all about school .,okay .,no didn't he get hypnotized .,how does he get out .,Laura I wanna take a picture of this and I can't for the simple reason .,uhuh .
oink .,where did that go I wonder .,pull my shirt .,high five .,it's not yucky .,uh oh .,where's Emily Mommily with the what .,well this is a new guy and a new dog .,what's that .,would you like me to take you in a .,we can give one to each child in the school .,I see .,see .,what about this dot on his arm what do you think that is .,is that so .,we are mixing that butter up .,well you gotta learn .,alright .,pretty please .,Sarah don't you think you've had enough partying .,didn't his didn't her daddy say something like seven o'clock .,the whole world .,well let me ask you some hard questions how much is nine plus three .,well he'll probably give him some straw if he buys some don't you think .,I just pushed you off the raft .,why do you think that is if you made the two cups equal .,you mean Rocky misunderstood you .
ahhah .,yeah .,baby's so hungry .,yay .,say .,look at that one again .,oh .,touchdown .,are there any more people .,how 'bout big kid pants .,what else was there on that tray .,I don't know if I can play .,I guess so .,oh he just took a little nap .,how can you put stuff in his butt .,where's the part that goes in between .,right .,oh she's been terrible for two days .,put you between two pieces of bread .,Peyton Place .,see I never could figure that out .,you told or telled .,have you got a launch .,read a sign .,well who won .,okay .,it is .
yeah .,wanna play with that one .,see his nose .,that's right .,Mommy tries her best .,there you go .,Bear went to the tree .,that is not a step .,here .,oh soy milk might be nice .,what do you do with bath tubs .,how come she doesn't get any .,take what out .,how did it happen .,let's see and you you look like a boy though .,let's see do you think that's a supermarket .,very good did you and Mommy and Daddy and Sophie go camping .,no that's what's nice about that zoo they don't have cages they just have open fields .,why don't you cut a stem .,okay now use the screw driver to make it really tight .,you know what time it is .,that's what scientists say .,no that's his hat .,safe and warm .,what does that say .,well tell her what what is Rocky .,I see .
there you got it .,uh .,there you go .,shake shake shake shake shake shake shake shake shake shake .,what are .,what's that .,okay can you wash your hands now .,okay let's read your cat book for a while .,what happens when Mr Moon comes out .,Erin oh Erin will get it okay .,Richard that's not nice .,they're hard to push .,no no it's back too far .,with him again honey .,hi Emma .,a giant wolf .,what happened with the rope honey .,what time is you hafta go to bed if it's early .,oh I know what I meant to ask you .,you've got an answer for everything haven't ya .,he loves all the things .,little pieces of stuff .,makes Mr j .,goodbye I can't see it .,oh well is there something else you'd like to learn at first grade .,how far does that come up too .,maybe it's in one of in the crayon box .
there's a face with glasses .,hehem .,I heard you laughing and laughing and laughing .,I don't know .,yes .,push him in .,yeah she says house you know we'll be going along and she'll point and she'll go house .,I did put lipstick on your lips uhhuh .,no I don't needta take the top off .,what what was that sandwich .,they were swimming swimming swimming and then they would land on the ground and take a rest .,look .,is it .,ya look like an orphan .,well alright .,he must be about four that little boy .,here .,we saw elephants we saw giraffes remember .,you're a little boy .,uh hum .,can you put it in there .,did you have anything in your brain when you were born .,he's just loaded with junk isn't he .,can't you tell him what happened .,you put me in a hole didn't you .,the yellow cup Laura .,don't .
you want this back in your hand .,okay .,let's walk again .,Bert and Ernie and baby says byebye .,hm .,and up Naima's belly ee the train dyou think the train will fit in this pocket on your overalls .,is that a frog .,there's the star .,should we get some more people .,she wants a spoon like us .,hee hee hee .,band .,go ahead go ahead lift .,perhaps it would stand up too .,where were we going .,people .,I'm really confused .,oh he is weird he's got stuff in him .,you don't think you're fresh .,she's a poor orphan .,oh Ava .,how did you learn about that .,well I was there .,does he he's the owner do you think he is the teacher at the planetarium .,maybe you'll take ballet and no don't do that .,she didn't see the movie Rocky and she'd like to know what it's about .,no .
you like that .,not good for you to eat that sweetie .,oh you see that fish .,shoes .,Dada .,where's Humpty Dumpty .,what else .,oh I know what I'm gonna draw .,no .,what're you looking for Popeye .,oh everything's wet .,mhm .,here's one .,ready .,he was glad he couldn't see them in the moonlight .,you were real little .,oh wait wait stop .,burped all the way down .,yes now you can .,it's better because you got a cold .,yeah .,yeah .,and tell me the rest of them .,which picture is he saying that in .,ate them for breakfast .,don't put water in the Play Doh will you .,nope .
and then who's this .,kaboom .,yeah .,keep trying .,you want some more .,yeah I'm gonna give you Kamut too .,where does the cow live .,okay .,that means nothing to me William .,eh eh help .,you know that part that you are touching .,mm .,snack snack .,what for .,yeah .,cause I'm really in a hurry .,you always leave out the middle finger .,these crazy tricks that he does with her .,oh a desk .,that white box .,what else do you have .,bottle of oxygen .,I see .,who's Bill Maxwell .,well what's this .,go clean up your mess .,uhuh .
see .,okay there's pants .,nope .,pull the bug .,what a good boy .,and I think they have a jack in the box .,why don't you pick it up .,okay come in here .,it was a hard hat wasn't it .,don't throw them .,uhoh Alex I hope he .,oh you weren't .,look at those cute little things .,hello the human that lives in the house .,what happened .,what for .,mhm that one's kinda green here and blue here right .,what's this .,what you forget when you already just ate it .,you needta write him a letter .,okay .,nothing .,can you say it .,they what .,yeh .,what are we doing with it .,well .
there's baby bear with his bottle .,want this one .,huh .,come closer .,push him down .,yes we went outside .,whoo whoo went the whistle .,do you want the cereal .,what kind .,you haven't had that for quite a while .,whoop excuse me .,here .,you don't need glue or paste or anything .,where did he go .,what was she tired from .,did you tell her what you played with .,you were the fastest on in your class in gym uhhuh and then .,I didn't name her .,I'm not going to .,yes it is isn't it .,that's all I want you to read .,no .,is that a person in superheroes .,like Stephanie like Leslie or Ann .,right .,push the drawer back into the camera and just .,you pl .
that's such a pretty red .,hm .,mm .,then you can sit there .,there's a ball in the car .,it's hot .,yeh .,very good .,poor Mommy rabbit .,well that's a good question I don't know I guess may be he thought the other children liked it very much .,uh .,oh Laurie .,oh you think so .,you can take it apart .,then we gotta think of a new game to play .,now what .,okay .,this is San Diego and this is Boulder .,you gotta scan it .,that's the record if we're lucky .,oh now what happened .,that's cute .,Christopher why don't you tell tell Daddy about you playing Pac Man .,who thinks he's so funny .,what about yesterday morning .,okay let me turn this recorder off .,oh .
I'm sorry that's handsome baby boy .,can you get a hold of her .,all gone .,but you're not a heavy baby .,mm .,what's that .,oh you have three .,did the lady get hurt .,from hanging upside down .,oh yeh .,it's dinnertime .,match this color .,also .,I can make your lunch pretty easily .,how many bunnies did you get .,oh there's really are aren't there .,and the baby needs to eat .,play Shoots and Ladders .,at breakfast Cheeky used her spoon to tap a tune on her milk glass .,uhhuh we saw it yesterday .,you didn't watch cartoons or anything .,is this in another room .,did they get wet too .,and nobody knew so well how to .,and then I say to you I thought we were friends .,good .,so you didn't mind being tape recorded .
see .,ahhah .,then he shakes it some more .,neigh .,I don't think you need it now .,do you wanna go back outside .,let's see that nose .,it's very cold in this house .,what is the mouse eating .,mm that good ain't it .,probably milk .,well you may hold it .,what .,they strung this contraption on a pipe and mounted it on the animals' climbing apparatus .,what color are his eyes .,oh my goodness there's a baby up on your face .,that was terrible .,where's the red one and the green one .,where .,uh oh .,oh I know .,and what did he think .,did you .,what does it mean .,I said .,yes I'm gonna make you a blue ball .,how old are you today Laura .
I'm going to put your hand on this .,you wanna hold that .,what's going on with Dillon .,just why do you wanna do that .,wanna look outside .,want me to open .,sweetie should we look at a book .,put them in this card .,we're gonna call .,remember which library this was from .,the sun was just sunning up the little white house .,we hafta get some more books .,she's gotta what .,Michelle and who .,huh .,who didn't .,they all know each other .,you boys stop chasing each other .,on the what .,she called every one of those cards .,a box of Oreos .,okay .,maybe so but if you look around there will be one more word with five letters in it .,little girls .,yeh .,so which cup had more .,okay .
look there's a bunny rabbit .,does it make a nice sound .,you threw it huh .,if you don't like them we'll come back .,yep we're just gonna hafta let her bark .,yes that's much better .,what are those .,do you wanna call him up .,well there're no more books but there are other toys here .,you hungry .,yeah I know .,perhaps you and I can tell what's going on .,I'm doing something I'll be there in just a minute .,Carrot's in that little box .,you knocked down as many as I did .,it should still be light out when I get home .,why won't she wanna .,oh there's an aquarium by Niagara Falls that's a little one though .,did it make you shy to have Louise there .,if the arrow points there it's wrong .,do you have two milk .,how do all those socks get in the wash .,you don't .,how about that weasel .,to be able to see .,do we have a rough cloth anywhere .,well .
It's red like your socks .,bundle you up .,you want Mommy's pack .,hop hop hop .,yeah you have a backpack on .,right .,mommy has one too .,did you put butter in your hair .,want mommy to take it off .,oh you fell down .,you have some in your cup .,didn't he take you somewhere .,what's that .,you made a swirly bird .,okay .,why .,no .,you put the quarters and the nickels there .,you get to love it and .,would you like to stop and read the story .,oh .,when Christina goes back and to have a big bump what is that .,alright you didn't act afraid when you rode the scream machine before .,uh promise .,and what happened .,a good guess or a bad guess .,oh .
that's just great .,okay here we go .,how are you doing .,where is Timmy .,oh .,hey should do you wanna .,what are they doing .,okay .,okay .,hm .,where are they here .,and this one has two blue ones and this one has two blue ones .,this one goes down here because it's this bud .,one or the other then ya wouldn't be .,I have a feeling .,is that for my truck .,Bob .,how did .,oh .,look at all the room you got .,do you know .,but gas really is involved .,uh huh .,yeah .,is there anything particular you want ta learn at first grade .,I'm trying to figure out .,where .
ahhah .,whee .,we won't even think about it .,where did it go .,he said don't don't .,helping .,boo .,have a good day .,do you remember David .,why .,Diane .,you poor child you don't have any clothes .,and lots of other children .,look what he got on his face .,oh I beg your pardon what's an ogoo .,yup .,you know why .,it came out of your canteen .,it's cool .,see if you can tell me what all you did yesterday .,what's the number on Greenwich Park .,matter .,thanks .,and ask questions .,or you can take your lunch .,and what's this one .,uhuh .
ahhah .,a hand .,that's Mommy's .,okay .,yes .,what .,I'd make your birthday cake out of bananas .,no she can't sit up .,let's talk a little longer can we tell Erin what you did the other night .,can I sit down in this chair even though Thomas is sleeping .,remember this is where you saw .,this one is smaller than that one .,yeah .,oh .,oh in my tummy .,yeah but do you get money .,you gonna eat up all that supper .,no I'd like to go on a ferris wheel .,oh the Salvation Army commercial .,she didn't see it .,now how could they do that here .,diagonally .,what .,would you tell me about Sassie please .,do you think .,look at this Laura .,when you were little .
that fits in your mouth oh that's just great .,are you making music .,where's Daddy .,which page do you want .,that's Mommy .,that is Daddy's tape recorder and there goes a car .,thank you .,you want me pick you up .,the itsy bitsy spider went up the .,do it over the table .,hi Abe .,okay you don't get any snacks tonight .,tadah .,what is it .,oh okay but it's not his food .,okay where's the steering wheel .,no put those are what .,is this for me .,they pee in what .,oh just to see some stuff .,but now they've got to try to catch him right .,Mark was trying to get the peanut butter .,is that all you can say uh huh .,why did that happen .,where else do we go .,we're just making it the same level as each cup .,it is .
do you wanna look at that it says look .,that's her doll you're looking at .,oh you want Mommy's hand .,there's Morgie's nose .,yes .,its stuck .,what's this .,it's been bitten into .,that's a picture of Mommy and Nina .,that's a boy okay .,that's fantastic .,want a cookie .,there's so much food on the table it's hard to find Peter .,Smiley eats sardines .,he's six .,what are you doing Abe .,mm mm .,you had fun .,uhhuh .,it's cooking .,Colette Andre doesn't .,see there's pressure inside .,but looking ahead to when we go again what do you think you wanna be doing .,when they saw what are these .,can you make anything for breakfast .,open .,you work and I'll work .
yes all that drool I just don't know .,choo .,la la la la la .,that on .,wash the baby .,okay .,Lily what's that .,look .,how does it taste .,look Kalie .,Fred Astaire .,and a cockle doodle there .,a Peadinger swinger .,tell me what she's doing .,you smell me .,yeah that's blue .,and look it what is she saying .,does the fox chase that raccoon .,yeah you think that would be cool .,oh say what do you think um .,they're in Florida .,did you give the poor kid a knuckle sandwich .,one more word a five letter word can you find where that is .,what happened to the greatest american hero last night .,oh you drew the cow .,what happened in the movie .,you are .
you like that better .,okay .,now where did I put .,oh .,Mommy empty this out .,here .,foot .,does the fish hop or swim .,you mix some colors together .,it's hard to learn how to ride a bike .,why don't you rock .,not yet .,where is that cat .,can I see this acorn .,is that a song .,wouldn't that be sort of freaky .,chunk um into where .,I don't think he wants to go back home yet .,that can Naomi for the same reason Naomi that you can't play with plugs .,oh .,and they .,no not really .,your alphabet .,well talk .,well that means when you turn on a turn the lights off they sort of glow in the dark .,you poured it from one cup to the other .,you work and I'll work .
you got it .,uh .,fishie .,no thank you .,here .,there it is .,what did Daddy put her on the changing table .,uhhuh .,you went to the eye doctor .,how are you .,she must've been riding on that bus do you think she's coming .,oh sorry about all this .,hey get up off the floor .,oh .,my daddy is dancing with Aaron .,here that'll make it easier .,alright .,you know Frankenstein and .,uhhuh but he's probably dying .,thanks .,that's it .,there weren't any people .,yeh but you play a lot of ski ball too don't you .,said .,oh those kids are mopping the floor .,what are you having .,I don't know .
do you see Cookie Monster over there .,what is that .,it's behind you Dillon .,well actually .,you gonna go down the slide .,you wanna get moo baa la la la .,let's go sit at the table .,maybe after you wake up from your nap if you ask him please Papa maybe he'd make you another one .,well how .,no .,dyou want me to help ya fix it .,or a blue crested warbler .,look .,where are you going .,alright you're not going to anything at the square .,oh Roman .,little gray like little teeny houses .,ya know what he's saying .,so that was pretty cool huh so they learned that .,uhhuh .,I think this goes over there .,have what .,g .,what did Madaline do .,does an exercise ball look like that .,even this taller one .,okay .
oh you got it .,I'll let you hold it .,dedeledeledeledeledeledeledlee .,Barbie .,where did it go .,look it peekaboo .,they go .,where's your hair .,that sounds fine .,I get this color .,the tow truck's over there .,I'll hold it while you screw .,comb .,honey .,I love birthday cake .,okay hang on .,perfect .,have anything to do with any .,I don't think my sister's shows either .,you sure .,you know what your life jacket does .,well I'll guess I'll change it in a little while .,well did you catch them .,did any of the children ask questions .,those the kind that climb .,you're taking your ring off here .,so please don't play with those buttons .
oh what do you think .,oop .,I see you .,rustles and bustles and squishes and zings what wonderful noises a thunderstorm brings .,that's right .,it's snowing said the boy with the dog .,what's this June .,call Gigi .,let's look at another thing .,he's the .,is .,what color is this .,put your screw back in .,that's lumber .,you cry like a baby .,it hurts when you pull on my hair like that .,we just played make believe so you can put the money back in there .,we're gonna take this apart okay .,okay .,did you get an announcement from Gail .,is that where he bumped it on .,that's cute .,well tell me what you all do in Sunday school .,who thinks he's so funny .,are those tadpoles .,a good guess or a bad guess .,you wanna work on your handwriting some more or not .
and red like your the edging on your outfit and all those other things .,hey buddy .,yeah .,snowman's buttons .,the people on the bus go up and down .,those are really fish sticks .,okay .,here's the one .,the sand on the beach and the sand on the doll and .,where's the strawberry .,that's chocolate .,the cookies .,no the microphone .,do you like yourself .,he can think of very sneaky ideas .,hm .,put what in .,on an eyeglass kick today .,you think I should vote for John Edwards .,I haven't any of that .,Angela .,Mark's waving his sword at Ross and Ross saying .,no p not q p .,can you take your fingers out of your mouth so we can hear you better .,Sam .,film compartment door .,alright .
I like the sound that makes I think you like it too .,okay .,whatcha got over there .,gentle .,you have blue Play Doh on your hands there we go .,airplane .,pajama pajama pajama pajama p j .,Donald's tummy .,oh .,Lynn .,feel how nice it feels .,okay wait let me get them down for you .,are we out of food .,oh .,because you might hurt yourself .,banditos .,oh alright .,sure it could .,why not .,I'll call Grampy .,you say no .,Joey's house .,next time .,a puppy is a baby dog .,but you didn't .,show me again .,what's there .
oink .,please .,and they're hurting your feet .,wanna go see Ethan in the mirror .,in there you go you got some yay .,okay .,yeah .,here comes the fire truck .,the elephant goes too .,okay .,was that Ursula on the phone .,oh who said that .,okay .,good to eat crackers with them .,so the car was waiting for them and then the daddy was there .,I didn't invite Martin to come because I wanted to get him a present .,yes .,a yellow stick you heard about Dawson before right .,check this out .,that means what .,Cleveland .,you're going to the dark side .,okay you all play any more soccer .,how about the little boy that got lost .,okay .,not in the movies .,this big van .
who's that .,oh .,I'm not biting you .,n o p .,no sweetie .,here .,here .,why don't you put it here for now .,because she didn't want us to to what .,where'd you put Big Bird .,loopy .,Naima .,this one .,broken cup .,blow .,a backbone .,put the spoon down .,what do you wanna eat .,the dog was barking .,are ya'll about ready to eat .,what do you think .,a bottle full of um .,how much is thirty minus fifteen .,no what's that first letter .,oh .,alright .,lie down on our bed .
kitty cat .,yep .,come on .,your Nana upstairs .,you wanna give mommy the papers .,I'll pick you up .,daddy's at home with Lauren sweetheart .,curly girly .,get it out this .,you want the cookie .,hm the light is up here on top of his head .,why .,okay .,look at this one .,I don't know I didn't really notice .,fifty miles in a truck a long ways .,here you go .,yesterday before I went out she took the Dutch Cleanser .,you get both sides brown Roman .,something fell out here .,what else do you have .,mhm .,do you remember what happened at the end of that day when we left six flags .,why don't you wanna read it .,what kind was it .,fix that up let's see what it picked up wanna hear what it picked up .,I'll say you were a huge babe .
or she'll get them .,you were .,what's that .,a blue horse .,one .,that's the musketeer alright .,you wanna get up .,uh I dunno .,I think that their other ones aren't ripe but you could have some strawberry the other ones are hard .,cups .,ooh your ladybug .,from our fire station up the street .,make a circle out of what .,oh .,the days are getting longer and flowers are growing .,what .,okay .,look .,hm .,she's got a bottle of Old Spice cologne .,you know what that is .,little song Mark says little song .,have you got a launch .,he is going to give it to him .,you put me in a hole didn't you .,I don't think she knows who Rocky is .,yeah .
you want this back in your hand .,I'll be up .,mister curious .,down up .,yeah .,that's not a muffin .,piggies .,wait for us we're tired to shouted the children .,let me get some more on the spoon for you .,show me what the little dogs are doing here .,how can you do that .,it's got Ronald McDonalds head in it .,yeah .,a new one .,you said you didn't wanna do it .,get a clip .,no .,no that's Robin's hat .,you can do that yourself Roman right .,Sarah you know what .,two different ones .,matter .,oh .,were they as big as did you not see other teenagers .,yeh .,and then .,oh .
here .,oh look at his feet .,what do we wanna play .,well you threw it .,Daddy's gonna have his coffee .,hah .,turn it around .,alright .,you eat your muffin .,it's too hot in here .,what are you now what are you doing .,here come .,that's an m .,now we'll make another ring on this .,we were but now she wants to play with some frog .,you trying to get them to .,she changes his water every day and feeds him every day .,oh that cologne .,all the time dirty face and hands .,we'll just see .,and .,too violent .,what is what are all those letters together .,huh .,how many do you have .,Laura h you hafta I don't understand why I have the same amount as I started with when it looks different .,will you .
oh you got it you got it .,hm hm hm hm .,hm .,let's turn them off .,Michael was sitting on his mother's lap .,that's Birthday Bear's ear .,what are you doing out there .,no look .,yes your pink bibbie snaps but not this one .,first we gotta put away the dishes from dinner .,where's the cow .,uhuh and say blue .,yes .,Bully was very noisy in the library .,that's just the way his body was .,I think we're almost finished .,no .,excuse me I think they hafta go to the bathroom .,I don't know if I can .,huh .,what is that .,yeah .,yeh but see that's what it looks like its kinda making his body here .,where did they go from here Susan .,but I think you're right .,and they give you a little picture which does not do a thing for me .,li lift these things up .
you got it .,one two three .,where's patty cakes .,can you shake the rattle .,got a beautiful foots .,to the enchanted forest with this morning .,want me to put it on .,a bumblebee .,where do you want .,sidewalk .,hm .,you got a cold .,a carpenter .,yours wasn't quite finished yet .,thank you Adam .,I chose a big black horse with a lion saddle .,what is this .,oh .,two ladies and one boy .,let me .,keep turning it .,really volcanic eruptions are caused largely by gas .,sure you can .,did he do good turns last night .,is there anything particular you want ta learn at first grade .,what shape is that .,now you've got four pens making a line at once .
you wanna see if it fits in your mouth .,even just one of those plastic ones you know .,there's your fishie .,chew .,we'll hafta got early and go to the uh .,here .,oh okay .,okay .,that spot must be there forever .,you gonna sit oh isn't that pretty .,is he .,put the other hand here .,what's that .,you show me how you do it .,okay six dollars here you are .,and it's oh two nine oh six .,he or she .,see you should of put that zero down there so I couldn't win .,hokey pokey .,now you're four going on five .,did you go to a special place .,I'm not mad at you Dada .,okay .,thank the Lord you are well and now go to sleep said Mrs Clavell .,what did you and Christopher do today .,oh .,okay .
you like that book it's very red .,with the teddy bear .,dadadadada .,that will not be funny .,we're gonna .,chocolate chips .,is he sleeping .,where'd the mommy go .,okay .,poor Buba .,look at all the money you have wow .,Laurie you haven't eaten one good thing .,what did we buy at Williams Sonoma .,never even thought of it when I was in there .,tell Kent .,hey what color is this .,come here .,what .,nah so that's worthwhile then missing school and coming to work with me and then I get to take you to lunch .,dum dum .,the other end .,oh I'm sorry .,that's not all you play .,well he'll probably give him some straw if he buys some don't you think .,yeh .,now you've got it right .,can you be real quiet for a minute .
you better learn to hang on to your toys real well .,thank you mama .,Henry no .,come back over here .,look .,no .,yummy .,Bob the builder .,there all the pieces are out .,let's put them back in the water .,sure .,I don't know .,so they'll smell good .,Nomi have you noticed there are animals on the animal pictures and names on the bottom of these .,see .,here I got that today I thought you might like it .,is that who's that .,do you think .,I'm trying to remember well we saw some sculptures that were very strange remember the sculptures of people .,how does the rabbit communicate .,what does it say .,Mark I think that you're getting over on the dark side .,okay those are the rules in kindergarten huh .,open the door .,two .,while you hold .,I didn't understand you .
you see yourself .,mgah .,you gonna push that walker across the room .,wanna see some more .,that's right Morgan .,well .,and the whistles .,oh okay .,you know what that is .,what about poor Momma .,where are you going .,I just have one honey .,no .,very good .,she don't know what color she is .,dis cowboy .,I see .,okay gimme .,she tried to fly up into the tree .,okay so I'll tell I'll give you choices do you wanna talk about your birthday party do you wanna talk about um your new the presents you got the real what do they call that .,oh this is a picture book .,did you have anything in your brain when you were born .,what .,and that's all you like about the whole program .,did ya make something .,look how much bigger and wider the purple cup is .,so you didn't mind being tape recorded .
see .,look sweetie .,first he hasta clean it off and sand it with some sandpaper .,Margaret Agnes .,you don't wanna sit on the pot .,open your legs .,it goes here .,would you like to do that .,is that a man's name on the tablecloth .,alright enough .,where .,to go home .,they held what .,yay .,okay .,okay .,he just got a screw driver and started taking it apart .,somersaults and also what else do you do .,so the next time after that then you and I get to be together .,uhhuh .,find the hole for the tire to go in .,okay .,is that the words to your junk man song .,did you see stars yesterday .,you like to jump in and make a big splash .,uh huh .,look around Laura .
you wanna catch it .,you want the yellow one .,do I hafta be faster .,okay .,say byebye .,go push it .,so we'll wait to clean you up that's fine .,yeah those are yours .,mkay .,would you like to bring your blocks and your trucks into the kitchen .,no .,french horns .,I went outside to look for your rope today Abe .,oh .,she's not big enough mm hm .,oh you changed my flat tire already .,is that what you're saying .,ya wanna sit up .,what .,that's oatmeal with ground raisins .,oh I just have enough money .,in the world was the big bang .,you all crawled under the floor boards .,Mrs .,swim .,oh .,you're big .
ahhah .,ready for more .,yeah that's a good one .,I do believe you have your own phone .,please go away and let me sleep .,they're over here .,I see it .,Sally was that necessary .,aren't they pretty .,we went to the beach yesterday didn't we .,they're just little yellow pills .,I'll just turn it off .,is he your friend .,I'm hanging in there how you doing .,don't lay on it .,a crayfish .,look at the cat .,what'd you tell him .,that's true .,okay .,you remember what a mime is .,give us the song and th then maybe we can figure out what word it is .,so just start with first plus tell me how you did it .,sold .,and if you make your bed what do you get to do .,you tell her the gross part too .,I'm writing something right now .
that is so much fun the way that fits in your mouth .,boop boop boop .,are you gonna do both .,why you wanna put that on your head .,did you see that .,ope skip over here .,pan .,leave those socks on .,where's the snow .,Dad are there any numbers in this phone book you want before I throw it away .,let's fix you up .,Karen will you come and have some cheese and tea with me .,there's two pieces missing on that one .,yes .,they won .,I see so some of them are a mix of colors and some of them are the one plain color .,that's right and did you read all those books .,whew .,what kind of jokes are those .,there .,now take the curtain down and see what's under there .,look at that one .,uh huh .,I never heard of that .,there was a skunk at church .,would you please pour the water in the yellow cup please .,yeah .
you want it in this hand maybe .,come over .,orange .,bounce it .,moose .,huh .,bye .,it's driving me nuts .,oh .,go get me some more books .,it sure is a nice picture .,little Miss Echo .,I don't know where the covers are for the teapots honey .,was it a butterfly .,Sarah .,yeah .,yeah it's a little bit leaky .,look what Ann Marie did .,I think I'll take it to school .,no you're going the wrong way .,can I do that .,would you focus your eyes please Mark .,okay .,thought you hadta buy them .,what did they do .,watch my cookie a minute .,maybe it's in one of in the crayon box .
you want it back .,here you want .,boo .,what happens here .,yes .,the baby cow .,good boy .,lets see if there's anybody in here that we colored yesterday .,right there .,and we'll have it in a minute okay .,I guess we'll stop recording .,Doctor Marx .,now now find the find the .,he likes to go with those monsters .,wow .,do you mind if I watch the news .,okay .,here lets tie his mouth up in the web .,oh I see just by flexing you can make it come or go huh .,maybe she was hinting that you should send her another one .,you don't .,what is it called .,are you tired .,same scenario .,I was gonna get some thistle from grandpa and I forgot it .,and close the door .,okay Kiddly .
oh .,where's that arm .,I'm gonna tickle Timmy .,what did she do .,up .,ah .,uhoh ask Gigi to get 'em for you .,I hafta do that so we can have more light .,okay .,let's look and see what's in here .,oh the yellow goblin said let's go in the cave .,do you like that pumpkin .,it's an a .,how about a little cereal .,how about that .,how much he might wanna eat .,did you eat before .,you feel kind of warm .,seen .,uhhuh .,thank you .,Mark was trying to intimidate Ross into doing a setup with him .,what are you working on now John .,yeah .,iguana .,yeah .,no .
you not sure about that .,what do you see Catherine .,oh .,I know .,no .,what is it June .,you drive like this .,now the glasses can go on .,right .,mhm .,it must be almost time .,they don't .,do you like cupcakes .,hm .,here .,and some ice cream .,Sarah put your plate down .,this is a d .,God love paper towels .,we thought we might get a call this morning from him .,ten .,dar the emperor's gonna get you .,yeh .,what's he going to do tell me the whole story everything .,that's a hamster .,which deer .,right .
you got it .,you got them .,meow .,it didn't work .,which frightened both the heros .,get your face right down next to it .,whats this Johnny .,it says .,can you hug the baby make the baby feel better .,no dipping vat .,take a bath exercise play .,uh and this looks like it might be part of that grouping over there .,a clown .,yes .,you gotta well you gotta connect the word see the word .,you put all the money back in the right spots .,what else does Paul say Adam .,come here .,on the sugar bowl and on the coffee pot .,am I that tall .,I guess it does .,and your head couldn't go back into place right .,I think you did .,why do you like scenario .,they wiggled until they got under the sand .,yes I'm gonna make you a blue ball .,don't knock the picture off the wall .
do you like sitting up in that seat that's pretty neat .,you're crunching them up .,Joseph one of them is talking to us .,come on .,you're getting up .,let us feel these trees .,turtle and then there were three little ladybugs drinking up dew .,that's Ari's ball .,brown bear brown bear what do you see .,crocodile pump kink .,okay .,before we do any more playing .,shall we invite them for breakfast .,hey .,three things .,you're sure they had goats .,okay Mr Storekeeper .,oh the poor dinosaur .,already .,whoop .,no I came down at four thirty cause I said a half an hour and that was a half an hour .,no not yet .,yours supposed to be the one that's out .,why does the little pig want it .,what are we gonna play .,Winnie the Pooh .,okay .
ahhah you like that .,wow .,what's that .,yes it is .,think we got it before it fell .,can you .,those ones don't smell .,he has his own office .,what were we reading .,you don't want the monster to get them do ya .,it's the syringe .,Dada .,gonna make something for dinner .,what else do you like for breakfast .,we'll see .,there's some money up here .,you can do all the funnies now .,hm .,well you can wear it if you wanna .,here .,like what time .,there are different things that are called elements .,yes .,well what did he do .,for what .,okay let me turn this recorder off .,uh .
you want it to make noise .,I don't think you can get that in your mouth .,ssh ssh ssh .,thank you .,a duck .,blue green yellow red .,are they all there .,do you wanna go to my desk and get them .,okay here we go .,a little peach on it .,oh do you know what that is .,yeah .,that's not too heavy .,hey .,what do you know about Easter .,okay .,and he didn't know how to put it back together again .,and then what was you thing that you keep telling everybody was your very favorite gift .,a crumb .,and then one other game what was the other thing we did that was fun .,maybe I'll build a Prudential Tower .,don't take it off .,thanks a lot .,tell me something about her .,how do you know whether you won or lost if you don't know how much that is .,look at this cookie .,you lie down .
I'm sorry that's handsome baby boy .,there you go good job .,you like that book again .,thank you very much .,oh yeah you wanna close it .,above below .,I don't know what this is .,hey .,we planted the seeds not the weeds .,I'm doing work at home .,William .,Mommy's gonna pick a card .,she went to the baker's to buy him some bread .,that's right .,here you go .,oh good .,you're gonna they might if they don't go away then they might hafta what .,wait a minute .,don't get them mixed up now .,it's a snake that lives in uh wet areas and it's poisonous .,why not .,now Mark must eat .,a junky jewel .,he just walked up and blew the house down .,were your friends there .,I'm gonna fill two glasses .,is that a kind of magic .
mm .,ah mm yum yum yum yum yum yum yum .,thank you .,look outside .,put them up here .,there's some more .,thank you .,it's a car .,I'll get it out for Oliver .,I meant play shopping .,we've got potato head don't we .,yeah .,how'd ya get the stitches in your head .,the doctor said to stay in bed .,but he'll never go to you like if ya hurt him .,oh it's a museum oh .,where's the pussy cat .,fifteen dollars .,oh these I hafta do .,I think this outfit is too big for you .,want the other one .,wanna know what the very first thing was according to scientists .,alright .,and what did he say .,alright .,no .,you might .
ahhah .,that's a good choice isn't it .,okay .,see the baby .,daddy's kissing Lily .,huh what happens .,let me get these .,oh honey you know what can you put them on the rug .,oh yeah .,you hadta get all clean .,what is it made out of .,and he's helping her get out .,he is murdered .,this is a show too ya know .,okay .,you know how some people some men don't have any hair up here .,a book .,Sophie found just one or two more than you did .,what else .,which way is that .,that's what the song says .,waving a sword at me .,you boys had been out there all day we started at ten o'clock and coming back home do you remember what happened in the back seat .,well tell me about this picture over here .,ate them for breakfast .,and it snaps on this .,yes .
just like your book at home .,can you reach for the blue one .,mhm .,ooh cold .,you know I keep trying to .,could be a tiger too .,but you're spitting it out you're not eating it .,no .,you said what's that what's that Mommy screamed .,a ya have to put your Playdoh away .,great .,you know how to make a bus out of these really .,you wouldn't have em five minutes .,where were we .,mhm .,see you hold it down like this .,can you put my .,uhhuh .,that little er classic .,what .,okay .,right you know you know what they eat for lunch when Rossy goes to eat lunch at school .,opsid .,ah .,wow .,so which cup had more .,mhm .
wanna look at that .,what do you see my friend .,I'm gonna get those piggies .,boo bah doo bah doo bah doo bah doo bah doo boo bah doo boo boo .,whoa .,oh Dancey Maisy ready .,you gonna be a clown .,any ones you like better .,what's the bubble song you sing at Gymboree .,I've made a special surprise for all my friends in Busytown .,what are you trying to do .,oh .,that's good .,she plays with the pink ball .,see there's school stuff in his room maybe because he's sposta do his schoolwork or something .,let me see one for just a second .,let Ursula see .,it came with like five fives and .,and such a young baby too .,how do you know how cows eat .,how do you put it together .,no problem .,well let me ask you some hard questions how much is nine plus three .,but the biggest surprise .,do you think .,don't laugh .,you don't hafta be quiet anymore .
look here's something else I know you like at home can you look at this one .,hm hm hm .,yay .,before we forget .,under come here .,hold still .,crayon .,there you go .,where's that one go .,there .,oh you're gonna tell Amanda .,and the lady says .,I'm the mother for the dolly .,they're on properly .,yeah .,bring it over here and put it on the floor and punch it out .,we went to a birthday party the other day .,what um hm .,blow through it .,a little bowl of grapenuts and jello .,does your voice sound the same when you're on a tape recorder .,under the bed .,did they get away from their enemy .,in a car .,did they you put them on the sand and they just sat there .,yes I'm gonna get you that bowl but I wanna ask you something about this pancake .,would you like to hear those when they get that far .
who's picture is that do you see yourself in the mirror .,no you don't eat that .,uh uh oh that's right uh uh oh can you say uh uh oh .,you chasing Mama .,why is that funny .,oh that was a big one .,no she had that truck Travis .,he's wearing a suit .,ya gonna .,how bout that .,the bunny is dressing himself .,you did .,wine glasses .,oh this one's losing air .,oh see I told her that we wouldn't be there .,yeah .,mhm .,oh .,oh .,do you know where it is .,well we'll try .,the only thing even the rocks turn to to gas .,okay so how much did the Spiderman cost .,no what is that .,how did that happen .,yes .,you mean Rocky misunderstood you .
catch it catch it .,you can't pull them .,put it in Timmy's mouth .,okay good job honey .,watch your head .,who says quack .,where is she playing .,nursing .,will you read me a story .,cocoon yes .,look .,right .,does this help make it stay there .,it's a u .,bless you .,hello .,does she have lots of legs like a bug .,oh you scan it .,Elanie will mind you when Dickie goes to work .,Illinois South Carolina Georgia and New York you want the New York one it has the Statue of Liberty on it .,St Petersburg Florida .,matter is in different types of elements .,can you use your imagination .,that's right that's good .,no .,you didn't .,look at all those colors .
does it fit your mouth .,aguh guh .,it's Mirror boy .,you just um .,look at what's over there John .,I do .,can you put the people in the car .,did you tell Linda about the Snoopy .,you're hanging on the yellow swing .,who're you talking to .,red .,I don't know .,djou remember .,so what happened at nursery school today .,oops lemme pay her .,you wanna .,the other way .,they're going after him .,she owns this town .,you gave out what .,and if you do not .,that's okay Dada .,building something else .,and she turned out the lights .,oh .,I didn't either .,mhm .
oink .,you're fine .,eat eat .,I went to visit my grandma and grandpa .,and play with him while Mommy dries you off .,no .,um hm .,don't you think .,that's right I remember it was .,working hard face .,did you get all the fish in there .,do you know .,and Bill Caster .,remember we used to hit the baseball in the yard .,Mommy doesn't like plastic flowers .,you do .,gotta take you down to the blacksmith's .,and he's coming to visit them .,shame on you if you don't get it .,it's looks very loose .,you hafta put this in .,your mouth is full .,look there's another foot .,safe and warm .,how do you get to do the laundry .,well tell her a little bit about what it's about .,I see .
oh did it run away from you .,can you shake it .,hm .,one .,eat that first .,he's not baby now .,and we're off .,wow .,no Fraser will probably stay here and watch you have your lunch I suppose .,don't touch that .,wow you're being really difficult today Roman .,and you find the three Billy Goats Gruff and it says to turn to one one eight .,what could fit in there .,did you ever try to make a bird like that .,whatever you want .,and they come out the other direction .,she's little .,oh .,these are my duties .,uhhuh uhhuh .,they just there for such a short period .,really .,yeh .,yes you do .,you whispered it .,because it will break the microphone .,okay .
yeah yeah there he is .,ah yeah .,see .,oh Daisy .,nice crayons huh .,bottle .,you gonna do squiggles .,that was just a chunk of cookie that you dropped .,yes that is pretty .,truck .,where do you see monsters .,alright .,happy valentines day .,alright here .,where's the bottom .,and the cat comes behind them .,thank you .,just now .,right .,that's beautiful .,how many are those each .,do you think he's real .,okay just between you and me now .,no Madeline soon .,what'd you do .,and I want you to measure how much water .,uhuh .
can you read your book again you like the book .,that's right keep going .,oh you gonna put it on my shoe .,dirty .,should we turn it over and see if we can find the triangle .,blocks .,hi Eve .,I don't think the mother bear would of approved of that do you .,go get it .,how many dollars .,okay .,hold your arm way up .,okay .,gentle .,isn't it snowing outside .,I had my shoes on .,we're going to wrestle down here .,I got it with when I was with Daddy same day .,it just fit .,the time has come .,that's not fair .,think about it .,thanks .,uh promise .,how many are there .,well how do you know that story .,good .
ahhah .,want it back .,mm .,that was for when Mommy cleaned the bath room .,you never wore it .,oh show me how you swim .,okay lemme fix it lemme fix it .,Jack was there today .,the bunny .,what are you going to do with the pail and shovel .,is .,they're taking him for a ride .,twenty five cents please .,yep .,okay right just right now .,where did we go .,it's really great stew .,Jennifer grabbed the kitty .,oh .,hmhm .,yeah .,stuff .,how about the Dahlovega mine car .,that's all .,you know what that is what kind of animal that is .,and from that he got leukemia .,alright .
does it fit nice .,look .,aguah .,little Buttsie girl .,you understand what I'm saying .,come on .,remember how you made a mess the other day .,okay .,what's that .,there isn't another I .,boca .,you're patting him .,do you really have dreams .,whada all the dinosaurs like about the microphone .,you've given up on Mommy blowing .,sticks on boxes .,fifteen .,we sure did .,and then what do you do with it .,huh .,I am going to weigh all the food I eat now just to see if I can lose more by doing that .,in a l all stuffed together real tight .,well I think you probably did .,man is that a weasel .,okay .,no I don't .,yes .
you want your book back don't you .,oh .,what .,you want your ball .,you're a sugar pie .,mm .,no .,who do you see in the book .,why did they have to slow down .,here Mommy clean the mess up .,hm .,mhm .,she didn't go any place .,emerald Toucanet .,whoops yummy .,you can do your own puzzle .,let's see .,no I'm not .,pretty much .,I don't know .,twelve books .,and Ross said it would be very crowded .,what did you do in kindergarten today .,where does he go to church Susan .,oh look at that .,getting a little closer .,that's not playdough .
see .,what a nice pink pig .,look at the baby .,eat .,kitty cats .,thank you .,mother duck said quack quack quack quack .,let us walk .,will sometimes make you sick .,is that Jordan .,Texas .,these are mail boxes .,it's a train .,let's look in here some more .,sometimes they catch them and eat them .,yeow .,Paul .,um see what you can do to make it pop up .,no you forgot .,Timothy isn't here anymore .,Adam Miller is he in your age group .,you told or telled .,tell me some of the names of the letter people .,wait a minute .,what kind of cows are they what are their names do you know .,tell us a make believe story .,uhuh .
let's see what else there is in here .,yay .,no no don't be sad .,put it up there .,that's a bed .,you like that one huh .,soccer ball .,the lens cap .,yellow .,look what I got .,will you help us too .,ocean mammals have a thick layer of fat or oily fur to protect them from the cold water .,oh look at the bear .,so he just hadta take his tail end out the window .,too late honey's already on it .,understand .,oh and then maybe they'll jump off of me .,are you sleepy .,yeah not quite yet .,I had everything ready for last Friday .,oh .,everything in the whole world was compressed very tight okay .,count out loud so I can hear ya .,well what happened last night .,what did ya do with Christopher today .,okay .,oh .
there .,see if you can come .,ah yummy squash .,it's tough being a baby .,come here .,uh a boom .,put that back .,it's in your hair .,and the other ones in the hamper .,where are you going .,I think on your map it might be green .,if we go to .,oh my oh my .,shake .,he did .,yeah I do too .,ten cents I paid .,he knocks everything down .,mhm drink juice boxes right .,what is this .,could I look in in the counter and see what I want .,you'll die .,what is that .,with a .,why don't you wanna take ballet .,I see .,you'll find the lid eventually .
let's open your fingers a little bit .,you gonna bang it .,look at the purple balloons and purple flowers .,hah .,where's Andrew's eye .,what is that .,can you say shut .,wrench .,I think the daddy's too big for the play pen .,a what .,it's a index finger .,I'm gonna give you this right over here .,what have you been learning .,there are things I can connect these too .,those aren't days .,no I'd like some eggs .,no no Adam .,let me see your your leotards .,what were you thinking when you were just downstairs with him now .,do you want toast Stan .,very good .,now Ross let's go back to what happened in the beginning .,um um .,okay what else would you like to talk about .,we'll talk about that one in a minute .,ugh gushy .,no .
oh dear that's so messy .,wanna read the book .,yeah you look happy .,b .,today is Thursday the twenty sixth of June .,kitty cats nursing baby kitty cats .,uhoh .,go .,can you put eggs in these .,what are they .,pokey talk .,who gave you that little doll .,wowee .,I don't believe that .,mm but we're not going to .,okay .,what .,you what .,whoops your patient just fell over .,is that what she'll say .,no the other way .,aw that's cute .,well I got a hard one you won't be able to answer how much is five plus five plus five .,you did .,that's right .,alright .,oh .
a pink pig .,uhoh .,yes .,see the bear .,you'll get to eat your breakfast in your high chair .,where you going Grover .,it has pillows on it .,huh .,that's true .,well let me tell you this .,yeah but can you make sure you call them today Mom .,I'll get some out of the basement .,Eric .,Abe would you get me the tape again .,wow this is a big place .,okay .,over here .,okay Abe what's that .,she loved the tingling music even though it made her shiver .,oop .,I'll take an Oreo .,what did they hafta erupt for .,okay there's one more with five letters .,I know what it is but what is he going to do with it .,oh well is there something else you'd like to learn at first grade .,what happened to them .,well .
I'm going to put your hand on this .,I think I see carrot spit up on your bib .,he's trying to eat your hair Thomas .,its scratchy isn't it .,here .,no .,no peekaboo .,that is the play button .,and he actually give you a kiss on your back he's a very sneaky kisser .,you like the beans right .,for they say you are taking the sun shine .,nope I'm through cooking .,what do you mean the weather .,what do you think that is .,what's the matter .,thank you .,yeah .,okay .,right .,okay turn it some more .,can you get the other thing from the box .,oh stardust like what um .,you don't know .,little girls .,you tell me .,no .,nothing .
that's just great .,you wanna hang on to her or you wanna see another toy .,give me a few more minutes okay .,how'd that get over here .,only on paper .,bullshit .,that's a nice chair isn't it .,okay .,and Vanessa .,don't know this one either .,on your stomach .,oh it did .,and little boys are brothers not sisters .,do what .,uhhuh .,I don't know you wanna start over again .,okay .,burped all the way down .,who's his girl friend .,uhhuh .,does the little boy have on his shirt .,pancakes are made of carbohydrates .,he's just loaded with junk isn't he .,you don't hafta be shy .,mhm .,okay .,don't pi try and fiddle with this .
oink .,hm .,you took it away too soon .,that's pretty good .,what should we do .,doo doo doo doo doo doo doo doo doo doo .,don't touch it .,where are Mommy's teeth .,there you go .,a tree .,are you tired .,oh this is really soft now .,do you wanna draw with it .,he's big .,bird boot .,what .,don't wanna repair this .,a week from Saturday .,Abe did you see this .,Mary Beth is down there for the summer this year .,all I have left is .,they melt .,no I mean as far as rides .,they what .,well what's this .,out .,yeah .
you just love that book .,you wanna play bouncy .,I know you can say that one .,chew on this .,hm .,yeh it's a donkey .,quack quack quack quack quack .,would you put it in the wastebasket .,no more tummy ache .,your kerchief .,when we were at preschool .,okay .,there's an empty chair there .,oof you got a cough .,Lisa Appel .,that's supposed to be the sun .,what about a book .,that's your problem .,I thought it was Pogo .,is that why it's sticking .,better watch out .,mhm .,alright .,can you name some of the stars or the planets that you saw .,they're good .,thank you .,do you see it .
good for you .,look .,here you go .,huh .,left foot .,yeah here's Paul and Judy .,fits right in there see .,you're squeezing baby .,you love smoked gouda .,don't do that .,do I get pretend gum .,kind of nice in their own regular colors right .,here's the long .,I don't think I need anything else from the store today .,you have swum there we swam there all last summer .,okay .,she's having a good time in there .,I know that first ya do these .,because I stuffed it with meat .,Abe would you like part of a carrot .,one hundred .,yeah but everything .,that's right .,is it because she's a baby dog .,but tell me about them .,slide it to the right .,there it is .
that's Chi .,you're a very strong boy .,what do you wanna do .,cheese .,you had a nice little tune going on .,come here .,there goes the cuckoo .,no cookies .,is she sad .,it was really hot today .,what .,ah .,eighteen .,they're looking at one end of the pipe .,what .,we'll put it up here .,what do you think Laura .,yeah .,oh yeah that'll work .,mm so what .,that's thirty nine .,with little crumbs .,I don't believe so as a rule .,can't you tell him what happened .,yo .,uh huh .,that's right .
see baby bear .,lemme show you .,Dyeisha .,what's that Vas .,that's the clown .,dolly has her other shoe .,in general .,where are you don't like it .,oh thank you .,maybe it's a deer .,here's w .,keeps going in and out .,I'm doing something I'll be there in just a minute .,I do huh .,she sees the blanket on the ground and the cat's gone .,I don't know .,why don't you pull the whole thing out .,yeah draw a picture of Gail .,Sarah what was it you were saying yesterday about your Mother .,that one's a pretty one maybe it reminds you of a grape .,yeah .,but Marky I mean how could teeny things how could they form a big world with lots of little crumbs .,I wanna see if you can remember how to name the presidents starting from the first one up to the current one .,Susan tell Daddy about this afternoon .,where can we get one .,see my cookie .,then I'm gonna um play that .
yeah .,where you going .,oh peekaboo .,because it belongs to little baby Henry .,very well I think .,did we see trees outside .,no .,ah his tummy and his legs .,you hafta sing the whole song .,what is the reel of tape doing .,you do .,oh you don't wanna change your name .,well don't go under my book and hide you hide somewhere else you sillies .,this just says Orchid .,I won't do it any more .,it's on at seven .,I guess so .,yeah .,didn't you hear it before when we played it back .,and I'd have coughed and coughed and coughed .,I just thought of something else I needed .,but gas really is involved .,how did you get it at K Mart did mom buy it for you or what happened .,did you see any dippers .,this game isn't over .,July twenty third nineteen seventy seven .,are you gonna draw now .
look .,Joseph .,and look at the baby dressed up in yellow .,hi you cutie .,what's this .,look at all these things here .,I don't know what that means though .,who likes coke .,no .,what are you sposta do with this book Matty what goes here .,the snail was still not there .,I don't think I wanna like that .,since we're putting it together that's the way you want it to go .,that's good .,food freezer .,well because it's um sulfur smells like rotten eggs .,really .,take some more money .,I've never seen your name written like that .,down .,don't you think so .,you musta just had it in your brain huh .,and then we have y .,would you tell me about Sassie please .,you never got to do that before did ya .,there Mrs Jordan .,how come .
oh what baby .,you all done .,hm .,what do you think you're a big boy or something .,can you get the ball for Mommy .,here you are .,pliers .,Mr fix it and mother cat are looking at the vacuum cleaner which is on the ceiling .,it's on .,mhm .,these won't stand up like that will they .,well let's do this first and then the car .,yep could you count how many more we could fit if we wanted to .,who said that Minnie asked .,you were right at first .,oh there's a cash register .,oh where's my baby .,good .,take it easy .,what is it .,were they there .,little pieces of stuff .,or junky toy .,well tell me about the straw .,three cards .,alright now .,uhuh .
you like that .,aga .,a little hand .,yeah .,how did it get so dirty .,uhhuh .,what are you looking at .,no you're not gonna put them in an envelope .,oh you're showing me where my ear is now .,Honey .,everybody has to breathe .,hm .,uhuh .,go round and round .,ouch .,can you pretend .,the red red head .,well we'll see .,world that's right Sears Tower is tall .,how much is this .,Nicholas .,she thinks you mean romance .,that would be a million times a thousand .,they're not they're planets .,that's how you read .,see I'm gonna start with this cookie right here .,okay .
yeah Chi .,ah .,Henry watch .,and we'll open the door .,yeah .,do you want a library book .,Sergeant Murphy yeah .,uh huh okay .,whoa .,Daddy reads us a story before we go to sleep .,you better eat it here .,I thought the teachers called it play dough .,I thought the little bear game was when we pretend that we live in the bear cave .,I couldn't understand you .,tell me what you .,yeah .,we'll have a little girl and she likes strawberry so maybe a I'll get this strawberry .,in a little while around lunchtime .,I hafta say who's there .,you're gonna go to school in the fall what kind of school .,do you think you're finished with the banjo .,wait until you get back into your into your spaceship .,that's Colossus .,I don't know .,you help me a lot don't you .,go clean up your mess .,okay .
we have one of those at home for you too if we could just keep that two year old sister of yours from running off with it .,is it that time of night you need a little sucky suck .,oh Catherine's gonna serve .,dum ditty dum ditty dum dum dum .,cow .,oh you want me to color .,there isn't a fan there .,Olly he's my nephew Olly is our catcher .,don't touch that one .,dites moi pourquoi chere mademoiselle .,that's a good one .,is that big .,oh .,and now she's coming out pretending she's a nurse .,yeah don't do that okay .,yes but you know what .,so that's what happened .,oh he smells like ketchup still .,uhhuh .,why .,what else do you have that I might like .,mhm .,who else was down there .,she is .,or you can take your lunch .,how's the yellow cup different from the purple cup .,yes .
good job .,you will wear these shorts we hope .,mhm .,my little girl .,two .,oh it's gonna be a different one .,where's the boy .,how smooth .,a meeting again .,I don't know .,wow whose pictures are these .,okay we will in just a second .,no I don't think so .,oh you wanna play this game .,oh you won't be able to go out and play with the kids .,probably .,wow .,ah I'm having a little bit of trouble .,she said .,yeah there's Cheryl and Joey .,that's a microphone .,have a good uh sleeping always sleeping time .,oh you're not .,and nobody knew so well how to .,yeh .,I see .,nope .
still wanna see if it fits in your mouth .,you've got my foot .,what're you gonna do about that my friend .,the crooked man .,let Mommy have one .,oh here's Potatohead's hat .,Isabella and Grandpa .,my goodness .,you don't know .,no .,are you gonna French show and tell then that thing .,hm .,look it .,is he flying upside down almost .,little platforms .,watch .,wanna tell .,think about it .,that you're not afraid .,not this one .,no .,first the big .,you should've played soccer with me today .,oh Susan did Christopher .,but you haven't won yet .,I wanna put some film in my new camera .,I see .
see .,hm .,want some of that soup .,old cookie .,ooh I think Big Bird likes that .,six .,oh wow .,peace and quiet .,there was mustard .,with the leaves .,what Baby .,a cob of corn .,a vacuum for what .,who does she like .,what should we bring for your daddy .,do you want me to tell you what he did last night .,I think you did that right .,it's a warm container to keep eggs in .,they useta .,they just see the dog chasing the cat .,Adam .,isn't that terrible .,kicking kick alright .,you want some more little pigs or you wanna talk about the greatest american hero .,good reasoning Bill .,oh the deer .,beautiful .
There's a .,it's a good one .,there you go .,thank you .,you want a bite .,on the recorder talking .,mhm .,oh good sitting .,I think there is only one ice cream cone isn't there .,is it Danielle's .,Honey Bunny Funny Bunny was very happy .,I don't know what you did to it .,they're I think they're gonna babysit tomorrow for you they're gonna play games with you and read you books .,no .,well put it push her leg push her arms down .,what do you think will happen .,we'll go yeah .,and they all gonna come out .,uhuh .,keep turning until the screw comes out .,here do you want a piece of chicken .,now who puts all these sockses socks in the wash .,okay .,three little .,that's happened hasn't it .,and skinnier than this cup .,what .
red is a good thing isn't it .,yay you like to laugh .,ow you bumped me .,oh was it daddy .,what .,I'll do it .,okay Laura if you don't wanna get dressed I'm gonna go downstairs .,okay .,you could be the only bear in the store if you go to the store .,I'm sorry .,oh .,oh all those boys who came together .,ooh .,oh you want your real money .,who .,what ya getting tired .,where do ya get the belly ache from .,whoops .,a little happiness thing .,really .,what is this .,mhm .,alright .,okay .,mhm .,a little over .,when you were little .
enough with that .,is the book better to chew on than the hand .,what's in the bag .,you gonna throw it .,what do you have .,it is so quiet .,Humm .,that's Sandy .,do you think that's a bush Linda .,so many cute little babies which one do you want .,oh it's Mr Grizz .,grass .,oh wait what are you going to do to those things .,you think it's the sea .,look on the couch .,Marissa so what's gonna happen with Marissa at the end of the summer .,sit right .,yeah .,and of course that's Donny's pride and joy you know that she can do push ups .,she wanted me to go down there after the Bozo show .,it looks like she's eating that one .,and he asked me .,m .,a what .,okay .,alright that's it .,are you having a good day today .
It's red like your socks .,cow says moo .,hi .,what do you think of that .,no Man man .,don't eat the backpack .,here it is here it is here it is .,I don't know .,how about the waffle iron .,mhm .,I see .,train tracks .,mhm .,no .,what .,we probably don't even know that many now right .,is that for both of them .,would you like Sheryl to stay .,maybe Santa was over worked .,I saw it .,Frank .,you want candy .,okay .,Mars that's good .,no I think I saw the teacher hand them to you he you came out .,yeah .,oh .
you wanna hold it like that .,uhuh .,you wanna go byebyes .,okay .,uhhuh .,and then we can knock it down .,violin .,what's that .,it's your turn to put them in .,do you know where she is .,mkay does he need a seatbelt .,oh boy oh boy .,see the bug .,show me how .,mhm .,what would you do with sixty dollars .,would you want to press the whole thing to finish voting it won't work .,here tell ya what .,I have chicken .,how do you play with this .,the policeman .,and I said .,what were you all playing .,I don't know how big that is how big is that .,maybe you'll take ballet and no don't do that .,that's a good idea .,well .
there's baby bear with his bottle .,does that look like your foot .,whoopsie .,do you want some water .,did it fall down .,yes .,an escalator .,okay .,arrow .,Hunka Munka stood up on her chair and chopped at the ham with another lead knife .,are you just gonna color it in .,let me see if you can get that off .,I forgot the words .,what's that .,did you go outside at nursery school .,how's that Sarah .,just be quiet .,let me give you a hint .,okay the stem and then .,he had clear going .,no and I think her mother had told her not to go into the pool .,well why don't you have candy when Mark when Ross comes home okay .,okay .,begin Dad .,what's that little boy doing in the book .,okay .,okay .
yeah see baby bear .,look .,what is it .,say hi Daddy .,I really needta get that water out that tank .,come here and show mama what's in this book .,mhm .,she gobbled her breakfast a fresh flower plate and ran the whole way to be first at the gate .,okay .,don't touch .,hm it's nice to sit and read books when you're sick .,okay .,he doesn't .,what's half long .,oh we saw him lift up another lion .,who does he fight .,what did you get Jason .,Adam please come and visit me .,do you remember what were the experiments .,but don't eat it .,oh were there firemen there .,how do we say telled in our family .,because I played for two forty five minute halves .,I know it's true but tell me what they're going to do .,soccer .,it's skinnier than .,we haven't gotten that far to those tapes yet .
is that who you are looking at .,good job .,hippo .,I picked it up for you now .,you wanna read that one .,is there a clown on this one .,that's good .,no .,give daddy kisses .,that was in the trash and you took it out didn't you .,do you iron often .,okay and then what happened .,an orange book .,hm .,oh Paul .,Chucky .,I'm not hungry I don't wanna watch tv I just came to say hello .,right there .,out of the vagina .,hm .,you didn't even put a bandaid on it did ya .,mhm .,how much is five times five .,take your finger out of your mouth .,what's a joker worth .,L I wanna know if I have the same amount of cookie or not .,oh .
oink .,what's that .,you got it .,ball .,don't fuss .,here .,Judy feels daddys scratchy face .,shcoop shcoop shcoop .,nah .,I dunno you have to find one .,a tiny pile of books .,I thought there were lots of cars .,right .,yeah .,you are .,she's like divinely inspired I don't know .,alright .,oh Sarah will you stop teasing .,that's a good idea .,oh brothers chase girls .,fifty nine cents .,yeah they eat them for lunch .,okay why don't you read me the directions and I'll see what we're sposta do .,what does it mean .,can you get the milk out .,Laura .,well .
and then who's this .,oink .,dadadadada .,here .,do you hafta pee pee .,come on let me see you do it .,whoops .,no he ate my .,don't tickle the letters .,just a second Abe .,maybe you should keep it in your wagon so Sammy does not bother it .,well I have my uh passport .,uhhuh that's a tepee .,blue .,the dragon tale story .,I'll get you the scissors .,you do a very good job .,you're gonna be so smart by the time you get there .,did you see all your friends outside .,then what're you doing now .,you know what we oughta do .,the whole world .,okay well that was one of the things you bought with your allowance how many of can you remember any of the other things you bought with your allowance .,can you tell me whose mothers went with you .,is that supposed to be the wind .,well Laura because I'm so dumb I'm trying to figure out the camera .,follow the clues .
you got it .,mm yum to chew on .,you're persistent aren't you .,yeah .,there's some more .,sit down .,what else is the puppy wearing .,looks kind of like an elephant doesn't it .,I didn't lose a lot of this Laura .,you can only grow to three .,you do .,okay .,who's in your blue bowl anybody in your blue bowl can you reach your blue bowl .,what about Rumania .,do you want me to cut it in half .,you know Pebble and Bam Bam .,oh .,what were you eating .,isn't that pretty .,and I know Daddy liked them .,now what's happening .,okay you're excused .,oh .,just one of us is sposta talk .,oh I don't know Betsy .,okay .,okay .
oink .,let me see .,yeah .,yeah .,what do you wanna wear today .,it's no good .,there .,no you didn't spill your pure cream .,let's see .,I mean barrel car .,whatever Rossy wants Rossy gets .,it's ribbon .,no .,they're called monkey bars .,oh my gosh .,Mindy is whose mother .,they're stuffed grape leaves .,that nail polish that's real nail polish .,and these are more logs right .,if you want we can read the story .,oh .,knuckle sandwiches .,is this a space car .,right here .,are we gonna play until one person has all the cards .,yes I am .,you did mind .
ahhah .,it's a pig .,let's make sure this thing is on .,is that sticky .,it's blowing blowing blowing .,where is your blankie .,here what do you want with your socks .,oh .,the crane engine .,come over here .,but you don't have a motorcycle at Leanne's house .,now the little boy is in the baby carriage isn't he .,no they said they took her to the veterinarian and the veterinarian fixed her leg but she still limps .,what are you doing .,yeah .,because it's too bright in here .,what time did cha get up .,what is that .,and then we had to go back home .,I think you need a new pair of pants too .,it'll be interesting to see what he's going to do .,mhm .,tall teeth .,did anybody buy them .,it looks like a man to me .,look .,you take a rest in here .
that is so neat the way it does that .,mm .,you gonna read Mommy a story .,here I got that piece .,and this is my dog Clifford .,lion .,uhhum looka there Salley .,who grows the four leaf clover in June .,okay let's don't play with that then .,oh okay .,no .,I thought daddy showed you your own room .,did you .,thank you .,what .,I don't think I can get this one off either .,ready to go .,what happened to our trees .,oh .,do you wanna buy some stuff .,ch ch .,yeah .,uh huh sound asleep I got you back to the Walkers' and Mrs Walker came out to the car and found two sleepy boys in the floor boards .,how do I get bricks .,mhm .,you know this stuff's better on a table Laura .,it's between you .
look there's Pooh Bear .,did that bird fall again .,you're my cuddly .,nah we'll go .,let us go lie down on Daddy's bed .,no .,the tree was sick and it might fall on someone so they had to take it down before it fell .,what other computer .,okay .,let's see here .,yeah you didn't go to school today right .,big brown walrus .,it's so pretty .,a Bobby doll .,we can put .,you want some milk .,Rosie's new .,do you wanna help me put some on the car in a little while .,so I didn't get to hear much about the musical today at school .,right now .,oh just sit there until we excuse you okay .,mhm .,why don't you .,why .,I useta eat them .,so which cup needs .,you'll find it Laura .
is that so fun .,look at that .,look at those little balls .,come here .,are you heavy .,oh okay I'll help .,say yes .,we like to run we like to race .,you know what they have in Kansas honey .,watch where you're walking .,do you think you can get that box .,press these .,that is a little baby who's probably not a baby anymore and her name is Jane .,she's gonna step on those pearls .,who's this guy who's the yellow guy .,a dollar ten is that how much it costs .,that's one thing you don't want .,they changed skin .,it's nothing to be scared of .,oh a couple pennies right .,what does it sound like .,alert means like it's time for a fire alert .,how much allowance do you get .,third little pig .,you stay up too late at night don't ya .,go ahead .,uhuh .
look there's a bunny rabbit .,did you just pee on Daddy .,are you singing a song .,hey Chi .,I'll get some more waffles .,do I have everything now .,how about uh how about milk .,gonna take your bib off .,oh that's an orange one yeah it is .,this one's orange .,or on ya chair .,you wanna sit down right here .,alright .,she never plays with them but she got them .,this isn't a stamp I'll show .,something to play with .,yeah how did that go .,yeah you were really little but we've been on a train before .,you mean you and Ann Marie .,fourth of July already .,why don't you go get it .,liquid they turn to liquid .,okay where did you do it .,well why do you like it then .,well they'll teach you how .,yeah well could I ask you something about the cookie that I made .,uhuh .
what you doing .,gonna bang it .,are we outside .,look what Mommy has .,try a real big one .,other other .,crayon that's right .,boot .,so some words that I'll say to her that I say kind of funny .,no it's not pop .,around all four sides .,careful .,oh did you try going on it .,finds you there .,okay which one do you want first .,what time will you be back .,how come .,what is that .,well .,did you ever see a pink squirrel .,you know we hafta teach the two year olds .,what um Rainbow Brite .,that's right .,uh huh .,and then then you'll learn how to subtract and you'll learn how to multiply .,you know .,alright .
is that a fun toy .,I think that's Ambrose .,uhoh where you going .,don't do that .,hi baby .,how's that .,that's a mirror .,is that how she got dirty .,here it is .,are you finished sweetie .,mhm .,and d'you .,that's a good comb job combing .,oh okay know what I want you to do .,you can have those .,oh .,try to make the try to make the screw tighter .,the big hand hasta get on twelve before it's five o'clock .,purple what .,ah um is is this the one should I buy him .,oh .,Mary said .,well what is it .,who's Bill Maxwell .,I guess it's hard to find .,okay .,why is the pen here .
would you like to sit up a little bit more .,I know come on .,what .,okay .,yogurt .,are you gonna put the hat on .,oh .,yes I'm home .,what are these called .,chewing what .,that's work .,mhm .,Mommy's gonna go wash these William .,in fact I can't make my car go at all .,it's not safe and .,what .,you might be right .,you mean eat a cigarette .,Abe tell me the story .,um so the whole thing is like only like this big it's just a little tiny tiny video player .,that's healthy .,I thought it was a pretty nice way of saying that .,don't cover your mouth with your hand ya know because that might get in the way of your talking .,why did they sell jelly beans .,look at this .,how come it doesn't matter .,you were a big baby .
there are some beautiful colors in here aren't there .,yeah .,then you know what .,comere .,now why you pulling your hair .,want this one instead .,I see a bear in a high chair .,where's the yellow block .,yeah .,they don't .,enter .,what was that noise .,you're right Katie .,book like that .,how can I tell that it's a cowboy jacket .,hey that come out too .,Roman what is up with this dog .,and the perfume .,mhm .,well maybe if it were a little brown bunny rabbit it might not be .,here could I see it .,you didn't .,since Mommy knows your teacher .,well tell me about these pictures here .,and you were floating on your raft and you floated next to me and I pushed you out of your raft and what did you say to me .,I really wish you'd tell Mrs Jordan about Rocky .,what .
yeah .,what else is in here .,peekaboo .,yay are you okay .,we'll write your Uncle James .,whoops you need to let go of me .,how does that puppy feel .,another adiadi .,oh there's the telephone .,what is that .,waffles in here .,I will later .,I don't I don't like oatmeal Adam .,what can I do .,Walmart okay .,oh you're going to put the spare tire back on huh .,why did you take my cat .,okay .,well put up your fingers and find out .,okay .,don't these go in here .,liquid .,and don't spill anything on any of this equipment okay .,uh huh .,look at all those spiders .,where are you going Laura .,uhuh .
what do you know .,you want Big Bird to sit by you .,oh yes .,hi Alex .,he wants to nurse .,do you want food .,put it in the box .,I know .,is he back there .,oh really .,you gotta drool .,which one do you like .,it's a Mercer Mayer book .,yes .,what's this one's name .,I think the indian is in line first .,the police captures you .,can't you just take them back .,you didn't do what .,and a stick comes out of the air .,did his mother know he was here .,oxygen is one you breathe .,repeat that .,okay what did you like the best about it .,well tch um tch .,Laura I wanna take a picture of this and I can't for the simple reason .,take it in .
can I help you by opening your fingers .,see the baby .,whoops .,you've got food in your hair don't you .,two .,here's more dominoes .,and teapot .,what shall we give the doggie .,okay what should we spell .,is this one do you know .,do you wanna draw on a different page .,uh ya know .,oh you're going backwards .,no a black bird is something else .,that's what I used to watch when I was a little girl .,right .,what happened .,just make it .,well let's see it see how it's coming along here .,his robe .,cause their Daddy's play baseball .,and what did you say Marky .,s .,it was .,no .,guessing .,how old are you today Laura .
yeah .,here .,let's see .,here you go .,now you want the ball .,what .,okay .,is the mommy kangaroo talking .,yeah .,why can't you open the door .,you want me to find it .,let me fix this truck .,see the duck .,can you say .,not yet you haven't started it yet .,oh my goodness it says eleven fingers .,I just don't know .,um .,then you'll hafta pin those down there .,do you remember this story .,how bout this board .,Marky said .,I see .,Joel did .,no .,yes .,don't play with the ones that are pushed .
that's kind of a funny thing to sit in isn't it .,huh .,put it back please .,here .,a .,come on let us open it .,close it .,this is Santa Claus .,uh uh .,hey .,your dumptruck goes back in the sandbox .,was that fun .,how bout there .,no .,seven sisters sewing shirts .,okay let's put the let's put let's put the screws back in .,who's this .,we'll find it when we're ready to clean up .,now that's definitely yellow .,I said .,what happens when you drop a bomb .,you know better than I do .,Mrs Walker hadta come get him .,and what's he doing .,they eat thistle .,okay .,oh .
there's a face with glasses .,you wanna hold that .,uhoh .,yeah doggie's outside .,doggie see camel .,empty full .,if you sit down it's easier to get that ball .,yeah that's a mommy holding a baby .,no you just hafta back it up and go the other way .,stars .,wait just a minute you .,did she take you for a ride .,because Mommy took it out and now it will be a little bit easier to cut .,so that if I wanna remember what we said I can listen to it okay .,how come Beauty got small too .,that's how .,Daddy catched one yeah .,I don't know .,these are all these are all Carey's groceries okay .,what's gonna happen in the fall .,no you're not doing it right .,this is February twelfth nineteen eighty five and breakfast table and Mark is asking .,a b c d e f g .,in the world about .,okay .,okay .,oh .
who's that .,hi .,alright .,look see Big Bird .,want s'more egg white .,do you wanna look for the duck in the picture .,what does a pig say .,you have milk right in here .,thank you .,that one useta be upside down .,what .,I'll get it .,oh .,come here .,it was Samantha Sophie's doll .,perhaps not .,he's a broker .,I'll tie them together the right way .,what's that right there .,oh you went up the street .,let's see .,stuff .,okay now we're going to hafta look around for a .,tell Daddy what Rich did this afternoon .,well wait a minute .,well .,you can play with it on our bed now .
that's just great .,can you get it .,mkay .,do you want dinner Morgan .,look at the donkey .,backpack .,you wanna pick them up .,yes they are she has her toys she has her books and she has other things that are that other categories and I'm not sure what the categories are .,crayons .,thank you .,oh what else is outside .,do you know where I was all day .,Zoey yeah she can look at that .,because he tied the cowboy up .,what did you see in Italy .,okay .,get in here come on .,so what .,we knew that he hadta die .,you can get it while Dad's fixing Silver .,you're making another one .,yeah but everything .,that's a foot on the end of that isn't it .,how about the little boy that got lost .,how much is yours .,how far does that come up too .,would you like to have magic power .
see baby bear .,you're getting all wet .,here .,okay .,John .,ot let me just get you some water first honey .,here comes the chickens .,alright .,we can go bowling .,is ours a little one like this .,do you think they would like them with the seeds .,sure .,guess how much I love you .,should we go to a museum .,what do you say .,okay .,alright .,you got stung by a bee .,that's .,no poor kid .,a candy cane .,explain that .,the what .,you and Kim what .,well you can which way do you like to play .,okay .,alright .
there's kitty cat .,you want me to do that to you .,here he is .,okay .,wanna see what's inside this box .,up .,are you going to put your shoe on .,show her them flies .,ice cream .,yeah .,oh .,a little bit left .,at the table .,it says .,so that you can have more books in your room .,you needta you needta try to talk to us come on .,oh .,okay all that stuff .,I don't like being cold how about you .,is the cat watching too .,yes .,and I said .,oh you're not .,what is it .,did ya cry .,ugh gushy .,now what do you mind about it .
who's that .,want some more .,the babies on the bus say wahwahwah .,because you're gonna put those in your mouth .,to infinity and beyond .,ah is that the kitty .,itscoletees .,I knew it Percy I knew it said Bill that was the owl baby book wasn't it .,c'mon .,that's what it says on that page .,so yeah .,alright .,we just cleaned the floor .,it's okay .,he did not know anybody and he missed Fern .,yeah .,do you go to kindergarten .,yes .,yeah this is .,uhuh .,okay .,Marky said .,okay and why do they do that .,well talk .,these are gerbils .,that's how this table got scratched .,uhuh .
there's a face with glasses .,oh a big yawn from you .,oh .,a a a .,that's right in the bubbles .,Spot .,look what we have here .,he's wearing a hat .,you want some more grape .,and you can have it without the cheese you can have pasta on it instead .,it looks like a very nice sunny shiny day out huh .,okay well just a little while .,and I don't remember about the day before that .,what did Daddy say about throwing that ball Adam .,I didn't buy anything honey .,we got to put this away and then we'll go .,wait you hafta have some money too .,sing that you know the Christmas song .,they're too small .,I think gloves would be best .,I don't know .,want me to turn the tape recorder off yo until you figure out what you're gonna say .,and then we have y .,I know it's true but tell me what they're going to do .,what .,a bread shape .,good .
oh did it run away from you .,you wanna see her again .,you're shaking it .,put that in your mouth .,put them in the basket .,William sing .,what's that .,visa and who's visa's friend .,I don't know .,yeah .,yeah .,n .,you're welcome .,somewhere in there .,what do we hafta look at .,yes I'll be there before you guys go to bedtime .,very nice .,I'll go look at it later and see how he fixed it .,oh okay .,I'm gonna show you .,you couldn't play with it .,and in space there's no air to breathe no oxygen no nitrogen .,what about right there .,man is that a weasel .,have you seen them .,smile .,uh .
ahhah .,chchchchchchch .,hold up .,woo the hippo got the ball .,go zoom .,yeah Pooh Bear .,nurse .,I think Nonno and Nonna really liked the zoo .,okay that's fine .,well then you sit up there until you're done .,he turned to his trusty pal a fast talking meerkat named Timon .,I'll do what the monkey did .,you threw it that high .,zigzag Zed .,I'll put yours up and you put mine up .,right .,alright .,if you say so .,no .,that dog is chasing that cat again .,well we'll try .,r waving his sword at me .,jumble junk man .,and .,now let's see .,he is .,uhuh .
yeah .,moo .,okay .,does Daddy make him dance around sometimes .,see if you can make red .,here it comes .,catch .,what's that that's the apple peel .,can you say puppet .,you're right .,there's another tiger here .,what are you doing with the necklace .,tell me why .,huh .,it came up big and bright .,you invisible .,can you tell her about family night .,yes .,yeah I know it .,yeah .,oh .,because it's very hot inside did you know that .,yeh .,did he do good turns last night .,there was a skunk at church .,what are you doing with all those cups .,oh .
It's red like your socks .,what did I let you have .,and here's baby Balooga .,yeah .,my goodness how did this get so dirty .,right Koko and Mason .,we gotta plug into the camera .,oh you know what those are .,a h hole .,that's a problem .,where's that car going .,do you know what day this is .,oh did she get better .,where did where did we find a .,okay .,what did you do .,no .,and what does he drink .,oh the dad can turn invisible .,what do you wanna do chop my fingers off .,here .,they don't really eat knuckle sandwiches .,a lower case that's right .,what did he and Scotty and Mark and Brian and Lori do down at the foot of the hill .,I didn't see your picture today .,yes .,are you gonna draw now .
ahhah .,can you do this .,uhoh what do you see .,uh no no .,learns how to climb a tree .,can I hold it for you .,oh those are for you Laura .,gone gone .,and everything was white .,Laura you don't eat with a pen .,oh .,that means we needta put more stuff on top uh .,and what is that .,oh .,with a knife .,and she had to go .,turn it tight .,good .,a jeep .,okay let's not do that anymore because it snapped my mouth .,uh huh .,Mark's waving his sword at Ross and Ross saying .,oh you already talked about it .,that's all .,I was gonna get some thistle from grandpa and I forgot it .,well Laura because I'm so dumb I'm trying to figure out the camera .,look around on the floor .
that's such a pretty red .,let's see how that's doing .,oh no .,you just banged yourself .,it bounces .,zenops .,go get it .,and baby .,there's no shark honey .,he giving his Daddy a hug .,Matt kissing you .,come here please .,you'd hafta ride a pumpkin truck .,it clip off .,cause what was the snake what was the snake gonna do to Harry Potter .,why do we need our car .,try to make the try to make the screw tighter .,you forget whose house you were over .,never did hurt very much did it .,he's sleeping in a hammock .,okay I'll take some coffee .,well why don't you have candy when Mark when Ross comes home okay .,is this the radar .,dry eye .,did ya make something .,but what's the movie Rocky about .,the grey filing box in the Hush Puppy shoe box .
yeah .,got it .,hold on .,ahhah .,where'd the ball go .,yeah .,big kitty .,where's the blue .,z .,cried the conductor .,four .,it's just pretend food isn't it .,what .,will you take those and put them back in the crayon box so they won't get broken .,I never saw you draw a nose like that before .,you unhook you unscrew them .,just punch those out now .,you just slipped on the table today .,you must have the wrong number .,well not really .,did you like the baseball game we went to that time .,you know what your body is made of .,Christopher why don't you tell tell Daddy about you playing Pac Man .,what did they sell .,your mom doesn't want you to play soccer though .,Laura has repeated the whole task .,okay .
can I help you by opening your fingers .,oh .,you see the wind moving .,ew now you're sliming it all over my pants .,and that's in agreement with me the Dad .,whoa okay .,make him pop out .,you're right Horton's got a tail too .,let me help you .,what would you like me to do .,mhm .,it's .,no .,Alison knows you're not a baby .,oh okay .,I don't know what ice vanilla food is .,Theresa .,okay .,and if she is ask him when the baby's due .,okay alright .,hm .,got a bunch of oxygen on your back .,ya he went one time but the time we went and spent the day it was Billy .,huh .,wheel .,Winnie the Pooh .,okay .
oink .,that is so much fun the way that fits in your mouth .,yay .,say flower .,what's a doggie say .,is that delicious .,no .,I do not feel like getting soaked .,okay .,shall I take your plate into the kitchen .,me dump them in okay .,wow .,okay .,he did so good .,what didn't you have .,in the suitcase .,that's true .,does it hurt now .,what is Mr S .,you're gonna go to school in the fall what kind of school .,um did you like the singing .,then you can eat .,that's right .,Susan slow down just a little bit okay .,I think you'll have fun in first grade .,and we make a little ball .,that is pretty .
is that a fun toy .,that's it come on .,okay .,mkay .,the garbage .,do you wanna sit in my lap .,most of her dresses have buttons in back .,oh I really don't like that .,we'll hafta use this glass .,careful wee .,mm hm .,is Santa Claus a big man or a little man .,would you like to build the tower .,why do they roll up into the ball .,that nice .,No you gotta you hafta tell her where they are without pointing .,okay .,manatees are nice .,when did somebody throw a rock at your eye .,so you sit here and we hafta figure out something else to talk about .,why don't you start picking them up and putting them in the box .,and I said .,well we better get into more higher math then think so .,tell me something about the bus .,they're good .,okay .,what did you need .
you'll hafta tackle her and get them away from her .,there .,well uh now you threw it all the way behind you .,that's paper .,that wasn't much breakfast for you .,is there a ball around .,alright .,each night after work he tried to create something pleasing or beautiful .,are you telling Fraser what you and Papa did yesterday .,say that again .,check my jacket my little jacket .,have a good day .,and .,no .,Abe .,Dinosaur yep .,alright .,well I just don't know which ones are meat eaters and which one's are plant eaters .,you wanna hear what you said a few minutes ago .,oh do you want more milk Abe .,I'll eat mine .,how much .,goodness I don't know I know something that you've forgotten .,and what is he going to do with it .,ballet lessons .,tell us a make believe story .,no .
oink .,see baby bear .,do I see Tabitha's tongue .,I'm as corny as Kansas in August .,oh cupcake .,can you push the buttons .,you wanna draw .,your soft fluffy pajamas .,see .,that's right .,uh .,yes William .,I'll try to fix her arm for her .,there's more there .,oh wow that's pretty good .,what did you hear .,it's one dollar for all of this or for each dinosaur .,in your barn .,a light up sword .,hey you know that .,they live in Florida and uh .,where does it say alert .,okay can you read them .,they're not they're planets .,okay .,did you like Rocky .,you'll find the lid eventually .
kitty cat .,yeah .,what's this what's this what's this what's this .,and moo moo there .,suds .,you like Nanny .,okay that's it .,oh yeah .,oh these brown sugar .,eat it Mary Ross .,remember .,do you want some ice cream now .,you wait .,nothing special with you .,ugh .,let's see let's see .,that can be part of your picture .,right .,something no no no no nothing scary don't say okay something scary okay Mommy nothing scary I agree .,Bowie .,you remember .,really volcanic eruptions are caused largely by gas .,where's his arm do you think .,why do you like scenario .,can you do that .,like this .,alright .
there are some beautiful colors in here aren't there .,oh .,whatcha trying to do .,oh I know it's so cold .,well that's one way to solve it .,he has a picture on his arm .,huh .,very angry hungry family .,I doubt it .,house .,pretty good .,let's bring it downstairs .,have some of the raisins too .,there's a hole in the ground .,okay dang it .,you do .,so if you got the net and you catch the ball with the net right .,now .,hm .,okay taking the bumper off Helen okay .,you may be excused .,they're just plain regular sandwiches that regular people eat like peanut butter and jelly and stuff like that right .,so he's pretty much made up of a little bit of everything isn't he .,that's right that's good .,she have a guinea pig .,in the measuring cup .,it is .
mm .,yay .,gotcha .,there we go .,if you're happy and you know it .,well .,wait a minute wait a minute .,yeah Manuela's in the other room .,over there .,okay .,hm .,this is a snorkeler .,don't let go .,I'm sorry .,he's not .,oh yes I don't know where that is .,oh .,did they know .,well Paul will probably cry and then Ursula couldn't hear the tape recorder .,mhm .,so you knew what was coming up next didn't you .,yeah that's true but Marky had the right answer .,Mrs Walker hadta come get him .,weird .,what do you think cats would do with a rubber mouse .,did you like the one about the horse .,uhuh .
that fits in your mouth oh that's just great .,uhuh .,hm .,that's so loud .,silly .,she wants your undivided attention .,red bird that's right .,choo choo .,Percy Percy Percy .,uh oh what happened to this one .,Phoebe and Trevor have a hammock .,oh my gosh .,come on .,uhhuh .,who loves guacamole .,put one in here .,well Paul would you go close the door please .,now what .,here .,a bunny .,how bout some Ivory Snow .,mhm .,and what else .,well why do you like it then .,yeh .,how do I know it's the same water .,yep .
you not sure about that .,oh big baby .,boo .,shakoori shakoori shake shake shake .,I suppose you can play when you're sitting in a chair .,come .,find the pig .,yeah he's got a tiny .,wanna put another one on .,yeah you read that one with Lia didn't ya .,what did you do at school today .,yes what buh hoomoomoo .,perhaps so .,but why is the spider scared .,thank you .,huh .,what's happening here .,so .,oh .,didn't I say we can talk about it when we leave .,did you like that story .,when did it happen when you were at school .,well it was probably seven seven thirty something like that we were going to come back earlier but you were having such a good time we just stayed a little bit later .,what color she is how big .,I don't know .,okay .,I'm writing something right now .
and who's this it's a baby .,let's go look at the raindrops .,yes it was .,yeah it's rough .,mommy was stuck under Ethan .,if you'll give us your food I will give you my ticket .,ball .,don't pour you're just gonna pour the money down my back aren't ya .,no .,this time it went into your lap .,we can we can .,uhhuh .,the chalk melted .,well look around .,I don't know .,the cat got out and got up there .,cause kittys are better climbers than people .,I useta know their names .,what is it to remind us of .,until she goes to school .,yes .,you told or telled .,have you made any points .,the earth .,hm .,what are you having .,seven years and two weeks aren't you .
it fits in your mouth .,ah hello .,stop it .,we'll just do it until the battery dies .,let's see .,oh no .,wow good job .,Tomatoes .,I read it to you on the airplane though remember .,wanna come in the kitchen and help me .,look at you climbing .,you fell and broke your head .,because they're so hard to get on .,what ya getting bashful .,where're you going .,hm .,I think it was going in .,oh alright I thought I did .,what animals .,oh you know what's in here Helen .,no .,see there's pressure inside .,tell them what I put all over your shirt .,uh huh yep .,I've got twenty four and you've got twenty one so I win .,they're not made for water .,mhm .
oink .,I think so .,I'm gonna get a cloth to clean you up .,off and on .,Snowman .,Ross has been using ma may for asking for food .,in the hall .,this might work .,it's about penguins .,okay Mom'll bring the chair over here so you can sit down .,it's the cat it's the barn cat .,being around you two drowsy people would make anyone feel tired .,it's nearly off .,then I give you money .,playing the banjo .,um let's see I also like the saber tooth tiger and the fossilized horse .,If we get a call in the middle of the night .,yeah .,what's our phone number .,that's right .,no you're not doing it right .,okay come on Mark we're gonna read What Did You Say Dear .,like mine .,I know but what does he got on his back .,and then what did you do to me .,and I want you to measure how much water .,how come .
good job .,relax that's good .,boo .,excuse me .,come here Boo .,we chug all night .,yeah that's a ball .,no just eat have the one and the two right now .,how about you wanna show what do you do with the food .,why'ncha eat some .,are you gonna sing this song or shall we turn the page .,say Laura I can't believe what we just did .,I don't .,yes .,I knew that would do it .,e l .,say you're pretty good at M's though .,oh here's the green one honey .,so what did you make me .,you hafta go towards Gail .,frogs .,stuff .,did you have one paint brush .,wasn't it at a big school at Northside high school .,you can already read a little bit can't cha .,now can you tell me do you have the same amount of water as was in the measuring cup .,uhuh .
oh what do you think .,uday nyanyanyanya .,down go the beads .,no .,see this is what you do .,but tomato you can put on the spoon .,oh hi .,no .,why are you washing your teeth .,okay how do we eat the cookie .,you did .,here's one with corn on it .,he can not talk to you honey did you say when is he gonna talk .,it is .,want another cup of coffee .,do you like jello Robin .,you hafta use your words too okay .,oh .,well .,she won't take that bathing suit off .,Ava .,and Mommy said .,let's see if you can ask some questions ask me some questions that I can't answer .,did you see any dippers .,how did Sam die .,alright .,uhuh .
red is a good thing isn't it .,there .,orange like the pumpkins .,who's that .,ya pour it in here .,elephant .,hello .,yay .,this way .,no squirrels today .,Roman if it was outside would it be hot or cold .,see the back spin .,all that bluish .,alright now come over here .,yes .,how bout that .,is the store open .,she can't jam her fingers in it .,you need a tissue I know .,huh .,oh so now you have one that isn't broken .,what is that game gonna do .,okay then so we hafta find the place where that's going to fit in .,that's what I heard .,okay .,L I wanna know if I have the same amount of cookie or not .,are you having a good day today .
there he is .,there's a baby with a bottle .,where do you wanna put the phone .,want the book .,all done .,you want mommy to show you how to put her shirt on .,I'll give it a kiss .,oh you don't wanna read hop on Pop .,did you see .,who's Erik Jilly .,you put this .,you know what we should find some more light blue pieces like this .,is he gonna be able to fly right now .,if you wanna try .,oh is it still there .,what .,oven .,just turn the paper over .,you're gonna hafta get a bath .,on a slant .,one worm .,right .,do it again .,safe and warm .,and then .,yes .,oh .
ahhah you like that .,oh .,thank you bye .,and down down down down down down down boom .,look at this .,everyone having fun .,two damn phone calls .,here .,yeah to play with that toy you hafta see Todd again .,mhm .,he's pretty stiff .,how about the worm what happened with the worm .,why do you hafta cut it .,what are testicles .,I'll get the masking tape .,this is what eight will look like .,yes he'd like to do it himself .,and what's that number .,turn my back on the what .,well why don't we finish the story and then we could play with the truck again okay .,Frank if you do not eat every bite of that you'll never buy a twinkie again .,no it was all the world was compressed into very small space so tiny that noone could stand it .,or just tell me how you did it .,just one of us is sposta talk .,a doggie and dots and a boat .,okay .,maybe it's under .
you like that better .,did you hear the phone .,spin it again .,here you want this back .,yeah .,your diaper .,come on .,this .,well of course I was there .,uh .,mm .,ribbit ribbit ribbit .,hey get back here .,ah I gotta make your lunch too .,okay .,no no no Adam .,and uh here's a screw here honey .,still your turn .,looking good .,and what is this stuff along right by the water .,what does it do .,just sing it .,the fourth letter hasta be the f doesn't it .,she sleeps .,what do you like to do at night before you go to bed .,okay .,you're saying those are on the ward .
oh .,what do you think .,Morgie I don't understand what's wrong sweetie .,here ya go .,come on .,maybe .,what is that .,you're combing my hair .,you bumped right into me .,how come your baby has a bloody nose .,hold my books .,in that puzzle .,do you want a cookie .,no that's not a walkie talkie this has to .,what does it mean .,get that last year for your birthday .,that would be a lot of money .,do you want me to help you .,nope .,tell em about Kathy .,now tell Daddy about how you played with Michael today .,before this he said they were moving their ha arms and something little like this .,that would be a million times a thousand .,and a .,oh look at that .,I really wish you'd tell Mrs Jordan about Rocky .,don't pi try and fiddle with this .
wanna look at that .,you like that better .,I gotcha .,Mandy .,move on back .,I'll get you one .,here I am .,bye .,goodbye guy .,yeah you look sleepy to me .,is this a tush .,they have a little movie about it .,turn it around .,I don't know .,well that's not really big enough for a tree .,tell her how you get to there .,and it's white .,where's the littlest one .,Oscar Donald Duck .,are you ready to eat .,how bout these .,can you find any more socks anywhere .,one your Daddy hadta carry off the field .,what's he going to do tell me the whole story everything .,oh I don't know Betsy .,and be next to the table .,when am I gonna record again .
is that Chi .,we'll be ready in a few minutes won't we guys .,can you get the cup .,should we do Chi .,this is what color do you want Jamie .,cleaning rub rub scrub scrub .,let's make her wear the pretty skirt .,what's this .,it's a macaroni with sauce on it .,he's breaking up the wall .,what buttons .,alrighty .,you want the medicine .,am I all done now .,oh the little piggie .,like this .,give you some eggs today .,oh I don't know .,some toys some pencils .,don't forget the coffee .,you eat yours .,and it's true .,she picked him up woke him up .,he just walked up and blew the house down .,they look just like rocks too unless you look closely .,a little over .,okay .
you like that .,it woulda been an accident sweetie .,Mot get the piggie toes .,you just love Cheerios .,isn't it pretty .,wha's that a boy .,it's yeah oh .,Santa and .,you give me the scissors and .,why not .,sorry .,when she gets back we hafta go .,why do you think that won't pop out anymore .,no .,yeah where does that guy go .,and if anybody tells you this is purple you tell them that's yellow .,so you can get done faster .,why .,then the people in Ireland knew that they could understand .,there .,that comes off .,well maybe you're not saying it right .,okay an extra pencil please .,mm .,Angela takes ballet lessons .,Laura wants me to make a tape recording of her playing with her Fisher Price toys that she has made into a camper inside the dog carriage .,you shouldn't leave all those lids off .
you're almost there .,buddy .,um .,she still doesn't quite have the hang up the going downstairs thing .,and you can come into the kitchen so I can eat .,here's a doggie .,then I'd keep swimming until I would see .,yes Daddy wants to do the wash tonight .,hasta cook .,oh .,keep going .,do you think we should hang them from here .,what's bear doing .,bonjour .,huh .,make it tight .,this one has fixed .,still got a .,only one same .,on the stage with all the make up on and everything .,these are for building .,it joins hands .,how many games did you play .,would you tell me about Sassie please .,what kind of picture did Christopher make .,see .,is that a kind of magic .
that's my pretty baby boy .,I know .,Dillon .,bite your toy .,yeah Ethan .,why do you wanna be bad .,op good throw honey .,they're different colors on different sides .,ooh that's for cooking .,that's an owl .,do you open it .,oh on the couch you mean .,like this .,what do you mean how can it be a carrier .,oh okay thank you .,okay .,Reef .,yeah we got it when did we get it we got it like maybe Sunday .,what can you do about that .,now where's the cat going to go .,you wanna unscrew them .,how do we say telled in our family .,tell everybody about the .,what is a weasel .,no .,because .,would you like to have magic power .
and then who's this .,that's Mot's pretty baby .,how you doing sweetie .,that's right .,you shouldn't be sleepy .,yeah that's Mommy .,horse .,the police car makes sure makes sure that everybody listens to the signs .,okay and this one we can do this one goes here .,it has wheels plain wheels .,turn into a Hulk not turned onto a Hulk .,I it's hard for Mommy to do it upside down .,you can write an a .,I'm gonna clean the dishes .,they don't play .,because the owner was one of the runners .,where's the cat Edward .,today was sort of interesting when I it was time to pick you up from school what was that what was going on with that .,how come .,you don't put the a on the other side .,something about the family night .,uh because we have a lot of things to say to each other .,did you get your clothes dirty .,uh huh .,oh you drew the cow .,uh huh .,so you didn't mind being tape recorded .
look there's Pooh Bear .,poor baby .,there you go handsome fellow .,do you want these .,where oh .,tell Daddy what do you want .,what .,without paying for them .,g .,I feel so much better Hilda says .,why don't we give this to the patient .,all the animals go in here .,some what on Adam .,and then what happened to the car .,did you wear a hat too .,no no honey .,what a neat car .,he's rude .,while she combed her hair she remembered another way to make music .,you got a two and a one over here .,well I don't know either .,now Marky asked me about why did the vol volcanoes hafta erupt Ross .,did you play on the hill .,no didn't he get hypnotized .,and you're looking forward to going to first grade .,yeah .,uhuh .
you got it .,tell that bird to talk to you .,hm .,feet in the morning feet at night .,yogurty belly baby .,there it is .,Alex .,thank you for cleaning up .,oh yeah .,very good .,oh .,yes please .,the wiggle .,now I have all my money .,that's it .,oh this is from your school .,just for a visit .,what's what kind is that .,an opossum .,that doesn't make nine .,that's right .,Mark was .,yeh but you play a lot of ski ball too don't you .,no what is that .,you useta huh .,you won't tell her about the movie .,mhm .
still wanna see if it fits in your mouth .,agu .,apple .,it's off .,what's that .,bug wants to crawl .,keep going .,I was meant for bigger things .,am I on tape .,dry .,another caboose .,ahhah .,well almost .,y .,huh .,well keep everything right over this .,Laura .,uhhuh why don't you run and ask Dad to help .,come on .,and does the bunny the bunny tail go back and forth like that .,here do you want a piece of chicken .,now how does one t how do two boys use nine pairs of socks in a day .,okay I'll write that one down .,solemn face .,let's play three card battle .,right .,there it is .
you wanna catch it .,this was the same .,yummy yummy .,eye .,you play with that .,sugar .,blue .,what's that .,black .,wanna sit my lap .,you say bless you .,oh look at that .,I'm gonna throw another one in the ocean here ready .,it was .,okay .,you don't need any more of that .,why don't you bring it over here .,okay .,belts .,the other way .,oh .,you want candy .,that's good .,Daddy doesn't know .,Sam .,has a has what .,mhm .
let's see do you wanna see who this is .,does he keep falling .,where's the cat .,wait .,now he looked away .,is that the baby .,whoa oh sweetie pie careful careful I don't want you to hit your head .,mhm .,oh maybe not .,where do you wanna sit Laura .,it's alright .,yeah can I try .,wine glasses .,Dora .,have you ever really caught one before .,okay .,oh you just pick them up and see if you're the winner is that how it went .,she can't jam her fingers .,sometimes I think your head is made of bricks .,okay .,no the other way .,huh .,well it's going to be hard I tell you what let's figure out what word this is .,right here .,but I think you're right .,is that recorder still running .,that made a pretty design didn't it .
yeah yeah there he is .,let's go look .,yeah .,shake it baby .,he's gonna go in the pool .,moon .,boom .,Nomi is making an ugly face .,what's Miffy going to do .,how do you go swimming .,while Cinderella was busy working the birds and mice began fixing an old dress that had belonged to Cinderella's mother .,why don't you go do your work .,that never would end that sometimes was foe and sometimes was friend that .,mhm .,what does .,the people .,which is badder .,huh .,and we'd keep wondering hm why is one side of your hair all tangled and the other side nice and smooth .,what is it .,you didn't .,mhm .,I see .,how big .,hm .,I am not shape .,beautiful .
that is so much fun the way that fits in your mouth .,yeah .,three .,gotta be careful of that head .,Mister Brown can buzz .,that's a mouse .,is that a tool .,when you're done looking at it .,good idea .,we do .,let me finish putting the groceries away .,do you wanna wash your hair .,clothes don't fit do they .,your job is to be a big three year old .,does he still wear them .,yeah .,I can't hear you when you talk into your cup .,she wouldn't need a legging's on going down the square would she .,who goes to work .,yeah .,twenty what .,and he asked me .,uh huh .,can't you tell him what happened .,who .,I see .,don't play with the ones that are pushed .
ahhah I think I see Chi .,you're not gonna let me do that .,watch .,move over Grandma and Kitty .,that poor rug that rug has to rest now okay .,yeah .,that's a present from Granny Hart .,did Daddy coffee .,right .,okay .,oh my .,bring it over here and I'll read it .,I don't think so .,for you to sit on .,he's not poor but he doesn't need a car you see .,thank you .,Friday Saturday .,hm .,do you remember when we went .,okay .,oh wait .,lots of little crumbs .,how long did it take you to do it .,like Stephanie like Leslie or Ann .,hm .,I'll get this on .,this big van .
oh you got it you got it .,come on .,pig overboard .,what's this .,up .,yeah .,what do you think that is .,many people were up .,tell the microphone what kind of animals McDonald had .,I bought me a cat and the cat pleased me .,heels .,I can't dance in the livingroom with you when I'm cooking .,see these on the end .,who takes Karen for a walk .,eee .,oh I don't know .,she stops to pick some flowers .,that's what they do in the store .,you gotta tell the store that there's cleanup on aisle seven .,I'll see if I can help you then .,everyone else was running outside the circle .,you haven't had enough to eat .,and what's on the back .,what does it mean .,okay and face cards are worth how much .,it looks completely different .,you don't hafta be quiet anymore .
catch it catch it .,bumpety bumpety hold on tight .,I know .,good .,k .,no no .,that's Oscar .,what did you say .,talk real big .,did we catch any fish .,why .,you fell down again huh .,what's the boy doing here .,to the city of Boston .,how do you do it .,Sarah this weekend you learned how .,yeah .,ya gonna fix this .,show Nanny the the tea set .,three years .,do does this remind you of a truck which you use to have once .,come on tell me the reasons .,okay .,hadta cry .,isn't that what you said .,oh .,yes .
I'm sorry that's handsome baby boy .,no .,calm down .,there's Donald Duck .,what .,that's a cup .,watch your head sweetie pie .,firetruck .,yes .,is it fun to foot .,in my hair .,oh you were a good girl weren't you .,the muddy footprints belong to .,what are they .,oh .,I don't think the top but down here .,you'll be walking with them .,okay here you go .,right here .,there .,I don't know where they belong .,does this happen every day or just sometimes .,repeat that .,and .,well what did you do in your room then .,how come .,do you see it .
so messy .,oh .,alright here .,Henry where are his eyes .,you see her .,oops .,carrots .,it's not dirty .,here let's sit here let's sit here .,you wanna take him off .,yeah I see .,here .,no Nomi that's not blue .,my paints are in the ehrm .,eat it fast .,but it's just such a better idea because .,why was that .,want me to take the top off her head .,I don't think we've ever been to Vermont .,the lion yeah .,press the button down .,yeah .,what were you all playing .,uh huh .,no that wasn't the day .,I see .,you'll find it Laura .
there .,click .,piggy gone .,let's find .,no .,what's that .,uhhuh .,yes .,oh .,well slide your knees back just a hair .,you want me to go away .,you like to bonk that on your head oh my gosh .,and something inside them just makes them hunt .,here Ryan gets some money and so do I .,one weekend we went to a party and they were showing the Thomas movie and then we went to somebody's house for dinner and they were showing the Thomas movie .,here we go .,you don't know .,is the fox being chased by the raccoon .,oh okay .,a road .,don't spill it .,now he's shooting us .,do you remember those .,I got to know what happened when the wolf came .,alright .,alright .,lie down on our bed .
see .,abububu .,grandma mommy could work on that and then you could keep your doll clothes in there .,a nuisance .,oh can you throw it to me .,up down .,where's my cup .,have a good day .,you want ta play with this .,uh .,not really .,that one doesn't have a chimney though .,well honey make this your kitchen .,mm .,good .,you mean they thought it was a different cat .,okay .,who .,it means that you can't see it .,you should hear her .,now why did Josh put the milk on his hair .,they're they're a union of carbon atoms oxygen atoms and hydrogen atoms .,well how much is six times five .,just tell me about that picture and that picture .,sure you are .,tell me .,that's not playdough .
oh what baby .,Big Bird .,what did you get .,Chi Chi .,yeah .,are you looking for something in there huh .,yeah Daddy's working .,okay let's read the pig book .,see if the rooster'll talk .,hm .,see .,and you blew them all out .,this is called .,hm .,your cereal too .,let's see do you remember um .,hurry up .,get out of the way .,you mean it's more than half a cup o .,your new bank .,that's what the song says .,and what did he think .,okay the X man fill in is that what we're going to do .,Mars that's good .,wouldn't hafta catch it .,you pour it into that cup .,you work and I'll work .
do you see Cookie Monster over there .,never actually seen him I've seen him get close but .,yay .,that's all .,pretty blue crayon John .,it makes noise .,look it .,bang bang on the carrot .,uh hm .,oop cover your mouth .,they tumbled down a hill and landed in a dark ravine littered with elephant skulls and bones .,it doesn't look like anything .,soup .,delicious .,screw it .,wow .,oh is that aspirin .,hm .,do you know that a new Harry Potter movie's coming out this summer .,and Freddy that's another one .,no you'll eat half of it .,alright you're excused .,okay .,no .,because you hafta relax when you're floating on the water .,okay .,you wanna work on your handwriting some more or not .
you want it in this hand maybe .,yeah it feels good doesn't it .,you were trying to escape .,now you have a clean bottom .,that's a duck .,you want another piece of paper .,come here pumpkin pie please .,don't pull out the bunny .,he's driving .,there's a j yeah .,well they're pictures .,what is he doing .,you wanna turn him .,later .,okay .,it's pretty hard to chew huh Roman .,no you said .,you're doing a big big uh order aren't you .,she's a cute baby isn't she .,I just put your hair up in pin curls .,oh .,did you finish your milk Ross .,did you .,did you see the big children at school .,oh well is there something else you'd like to learn at first grade .,where are you going Laura .,would you like to hear those when they get that far .
do you wanna look at that it says look .,how about that guy .,it's for mommies and daddies only .,you took three steps .,you ate a lot .,alright .,it's all gone .,it was on a stick .,alright .,because you know what it is actually supper time .,your panties has a hole in it .,he had a bad day .,the kitty .,January .,I'll help you .,do you wanna mold something with the play dough .,a paint brush okay .,mhm .,look at this loop from Santa Claus .,well which kind which kind do you .,do you think he did that on purpose .,maybe we don't have the right word .,and z .,do you wanna read three pigs .,how about oh you get to eat lunch at school though .,so so huh Laura .,really .
it's a baby .,what does Mot look like with the hat on .,it's inside .,do you want the ball back .,you're getting to be a big girl .,you want the tape recorder .,you write on Eve's paper .,hi teddy bear .,hey .,the exact same crayon .,would you like some frozen strawberry .,and .,look .,here .,I feel so much better .,I think he means old fashioned .,supposing I'm going to tell you two this is a story about people who have gotten in trouble .,yes you do .,oh salute to the captain .,Sarah don't break .,well that should .,right that's right .,okay .,why .,boy I hope I win this third time so I get them all .,what .,why don't you lie down now and take a rest .
ahhah .,hey .,I know but you were such a messy boy .,choo choo .,wait one second bunny .,oh these have such pretty pictures in it .,the raccoons are doing what .,rain and washed the spider out .,uhoh ya sound frustrated .,I think right now I'm gonna do some more cleaning up in the kitchen .,oh that looks pretty safe .,that's a lion .,not you .,Annie will get crunched .,you know what .,I suppose so .,is there something I can do .,you gonna do it .,remember up the hospital Thanksgiving .,I'm afraid that won't be sufficient .,you did pick your salad .,what big bump .,and there's his eye .,tell me something about her .,well tell me about swimming why you like it so much .,okay .,I don't know .
look there's a bunny rabbit .,can you put it in .,okay .,oh .,you can't run away just yet .,is that your toe .,go ahead .,I know it is hard .,you're right .,is it three pennys .,he must weight a ton .,um bear .,alright hey hey hey .,what are you sposta do in Quidditch .,okay leave it there .,oh that was the circus in town in Boston .,it's gonna melt real quick you see .,I heard you .,what .,you gave out what .,yeah .,well I'll guess I'll change it in a little while .,what's that .,tell Daddy .,no it wasn't yesterday .,the purple cup or the y yellow cup .,I see .
oh you got it .,you like the duckie .,I think they're underneath baby .,what are you looking for .,do you wanna walk up the yard .,Humm .,that's an a that's right that's an a .,that it would have gone and shrunk .,you told it pretty well .,I can see that .,you want one of these .,wanna eat your ice cream .,gets caught on your nose huh .,hi Ernie .,the baby bear discovers Goldilocks in his bed .,from about the giant squid .,you know what it's so interesting that you're calling me because I actually have some questions for you about all the dinosaurs you sold me .,it's easier to turn .,the baby's in the toy box .,it's been quite some time since we've been here huh .,there's not much talking to this puzzle is there .,no not really .,I can't hear ya .,and what did he do .,I guess so .,okay .,which green lid Laura .
you better learn to hang on to your toys real well .,this is Big Bird .,here come baba .,you're right .,you want him to go back and forth .,Laura's sitting in an old infant seat surrounded with toys .,you ask Fraser please if he'll open the briefcase .,what are they doing .,or we can pretend this is just a farm with fences .,on what .,do you see Ursula .,well I kind of designed the cake and made um one and a half times the recipe thinking I wanted just one layer and small pan so that there's no leftovers .,it goes up .,the rabbit looks like looks like he's on old age .,oh .,I am putting some flour here so that our dough doesn't stick to the counter .,what space .,what shall we do with it .,well .,yeah .,that's a microphone .,they what .,alright .,what did he do .,where did he find them .,by the same amount .,yep .
see .,what else .,that's gonna fix you up wanna help me hang up these shirts of Thomas's .,there's another doll in there .,can you say hi to Nana .,uh oh Piglet's flying .,computer no this is an o and that's an octopus and an ostrich and an olive and an otter .,stop .,Elliot Lastname's your friend .,airplane the airplane is coming down from the sky .,we can use those for your dragonfly too .,that's true they don't .,this one .,where do we work .,see her legs moving .,tower .,we'll ask later about it .,a walltainer .,then it's on now .,I'll buy you one down the beach for ten cents .,look .,right you know you know what they eat for lunch when Rossy goes to eat lunch at school .,oh .,and ask questions .,they have their own little light in there huh .,don't scratch this table Laura .,yes .
oink .,okay guys .,the trees are blowing and there's snow on them .,that's my lap .,no .,knock knock .,let me get your diaper on .,that fits that fits perfectly .,did you finish it .,chameleons change color to fit in with what's behind them .,good one .,take what .,who has one like that .,but mummie bear is throwing things out of the attic .,can you play with me yep that's what she said she said can you play with me tomorrow .,what're you doing Paul .,did you feel good enough to go to school Roman today .,here kitty kitty kitty .,oh well maybe she's with the pineapple .,I don't .,David's eleven years old .,give us the song and th then maybe we can figure out what word it is .,what .,what is that word right there .,you can vacuum .,the yellow cup Laura .,will you .
here .,Theo .,come here .,you can put them in there and do banging .,come here sweetheart .,yes .,um .,the lady is dancing .,they chased her to a rocky cliff and when a rock broke beneath her feet the queen fell from the mountaintop into the darkness below .,like boxes that look like presents .,can you do can you draw .,now you have a daddy and a Mommy and a baby pumpkin .,the kitty jumped on the policeman .,now what's this one .,hi Adam .,yeah .,uhuh .,hey .,it did .,here you wanna use the tool to do it .,what does it look like .,where is it .,okay just between you and me now .,did .,and then I say to you I thought we were friends .,Laura h you hafta I don't understand why I have the same amount as I started with when it looks different .,you did mind .
yeah Chi .,there's my toesies .,look at those pretty flowers yellow and white .,kitty .,come here .,apa .,apple .,oh you're getting up on Daisy .,you're scared .,who came to visit you yesterday Nomi .,I think it's better to put up some fences for the animals don't you .,do you wear diapers now .,why is he getting cold .,Millisandy .,did you ever have one .,oh .,ring ring .,she really hasn't even had time to play with her toys .,he told me ooh .,no .,what else do you have .,Mark I think that you're getting over on the dark side .,okay how many colors did you have .,who did .,but you didn't .,would you pour some Play Doh in your bowl and make into a ball .,oh .
yeah .,okay can you go .,um .,thank you sweetheart .,lemme see who's on the phone .,uh later and said .,right over here .,okay look I have books right here honey .,and it's not like bringing a play group to your house .,oh the hat for the truck .,what else .,are you gonna have some more waffles .,that's mother rabbit .,but you're not trying are you .,let's find a king .,we can probably do three in Spanish whatever Dora teaches you .,where asleep .,no you haven't really skied yet have you .,Donna did what .,Christmas she talks about .,hello Adam .,no you're close .,uh huh .,well .,are there gerbils .,don't you hafta .,uhuh .
you wanna see if it fits in your mouth .,edah .,what you doing .,yay .,are they gooey ooey chewy are they chewy blueberries Naima .,an apple .,tell me again .,is it heavy .,that's right the man is here .,Sweetie hello .,yeah .,where's what .,uhhuh .,you're very generous .,you probably can do it better than I can .,what window .,alright okay now let's see what else I'd like to buy .,doesn't she have a pretty face .,and you can put up uh ten fingers and nine toes and count em .,look at Judy poor Judy .,what color were they .,I don't know why you keep the peanut butter where we can't reach it .,well let's see you've answered all the questions that I've asked you .,no Madeline soon .,oh .,I wanna try a game with your Play Doh .,okay .
a pink pig .,what are you doing .,no they don't do they .,where's my number .,beep beep beep .,we're gonna go byebye in a minute .,I'll make it bigger .,look at Baby Nomi .,her eyes are open .,mm looks like apple juice .,it's getting late it's time for bed .,who's there .,you let the marbles drive .,when did we get those seesaws Abe .,okay .,what's it say can you read it to me .,you hafta tell her all the stories .,that's your problem .,yeah do you remember that .,oh .,okay .,you didn't .,what are we gonna talk about .,I know what it is but what is he going to do with it .,and you always help me .,you sure this .,you might .
there you got it .,hm .,oh I'm gonna hafta get ya .,put that .,no Mommy has gotta handle it .,come on .,there are bears under your chair under your chair .,in the .,look .,I don't know .,shall we go on an airplane to see them .,you what .,and this pig had none .,Andrew is sick .,yeah why don't you make the rest of the three eyed ballerina .,how come .,oh you mean he's fine .,how did you get up to the top there .,just a minute .,oh .,where's he .,that's alright .,what were you and Matthew doing all day .,and now here comes the wolf .,do you think .,what happened in the movie .,oh .
oh .,sit right up .,I see a yellow duck looking at me .,but Mommy can do whatever .,miss Naima .,no .,the dragon wants to kiss you .,orange .,oh that's the soap .,how was your day at school little Squigglebug .,your grandma and grandpa .,do you have any juice in there .,I'll see what I can do for you .,because they're so hungry .,I sat in the water and stared at my new legs .,oh .,and what happens .,that is a helmet .,they're not all parents .,don't ask me .,Joshua at school today .,what does alert mean .,are you tired .,very good .,well you how did you say that .,it doesn't look the same Laura .,you're big .
do you like sitting up in that seat that's pretty neat .,oh hi .,let's see if we can get this back here straight .,off .,hey .,Naima's finger .,what do you want me to do with this .,right .,J stands for .,pointing what .,and the other end hasta go in the other hole .,uh there's the kangaroo jumping .,let's see .,Robbie .,me me .,you crossed your arms .,okay .,there's a bunch of letters on that page .,you're gonna pour it and see .,see if it balances .,you know we hafta teach the two year olds .,you know that stardust that she springs into life .,alright what will you ride .,can you tell me whose mothers went with you .,okay .,do you have the same amount of water in the purple cup as you have in this white .,don't .
this is Big Bird .,oh .,meow .,what do we have here .,okay .,and that's a car carrier .,that is a little medicine bottle .,oh your shirt's already dirty so we'll just not worry about putting a bib on you we're gonna hafta change your shirt .,how did that green get in there .,all your money .,you do .,you know what lasagne is .,here .,because she's wide and she won't fit through the narrow one .,yeah .,that's the easy part .,it's Karen and Laura .,what .,okay .,that's why .,okay can you put it back in the box .,what did Ross say Marky say this morning .,kicking kick alright .,who's Bill Maxwell .,soccer .,what kind of a test is this Laura .,you just wanted to know if they were painted not who painted them .
can you read your book again you like the book .,you like knocking them together don't you .,ayhee .,r r r rattle .,God knows all my secrets .,mm .,do you wanna wear it .,see .,ready .,and Daddy'll use his finger .,smooth it out .,remember .,is that right .,and we'll come right back .,put your fingers like this .,I do .,good .,what was it .,now you know what that looks like .,because he'll be standing on the porch looking out so you'll hafta ask Craig .,do you play store at school .,you did a very good job Mark .,thank you .,yes .,you know those yellow birds gold finches that Grandpa has on his bird feeder .,I will smile for my candid camera .,good .
ahhah .,yeah .,yeah .,here how about some milk too .,you didn't get anything in that time yeah you need to open wide .,oh boy .,he's ooching across the floor up there .,yeah five minutes .,Cranky said oops .,it's like .,what's this one .,pretty .,so we probably .,maybe that's why he didn't move .,it felt strange to walk but the prince held me tightly and helped me with each step .,uhhuh .,and what .,that's rainbow fish .,here try these .,what did you taste .,why not .,matter .,what .,why did it make him go to sleep .,look at these neat rocks .,I thought you said they were going to the movies .,uhuh .
oh .,ahhah oh .,and look at the orange pumpkins .,the elephant .,num num num num num num num num .,oh I think he wants some .,okay .,oo is that oh that is a lemon .,it is .,here no .,you're mumbling .,yeah .,spells .,and then draw some more .,oh I think we should think of something else to do honey .,California .,sure .,oh no .,mhm .,let's put it over here .,run in there and go get it .,how come there are so many pairs of socks in the wash .,don't cover your mouth with your hand ya know because that might get in the way of your talking .,yes Ma'm .,or you can take your lunch .,okay now let's .,look around Laura .
who's picture is that do you see yourself in the mirror .,really .,oh let's see .,this path looks good .,how about .,huh duckie .,the bunnys sleeping .,that's right .,Nomi don't cry .,so you hafta wait your turn .,yeah if you wanna .,okay .,that's his playpen with all the toys .,mm I'm not sure .,I wonder if it was impetigo .,no no you can't have the paint .,what .,the tarantula was in a dark room .,that's true .,and then there's Bobby .,they do have a free one because of their .,Ross I I want you to come right now Ross .,what you laughing about .,what .,so he lived twice as old as he was supposed to be .,what happened in Winnie the Pooh .,right here .
you just love that book .,I'll try to make a shadow for ya .,no .,toes .,c is for cookie .,oh my gosh .,where should the face of the turkey be .,Timothy's a little boy .,oh now that's nice .,it's night .,sea salt is what .,oh I see .,the corn cob .,how about .,that just says that a movie's on .,so you can go by yourself okay .,you can't stand the suspense .,let's take the jack off .,what kind of cereal do you want .,why are you so far back .,what are you doing .,why can't he .,what is this over here .,outside were .,was that did you see black and white cows at the dairy yesterday is that color they were .,Laura's gonna help me with one other thing that is really fun to do .,okay .
yeah see baby bear .,ah .,say I'm mad .,come on .,catch .,all done .,look Daddy wants you to wear Daddy wants you to wear the backpack now Naima .,lot of pickles um hm .,to school .,we went to the beach yesterday didn't we .,okay .,Franklin hugged his mother and then his father .,it's it's a bug .,try turning it the other way honey .,I want this one .,little boxes of raisins and little bags of peanuts .,oh I see .,yeah then what would we have done .,wa .,your stuck foot in it .,do what again .,I learn to be someone like you .,oh I like that .,just yourselves uh huh .,what did you say .,oy .,which one .
there's a baby bear with his bottle .,she's a nice little dollie .,do you want your bunny .,rabbit .,okay .,we're in the new house and we're playing legos and we just finished having a big snack and playing with crayons .,who's this .,okay .,hello piggie .,here's a kitty cat .,duck for d .,ooh .,right here .,is it three hundred seventeen giraffes .,okay how come Mom cut your hair .,beet .,good .,is that right .,but it's still not completely dry .,and here's a very very small one .,what other kind of .,lots of them .,where was it you got it .,well tell me about it .,that's right .,open .,oh .
that is so neat the way it does that .,oh my goodness gracious .,mm .,we'll see .,care about your little .,floppity .,and we'll have medicine .,oh .,what did you make .,poor head .,wow maybe Toot's .,but I wouldn't say .,that's good you found some .,jump over the little one .,okay watch .,where will we go in New York to see the animals .,no more what .,what's your new favorite movie that you just got .,I hadta throw the other glue away .,oh Abe .,this .,uh yeah .,well what does it do .,did you ride on the bus .,okay .,is it .,yeah .
or she'll get them .,this one that's hanging up here he always looks at it when we come in your room .,Booger lady .,aw you kiss him .,go poo .,Kay .,I'm just gonna put this right here .,wait a minute .,it's a tunnel specially for small engines like Thomas .,does it fit you .,doctor doctor who .,and you rest this on top .,that's right .,yeah .,a king .,remember what are they trying to do in that movie .,if the person probably can't hear or feel the funeral it's for the people that are still alive isn't it .,you don't want him to get hurt do you .,and what you did last week .,no twenty five .,how much is that .,mhm .,here we go .,you want some more little pigs or you wanna talk about the greatest american hero .,what'd you do .,alright .,well .
there he is .,hahaha .,here .,look at what .,out .,no where is she .,on her shirt yeah .,that baby duck seems to be a duckling .,well the kitten .,yeah we have a car .,put our molds back in here .,and you said .,yeah .,crazy .,you better be good .,it's crummy looking .,the pussy cat .,you didn't have a good day .,it wasn't opened quite .,don't you have fun while we're there .,don't you think so .,and they really like the tape and some .,you boys had been out there all day we started at ten o'clock and coming back home do you remember what happened in the back seat .,alright .,can you get the milk out .,I'm in trouble again .,yeah .
yeah .,let's see what Miss Catherine has .,all clean .,where .,yes a kitty kitty .,okay .,yes .,well he's not gonna put them away .,three four .,well that's right on the way home we saw daddy but when we went out where did we go did we go to Ohio .,okay .,I know but we hafta wait until tomorrow to see if your poo poo gets hard again .,what .,father gave Babykins a toy that walks and talks and even cries .,yeah let me see .,am I gonna be scared .,okay .,you sure .,oh my goodness .,so I'll look like what .,I don't see your Daddy .,what .,that's the reason all the stuff .,opened the door and let his brothers in .,why don't you wanna take ballet .,in the yellow cup .,well .
and red like your the edging on your outfit and all those other things .,you think you're very clever don't you .,that's a pretty fire isn't it .,thank you for waiting little one .,bump .,wanna see something else .,you wanted to play my foot is stuck .,we have to put it like this on here .,can I pat him .,what do you do with your recorder Roman .,woo .,oh .,what I can write .,don't you think that's it right there .,no .,yes since he's a big boy and goes to school .,number .,yeah so she gave it to Sarah for Christmas .,I am trying to think of what my favorite part is hm I dunno .,it doesn't need you .,you know this surcharge thing that everybody got back .,do people ever teach you those things at school .,all those safety pins that are holding the things on your shirt .,ten six .,yeh we were clapping .,nice blue bread .,oh .
I'm going to put your hand on this .,she has the big rings .,and what are you gonna do in there you gonna splash splash splash .,oh you want Elmer .,tired goose .,the dragon has a ball .,you are very silly .,thank you .,no it was too cold these days to swim in the water .,here's another piece of mail .,you see my pile there .,yes .,she'll do it when she's ready .,oh is something wrong with him .,a bird what .,what does Michael the policeman do with his finger .,if you sprinkle the magic sand on me what's gonna happen .,no no no .,how about that place we went to last weekend .,where's your chain Abe .,there's some missing here .,mhm .,a yep what else .,who did .,mhm .,pouring water .,okay .
you got it .,baby .,oh .,let's go in .,back to the dog .,and there was a woman who was blow drying my hair .,whoa .,knock yourself out .,now tell you what .,okay two hands .,ooh but what's this .,no .,that was last summer .,oh it's much better honey .,yeah .,you wanna be busy eating .,one two .,and then do you want dessert .,yeah I hope you feel well enough to go to school tomorrow honey .,nah well what happened to her cat .,no not with this I don't think .,the whole world .,have you used them all up .,an animal ngers out of your mouth .,okay .,and what will happen to the baby .,well .
look here's something else I know you like at home can you look at this one .,hm .,watch your finger .,there's Doctor Seuss .,are you going to draw with it .,do you like this .,huh .,okay .,well I know you said it wasn't but what is it .,hm .,oh goodness .,what's Santa Claus going to bring this year .,doesn't it .,I guess the leaves are dead .,yeah he bit me too .,you see .,there .,ahhah .,a bunch of toilet paper came out of his mouth that was very interesting .,you wanna play with that right away .,okay .,Ross's song .,n .,does he he's the owner do you think he is the teacher at the planetarium .,no .,that's what you're gonna have .,uhuh .
let's see what else there is in here .,it's good .,yeah .,don't you chew on that .,uhoh .,yeah I spilled the eggnog .,can you say oink .,no we can't put the chair on the stairs the chair will fall down the stairs .,okay .,no .,Huckle's having eggs and bacon .,tell Daddy and Edna what you did at school last night .,wow .,then he goes back to his farm where he likes to chase other horses and sneak out of his pen .,or else the bull will knock you down .,because she had this .,last Saturday night .,huh .,do you remember .,here's some dollars .,what is it .,now explain that one to me .,oh I see .,which way .,how much do .,you know this stuff's better on a table Laura .,now that you're big how do you feel about being in all of those tape recordings .
what do you know .,hey .,can I have it .,what's in here .,as you might imagine .,seven snakes but where's the cat .,puppys like to play too .,no .,very good honey .,what's this right here .,look at this .,stand up .,what kind of a creature is that .,okay I'm just going to turn him around and I'll come back .,mm hm .,how many do you needta push up .,don't cut your finger .,you hafta come back .,she'd get down in the backyard Carol .,let's look at your gun .,you just take it .,you musta just had it in your brain huh .,okay but what will you ride that's what's important .,wait a minute .,how does he get out .,here .,right .
look .,can you give it to me .,all done .,four .,teacher very good sweetie .,nothing much .,yay .,what a pass .,across .,look under the bed .,well there's a little bit of green there .,did you lose one .,here .,well because a solid log doesn't have a hole in it .,put this on then you can wait wait wait just put this on then you can still do it okay .,with what .,uh huh .,you put the quarters and the nickels there .,alright .,it's not coming out .,oh I see .,have what .,I appreciate that .,did anybody give you any jelly beans today .,just to see what happens when you fall off the raft .,okay you've taken a little water from each cup .,alright .
we have one of those at home for you too if we could just keep that two year old sister of yours from running off with it .,here .,hi froggie .,can you see him .,Family Name .,Weener that piece of toast looks like an old piece of leather .,and Kitty .,thank you .,milk .,no .,why is that .,let's look at the car for a second .,please .,do you know that the African bull elephant is the largest land animal living today .,I'm trying .,yeah .,even my cousin .,I'll pick it up later .,did you get all that .,say no thank you .,do I get any change .,mhm .,I don't know .,okay what did you like the best about it .,oh has she got one like that .,they're pretty smart kids .,uhuh .
that's Chi .,can you get it .,is your Mommy here yet .,Jesus loves the little children of the world .,and who's honking like an idiot outside .,actually I think it's in Mommy and Daddy's room but let's see what else is here what other animals are here .,this is what we do with microphones .,the baby's crying .,that's right .,see the man .,a mirror .,see you're you're participating in the experiment .,remember they made you your own little bed .,oh good .,but why .,it's already tight .,yeah .,so what was interesting about the parade what did you end up getting that was totally cool .,Abraham Lincoln's eaten house .,that's very good .,that's all you hafta do .,now he's shooting us .,it was before dark because it was ya know warm weather .,what did Madaline do .,you useta hold your nose with one arm and what would you paddle with the other arm .,what .,nothing .
here .,he wa .,you're just gonna eat them huh .,did you find a nice book .,here's Mommy .,well what are we gonna do .,okay .,what did you bring home .,Lily .,that was a kiss .,who came to the airport to meet us .,show me .,alright let's eat supper .,we'll be ready pretty soon but it's not time to go yet .,so I just really don't know if you can or not .,eagle one eagle one .,really .,scoot ups know better .,the blessings .,that's good .,oh he did .,little pieces of stuff .,I know one you can't get .,a red light .,mhm .,okay .,don't knock the picture off the wall .
oink .,very nice .,so that brings it down to four .,ah honey I'm sorry .,we're gonna change your diaper .,mhm .,nose .,I know what you like to watch on tv .,could you make find a pilot for me please .,mkay .,that's it for this taping .,oh set up the school .,so it would look like an airplane .,oh this is the hole puncher .,maybe we should try it on the floor first because I think trying to build it up is actually harder .,now who are you .,I like a nice clean backyard .,no you don't count those .,I hafta ask Gail something .,up .,okay .,and Mary said .,you needta tell them about um junk man .,mm .,you almost no .,she's not putting this .,yeah .
there's baby bear with his bottle .,it rolled didn't it .,wipe your face off .,thank you .,no we just came inside .,there are your legs .,is that like yours .,seven is floatin' around here someplace .,do you want something to eat .,just say hello and ask them to leave a message .,mm yep .,where are the teachers .,mhm .,cough .,black and .,Adam did you play hey diddle diddle .,what else are we having .,oh with Nana .,do you know what clobbered means .,where did we get this money .,I know .,it hasta be up here because I saw it when I was looking for What Do You Say Dear .,at rest time you must've been playing hard on the play ground .,and did he see the space ship .,where .,Laura I wanna take a picture of this and I can't for the simple reason .,well .
you want it to make noise .,look at the box .,do you have a ball .,did you already eat all that chicken .,say hi Miss Kelly .,what about duck .,what's that .,okay you sing .,the sly spider laughed .,okay here's your puzzle .,it's a big one it's gonna be a big butterfly .,did you ask Cromer if he wants another cookie .,can you remember .,Jen tell Nomi you went to see the cows .,you wanna talk to some people .,mixing our dough .,Laura you're gonna like this a lot .,I got three in a row .,but don't shake your head because you're so .,come on .,fifty .,yeah they eat them for lunch .,what does that say .,what happened to it .,well that means when you turn on a turn the lights off they sort of glow in the dark .,yes .,can see .
you want it back .,oh .,shall we get that book back .,now you're gonna put them back in .,yum yum yum yum yum .,I think Nomi is tired .,it's blue mhm .,what is it called .,Boo make it too oh wow what'd you stick in there .,who lives with you .,oh my goodness .,I don't think that's his name .,how about this guy .,you did .,wait .,what would you do with sixty dollars .,rolling pin .,I'll do this side .,she was the only one in our family that wasn't uh under five pounds .,you'll be at your own party .,hello Adam .,actually it's a little more complicated than that .,right just so you know you did it okay now pick another word that see they've got them separated into how many letters are in the word .,well let's put it down right here and you read it to me .,is that what their mommy looked like .,oh the deer .,I see .
who's that .,say ah .,look at the clown and the seal .,yeah .,what's he doing .,quit hooting .,yay .,who's that .,in the .,you okay .,the board is white .,what's this .,okay in a few minutes .,how come .,is this it .,but then I found I ended up finding what I needed but then I got it today and it's like all this stuff that I didn't do .,that's the only way you'll do it .,that is a goal post .,how about this here's a brown .,should we put should we put the uh fire engine away .,cause I want you facing the other way .,yeah tell us about it .,cause I didn't get in on that .,said .,no .,okay let me turn this recorder off .,the pens will just dry right out .
oink .,it's bigger than your foot .,open up the mailbox .,who's in the refrigerator .,drinking all that sugar .,what d'you see out there .,it's okay sweetie .,you put Georgie down for a nap .,that's right .,and the baby's going in the road .,yeah .,you remember how to play the game .,I wanna go .,I just saw how this thing works .,it's too early .,where's tuna fish come from .,you're you're sweet .,Roman's okay .,you can tie it go ahead .,when it dries out though you won't be able to notice the spots on it huh .,what did you say .,first it gets muddy and then after .,what did you do .,and what happened .,do they eat that part of it too .,you're always better at these kind of things than I am .,oh .
what's that .,it's nice isn't it .,mm .,the mail .,yeah dada plays with those .,mhm .,what does a kitty say .,under the big fire truck .,what does it look like .,neato .,can you catch it .,yeah .,because we're gonna go away for the whole day .,would you like me to cut the black off .,I think .,mm it's a little strong .,I get this group okay .,and then what .,no .,what's happening here .,you're in deeper than that in the pool .,when you were born do you think you had it in your brain .,well tell me I mean what did you do .,he wasn't .,no .,that very good .,I'll help .
